Configuration,Term,J,g,Prefix,Level (eV),Suffix,Uncertainty (eV),Level ID,Reference
"=""1s2""","=""1S""","=""0""",1,"=""[""","=""0.00000000""","=""]""","=""0.00000015""","=""002001.000001""","=""L22715"""
"=""1s.2s""","=""3S""","=""1""",3,"=""[""","=""19.819614525""","=""]""","=""0.000000005""","=""002001.000002""","=""L22715c200,L20736"""
"=""1s.2s""","=""1S""","=""0""",1,"=""[""","=""20.615774823""","=""]""","=""0.000000008""","=""002001.000003""","=""L22715c200,L20736"""
"=""1s.2p""","=""3P*""","=""2""",5,"=""[""","=""20.96408688908""","=""]""","=""0.000000003""","=""002001.000004""","=""L22715c200,L20736"""
"=""1s.2p""","=""3P*""","=""1""",3,"=""[""","=""20.96409636464""","=""]""","=""0.000000003""","=""002001.000005""","=""L22715c200,L20736"""
"=""1s.2p""","=""3P*""","=""0""",1,"=""[""","=""20.96421885051""","=""]""","=""0.000000003""","=""002001.000006""","=""L22715c200,L20736"""
"=""1s.2p""","=""1P*""","=""1""",3,"=""[""","=""21.2180227112""","=""]""","=""0.0000000016""","=""002001.000007""","=""L22715c200,L20736"""
"=""1s.3s""","=""3S""","=""1""",3,"=""[""","=""22.718466419""","=""]""","=""0.000000008""","=""002001.000008""","=""L22715c200"""
"=""1s.3s""","=""1S""","=""0""",1,"=""[""","=""22.920317359""","=""]""","=""0.000000004""","=""002001.000009""","=""L22715c200"""
"=""1s.3p""","=""3P*""","=""2""",5,"=""[""","=""23.00707314571""","=""]""","=""0.00000000004""","=""002001.000010""","=""L22715c200"""
"=""1s.3p""","=""3P*""","=""1""",3,"=""[""","=""23.0070758719""","=""]""","=""0.0000000004""","=""002001.000011""","=""L22715c200"""
"=""1s.3p""","=""3P*""","=""0""",1,"=""[""","=""23.0071094335""","=""]""","=""0.0000000004""","=""002001.000012""","=""L22715c200"""
"=""1s.3d""","=""3D""","=""3""",7,"=""[""","=""23.07365070854""","=""]""","=""0.00000000010""","=""002001.000013""","=""L22715c200,L21466"""
"=""1s.3d""","=""3D""","=""2""",5,"=""[""","=""23.07365101981""","=""]""","=""0.00000000010""","=""002001.000014""","=""L22715c200,L21466"""
"=""1s.3d""","=""3D""","=""1""",3,"=""[""","=""23.07365649967""","=""]""","=""0.00000000010""","=""002001.000015""","=""L22715c200,L21466"""
"=""1s.3d""","=""1D""","=""2""",5,"=""[""","=""23.07407479777""","=""]""","=""0.00000000008""","=""002001.000016""","=""L22715c200,L21466"""
"=""1s.3p""","=""1P*""","=""1""",3,"=""[""","=""23.08701852960""","=""]""","=""0.00000000021""","=""002001.000017""","=""L22715c200"""
"=""1s.4s""","=""3S""","=""1""",3,"=""[""","=""23.593958713""","=""]""","=""0.000000003""","=""002001.000018""","=""L22715c200"""
"=""1s.4s""","=""1S""","=""0""",1,"=""[""","=""23.673570590""","=""]""","=""0.000000003""","=""002001.000019""","=""L22715c200"""
"=""1s.4p""","=""3P*""","=""2""",5,"=""[""","=""23.7078912279""","=""]""","=""0.0000000008""","=""002001.000020""","=""L22715c200"""
"=""1s.4p""","=""3P*""","=""1""",3,"=""[""","=""23.7078923433""","=""]""","=""0.0000000008""","=""002001.000021""","=""L22715c200"""
"=""1s.4p""","=""3P*""","=""0""",1,"=""[""","=""23.7079060221""","=""]""","=""0.0000000008""","=""002001.000022""","=""L22715c200"""
"=""1s.4d""","=""3D""","=""3""",7,"=""[""","=""23.73609019010""","=""]""","=""0.00000000005""","=""002001.000023""","=""L22715c200,L21466"""
"=""1s.4d""","=""3D""","=""2""",5,"=""[""","=""23.73609033897""","=""]""","=""0.00000000005""","=""002001.000024""","=""L22715c200,L21466"""
"=""1s.4d""","=""3D""","=""1""",3,"=""[""","=""23.73609263507""","=""]""","=""0.00000000005""","=""002001.000025""","=""L22715c200,L21466"""
"=""1s.4d""","=""1D""","=""2""",5,"=""[""","=""23.73633503536""","=""]""","=""0.00000000004""","=""002001.000026""","=""L22715c200,L21466"""
"=""1s.4f""","=""3F*""","=""3""",7,"=""[""","=""23.737006806968""","=""]""","=""0.000000000008""","=""002001.000027""","=""L22715c200"""
"=""1s.4f""","=""3F*""","=""4""",9,"=""[""","=""23.737007692183""","=""]""","=""0.000000000006""","=""002001.000028""","=""L22715c200"""
"=""1s.4f""","=""3F*""","=""2""",5,"=""[""","=""23.737008760725""","=""]""","=""0.000000000008""","=""002001.000029""","=""L22715c200"""
"=""1s.4f""","=""1F*""","=""3""",7,"=""[""","=""23.737009722091""","=""]""","=""0.000000000006""","=""002001.000030""","=""L22715c200"""
"=""1s.4p""","=""1P*""","=""1""",3,"=""[""","=""23.74207006880""","=""]""","=""0.00000000016""","=""002001.000031""","=""L22715c200"""
"=""1s.5s""","=""3S""","=""1""",3,"=""[""","=""23.9719714182""","=""]""","=""0.0000000016""","=""002001.000032""","=""L22715c200"""
"=""1s.5s""","=""1S""","=""0""",1,"=""[""","=""24.0112149898""","=""]""","=""0.0000000012""","=""002001.000033""","=""L22715c200"""
"=""1s.5p""","=""3P*""","=""2""",5,"=""[""","=""24.0282250640""","=""]""","=""0.0000000005""","=""002001.000034""","=""L22715c200"""
"=""1s.5p""","=""3P*""","=""1""",3,"=""[""","=""24.0282256244""","=""]""","=""0.0000000005""","=""002001.000035""","=""L22715c200"""
"=""1s.5p""","=""3P*""","=""0""",1,"=""[""","=""24.0282324989""","=""]""","=""0.0000000005""","=""002001.000036""","=""L22715c200"""
"=""1s.5d""","=""3D""","=""3""",7,"=""[""","=""24.042662242088""","=""]""","=""0.000000000025""","=""002001.000037""","=""L22715c200,L21466"""
"=""1s.5d""","=""3D""","=""2""",5,"=""[""","=""24.042662321526""","=""]""","=""0.000000000025""","=""002001.000038""","=""L22715c200,L21466"""
"=""1s.5d""","=""3D""","=""1""",3,"=""[""","=""24.042663494166""","=""]""","=""0.000000000025""","=""002001.000039""","=""L22715c200,L21466"""
"=""1s.5d""","=""1D""","=""2""",5,"=""[""","=""24.042803412125""","=""]""","=""0.000000000021""","=""002001.000040""","=""L22715c200,L21466"""
"=""1s.5f""","=""3F*""","=""3""",7,"=""[""","=""24.043154084167""","=""]""","=""0.000000000005""","=""002001.000041""","=""L22715c200"""
"=""1s.5f""","=""3F*""","=""4""",9,"=""[""","=""24.043154465835""","=""]""","=""0.000000000004""","=""002001.000042""","=""L22715c200"""
"=""1s.5f""","=""3F*""","=""2""",5,"=""[""","=""24.043155012649""","=""]""","=""0.000000000005""","=""002001.000043""","=""L22715c200"""
"=""1s.5f""","=""1F*""","=""3""",7,"=""[""","=""24.043155648442""","=""]""","=""0.000000000004""","=""002001.000044""","=""L22715c200"""
"=""1s.5g""","=""3G""","=""4""",9,"=""[""","=""24.0432156651818""","=""]""","=""0.0000000000012""","=""002001.000045""","=""L22715c200"""
"=""1s.5g""","=""3G""","=""5""",11,"=""[""","=""24.0432160086825""","=""]""","=""0.0000000000009""","=""002001.000046""","=""L22715c200"""
"=""1s.5g""","=""3G""","=""3""",7,"=""[""","=""24.0432163209841""","=""]""","=""0.0000000000012""","=""002001.000047""","=""L22715c200"""
"=""1s.5g""","=""1G""","=""4""",9,"=""[""","=""24.0432165311324""","=""]""","=""0.0000000000009""","=""002001.000048""","=""L22715c200"""
"=""1s.5p""","=""1P*""","=""1""",3,"=""[""","=""24.04580040653""","=""]""","=""0.00000000008""","=""002001.000049""","=""L22715c200"""
"=""1s.6s""","=""3S""","=""1""",3,"=""[""","=""24.1689982232""","=""]""","=""0.0000000008""","=""002001.000050""","=""L22715c200"""
"=""1s.6s""","=""1S""","=""0""",1,"=""[""","=""24.1911602752""","=""]""","=""0.0000000007""","=""002001.000051""","=""L22715c200"""
"=""1s.6p""","=""3P*""","=""2""",5,"=""[""","=""24.20081545451""","=""]""","=""0.00000000025""","=""002001.000052""","=""L22715c200"""
"=""1s.6p""","=""3P*""","=""1""",3,"=""[""","=""24.20081577498""","=""]""","=""0.00000000025""","=""002001.000053""","=""L22715c200"""
"=""1s.6p""","=""3P*""","=""0""",1,"=""[""","=""24.20081970804""","=""]""","=""0.00000000025""","=""002001.000054""","=""L22715c200"""
"=""1s.6d""","=""3D""","=""3""",7,"=""[""","=""24.209163110443""","=""]""","=""0.000000000016""","=""002001.000055""","=""L22715c200,L21466"""
"=""1s.6d""","=""3D""","=""2""",5,"=""[""","=""24.209163157329""","=""]""","=""0.000000000016""","=""002001.000056""","=""L22715c200,L21466"""
"=""1s.6d""","=""3D""","=""1""",3,"=""[""","=""24.209163835045""","=""]""","=""0.000000000016""","=""002001.000057""","=""L22715c200,L21466"""
"=""1s.6d""","=""1D""","=""2""",5,"=""[""","=""24.209249793955""","=""]""","=""0.000000000012""","=""002001.000058""","=""L22715c200,L21466"""
"=""1s.6f""","=""3F*""","=""3""",7,"=""[""","=""24.209454827529""","=""]""","=""0.000000000003""","=""002001.000059""","=""L22715c200"""
"=""1s.6f""","=""3F*""","=""4""",9,"=""[""","=""24.2094550264796""","=""]""","=""0.0000000000021""","=""002001.000060""","=""L22715c200"""
"=""1s.6f""","=""3F*""","=""2""",5,"=""[""","=""24.209455342828""","=""]""","=""0.000000000003""","=""002001.000061""","=""L22715c200"""
"=""1s.6f""","=""1F*""","=""3""",7,"=""[""","=""24.2094557657828""","=""]""","=""0.0000000000021""","=""002001.000062""","=""L22715c200"""
"=""1s.6g""","=""3G""","=""4""",9,"=""[""","=""24.2094918821374""","=""]""","=""0.0000000000009""","=""002001.000063""","=""L22715c200"""
"=""1s.6g""","=""3G""","=""5""",11,"=""[""","=""24.2094920807421""","=""]""","=""0.0000000000006""","=""002001.000064""","=""L22715c200"""
"=""1s.6g""","=""3G""","=""3""",7,"=""[""","=""24.2094922614541""","=""]""","=""0.0000000000009""","=""002001.000065""","=""L22715c200"""
"=""1s.6g""","=""1G""","=""4""",9,"=""[""","=""24.2094923832773""","=""]""","=""0.0000000000006""","=""002001.000066""","=""L22715c200"""
"=""1s.6h""","=""3H*""","=""5""",11,"=""[""","=""24.2095005571382""","=""]""","=""0.0000000000004""","=""002001.000067""","=""L22715c200"""
"=""1s.6h""","=""3H*""","=""6""",13,"=""[""","=""24.20950068659936""","=""]""","=""0.00000000000025""","=""002001.000068""","=""L22715c200"""
"=""1s.6h""","=""3H*""","=""4""",9,"=""[""","=""24.2095008041069""","=""]""","=""0.0000000000004""","=""002001.000069""","=""L22715c200"""
"=""1s.6h""","=""1H*""","=""5""",11,"=""[""","=""24.20950089178800""","=""]""","=""0.00000000000025""","=""002001.000070""","=""L22715c200"""
"=""1s.6p""","=""1P*""","=""1""",3,"=""[""","=""24.21100267716""","=""]""","=""0.00000000005""","=""002001.000071""","=""L22715c200"""
"=""1s.7s""","=""3S""","=""1""",3,"=""[""","=""24.2845660369""","=""]""","=""0.0000000005""","=""002001.000072""","=""L22715c200"""
"=""1s.7s""","=""1S""","=""0""",1,"=""[""","=""24.2982859057""","=""]""","=""0.0000000005""","=""002001.000073""","=""L22715c200"""
"=""1s.7p""","=""3P*""","=""2""",5,"=""[""","=""24.30428920147""","=""]""","=""0.00000000016""","=""002001.000074""","=""L22715c200"""
"=""1s.7p""","=""3P*""","=""1""",3,"=""[""","=""24.30428940164""","=""]""","=""0.00000000016""","=""002001.000075""","=""L22715c200"""
"=""1s.7p""","=""3P*""","=""0""",1,"=""[""","=""24.30429185947""","=""]""","=""0.00000000016""","=""002001.000076""","=""L22715c200"""
"=""1s.7d""","=""3D""","=""3""",7,"=""[""","=""24.309540897300""","=""]""","=""0.000000000008""","=""002001.000077""","=""L22715c200,L21466"""
"=""1s.7d""","=""3D""","=""2""",5,"=""[""","=""24.309540927161""","=""]""","=""0.000000000008""","=""002001.000078""","=""L22715c200,L21466"""
"=""1s.7d""","=""3D""","=""1""",3,"=""[""","=""24.309541353601""","=""]""","=""0.000000000008""","=""002001.000079""","=""L22715c200,L21466"""
"=""1s.7d""","=""1D""","=""2""",5,"=""[""","=""24.309597381304""","=""]""","=""0.000000000008""","=""002001.000080""","=""L22715c200,L21466"""
"=""1s.7f""","=""3F*""","=""3""",7,"=""[""","=""24.3097272911601""","=""]""","=""0.0000000000021""","=""002001.000081""","=""L22715c200"""
"=""1s.7f""","=""3F*""","=""4""",9,"=""[""","=""24.3097274083893""","=""]""","=""0.0000000000016""","=""002001.000082""","=""L22715c200"""
"=""1s.7f""","=""3F*""","=""2""",5,"=""[""","=""24.3097276075680""","=""]""","=""0.0000000000021""","=""002001.000083""","=""L22715c200"""
"=""1s.7f""","=""1F*""","=""3""",7,"=""[""","=""24.3097278970701""","=""]""","=""0.0000000000016""","=""002001.000084""","=""L22715c200"""
"=""1s.7g""","=""3G""","=""4""",9,"=""[""","=""24.3097511655788""","=""]""","=""0.0000000000006""","=""002001.000085""","=""L22715c200"""
"=""1s.7g""","=""3G""","=""5""",11,"=""[""","=""24.3097512905603""","=""]""","=""0.0000000000004""","=""002001.000086""","=""L22715c200"""
"=""1s.7g""","=""3G""","=""3""",7,"=""[""","=""24.3097514043543""","=""]""","=""0.0000000000006""","=""002001.000087""","=""L22715c200"""
"=""1s.7g""","=""1G""","=""4""",9,"=""[""","=""24.3097514811699""","=""]""","=""0.0000000000004""","=""002001.000088""","=""L22715c200"""
"=""1s.7h""","=""3H*""","=""5""",11,"=""[""","=""24.30975684089325""","=""]""","=""0.00000000000025""","=""002001.000089""","=""L22715c200"""
"=""1s.7h""","=""3H*""","=""6""",13,"=""[""","=""24.30975692242005""","=""]""","=""0.00000000000025""","=""002001.000090""","=""L22715c200"""
"=""1s.7h""","=""3H*""","=""4""",9,"=""[""","=""24.30975699641729""","=""]""","=""0.00000000000025""","=""002001.000091""","=""L22715c200"""
"=""1s.7h""","=""1H*""","=""5""",11,"=""[""","=""24.30975705163464""","=""]""","=""0.00000000000025""","=""002001.000092""","=""L22715c200"""
"=""1s.7i""","=""3I""","=""6""",13,"=""[""","=""24.30975862360302""","=""]""","=""0.00000000000025""","=""002001.000093""","=""L22715c200"""
"=""1s.7i""","=""3I""","=""7""",15,"=""[""","=""24.30975868078527""","=""]""","=""0.00000000000025""","=""002001.000094""","=""L22715c200"""
"=""1s.7i""","=""3I""","=""5""",11,"=""[""","=""24.30975873289013""","=""]""","=""0.00000000000025""","=""002001.000095""","=""L22715c200"""
"=""1s.7i""","=""1I""","=""6""",13,"=""[""","=""24.30975877428610""","=""]""","=""0.00000000000025""","=""002001.000096""","=""L22715c200"""
"=""1s.7p""","=""1P*""","=""1""",3,"=""[""","=""24.31070817873""","=""]""","=""0.00000000003""","=""002001.000097""","=""L22715c200"""
"=""1s.8s""","=""3S""","=""1""",3,"=""[""","=""24.3581041440""","=""]""","=""0.0000000003""","=""002001.000098""","=""L22715c200"""
"=""1s.8s""","=""1S""","=""0""",1,"=""[""","=""24.3671800778""","=""]""","=""0.0000000003""","=""002001.000099""","=""L22715c200"""
"=""1s.8p""","=""3P*""","=""2""",5,"=""[""","=""24.37116588077""","=""]""","=""0.00000000012""","=""002001.000100""","=""L22715c200"""
"=""1s.8p""","=""3P*""","=""1""",3,"=""[""","=""24.37116601407""","=""]""","=""0.00000000012""","=""002001.000101""","=""L22715c200"""
"=""1s.8p""","=""3P*""","=""0""",1,"=""[""","=""24.37116765163""","=""]""","=""0.00000000012""","=""002001.000102""","=""L22715c200"""
"=""1s.8d""","=""3D""","=""3""",7,"=""[""","=""24.374680880069""","=""]""","=""0.000000000008""","=""002001.000103""","=""L22715c200,L21466"""
"=""1s.8d""","=""3D""","=""2""",5,"=""[""","=""24.374680900214""","=""]""","=""0.000000000008""","=""002001.000104""","=""L22715c200,L21466"""
"=""1s.8d""","=""3D""","=""1""",3,"=""[""","=""24.374681185743""","=""]""","=""0.000000000008""","=""002001.000105""","=""L22715c200,L21466"""
"=""1s.8d""","=""1D""","=""2""",5,"=""[""","=""24.374719544511""","=""]""","=""0.000000000004""","=""002001.000106""","=""L22715c200,L21466"""
"=""1s.8f""","=""3F*""","=""3""",7,"=""[""","=""24.3748069170618""","=""]""","=""0.0000000000012""","=""002001.000107""","=""L22715c200"""
"=""1s.8f""","=""3F*""","=""4""",9,"=""[""","=""24.3748069921824""","=""]""","=""0.0000000000012""","=""002001.000108""","=""L22715c200"""
"=""1s.8f""","=""3F*""","=""2""",5,"=""[""","=""24.3748071255995""","=""]""","=""0.0000000000012""","=""002001.000109""","=""L22715c200"""
"=""1s.8f""","=""1F*""","=""3""",7,"=""[""","=""24.3748073302369""","=""]""","=""0.0000000000012""","=""002001.000110""","=""L22715c200"""
"=""1s.8g""","=""3G""","=""4""",9,"=""[""","=""24.3748231461435""","=""]""","=""0.0000000000005""","=""002001.000111""","=""L22715c200"""
"=""1s.8g""","=""3G""","=""5""",11,"=""[""","=""24.3748232298280""","=""]""","=""0.0000000000004""","=""002001.000112""","=""L22715c200"""
"=""1s.8g""","=""3G""","=""3""",7,"=""[""","=""24.3748233060576""","=""]""","=""0.0000000000005""","=""002001.000113""","=""L22715c200"""
"=""1s.8g""","=""1G""","=""4""",9,"=""[""","=""24.3748233575671""","=""]""","=""0.0000000000004""","=""002001.000114""","=""L22715c200"""
"=""1s.8h""","=""3H*""","=""5""",11,"=""[""","=""24.37482704046834""","=""]""","=""0.00000000000025""","=""002001.000115""","=""L22715c200"""
"=""1s.8h""","=""3H*""","=""6""",13,"=""[""","=""24.37482709508499""","=""]""","=""0.00000000000025""","=""002001.000116""","=""L22715c200"""
"=""1s.8h""","=""3H*""","=""4""",9,"=""[""","=""24.37482714465648""","=""]""","=""0.00000000000025""","=""002001.000117""","=""L22715c200"""
"=""1s.8h""","=""1H*""","=""5""",11,"=""[""","=""24.37482718164840""","=""]""","=""0.00000000000025""","=""002001.000118""","=""L22715c200"""
"=""1s.8i""","=""3I""","=""6""",13,"=""[""","=""24.37482827854156""","=""]""","=""0.00000000000025""","=""002001.000119""","=""L22715c200"""
"=""1s.8i""","=""3I""","=""7""",15,"=""[""","=""24.37482831684934""","=""]""","=""0.00000000000025""","=""002001.000120""","=""L22715c200"""
"=""1s.8i""","=""3I""","=""5""",11,"=""[""","=""24.37482835175535""","=""]""","=""0.00000000000025""","=""002001.000121""","=""L22715c200"""
"=""1s.8i""","=""1I""","=""6""",13,"=""[""","=""24.37482837948752""","=""]""","=""0.00000000000025""","=""002001.000122""","=""L22715c200"""
"=""1s.8k""","=""3K*""","=""7""",15,"=""[""","=""24.37482875537896""","=""]""","=""0.00000000000025""","=""002001.000123""","=""L22715c200"""
"=""1s.8k""","=""3K*""","=""8""",17,"=""[""","=""24.37482878370663""","=""]""","=""0.00000000000025""","=""002001.000124""","=""L22715c200"""
"=""1s.8k""","=""3K*""","=""6""",13,"=""[""","=""24.37482880965292""","=""]""","=""0.00000000000025""","=""002001.000125""","=""L22715c200"""
"=""1s.8k""","=""1K*""","=""7""",15,"=""[""","=""24.37482883113740""","=""]""","=""0.00000000000025""","=""002001.000126""","=""L22715c200"""
"=""1s.8p""","=""1P*""","=""1""",3,"=""[""","=""24.375466697350""","=""]""","=""0.000000000021""","=""002001.000127""","=""L22715c200"""
"=""1s.9s""","=""3S""","=""1""",3,"=""[""","=""24.40777537914""","=""]""","=""0.00000000021""","=""002001.000128""","=""L22715c200"""
"=""1s.9s""","=""1S""","=""0""",1,"=""[""","=""24.41408807749""","=""]""","=""0.00000000021""","=""002001.000129""","=""L22715c200"""
"=""1s.9p""","=""3P*""","=""2""",5,"=""[""","=""24.41686888593""","=""]""","=""0.00000000008""","=""002001.000130""","=""L22715c200"""
"=""1s.9p""","=""3P*""","=""1""",3,"=""[""","=""24.41686897915""","=""]""","=""0.00000000008""","=""002001.000131""","=""L22715c200"""
"=""1s.9p""","=""3P*""","=""0""",1,"=""[""","=""24.41687012452""","=""]""","=""0.00000000008""","=""002001.000132""","=""L22715c200"""
"=""1s.9d""","=""3D""","=""3""",7,"=""[""","=""24.419335565023""","=""]""","=""0.000000000005""","=""002001.000133""","=""L22715c200,L21466"""
"=""1s.9d""","=""3D""","=""2""",5,"=""[""","=""24.419335579246""","=""]""","=""0.000000000005""","=""002001.000134""","=""L22715c200,L21466"""
"=""1s.9d""","=""3D""","=""1""",3,"=""[""","=""24.419335779720""","=""]""","=""0.000000000005""","=""002001.000135""","=""L22715c200,L21466"""
"=""1s.9d""","=""1D""","=""2""",5,"=""[""","=""24.419363117280""","=""]""","=""0.000000000004""","=""002001.000136""","=""L22715c200,L21466"""
"=""1s.9f""","=""3F*""","=""3""",7,"=""[""","=""24.4194246464065""","=""]""","=""0.0000000000009""","=""002001.000137""","=""L22715c200"""
"=""1s.9f""","=""3F*""","=""4""",9,"=""[""","=""24.4194246975540""","=""]""","=""0.0000000000009""","=""002001.000138""","=""L22715c200"""
"=""1s.9f""","=""3F*""","=""2""",5,"=""[""","=""24.4194247912483""","=""]""","=""0.0000000000009""","=""002001.000139""","=""L22715c200"""
"=""1s.9f""","=""1F*""","=""3""",7,"=""[""","=""24.4194249403235""","=""]""","=""0.0000000000009""","=""002001.000140""","=""L22715c200"""
"=""1s.9g""","=""3G""","=""4""",9,"=""[""","=""24.4194361579319""","=""]""","=""0.0000000000004""","=""002001.000141""","=""L22715c200"""
"=""1s.9g""","=""3G""","=""5""",11,"=""[""","=""24.41943621668346""","=""]""","=""0.00000000000025""","=""002001.000142""","=""L22715c200"""
"=""1s.9g""","=""3G""","=""3""",7,"=""[""","=""24.4194362702203""","=""]""","=""0.0000000000004""","=""002001.000143""","=""L22715c200"""
"=""1s.9g""","=""1G""","=""4""",9,"=""[""","=""24.41943630642235""","=""]""","=""0.00000000000025""","=""002001.000144""","=""L22715c200"""
"=""1s.9h""","=""3H*""","=""5""",11,"=""[""","=""24.41943893748148""","=""]""","=""0.00000000000025""","=""002001.000145""","=""L22715c200"""
"=""1s.9h""","=""3H*""","=""6""",13,"=""[""","=""24.41943897584046""","=""]""","=""0.00000000000025""","=""002001.000146""","=""L22715c200"""
"=""1s.9h""","=""3H*""","=""4""",9,"=""[""","=""24.41943901065559""","=""]""","=""0.00000000000025""","=""002001.000147""","=""L22715c200"""
"=""1s.9h""","=""1H*""","=""5""",11,"=""[""","=""24.41943903663648""","=""]""","=""0.00000000000025""","=""002001.000148""","=""L22715c200"""
"=""1s.9i""","=""3I""","=""6""",13,"=""[""","=""24.41943982810474""","=""]""","=""0.00000000000025""","=""002001.000149""","=""L22715c200"""
"=""1s.9i""","=""3I""","=""7""",15,"=""[""","=""24.41943985500943""","=""]""","=""0.00000000000025""","=""002001.000150""","=""L22715c200"""
"=""1s.9i""","=""3I""","=""5""",11,"=""[""","=""24.41943987952483""","=""]""","=""0.00000000000025""","=""002001.000151""","=""L22715c200"""
"=""1s.9i""","=""1I""","=""6""",13,"=""[""","=""24.41943989900212""","=""]""","=""0.00000000000025""","=""002001.000152""","=""L22715c200"""
"=""1s.9k""","=""3K*""","=""7""",15,"=""[""","=""24.41944017424606""","=""]""","=""0.00000000000025""","=""002001.000153""","=""L22715c200"""
"=""1s.9k""","=""3K*""","=""8""",17,"=""[""","=""24.41944019414143""","=""]""","=""0.00000000000025""","=""002001.000154""","=""L22715c200"""
"=""1s.9k""","=""3K*""","=""6""",13,"=""[""","=""24.41944021236425""","=""]""","=""0.00000000000025""","=""002001.000155""","=""L22715c200"""
"=""1s.9k""","=""1K*""","=""7""",15,"=""[""","=""24.41944022745362""","=""]""","=""0.00000000000025""","=""002001.000156""","=""L22715c200"""
"=""1s.9p""","=""1P*""","=""1""",3,"=""[""","=""24.419889314325""","=""]""","=""0.000000000012""","=""002001.000157""","=""L22715c200"""
"=""1s.10s""","=""3S""","=""1""",3,"=""[""","=""24.44289339729""","=""]""","=""0.00000000016""","=""002001.000158""","=""L22715c200"""
"=""1s.10s""","=""1S""","=""0""",1,"=""[""","=""24.44746001910""","=""]""","=""0.00000000016""","=""002001.000159""","=""L22715c200"""
"=""1s.10p""","=""3P*""","=""2""",5,"=""[""","=""24.44947689179""","=""]""","=""0.00000000005""","=""002001.000160""","=""L22715c200"""
"=""1s.10p""","=""3P*""","=""1""",3,"=""[""","=""24.44947695951""","=""]""","=""0.00000000005""","=""002001.000161""","=""L22715c200"""
"=""1s.10p""","=""3P*""","=""0""",1,"=""[""","=""24.44947779185""","=""]""","=""0.00000000006""","=""002001.000162""","=""L22715c200"""
"=""1s.10d""","=""3D""","=""3""",7,"=""[""","=""24.451273812052""","=""]""","=""0.000000000004""","=""002001.000163""","=""L22715c200,L21466"""
"=""1s.10d""","=""3D""","=""2""",5,"=""[""","=""24.451273822448""","=""]""","=""0.000000000004""","=""002001.000164""","=""L22715c200,L21466"""
"=""1s.10d""","=""3D""","=""1""",3,"=""[""","=""24.451273968544""","=""]""","=""0.000000000004""","=""002001.000165""","=""L22715c200,L21466"""
"=""1s.10d""","=""1D""","=""2""",5,"=""[""","=""24.4512941044573""","=""]""","=""0.0000000000025""","=""002001.000166""","=""L22715c200,L21466"""
"=""1s.10f""","=""3F*""","=""3""",7,"=""[""","=""24.4513390447263""","=""]""","=""0.0000000000007""","=""002001.000167""","=""L22715c200"""
"=""1s.10f""","=""3F*""","=""4""",9,"=""[""","=""24.4513390811842""","=""]""","=""0.0000000000006""","=""002001.000168""","=""L22715c200"""
"=""1s.10f""","=""3F*""","=""2""",5,"=""[""","=""24.4513391494830""","=""]""","=""0.0000000000007""","=""002001.000169""","=""L22715c200"""
"=""1s.10f""","=""1F*""","=""3""",7,"=""[""","=""24.4513392610240""","=""]""","=""0.0000000000005""","=""002001.000170""","=""L22715c200"""
"=""1s.10g""","=""3G""","=""4""",9,"=""[""","=""24.45134749576287""","=""]""","=""0.00000000000025""","=""002001.000171""","=""L22715c200"""
"=""1s.10g""","=""3G""","=""5""",11,"=""[""","=""24.45134753858031""","=""]""","=""0.00000000000025""","=""002001.000172""","=""L22715c200"""
"=""1s.10g""","=""3G""","=""3""",7,"=""[""","=""24.45134757760769""","=""]""","=""0.00000000000025""","=""002001.000173""","=""L22715c200"""
"=""1s.10g""","=""1G""","=""4""",9,"=""[""","=""24.45134760401285""","=""]""","=""0.00000000000025""","=""002001.000174""","=""L22715c200"""
"=""1s.10h""","=""3H*""","=""5""",11,"=""[""","=""24.45134954522564""","=""]""","=""0.00000000000025""","=""002001.000175""","=""L22715c200"""
"=""1s.10h""","=""3H*""","=""6""",13,"=""[""","=""24.45134957318928""","=""]""","=""0.00000000000025""","=""002001.000176""","=""L22715c200"""
"=""1s.10h""","=""3H*""","=""4""",9,"=""[""","=""24.45134959856946""","=""]""","=""0.00000000000025""","=""002001.000177""","=""L22715c200"""
"=""1s.10h""","=""1H*""","=""5""",11,"=""[""","=""24.45134961750954""","=""]""","=""0.00000000000025""","=""002001.000178""","=""L22715c200"""
"=""1s.10i""","=""3I""","=""6""",13,"=""[""","=""24.45135020548303""","=""]""","=""0.00000000000025""","=""002001.000179""","=""L22715c200"""
"=""1s.10i""","=""3I""","=""7""",15,"=""[""","=""24.45135022509671""","=""]""","=""0.00000000000025""","=""002001.000180""","=""L22715c200"""
"=""1s.10i""","=""3I""","=""5""",11,"=""[""","=""24.45135024296829""","=""]""","=""0.00000000000025""","=""002001.000181""","=""L22715c200"""
"=""1s.10i""","=""1I""","=""6""",13,"=""[""","=""24.45135025716733""","=""]""","=""0.00000000000025""","=""002001.000182""","=""L22715c200"""
"=""1s.10k""","=""3K*""","=""7""",15,"=""[""","=""24.45135046368223""","=""]""","=""0.00000000000025""","=""002001.000183""","=""L22715c200"""
"=""1s.10k""","=""3K*""","=""8""",17,"=""[""","=""24.45135047818590""","=""]""","=""0.00000000000025""","=""002001.000184""","=""L22715c200"""
"=""1s.10k""","=""3K*""","=""6""",13,"=""[""","=""24.45135049147044""","=""]""","=""0.00000000000025""","=""002001.000185""","=""L22715c200"""
"=""1s.10k""","=""1K*""","=""7""",15,"=""[""","=""24.45135050247044""","=""]""","=""0.00000000000025""","=""002001.000186""","=""L22715c200"""
"=""1s.10p""","=""1P*""","=""1""",3,"=""[""","=""24.451678459372""","=""]""","=""0.000000000008""","=""002001.000187""","=""L22715c200"""
"=""1s.11s""","=""3S""","=""1""",3,"=""[""","=""24.46863473284""","=""]""","=""0.00000000015""","=""002001.000224""","=""L22715c201"""
"=""1s.11s""","=""1S""","=""0""",1,"=""[""","=""24.47204427115""","=""]""","=""0.00000000016""","=""002001.000199""","=""L22715c201"""
"=""1s.11p""","=""3P*""","=""2""",5,"=""[""","=""24.47355345620""","=""]""","=""0.00000000006""","=""002001.000319""","=""L22715c201"""
"=""1s.11p""","=""3P*""","=""1""",3,"=""[""","=""24.47355350694""","=""]""","=""0.00000000006""","=""002001.000294""","=""L22715c201"""
"=""1s.11p""","=""3P*""","=""0""",1,"=""[""","=""24.47355413070""","=""]""","=""0.00000000006""","=""002001.000269""","=""L22715c201"""
"=""1s.11d""","=""3D""","=""3""",7,"=""[""","=""24.474902662536""","=""]""","=""0.000000000005""","=""002001.000419""","=""L22715c201"""
"=""1s.11d""","=""3D""","=""2""",5,"=""[""","=""24.474902670366""","=""]""","=""0.000000000005""","=""002001.000394""","=""L22715c201"""
"=""1s.11d""","=""3D""","=""1""",3,"=""[""","=""24.474902780107""","=""]""","=""0.000000000005""","=""002001.000369""","=""L22715c201"""
"=""1s.11d""","=""1D""","=""2""",5,"=""[""","=""24.474918023431""","=""]""","=""0.000000000003""","=""002001.000344""","=""L22715c201"""
"=""1s.11f""","=""3F*""","=""3""",7,"=""[""","=""24.4749518351194""","=""]""","=""0.0000000000010""","=""002001.000494""","=""L22715c201"""
"=""1s.11f""","=""3F*""","=""4""",9,"=""[""","=""24.4749518620554""","=""]""","=""0.0000000000007""","=""002001.000519""","=""L22715c201"""
"=""1s.11f""","=""3F*""","=""2""",5,"=""[""","=""24.4749519133665""","=""]""","=""0.0000000000007""","=""002001.000469""","=""L22715c201"""
"=""1s.11f""","=""1F*""","=""3""",7,"=""[""","=""24.4749519987919""","=""]""","=""0.0000000000009""","=""002001.000444""","=""L22715c201"""
"=""1s.11g""","=""3G""","=""4""",9,"=""[""","=""24.4749582173963""","=""]""","=""0.0000000000004""","=""002001.000594""","=""L22715c201"""
"=""1s.11g""","=""3G""","=""5""",11,"=""[""","=""24.47495824955843""","=""]""","=""0.00000000000025""","=""002001.000619""","=""L22715c201"""
"=""1s.11g""","=""3G""","=""3""",7,"=""[""","=""24.4749582788797""","=""]""","=""0.0000000000004""","=""002001.000569""","=""L22715c201"""
"=""1s.11g""","=""1G""","=""4""",9,"=""[""","=""24.47495829872647""","=""]""","=""0.00000000000025""","=""002001.000544""","=""L22715c201"""
"=""1s.11h""","=""3H*""","=""5""",11,"=""[""","=""24.47495977006741""","=""]""","=""0.00000000000025""","=""002001.000694""","=""L22715c201"""
"=""1s.11h""","=""3H*""","=""6""",13,"=""[""","=""24.47495979107690""","=""]""","=""0.00000000000025""","=""002001.000719""","=""L22715c201"""
"=""1s.11h""","=""3H*""","=""4""",9,"=""[""","=""24.47495981014518""","=""]""","=""0.00000000000025""","=""002001.000669""","=""L22715c201"""
"=""1s.11h""","=""1H*""","=""5""",11,"=""[""","=""24.47495982437534""","=""]""","=""0.00000000000025""","=""002001.000644""","=""L22715c201"""
"=""1s.11i""","=""3I""","=""6""",13,"=""[""","=""24.47496027223875""","=""]""","=""0.00000000000025""","=""002001.000794""","=""L22715c201"""
"=""1s.11i""","=""3I""","=""7""",15,"=""[""","=""24.47496028697489""","=""]""","=""0.00000000000025""","=""002001.000819""","=""L22715c201"""
"=""1s.11i""","=""3I""","=""5""",11,"=""[""","=""24.47496030040201""","=""]""","=""0.00000000000025""","=""002001.000769""","=""L22715c201"""
"=""1s.11i""","=""1I""","=""6""",13,"=""[""","=""24.47496031106998""","=""]""","=""0.00000000000025""","=""002001.000744""","=""L22715c201"""
"=""1s.11p""","=""1P*""","=""1""",3,"=""[""","=""24.475207217946""","=""]""","=""0.000000000009""","=""002001.000190""","=""L22715c201"""
"=""1s.12s""","=""3S""","=""1""",3,"=""[""","=""24.48806324708""","=""]""","=""0.00000000012""","=""002001.000225""","=""L22715c201"""
"=""1s.12s""","=""1S""","=""0""",1,"=""[""","=""24.49067585161""","=""]""","=""0.00000000014""","=""002001.000200""","=""L22715c201"""
"=""1s.12p""","=""3P*""","=""2""",5,"=""[""","=""24.49183450011""","=""]""","=""0.00000000005""","=""002001.000320""","=""L22715c201"""
"=""1s.12p""","=""3P*""","=""1""",3,"=""[""","=""24.49183453911""","=""]""","=""0.00000000005""","=""002001.000295""","=""L22715c201"""
"=""1s.12p""","=""3P*""","=""0""",1,"=""[""","=""24.49183501858""","=""]""","=""0.00000000005""","=""002001.000270""","=""L22715c201"""
"=""1s.12d""","=""3D""","=""3""",7,"=""[""","=""24.492873161214""","=""]""","=""0.000000000004""","=""002001.000420""","=""L22715c201"""
"=""1s.12d""","=""3D""","=""2""",5,"=""[""","=""24.492873167255""","=""]""","=""0.000000000004""","=""002001.000395""","=""L22715c201"""
"=""1s.12d""","=""3D""","=""1""",3,"=""[""","=""24.492873251769""","=""]""","=""0.000000000004""","=""002001.000370""","=""L22715c201"""
"=""1s.12d""","=""1D""","=""2""",5,"=""[""","=""24.492885060280""","=""]""","=""0.000000000003""","=""002001.000345""","=""L22715c201"""
"=""1s.12f""","=""3F*""","=""3""",7,"=""[""","=""24.4929111315754""","=""]""","=""0.0000000000011""","=""002001.000495""","=""L22715c201"""
"=""1s.12f""","=""3F*""","=""4""",9,"=""[""","=""24.4929111520585""","=""]""","=""0.0000000000006""","=""002001.000520""","=""L22715c201"""
"=""1s.12f""","=""3F*""","=""2""",5,"=""[""","=""24.4929111915795""","=""]""","=""0.0000000000007""","=""002001.000470""","=""L22715c201"""
"=""1s.12f""","=""1F*""","=""3""",7,"=""[""","=""24.4929112583427""","=""]""","=""0.0000000000009""","=""002001.000445""","=""L22715c201"""
"=""1s.12g""","=""3G""","=""4""",9,"=""[""","=""24.4929160668271""","=""]""","=""0.0000000000004""","=""002001.000595""","=""L22715c201"""
"=""1s.12g""","=""3G""","=""5""",11,"=""[""","=""24.49291609159562""","=""]""","=""0.00000000000025""","=""002001.000620""","=""L22715c201"""
"=""1s.12g""","=""3G""","=""3""",7,"=""[""","=""24.4929161141802""","=""]""","=""0.0000000000004""","=""002001.000570""","=""L22715c201"""
"=""1s.12g""","=""1G""","=""4""",9,"=""[""","=""24.49291612947205""","=""]""","=""0.00000000000025""","=""002001.000545""","=""L22715c201"""
"=""1s.12h""","=""3H*""","=""5""",11,"=""[""","=""24.49291727032382""","=""]""","=""0.00000000000025""","=""002001.000695""","=""L22715c201"""
"=""1s.12h""","=""3H*""","=""6""",13,"=""[""","=""24.49291728650648""","=""]""","=""0.00000000000025""","=""002001.000720""","=""L22715c201"""
"=""1s.12h""","=""3H*""","=""4""",9,"=""[""","=""24.49291730119377""","=""]""","=""0.00000000000025""","=""002001.000670""","=""L22715c201"""
"=""1s.12h""","=""1H*""","=""5""",11,"=""[""","=""24.49291731215472""","=""]""","=""0.00000000000025""","=""002001.000645""","=""L22715c201"""
"=""1s.12i""","=""3I""","=""6""",13,"=""[""","=""24.49291766070294""","=""]""","=""0.00000000000025""","=""002001.000795""","=""L22715c201"""
"=""1s.12i""","=""3I""","=""7""",15,"=""[""","=""24.49291767205344""","=""]""","=""0.00000000000025""","=""002001.000820""","=""L22715c201"""
"=""1s.12i""","=""3I""","=""5""",11,"=""[""","=""24.49291768239584""","=""]""","=""0.00000000000025""","=""002001.000770""","=""L22715c201"""
"=""1s.12i""","=""1I""","=""6""",13,"=""[""","=""24.49291769061289""","=""]""","=""0.00000000000025""","=""002001.000745""","=""L22715c201"""
"=""1s.12p""","=""1P*""","=""1""",3,"=""[""","=""24.493108062951""","=""]""","=""0.000000000007""","=""002001.000191""","=""L22715c201"""
"=""1s.13s""","=""3S""","=""1""",3,"=""[""","=""24.50308636307""","=""]""","=""0.00000000010""","=""002001.000226""","=""L22715c201"""
"=""1s.13s""","=""1S""","=""0""",1,"=""[""","=""24.50513227197""","=""]""","=""0.00000000011""","=""002001.000201""","=""L22715c201"""
"=""1s.13p""","=""3P*""","=""2""",5,"=""[""","=""24.50604111229""","=""]""","=""0.00000000004""","=""002001.000321""","=""L22715c201"""
"=""1s.13p""","=""3P*""","=""1""",3,"=""[""","=""24.50604114291""","=""]""","=""0.00000000004""","=""002001.000296""","=""L22715c201"""
"=""1s.13p""","=""3P*""","=""0""",1,"=""[""","=""24.50604151938""","=""]""","=""0.00000000004""","=""002001.000271""","=""L22715c201"""
"=""1s.13d""","=""3D""","=""3""",7,"=""[""","=""24.506857651803""","=""]""","=""0.000000000004""","=""002001.000421""","=""L22715c201"""
"=""1s.13d""","=""3D""","=""2""",5,"=""[""","=""24.506857656561""","=""]""","=""0.000000000004""","=""002001.000396""","=""L22715c201"""
"=""1s.13d""","=""3D""","=""1""",3,"=""[""","=""24.506857723025""","=""]""","=""0.000000000004""","=""002001.000371""","=""L22715c201"""
"=""1s.13d""","=""1D""","=""2""",5,"=""[""","=""24.5068670518803""","=""]""","=""0.0000000000025""","=""002001.000346""","=""L22715c201"""
"=""1s.13f""","=""3F*""","=""3""",7,"=""[""","=""24.5068875745580""","=""]""","=""0.0000000000011""","=""002001.000496""","=""L22715c201"""
"=""1s.13f""","=""3F*""","=""4""",9,"=""[""","=""24.5068875905076""","=""]""","=""0.0000000000005""","=""002001.000521""","=""L22715c201"""
"=""1s.13f""","=""3F*""","=""2""",5,"=""[""","=""24.5068876215910""","=""]""","=""0.0000000000006""","=""002001.000471""","=""L22715c201"""
"=""1s.13f""","=""1F*""","=""3""",7,"=""[""","=""24.5068876746984""","=""]""","=""0.0000000000009""","=""002001.000446""","=""L22715c201"""
"=""1s.13g""","=""3G""","=""4""",9,"=""[""","=""24.5068914680669""","=""]""","=""0.0000000000004""","=""002001.000596""","=""L22715c201"""
"=""1s.13g""","=""3G""","=""5""",11,"=""[""","=""24.50689148754531""","=""]""","=""0.00000000000025""","=""002001.000621""","=""L22715c201"""
"=""1s.13g""","=""3G""","=""3""",7,"=""[""","=""24.5068915053084""","=""]""","=""0.0000000000004""","=""002001.000571""","=""L22715c201"""
"=""1s.13g""","=""1G""","=""4""",9,"=""[""","=""24.50689151733895""","=""]""","=""0.00000000000025""","=""002001.000546""","=""L22715c201"""
"=""1s.13h""","=""3H*""","=""5""",11,"=""[""","=""24.50689241926746""","=""]""","=""0.00000000000025""","=""002001.000696""","=""L22715c201"""
"=""1s.13h""","=""3H*""","=""6""",13,"=""[""","=""24.50689243199543""","=""]""","=""0.00000000000025""","=""002001.000721""","=""L22715c201"""
"=""1s.13h""","=""3H*""","=""4""",9,"=""[""","=""24.50689244354741""","=""]""","=""0.00000000000025""","=""002001.000671""","=""L22715c201"""
"=""1s.13h""","=""1H*""","=""5""",11,"=""[""","=""24.50689245216853""","=""]""","=""0.00000000000025""","=""002001.000646""","=""L22715c201"""
"=""1s.13i""","=""3I""","=""6""",13,"=""[""","=""24.50689272850203""","=""]""","=""0.00000000000025""","=""002001.000796""","=""L22715c201"""
"=""1s.13i""","=""3I""","=""7""",15,"=""[""","=""24.50689273742951""","=""]""","=""0.00000000000025""","=""002001.000821""","=""L22715c201"""
"=""1s.13i""","=""3I""","=""5""",11,"=""[""","=""24.50689274556400""","=""]""","=""0.00000000000025""","=""002001.000771""","=""L22715c201"""
"=""1s.13i""","=""1I""","=""6""",13,"=""[""","=""24.50689275202692""","=""]""","=""0.00000000000025""","=""002001.000746""","=""L22715c201"""
"=""1s.13p""","=""1P*""","=""1""",3,"=""[""","=""24.507042603098""","=""]""","=""0.000000000006""","=""002001.000192""","=""L22715c201"""
"=""1s.14s""","=""3S""","=""1""",3,"=""[""","=""24.51494192561""","=""]""","=""0.00000000009""","=""002001.000227""","=""L22715c201"""
"=""1s.14s""","=""1S""","=""0""",1,"=""[""","=""24.51657388180""","=""]""","=""0.00000000009""","=""002001.000202""","=""L22715c201"""
"=""1s.14p""","=""3P*""","=""2""",5,"=""[""","=""24.51729989469""","=""]""","=""0.00000000003""","=""002001.000322""","=""L22715c201"""
"=""1s.14p""","=""3P*""","=""1""",3,"=""[""","=""24.51729991916""","=""]""","=""0.00000000003""","=""002001.000297""","=""L22715c201"""
"=""1s.14p""","=""3P*""","=""0""",1,"=""[""","=""24.51730022015""","=""]""","=""0.00000000003""","=""002001.000272""","=""L22715c201"""
"=""1s.14d""","=""3D""","=""3""",7,"=""[""","=""24.517953381632""","=""]""","=""0.000000000003""","=""002001.000422""","=""L22715c201"""
"=""1s.14d""","=""3D""","=""2""",5,"=""[""","=""24.517953385446""","=""]""","=""0.000000000003""","=""002001.000397""","=""L22715c201"""
"=""1s.14d""","=""3D""","=""1""",3,"=""[""","=""24.517953438655""","=""]""","=""0.000000000003""","=""002001.000372""","=""L22715c201"""
"=""1s.14d""","=""1D""","=""2""",5,"=""[""","=""24.5179609339738""","=""]""","=""0.0000000000022""","=""002001.000347""","=""L22715c201"""
"=""1s.14f""","=""3F*""","=""3""",7,"=""[""","=""24.5179773762834""","=""]""","=""0.0000000000010""","=""002001.000497""","=""L22715c201"""
"=""1s.14f""","=""3F*""","=""4""",9,"=""[""","=""24.5179773889519""","=""]""","=""0.0000000000005""","=""002001.000522""","=""L22715c201"""
"=""1s.14f""","=""3F*""","=""2""",5,"=""[""","=""24.5179774138384""","=""]""","=""0.0000000000005""","=""002001.000472""","=""L22715c201"""
"=""1s.14f""","=""1F*""","=""3""",7,"=""[""","=""24.5179774567411""","=""]""","=""0.0000000000009""","=""002001.000447""","=""L22715c201"""
"=""1s.14g""","=""3G""","=""4""",9,"=""[""","=""24.51798050114187""","=""]""","=""0.00000000000025""","=""002001.000597""","=""L22715c201"""
"=""1s.14g""","=""3G""","=""5""",11,"=""[""","=""24.51798051673562""","=""]""","=""0.00000000000025""","=""002001.000622""","=""L22715c201"""
"=""1s.14g""","=""3G""","=""3""",7,"=""[""","=""24.51798053095760""","=""]""","=""0.00000000000025""","=""002001.000572""","=""L22715c201"""
"=""1s.14g""","=""1G""","=""4""",9,"=""[""","=""24.51798054059179""","=""]""","=""0.00000000000025""","=""002001.000547""","=""L22715c201"""
"=""1s.14h""","=""3H*""","=""5""",11,"=""[""","=""24.51798126565981""","=""]""","=""0.00000000000025""","=""002001.000697""","=""L22715c201"""
"=""1s.14h""","=""3H*""","=""6""",13,"=""[""","=""24.51798127585057""","=""]""","=""0.00000000000025""","=""002001.000722""","=""L22715c201"""
"=""1s.14h""","=""3H*""","=""4""",9,"=""[""","=""24.51798128509967""","=""]""","=""0.00000000000025""","=""002001.000672""","=""L22715c201"""
"=""1s.14h""","=""1H*""","=""5""",11,"=""[""","=""24.51798129200224""","=""]""","=""0.00000000000025""","=""002001.000647""","=""L22715c201"""
"=""1s.14i""","=""3I""","=""6""",13,"=""[""","=""24.51798151464203""","=""]""","=""0.00000000000025""","=""002001.000797""","=""L22715c201"""
"=""1s.14i""","=""3I""","=""7""",15,"=""[""","=""24.51798152178984""","=""]""","=""0.00000000000025""","=""002001.000822""","=""L22715c201"""
"=""1s.14i""","=""3I""","=""5""",11,"=""[""","=""24.51798152830273""","=""]""","=""0.00000000000025""","=""002001.000772""","=""L22715c201"""
"=""1s.14i""","=""1I""","=""6""",13,"=""[""","=""24.51798153347746""","=""]""","=""0.00000000000025""","=""002001.000747""","=""L22715c201"""
"=""1s.14p""","=""1P*""","=""1""",3,"=""[""","=""24.518101588364""","=""]""","=""0.000000000005""","=""002001.000193""","=""L22715c201"""
"=""1s.15s""","=""3S""","=""1""",3,"=""[""","=""24.52446167530""","=""]""","=""0.00000000007""","=""002001.000228""","=""L22715c201"""
"=""1s.15s""","=""1S""","=""0""",1,"=""[""","=""24.52578423650""","=""]""","=""0.00000000008""","=""002001.000203""","=""L22715c201"""
"=""1s.15p""","=""3P*""","=""2""",5,"=""[""","=""24.52637336828""","=""]""","=""0.00000000003""","=""002001.000323""","=""L22715c201"""
"=""1s.15p""","=""3P*""","=""1""",3,"=""[""","=""24.52637338816""","=""]""","=""0.00000000003""","=""002001.000298""","=""L22715c201"""
"=""1s.15p""","=""3P*""","=""0""",1,"=""[""","=""24.52637363257""","=""]""","=""0.00000000003""","=""002001.000273""","=""L22715c201"""
"=""1s.15d""","=""3D""","=""3""",7,"=""[""","=""24.526904474579""","=""]""","=""0.000000000003""","=""002001.000423""","=""L22715c201"""
"=""1s.15d""","=""3D""","=""2""",5,"=""[""","=""24.526904477683""","=""]""","=""0.000000000003""","=""002001.000398""","=""L22715c201"""
"=""1s.15d""","=""3D""","=""1""",3,"=""[""","=""24.526904520940""","=""]""","=""0.000000000003""","=""002001.000373""","=""L22715c201"""
"=""1s.15d""","=""1D""","=""2""",5,"=""[""","=""24.5269106320262""","=""]""","=""0.0000000000020""","=""002001.000348""","=""L22715c201"""
"=""1s.15f""","=""3F*""","=""3""",7,"=""[""","=""24.5269240072354""","=""]""","=""0.0000000000010""","=""002001.000498""","=""L22715c201"""
"=""1s.15f""","=""3F*""","=""4""",9,"=""[""","=""24.5269240174689""","=""]""","=""0.0000000000004""","=""002001.000523""","=""L22715c201"""
"=""1s.15f""","=""3F*""","=""2""",5,"=""[""","=""24.5269240377021""","=""]""","=""0.0000000000005""","=""002001.000473""","=""L22715c201"""
"=""1s.15f""","=""1F*""","=""3""",7,"=""[""","=""24.5269240728357""","=""]""","=""0.0000000000007""","=""002001.000448""","=""L22715c201"""
"=""1s.15g""","=""3G""","=""4""",9,"=""[""","=""24.52692655277887""","=""]""","=""0.00000000000025""","=""002001.000598""","=""L22715c201"""
"=""1s.15g""","=""3G""","=""5""",11,"=""[""","=""24.52692656545589""","=""]""","=""0.00000000000025""","=""002001.000623""","=""L22715c201"""
"=""1s.15g""","=""3G""","=""3""",7,"=""[""","=""24.52692657701890""","=""]""","=""0.00000000000025""","=""002001.000573""","=""L22715c201"""
"=""1s.15g""","=""1G""","=""4""",9,"=""[""","=""24.52692658485321""","=""]""","=""0.00000000000025""","=""002001.000548""","=""L22715c201"""
"=""1s.15h""","=""3H*""","=""5""",11,"=""[""","=""24.52692717628425""","=""]""","=""0.00000000000025""","=""002001.000698""","=""L22715c201"""
"=""1s.15h""","=""3H*""","=""6""",13,"=""[""","=""24.52692718456974""","=""]""","=""0.00000000000025""","=""002001.000723""","=""L22715c201"""
"=""1s.15h""","=""3H*""","=""4""",9,"=""[""","=""24.52692719208963""","=""]""","=""0.00000000000025""","=""002001.000673""","=""L22715c201"""
"=""1s.15h""","=""1H*""","=""5""",11,"=""[""","=""24.52692719770165""","=""]""","=""0.00000000000025""","=""002001.000648""","=""L22715c201"""
"=""1s.15i""","=""3I""","=""6""",13,"=""[""","=""24.52692737962887""","=""]""","=""0.00000000000025""","=""002001.000798""","=""L22715c201"""
"=""1s.15i""","=""3I""","=""7""",15,"=""[""","=""24.52692738544026""","=""]""","=""0.00000000000025""","=""002001.000823""","=""L22715c201"""
"=""1s.15i""","=""3I""","=""5""",11,"=""[""","=""24.52692739073550""","=""]""","=""0.00000000000025""","=""002001.000773""","=""L22715c201"""
"=""1s.15i""","=""1I""","=""6""",13,"=""[""","=""24.52692739494278""","=""]""","=""0.00000000000025""","=""002001.000748""","=""L22715c201"""
"=""1s.15p""","=""1P*""","=""1""",3,"=""[""","=""24.527025054182""","=""]""","=""0.000000000004""","=""002001.000194""","=""L22715c201"""
"=""1s.16s""","=""3S""","=""1""",3,"=""[""","=""24.53222124199""","=""]""","=""0.00000000006""","=""002001.000229""","=""L22715c201"""
"=""1s.16s""","=""1S""","=""0""",1,"=""[""","=""24.53330793053""","=""]""","=""0.00000000007""","=""002001.000204""","=""L22715c201"""
"=""1s.16p""","=""3P*""","=""2""",5,"=""[""","=""24.533792549931""","=""]""","=""0.000000000024""","=""002001.000324""","=""L22715c201"""
"=""1s.16p""","=""3P*""","=""1""",3,"=""[""","=""24.533792566288""","=""]""","=""0.000000000024""","=""002001.000299""","=""L22715c201"""
"=""1s.16p""","=""3P*""","=""0""",1,"=""[""","=""24.533792767464""","=""]""","=""0.000000000025""","=""002001.000274""","=""L22715c201"""
"=""1s.16d""","=""3D""","=""3""",7,"=""[""","=""24.534230018546""","=""]""","=""0.000000000003""","=""002001.000424""","=""L22715c201"""
"=""1s.16d""","=""3D""","=""2""",5,"=""[""","=""24.534230021106""","=""]""","=""0.000000000003""","=""002001.000399""","=""L22715c201"""
"=""1s.16d""","=""3D""","=""1""",3,"=""[""","=""24.534230056745""","=""]""","=""0.000000000003""","=""002001.000374""","=""L22715c201"""
"=""1s.16d""","=""1D""","=""2""",5,"=""[""","=""24.5342351036565""","=""]""","=""0.0000000000017""","=""002001.000349""","=""L22715c201"""
"=""1s.16f""","=""3F*""","=""3""",7,"=""[""","=""24.5342461291987""","=""]""","=""0.0000000000009""","=""002001.000499""","=""L22715c201"""
"=""1s.16f""","=""3F*""","=""4""",9,"=""[""","=""24.5342461375862""","=""]""","=""0.0000000000004""","=""002001.000524""","=""L22715c201"""
"=""1s.16f""","=""3F*""","=""2""",5,"=""[""","=""24.5342461542577""","=""]""","=""0.0000000000004""","=""002001.000474""","=""L22715c201"""
"=""1s.16f""","=""1F*""","=""3""",7,"=""[""","=""24.5342461833777""","=""]""","=""0.0000000000007""","=""002001.000449""","=""L22715c201"""
"=""1s.16g""","=""3G""","=""4""",9,"=""[""","=""24.53424822997854""","=""]""","=""0.00000000000025""","=""002001.000599""","=""L22715c201"""
"=""1s.16g""","=""3G""","=""5""",11,"=""[""","=""24.53424824042322""","=""]""","=""0.00000000000025""","=""002001.000624""","=""L22715c201"""
"=""1s.16g""","=""3G""","=""3""",7,"=""[""","=""24.53424824995078""","=""]""","=""0.00000000000025""","=""002001.000574""","=""L22715c201"""
"=""1s.16g""","=""1G""","=""4""",9,"=""[""","=""24.53424825640689""","=""]""","=""0.00000000000025""","=""002001.000549""","=""L22715c201"""
"=""1s.16h""","=""3H*""","=""5""",11,"=""[""","=""24.53424874502849""","=""]""","=""0.00000000000025""","=""002001.000699""","=""L22715c201"""
"=""1s.16h""","=""3H*""","=""6""",13,"=""[""","=""24.53424875185555""","=""]""","=""0.00000000000025""","=""002001.000724""","=""L22715c201"""
"=""1s.16h""","=""3H*""","=""4""",9,"=""[""","=""24.53424875805166""","=""]""","=""0.00000000000025""","=""002001.000674""","=""L22715c201"""
"=""1s.16h""","=""1H*""","=""5""",11,"=""[""","=""24.53424876267590""","=""]""","=""0.00000000000025""","=""002001.000649""","=""L22715c201"""
"=""1s.16i""","=""3I""","=""6""",13,"=""[""","=""24.53424891319483""","=""]""","=""0.00000000000025""","=""002001.000799""","=""L22715c201"""
"=""1s.16i""","=""3I""","=""7""",15,"=""[""","=""24.53424891798335""","=""]""","=""0.00000000000025""","=""002001.000824""","=""L22715c201"""
"=""1s.16i""","=""3I""","=""5""",11,"=""[""","=""24.53424892234647""","=""]""","=""0.00000000000025""","=""002001.000774""","=""L22715c201"""
"=""1s.16i""","=""1I""","=""6""",13,"=""[""","=""24.53424892581307""","=""]""","=""0.00000000000025""","=""002001.000749""","=""L22715c201"""
"=""1s.16p""","=""1P*""","=""1""",3,"=""[""","=""24.534329428726""","=""]""","=""0.000000000004""","=""002001.000249""","=""L22715c201"""
"=""1s.17s""","=""3S""","=""1""",3,"=""[""","=""24.53862926761""","=""]""","=""0.00000000005""","=""002001.000230""","=""L22715c201"""
"=""1s.17s""","=""1S""","=""0""",1,"=""[""","=""24.53953300075""","=""]""","=""0.00000000006""","=""002001.000205""","=""L22715c201"""
"=""1s.17p""","=""3P*""","=""2""",5,"=""[""","=""24.539936444217""","=""]""","=""0.000000000021""","=""002001.000325""","=""L22715c201"""
"=""1s.17p""","=""3P*""","=""1""",3,"=""[""","=""24.539936457840""","=""]""","=""0.000000000021""","=""002001.000300""","=""L22715c201"""
"=""1s.17p""","=""3P*""","=""0""",1,"=""[""","=""24.539936625406""","=""]""","=""0.000000000021""","=""002001.000275""","=""L22715c201"""
"=""1s.17d""","=""3D""","=""3""",7,"=""[""","=""24.5403010525758""","=""]""","=""0.0000000000022""","=""002001.000425""","=""L22715c201"""
"=""1s.17d""","=""3D""","=""2""",5,"=""[""","=""24.5403010547107""","=""]""","=""0.0000000000022""","=""002001.000400""","=""L22715c201"""
"=""1s.17d""","=""3D""","=""1""",3,"=""[""","=""24.5403010844219""","=""]""","=""0.0000000000022""","=""002001.000375""","=""L22715c201"""
"=""1s.17d""","=""1D""","=""2""",5,"=""[""","=""24.5403053000247""","=""]""","=""0.0000000000016""","=""002001.000350""","=""L22715c201"""
"=""1s.17f""","=""3F*""","=""3""",7,"=""[""","=""24.5403144953362""","=""]""","=""0.0000000000009""","=""002001.000500""","=""L22715c201"""
"=""1s.17f""","=""3F*""","=""4""",9,"=""[""","=""24.5403145022982""","=""]""","=""0.0000000000004""","=""002001.000525""","=""L22715c201"""
"=""1s.17f""","=""3F*""","=""2""",5,"=""[""","=""24.5403145161971""","=""]""","=""0.0000000000004""","=""002001.000475""","=""L22715c201"""
"=""1s.17f""","=""1F*""","=""3""",7,"=""[""","=""24.5403145405933""","=""]""","=""0.0000000000006""","=""002001.000450""","=""L22715c201"""
"=""1s.17g""","=""3G""","=""4""",9,"=""[""","=""24.54031624906159""","=""]""","=""0.00000000000025""","=""002001.000600""","=""L22715c201"""
"=""1s.17g""","=""3G""","=""5""",11,"=""[""","=""24.54031625776888""","=""]""","=""0.00000000000025""","=""002001.000625""","=""L22715c201"""
"=""1s.17g""","=""3G""","=""3""",7,"=""[""","=""24.54031626571205""","=""]""","=""0.00000000000025""","=""002001.000575""","=""L22715c201"""
"=""1s.17g""","=""1G""","=""4""",9,"=""[""","=""24.54031627109507""","=""]""","=""0.00000000000025""","=""002001.000550""","=""L22715c201"""
"=""1s.17h""","=""3H*""","=""5""",11,"=""[""","=""24.54031667935854""","=""]""","=""0.00000000000025""","=""002001.000700""","=""L22715c201"""
"=""1s.17h""","=""3H*""","=""6""",13,"=""[""","=""24.54031668505029""","=""]""","=""0.00000000000025""","=""002001.000725""","=""L22715c201"""
"=""1s.17h""","=""3H*""","=""4""",9,"=""[""","=""24.54031669021609""","=""]""","=""0.00000000000025""","=""002001.000675""","=""L22715c201"""
"=""1s.17h""","=""1H*""","=""5""",11,"=""[""","=""24.54031669407125""","=""]""","=""0.00000000000025""","=""002001.000650""","=""L22715c201"""
"=""1s.17i""","=""3I""","=""6""",13,"=""[""","=""24.54031681998514""","=""]""","=""0.00000000000025""","=""002001.000800""","=""L22715c201"""
"=""1s.17i""","=""3I""","=""7""",15,"=""[""","=""24.54031682397743""","=""]""","=""0.00000000000025""","=""002001.000825""","=""L22715c201"""
"=""1s.17i""","=""3I""","=""5""",11,"=""[""","=""24.54031682761500""","=""]""","=""0.00000000000025""","=""002001.000775""","=""L22715c201"""
"=""1s.17i""","=""1I""","=""6""",13,"=""[""","=""24.54031683050508""","=""]""","=""0.00000000000025""","=""002001.000750""","=""L22715c201"""
"=""1s.17p""","=""1P*""","=""1""",3,"=""[""","=""24.540383970169""","=""]""","=""0.000000000003""","=""002001.000250""","=""L22715c201"""
"=""1s.18s""","=""3S""","=""1""",3,"=""[""","=""24.54398233732""","=""]""","=""0.00000000004""","=""002001.000231""","=""L22715c201"""
"=""1s.18s""","=""1S""","=""0""",1,"=""[""","=""24.54474198645""","=""]""","=""0.00000000005""","=""002001.000206""","=""L22715c201"""
"=""1s.18p""","=""3P*""","=""2""",5,"=""[""","=""24.545081422311""","=""]""","=""0.000000000017""","=""002001.000326""","=""L22715c201"""
"=""1s.18p""","=""3P*""","=""1""",3,"=""[""","=""24.545081433777""","=""]""","=""0.000000000017""","=""002001.000301""","=""L22715c201"""
"=""1s.18p""","=""3P*""","=""0""",1,"=""[""","=""24.545081574822""","=""]""","=""0.000000000019""","=""002001.000276""","=""L22715c201"""
"=""1s.18d""","=""3D""","=""3""",7,"=""[""","=""24.5453884907962""","=""]""","=""0.0000000000020""","=""002001.000426""","=""L22715c201"""
"=""1s.18d""","=""3D""","=""2""",5,"=""[""","=""24.5453884925955""","=""]""","=""0.0000000000020""","=""002001.000401""","=""L22715c201"""
"=""1s.18d""","=""3D""","=""1""",3,"=""[""","=""24.5453885176235""","=""]""","=""0.0000000000020""","=""002001.000376""","=""L22715c201"""
"=""1s.18d""","=""1D""","=""2""",5,"=""[""","=""24.5453920745509""","=""]""","=""0.0000000000014""","=""002001.000351""","=""L22715c201"""
"=""1s.18f""","=""3F*""","=""3""",7,"=""[""","=""24.5453998231606""","=""]""","=""0.0000000000007""","=""002001.000501""","=""L22715c201"""
"=""1s.18f""","=""3F*""","=""4""",9,"=""[""","=""24.54539982900393""","=""]""","=""0.00000000000025""","=""002001.000526""","=""L22715c201"""
"=""1s.18f""","=""3F*""","=""2""",5,"=""[""","=""24.5453998407124""","=""]""","=""0.0000000000004""","=""002001.000476""","=""L22715c201"""
"=""1s.18f""","=""1F*""","=""3""",7,"=""[""","=""24.5453998613483""","=""]""","=""0.0000000000006""","=""002001.000451""","=""L22715c201"""
"=""1s.18g""","=""3G""","=""4""",9,"=""[""","=""24.54540130215355""","=""]""","=""0.00000000000025""","=""002001.000601""","=""L22715c201"""
"=""1s.18g""","=""3G""","=""5""",11,"=""[""","=""24.54540130948846""","=""]""","=""0.00000000000025""","=""002001.000626""","=""L22715c201"""
"=""1s.18g""","=""3G""","=""3""",7,"=""[""","=""24.54540131617989""","=""]""","=""0.00000000000025""","=""002001.000576""","=""L22715c201"""
"=""1s.18g""","=""1G""","=""4""",9,"=""[""","=""24.54540132071510""","=""]""","=""0.00000000000025""","=""002001.000551""","=""L22715c201"""
"=""1s.18h""","=""3H*""","=""5""",11,"=""[""","=""24.54540166527773""","=""]""","=""0.00000000000025""","=""002001.000701""","=""L22715c201"""
"=""1s.18h""","=""3H*""","=""6""",13,"=""[""","=""24.54540167007257""","=""]""","=""0.00000000000025""","=""002001.000726""","=""L22715c201"""
"=""1s.18h""","=""3H*""","=""4""",9,"=""[""","=""24.54540167442429""","=""]""","=""0.00000000000025""","=""002001.000676""","=""L22715c201"""
"=""1s.18h""","=""1H*""","=""5""",11,"=""[""","=""24.54540167767194""","=""]""","=""0.00000000000025""","=""002001.000651""","=""L22715c201"""
"=""1s.18i""","=""3I""","=""6""",13,"=""[""","=""24.54540178404480""","=""]""","=""0.00000000000025""","=""002001.000801""","=""L22715c201"""
"=""1s.18i""","=""3I""","=""7""",15,"=""[""","=""24.54540178740787""","=""]""","=""0.00000000000025""","=""002001.000826""","=""L22715c201"""
"=""1s.18i""","=""3I""","=""5""",11,"=""[""","=""24.54540179047227""","=""]""","=""0.00000000000025""","=""002001.000776""","=""L22715c201"""
"=""1s.18i""","=""1I""","=""6""",13,"=""[""","=""24.54540179290694""","=""]""","=""0.00000000000025""","=""002001.000751""","=""L22715c201"""
"=""1s.18p""","=""1P*""","=""1""",3,"=""[""","=""24.545458369802""","=""]""","=""0.000000000003""","=""002001.000251""","=""L22715c201"""
"=""1s.19s""","=""3S""","=""1""",3,"=""[""","=""24.54849992895""","=""]""","=""0.00000000004""","=""002001.000232""","=""L22715c201"""
"=""1s.19s""","=""1S""","=""0""",1,"=""[""","=""24.54914456634""","=""]""","=""0.00000000004""","=""002001.000207""","=""L22715c201"""
"=""1s.19p""","=""3P*""","=""2""",5,"=""[""","=""24.549432852684""","=""]""","=""0.000000000015""","=""002001.000327""","=""L22715c201"""
"=""1s.19p""","=""3P*""","=""1""",3,"=""[""","=""24.549432862427""","=""]""","=""0.000000000015""","=""002001.000302""","=""L22715c201"""
"=""1s.19p""","=""3P*""","=""0""",1,"=""[""","=""24.549432982268""","=""]""","=""0.000000000016""","=""002001.000277""","=""L22715c201"""
"=""1s.19d""","=""3D""","=""3""",7,"=""[""","=""24.5496938778988""","=""]""","=""0.0000000000017""","=""002001.000427""","=""L22715c201"""
"=""1s.19d""","=""3D""","=""2""",5,"=""[""","=""24.5496938794294""","=""]""","=""0.0000000000017""","=""002001.000402""","=""L22715c201"""
"=""1s.19d""","=""3D""","=""1""",3,"=""[""","=""24.5496939007088""","=""]""","=""0.0000000000017""","=""002001.000377""","=""L22715c201"""
"=""1s.19d""","=""1D""","=""2""",5,"=""[""","=""24.5496969290929""","=""]""","=""0.0000000000012""","=""002001.000352""","=""L22715c201"""
"=""1s.19f""","=""3F*""","=""3""",7,"=""[""","=""24.5497035191411""","=""]""","=""0.0000000000006""","=""002001.000502""","=""L22715c201"""
"=""1s.19f""","=""3F*""","=""4""",9,"=""[""","=""24.54970352409401""","=""]""","=""0.00000000000025""","=""002001.000527""","=""L22715c201"""
"=""1s.19f""","=""3F*""","=""2""",5,"=""[""","=""24.54970353404932""","=""]""","=""0.00000000000025""","=""002001.000477""","=""L22715c201"""
"=""1s.19f""","=""1F*""","=""3""",7,"=""[""","=""24.5497035516561""","=""]""","=""0.0000000000005""","=""002001.000452""","=""L22715c201"""
"=""1s.19g""","=""3G""","=""4""",9,"=""[""","=""24.54970477784814""","=""]""","=""0.00000000000025""","=""002001.000602""","=""L22715c201"""
"=""1s.19g""","=""3G""","=""5""",11,"=""[""","=""24.54970478408442""","=""]""","=""0.00000000000025""","=""002001.000627""","=""L22715c201"""
"=""1s.19g""","=""3G""","=""3""",7,"=""[""","=""24.54970478977393""","=""]""","=""0.00000000000025""","=""002001.000577""","=""L22715c201"""
"=""1s.19g""","=""1G""","=""4""",9,"=""[""","=""24.54970479363046""","=""]""","=""0.00000000000025""","=""002001.000552""","=""L22715c201"""
"=""1s.19h""","=""3H*""","=""5""",11,"=""[""","=""24.54970508705692""","=""]""","=""0.00000000000025""","=""002001.000702""","=""L22715c201"""
"=""1s.19h""","=""3H*""","=""6""",13,"=""[""","=""24.54970509113377""","=""]""","=""0.00000000000025""","=""002001.000727""","=""L22715c201"""
"=""1s.19h""","=""3H*""","=""4""",9,"=""[""","=""24.54970509483395""","=""]""","=""0.00000000000025""","=""002001.000677""","=""L22715c201"""
"=""1s.19h""","=""1H*""","=""5""",11,"=""[""","=""24.54970509759533""","=""]""","=""0.00000000000025""","=""002001.000652""","=""L22715c201"""
"=""1s.19i""","=""3I""","=""6""",13,"=""[""","=""24.54970518825704""","=""]""","=""0.00000000000025""","=""002001.000802""","=""L22715c201"""
"=""1s.19i""","=""3I""","=""7""",15,"=""[""","=""24.54970519111661""","=""]""","=""0.00000000000025""","=""002001.000827""","=""L22715c201"""
"=""1s.19i""","=""3I""","=""5""",11,"=""[""","=""24.54970519372214""","=""]""","=""0.00000000000025""","=""002001.000777""","=""L22715c201"""
"=""1s.19i""","=""1I""","=""6""",13,"=""[""","=""24.54970519579230""","=""]""","=""0.00000000000025""","=""002001.000752""","=""L22715c201"""
"=""1s.19p""","=""1P*""","=""1""",3,"=""[""","=""24.5497533137915""","=""]""","=""0.0000000000025""","=""002001.000252""","=""L22715c201"""
"=""1s.20s""","=""3S""","=""1""",3,"=""[""","=""24.55234727581""","=""]""","=""0.00000000003""","=""002001.000233""","=""L22715c201"""
"=""1s.20s""","=""1S""","=""0""",1,"=""[""","=""24.55289899570""","=""]""","=""0.00000000004""","=""002001.000208""","=""L22715c201"""
"=""1s.20p""","=""3P*""","=""2""",5,"=""[""","=""24.553145916683""","=""]""","=""0.000000000014""","=""002001.000328""","=""L22715c201"""
"=""1s.20p""","=""3P*""","=""1""",3,"=""[""","=""24.553145925030""","=""]""","=""0.000000000014""","=""002001.000303""","=""L22715c201"""
"=""1s.20p""","=""3P*""","=""0""",1,"=""[""","=""24.553146027712""","=""]""","=""0.000000000014""","=""002001.000278""","=""L22715c201"""
"=""1s.20d""","=""3D""","=""3""",7,"=""[""","=""24.5533696617467""","=""]""","=""0.0000000000016""","=""002001.000428""","=""L22715c201"""
"=""1s.20d""","=""3D""","=""2""",5,"=""[""","=""24.5533696630594""","=""]""","=""0.0000000000016""","=""002001.000403""","=""L22715c201"""
"=""1s.20d""","=""3D""","=""1""",3,"=""[""","=""24.5533696813030""","=""]""","=""0.0000000000016""","=""002001.000378""","=""L22715c201"""
"=""1s.20d""","=""1D""","=""2""",5,"=""[""","=""24.5533722807159""","=""]""","=""0.0000000000011""","=""002001.000353""","=""L22715c201"""
"=""1s.20f""","=""3F*""","=""3""",7,"=""[""","=""24.5533779320559""","=""]""","=""0.0000000000006""","=""002001.000503""","=""L22715c201"""
"=""1s.20f""","=""3F*""","=""4""",9,"=""[""","=""24.55337793629091""","=""]""","=""0.00000000000025""","=""002001.000528""","=""L22715c201"""
"=""1s.20f""","=""3F*""","=""2""",5,"=""[""","=""24.55337794482623""","=""]""","=""0.00000000000025""","=""002001.000478""","=""L22715c201"""
"=""1s.20f""","=""1F*""","=""3""",7,"=""[""","=""24.5533779599663""","=""]""","=""0.0000000000005""","=""002001.000453""","=""L22715c201"""
"=""1s.20g""","=""3G""","=""4""",9,"=""[""","=""24.55337901209176""","=""]""","=""0.00000000000025""","=""002001.000603""","=""L22715c201"""
"=""1s.20g""","=""3G""","=""5""",11,"=""[""","=""24.55337901743833""","=""]""","=""0.00000000000025""","=""002001.000628""","=""L22715c201"""
"=""1s.20g""","=""3G""","=""3""",7,"=""[""","=""24.55337902231636""","=""]""","=""0.00000000000025""","=""002001.000578""","=""L22715c201"""
"=""1s.20g""","=""1G""","=""4""",9,"=""[""","=""24.55337902562314""","=""]""","=""0.00000000000025""","=""002001.000553""","=""L22715c201"""
"=""1s.20h""","=""3H*""","=""5""",11,"=""[""","=""24.55337927753287""","=""]""","=""0.00000000000025""","=""002001.000703""","=""L22715c201"""
"=""1s.20h""","=""3H*""","=""6""",13,"=""[""","=""24.55337928102836""","=""]""","=""0.00000000000025""","=""002001.000728""","=""L22715c201"""
"=""1s.20h""","=""3H*""","=""4""",9,"=""[""","=""24.55337928420074""","=""]""","=""0.00000000000025""","=""002001.000678""","=""L22715c201"""
"=""1s.20h""","=""1H*""","=""5""",11,"=""[""","=""24.55337928656834""","=""]""","=""0.00000000000025""","=""002001.000653""","=""L22715c201"""
"=""1s.20i""","=""3I""","=""6""",13,"=""[""","=""24.55337936445745""","=""]""","=""0.00000000000025""","=""002001.000803""","=""L22715c201"""
"=""1s.20i""","=""3I""","=""7""",15,"=""[""","=""24.55337936690924""","=""]""","=""0.00000000000025""","=""002001.000828""","=""L22715c201"""
"=""1s.20i""","=""3I""","=""5""",11,"=""[""","=""24.55337936914306""","=""]""","=""0.00000000000025""","=""002001.000778""","=""L22715c201"""
"=""1s.20i""","=""1I""","=""6""",13,"=""[""","=""24.55337937091802""","=""]""","=""0.00000000000025""","=""002001.000753""","=""L22715c201"""
"=""1s.20p""","=""1P*""","=""1""",3,"=""[""","=""24.5534206352452""","=""]""","=""0.0000000000021""","=""002001.000253""","=""L22715c201"""
"=""1s.21s""","=""3S""","=""1""",3,"=""[""","=""24.55565069436""","=""]""","=""0.00000000003""","=""002001.000234""","=""L22715c201"""
"=""1s.21s""","=""1S""","=""0""",1,"=""[""","=""24.55612653018""","=""]""","=""0.00000000003""","=""002001.000209""","=""L22715c201"""
"=""1s.21p""","=""3P*""","=""2""",5,"=""[""","=""24.556339637531""","=""]""","=""0.000000000012""","=""002001.000329""","=""L22715c201"""
"=""1s.21p""","=""3P*""","=""1""",3,"=""[""","=""24.556339644738""","=""]""","=""0.000000000012""","=""002001.000304""","=""L22715c201"""
"=""1s.21p""","=""3P*""","=""0""",1,"=""[""","=""24.556339733387""","=""]""","=""0.000000000012""","=""002001.000279""","=""L22715c201"""
"=""1s.21d""","=""3D""","=""3""",7,"=""[""","=""24.5565328762861""","=""]""","=""0.0000000000014""","=""002001.000429""","=""L22715c201"""
"=""1s.21d""","=""3D""","=""2""",5,"=""[""","=""24.5565328774206""","=""]""","=""0.0000000000014""","=""002001.000404""","=""L22715c201"""
"=""1s.21d""","=""3D""","=""1""",3,"=""[""","=""24.5565328931795""","=""]""","=""0.0000000000014""","=""002001.000379""","=""L22715c201"""
"=""1s.21d""","=""1D""","=""2""",5,"=""[""","=""24.5565351408426""","=""]""","=""0.0000000000010""","=""002001.000354""","=""L22715c201"""
"=""1s.21f""","=""3F*""","=""3""",7,"=""[""","=""24.5565400235702""","=""]""","=""0.0000000000005""","=""002001.000504""","=""L22715c201"""
"=""1s.21f""","=""3F*""","=""4""",9,"=""[""","=""24.55654002722019""","=""]""","=""0.00000000000025""","=""002001.000529""","=""L22715c201"""
"=""1s.21f""","=""3F*""","=""2""",5,"=""[""","=""24.55654003459341""","=""]""","=""0.00000000000025""","=""002001.000479""","=""L22715c201"""
"=""1s.21f""","=""1F*""","=""3""",7,"=""[""","=""24.5565400477051""","=""]""","=""0.0000000000005""","=""002001.000454""","=""L22715c201"""
"=""1s.21g""","=""3G""","=""4""",9,"=""[""","=""24.55654095717917""","=""]""","=""0.00000000000025""","=""002001.000604""","=""L22715c201"""
"=""1s.21g""","=""3G""","=""5""",11,"=""[""","=""24.55654096179770""","=""]""","=""0.00000000000025""","=""002001.000629""","=""L22715c201"""
"=""1s.21g""","=""3G""","=""3""",7,"=""[""","=""24.55654096601155""","=""]""","=""0.00000000000025""","=""002001.000579""","=""L22715c201"""
"=""1s.21g""","=""1G""","=""4""",9,"=""[""","=""24.55654096886802""","=""]""","=""0.00000000000025""","=""002001.000554""","=""L22715c201"""
"=""1s.21h""","=""3H*""","=""5""",11,"=""[""","=""24.55654118672500""","=""]""","=""0.00000000000025""","=""002001.000704""","=""L22715c201"""
"=""1s.21h""","=""3H*""","=""6""",13,"=""[""","=""24.55654118974451""","=""]""","=""0.00000000000025""","=""002001.000729""","=""L22715c201"""
"=""1s.21h""","=""3H*""","=""4""",9,"=""[""","=""24.55654119248506""","=""]""","=""0.00000000000025""","=""002001.000679""","=""L22715c201"""
"=""1s.21h""","=""1H*""","=""5""",11,"=""[""","=""24.55654119453030""","=""]""","=""0.00000000000025""","=""002001.000654""","=""L22715c201"""
"=""1s.21i""","=""3I""","=""6""",13,"=""[""","=""24.55654126193121""","=""]""","=""0.00000000000025""","=""002001.000804""","=""L22715c201"""
"=""1s.21i""","=""3I""","=""7""",15,"=""[""","=""24.55654126404923""","=""]""","=""0.00000000000025""","=""002001.000829""","=""L22715c201"""
"=""1s.21i""","=""3I""","=""5""",11,"=""[""","=""24.55654126597905""","=""]""","=""0.00000000000025""","=""002001.000779""","=""L22715c201"""
"=""1s.21i""","=""1I""","=""6""",13,"=""[""","=""24.55654126751224""","=""]""","=""0.00000000000025""","=""002001.000754""","=""L22715c201"""
"=""1s.21p""","=""1P*""","=""1""",3,"=""[""","=""24.5565769200690""","=""]""","=""0.0000000000019""","=""002001.000254""","=""L22715c201"""
"=""1s.22s""","=""3S""","=""1""",3,"=""[""","=""24.55850808692""","=""]""","=""0.00000000003""","=""002001.000235""","=""L22715c201"""
"=""1s.22s""","=""1S""","=""0""",1,"=""[""","=""24.55892134105""","=""]""","=""0.00000000003""","=""002001.000210""","=""L22715c201"""
"=""1s.22p""","=""3P*""","=""2""",5,"=""[""","=""24.559106538582""","=""]""","=""0.000000000011""","=""002001.000330""","=""L22715c201"""
"=""1s.22p""","=""3P*""","=""1""",3,"=""[""","=""24.559106544847""","=""]""","=""0.000000000010""","=""002001.000305""","=""L22715c201"""
"=""1s.22p""","=""3P*""","=""0""",1,"=""[""","=""24.559106621908""","=""]""","=""0.000000000011""","=""002001.000280""","=""L22715c201"""
"=""1s.22d""","=""3D""","=""3""",7,"=""[""","=""24.5592745737552""","=""]""","=""0.0000000000012""","=""002001.000430""","=""L22715c201"""
"=""1s.22d""","=""3D""","=""2""",5,"=""[""","=""24.5592745747420""","=""]""","=""0.0000000000012""","=""002001.000405""","=""L22715c201"""
"=""1s.22d""","=""3D""","=""1""",3,"=""[""","=""24.5592745884477""","=""]""","=""0.0000000000012""","=""002001.000380""","=""L22715c201"""
"=""1s.22d""","=""1D""","=""2""",5,"=""[""","=""24.5592765449833""","=""]""","=""0.0000000000009""","=""002001.000355""","=""L22715c201"""
"=""1s.22f""","=""3F*""","=""3""",7,"=""[""","=""24.5592807923584""","=""]""","=""0.0000000000005""","=""002001.000505""","=""L22715c201"""
"=""1s.22f""","=""3F*""","=""4""",9,"=""[""","=""24.55928079552667""","=""]""","=""0.00000000000025""","=""002001.000530""","=""L22715c201"""
"=""1s.22f""","=""3F*""","=""2""",5,"=""[""","=""24.55928080193925""","=""]""","=""0.00000000000025""","=""002001.000480""","=""L22715c201"""
"=""1s.22f""","=""1F*""","=""3""",7,"=""[""","=""24.5592808133681""","=""]""","=""0.0000000000004""","=""002001.000455""","=""L22715c201"""
"=""1s.22g""","=""3G""","=""4""",9,"=""[""","=""24.55928160483365""","=""]""","=""0.00000000000025""","=""002001.000605""","=""L22715c201"""
"=""1s.22g""","=""3G""","=""5""",11,"=""[""","=""24.55928160885036""","=""]""","=""0.00000000000025""","=""002001.000630""","=""L22715c201"""
"=""1s.22g""","=""3G""","=""3""",7,"=""[""","=""24.55928161251521""","=""]""","=""0.00000000000025""","=""002001.000580""","=""L22715c201"""
"=""1s.22g""","=""1G""","=""4""",9,"=""[""","=""24.55928161499998""","=""]""","=""0.00000000000025""","=""002001.000555""","=""L22715c201"""
"=""1s.22h""","=""3H*""","=""5""",11,"=""[""","=""24.55928180466580""","=""]""","=""0.00000000000025""","=""002001.000705""","=""L22715c201"""
"=""1s.22h""","=""3H*""","=""6""",13,"=""[""","=""24.55928180729191""","=""]""","=""0.00000000000025""","=""002001.000730""","=""L22715c201"""
"=""1s.22h""","=""3H*""","=""4""",9,"=""[""","=""24.55928180967538""","=""]""","=""0.00000000000025""","=""002001.000680""","=""L22715c201"""
"=""1s.22h""","=""1H*""","=""5""",11,"=""[""","=""24.55928181145418""","=""]""","=""0.00000000000025""","=""002001.000655""","=""L22715c201"""
"=""1s.22i""","=""3I""","=""6""",13,"=""[""","=""24.55928187016429""","=""]""","=""0.00000000000025""","=""002001.000805""","=""L22715c201"""
"=""1s.22i""","=""3I""","=""7""",15,"=""[""","=""24.55928187200633""","=""]""","=""0.00000000000025""","=""002001.000830""","=""L22715c201"""
"=""1s.22i""","=""3I""","=""5""",11,"=""[""","=""24.55928187368470""","=""]""","=""0.00000000000025""","=""002001.000780""","=""L22715c201"""
"=""1s.22i""","=""1I""","=""6""",13,"=""[""","=""24.55928187501828""","=""]""","=""0.00000000000025""","=""002001.000755""","=""L22715c201"""
"=""1s.22p""","=""1P*""","=""1""",3,"=""[""","=""24.5593128887423""","=""]""","=""0.0000000000016""","=""002001.000255""","=""L22715c201"""
"=""1s.23s""","=""3S""","=""1""",3,"=""[""","=""24.560996280408""","=""]""","=""0.000000000022""","=""002001.000236""","=""L22715c201"""
"=""1s.23s""","=""1S""","=""0""",1,"=""[""","=""24.56135746346""","=""]""","=""0.00000000003""","=""002001.000211""","=""L22715c201"""
"=""1s.23p""","=""3P*""","=""2""",5,"=""[""","=""24.561519420492""","=""]""","=""0.000000000009""","=""002001.000331""","=""L22715c201"""
"=""1s.23p""","=""3P*""","=""1""",3,"=""[""","=""24.561519425972""","=""]""","=""0.000000000009""","=""002001.000306""","=""L22715c201"""
"=""1s.23p""","=""3P*""","=""0""",1,"=""[""","=""24.561519493381""","=""]""","=""0.000000000010""","=""002001.000281""","=""L22715c201"""
"=""1s.23d""","=""3D""","=""3""",7,"=""[""","=""24.5616664509983""","=""]""","=""0.0000000000011""","=""002001.000431""","=""L22715c201"""
"=""1s.23d""","=""3D""","=""2""",5,"=""[""","=""24.5616664518621""","=""]""","=""0.0000000000011""","=""002001.000406""","=""L22715c201"""
"=""1s.23d""","=""3D""","=""1""",3,"=""[""","=""24.5616664638563""","=""]""","=""0.0000000000011""","=""002001.000381""","=""L22715c201"""
"=""1s.23d""","=""1D""","=""2""",5,"=""[""","=""24.5616681773862""","=""]""","=""0.0000000000007""","=""002001.000356""","=""L22715c201"""
"=""1s.23f""","=""3F*""","=""3""",7,"=""[""","=""24.5616718950023""","=""]""","=""0.0000000000005""","=""002001.000506""","=""L22715c201"""
"=""1s.23f""","=""3F*""","=""4""",9,"=""[""","=""24.56167189777009""","=""]""","=""0.00000000000025""","=""002001.000531""","=""L22715c201"""
"=""1s.23f""","=""3F*""","=""2""",5,"=""[""","=""24.56167190338211""","=""]""","=""0.00000000000025""","=""002001.000481""","=""L22715c201"""
"=""1s.23f""","=""1F*""","=""3""",7,"=""[""","=""24.5616719134033""","=""]""","=""0.0000000000004""","=""002001.000456""","=""L22715c201"""
"=""1s.23g""","=""3G""","=""4""",9,"=""[""","=""24.56167260640773""","=""]""","=""0.00000000000025""","=""002001.000606""","=""L22715c201"""
"=""1s.23g""","=""3G""","=""5""",11,"=""[""","=""24.56167260992293""","=""]""","=""0.00000000000025""","=""002001.000631""","=""L22715c201"""
"=""1s.23g""","=""3G""","=""3""",7,"=""[""","=""24.56167261313027""","=""]""","=""0.00000000000025""","=""002001.000581""","=""L22715c201"""
"=""1s.23g""","=""1G""","=""4""",9,"=""[""","=""24.56167261530483""","=""]""","=""0.00000000000025""","=""002001.000556""","=""L22715c201"""
"=""1s.23h""","=""3H*""","=""5""",11,"=""[""","=""24.56167278143424""","=""]""","=""0.00000000000025""","=""002001.000706""","=""L22715c201"""
"=""1s.23h""","=""3H*""","=""6""",13,"=""[""","=""24.56167278373253""","=""]""","=""0.00000000000025""","=""002001.000731""","=""L22715c201"""
"=""1s.23h""","=""3H*""","=""4""",9,"=""[""","=""24.56167278581844""","=""]""","=""0.00000000000025""","=""002001.000681""","=""L22715c201"""
"=""1s.23h""","=""1H*""","=""5""",11,"=""[""","=""24.56167278737518""","=""]""","=""0.00000000000025""","=""002001.000656""","=""L22715c201"""
"=""1s.23i""","=""3I""","=""6""",13,"=""[""","=""24.56167283882329""","=""]""","=""0.00000000000025""","=""002001.000806""","=""L22715c201"""
"=""1s.23i""","=""3I""","=""7""",15,"=""[""","=""24.56167284043534""","=""]""","=""0.00000000000025""","=""002001.000831""","=""L22715c201"""
"=""1s.23i""","=""3I""","=""5""",11,"=""[""","=""24.56167284190418""","=""]""","=""0.00000000000025""","=""002001.000781""","=""L22715c201"""
"=""1s.23i""","=""1I""","=""6""",13,"=""[""","=""24.56167284307112""","=""]""","=""0.00000000000025""","=""002001.000756""","=""L22715c201"""
"=""1s.23p""","=""1P*""","=""1""",3,"=""[""","=""24.5616999889025""","=""]""","=""0.0000000000015""","=""002001.000256""","=""L22715c201"""
"=""1s.24s""","=""3S""","=""1""",3,"=""[""","=""24.563176245141""","=""]""","=""0.000000000020""","=""002001.000237""","=""L22715c201"""
"=""1s.24s""","=""1S""","=""0""",1,"=""[""","=""24.563493750576""","=""]""","=""0.000000000024""","=""002001.000212""","=""L22715c201"""
"=""1s.24p""","=""3P*""","=""2""",5,"=""[""","=""24.563636199254""","=""]""","=""0.000000000008""","=""002001.000332""","=""L22715c201"""
"=""1s.24p""","=""3P*""","=""1""",3,"=""[""","=""24.563636204075""","=""]""","=""0.000000000008""","=""002001.000307""","=""L22715c201"""
"=""1s.24p""","=""3P*""","=""0""",1,"=""[""","=""24.563636263378""","=""]""","=""0.000000000009""","=""002001.000282""","=""L22715c201"""
"=""1s.24d""","=""3D""","=""3""",7,"=""[""","=""24.5637655848143""","=""]""","=""0.0000000000010""","=""002001.000432""","=""L22715c201"""
"=""1s.24d""","=""3D""","=""2""",5,"=""[""","=""24.5637655855747""","=""]""","=""0.0000000000010""","=""002001.000407""","=""L22715c201"""
"=""1s.24d""","=""3D""","=""1""",3,"=""[""","=""24.5637655961309""","=""]""","=""0.0000000000010""","=""002001.000382""","=""L22715c201"""
"=""1s.24d""","=""1D""","=""2""",5,"=""[""","=""24.5637671052423""","=""]""","=""0.0000000000007""","=""002001.000357""","=""L22715c201"""
"=""1s.24f""","=""3F*""","=""3""",7,"=""[""","=""24.5637703776417""","=""]""","=""0.0000000000004""","=""002001.000507""","=""L22715c201"""
"=""1s.24f""","=""3F*""","=""4""",9,"=""[""","=""24.56377038007413""","=""]""","=""0.00000000000025""","=""002001.000532""","=""L22715c201"""
"=""1s.24f""","=""3F*""","=""2""",5,"=""[""","=""24.56377038501341""","=""]""","=""0.00000000000025""","=""002001.000482""","=""L22715c201"""
"=""1s.24f""","=""1F*""","=""3""",7,"=""[""","=""24.5637703938482""","=""]""","=""0.0000000000004""","=""002001.000457""","=""L22715c201"""
"=""1s.24g""","=""3G""","=""4""",9,"=""[""","=""24.56377100405684""","=""]""","=""0.00000000000025""","=""002001.000607""","=""L22715c201"""
"=""1s.24g""","=""3G""","=""5""",11,"=""[""","=""24.56377100715062""","=""]""","=""0.00000000000025""","=""002001.000632""","=""L22715c201"""
"=""1s.24g""","=""3G""","=""3""",7,"=""[""","=""24.56377100997349""","=""]""","=""0.00000000000025""","=""002001.000582""","=""L22715c201"""
"=""1s.24g""","=""1G""","=""4""",9,"=""[""","=""24.56377101188744""","=""]""","=""0.00000000000025""","=""002001.000557""","=""L22715c201"""
"=""1s.24h""","=""3H*""","=""5""",11,"=""[""","=""24.56377115821408""","=""]""","=""0.00000000000025""","=""002001.000707""","=""L22715c201"""
"=""1s.24h""","=""3H*""","=""6""",13,"=""[""","=""24.56377116023689""","=""]""","=""0.00000000000025""","=""002001.000732""","=""L22715c201"""
"=""1s.24h""","=""3H*""","=""4""",9,"=""[""","=""24.56377116207272""","=""]""","=""0.00000000000025""","=""002001.000682""","=""L22715c201"""
"=""1s.24h""","=""1H*""","=""5""",11,"=""[""","=""24.56377116344287""","=""]""","=""0.00000000000025""","=""002001.000657""","=""L22715c201"""
"=""1s.24i""","=""3I""","=""6""",13,"=""[""","=""24.56377120877645""","=""]""","=""0.00000000000025""","=""002001.000807""","=""L22715c201"""
"=""1s.24i""","=""3I""","=""7""",15,"=""[""","=""24.56377121019533""","=""]""","=""0.00000000000025""","=""002001.000832""","=""L22715c201"""
"=""1s.24i""","=""3I""","=""5""",11,"=""[""","=""24.56377121148811""","=""]""","=""0.00000000000025""","=""002001.000782""","=""L22715c201"""
"=""1s.24i""","=""1I""","=""6""",13,"=""[""","=""24.56377121251520""","=""]""","=""0.00000000000025""","=""002001.000757""","=""L22715c201"""
"=""1s.24p""","=""1P*""","=""1""",3,"=""[""","=""24.5637951076943""","=""]""","=""0.0000000000014""","=""002001.000257""","=""L22715c201"""
"=""1s.25s""","=""3S""","=""1""",3,"=""[""","=""24.565096865986""","=""]""","=""0.000000000017""","=""002001.000238""","=""L22715c201"""
"=""1s.25s""","=""1S""","=""0""",1,"=""[""","=""24.565377461944""","=""]""","=""0.000000000021""","=""002001.000213""","=""L22715c201"""
"=""1s.25p""","=""3P*""","=""2""",5,"=""[""","=""24.565503414208""","=""]""","=""0.000000000007""","=""002001.000333""","=""L22715c201"""
"=""1s.25p""","=""3P*""","=""1""",3,"=""[""","=""24.565503418471""","=""]""","=""0.000000000007""","=""002001.000308""","=""L22715c201"""
"=""1s.25p""","=""3P*""","=""0""",1,"=""[""","=""24.565503470918""","=""]""","=""0.000000000008""","=""002001.000283""","=""L22715c201"""
"=""1s.25d""","=""3D""","=""3""",7,"=""[""","=""24.5656178688224""","=""]""","=""0.0000000000009""","=""002001.000433""","=""L22715c201"""
"=""1s.25d""","=""3D""","=""2""",5,"=""[""","=""24.5656178694953""","=""]""","=""0.0000000000009""","=""002001.000408""","=""L22715c201"""
"=""1s.25d""","=""3D""","=""1""",3,"=""[""","=""24.5656178788346""","=""]""","=""0.0000000000009""","=""002001.000383""","=""L22715c201"""
"=""1s.25d""","=""1D""","=""2""",5,"=""[""","=""24.5656192147580""","=""]""","=""0.0000000000006""","=""002001.000358""","=""L22715c201"""
"=""1s.25f""","=""3F*""","=""3""",7,"=""[""","=""24.5656221102725""","=""]""","=""0.0000000000004""","=""002001.000508""","=""L22715c201"""
"=""1s.25f""","=""3F*""","=""4""",9,"=""[""","=""24.56562211242163""","=""]""","=""0.00000000000025""","=""002001.000533""","=""L22715c201"""
"=""1s.25f""","=""3F*""","=""2""",5,"=""[""","=""24.56562211679146""","=""]""","=""0.00000000000025""","=""002001.000483""","=""L22715c201"""
"=""1s.25f""","=""1F*""","=""3""",7,"=""[""","=""24.56562212461957""","=""]""","=""0.00000000000025""","=""002001.000458""","=""L22715c201"""
"=""1s.25g""","=""3G""","=""4""",9,"=""[""","=""24.56562266470429""","=""]""","=""0.00000000000025""","=""002001.000608""","=""L22715c201"""
"=""1s.25g""","=""3G""","=""5""",11,"=""[""","=""24.56562266744136""","=""]""","=""0.00000000000025""","=""002001.000633""","=""L22715c201"""
"=""1s.25g""","=""3G""","=""3""",7,"=""[""","=""24.56562266993890""","=""]""","=""0.00000000000025""","=""002001.000583""","=""L22715c201"""
"=""1s.25g""","=""1G""","=""4""",9,"=""[""","=""24.56562267163228""","=""]""","=""0.00000000000025""","=""002001.000558""","=""L22715c201"""
"=""1s.25h""","=""3H*""","=""5""",11,"=""[""","=""24.56562280117866""","=""]""","=""0.00000000000025""","=""002001.000708""","=""L22715c201"""
"=""1s.25h""","=""3H*""","=""6""",13,"=""[""","=""24.56562280296836""","=""]""","=""0.00000000000025""","=""002001.000733""","=""L22715c201"""
"=""1s.25h""","=""3H*""","=""4""",9,"=""[""","=""24.56562280459268""","=""]""","=""0.00000000000025""","=""002001.000683""","=""L22715c201"""
"=""1s.25h""","=""1H*""","=""5""",11,"=""[""","=""24.56562280580487""","=""]""","=""0.00000000000025""","=""002001.000658""","=""L22715c201"""
"=""1s.25i""","=""3I""","=""6""",13,"=""[""","=""24.56562284595393""","=""]""","=""0.00000000000025""","=""002001.000808""","=""L22715c201"""
"=""1s.25i""","=""3I""","=""7""",15,"=""[""","=""24.56562284720915""","=""]""","=""0.00000000000025""","=""002001.000833""","=""L22715c201"""
"=""1s.25i""","=""3I""","=""5""",11,"=""[""","=""24.56562284835291""","=""]""","=""0.00000000000025""","=""002001.000783""","=""L22715c201"""
"=""1s.25i""","=""1I""","=""6""",13,"=""[""","=""24.56562284926171""","=""]""","=""0.00000000000025""","=""002001.000758""","=""L22715c201"""
"=""1s.25p""","=""1P*""","=""1""",3,"=""[""","=""24.5656439926761""","=""]""","=""0.0000000000011""","=""002001.000258""","=""L22715c201"""
"=""1s.26s""","=""3S""","=""1""",3,"=""[""","=""24.566797707089""","=""]""","=""0.000000000016""","=""002001.000239""","=""L22715c201"""
"=""1s.26s""","=""1S""","=""0""",1,"=""[""","=""24.567046899898""","=""]""","=""0.000000000019""","=""002001.000214""","=""L22715c201"""
"=""1s.26p""","=""3P*""","=""2""",5,"=""[""","=""24.567158808062""","=""]""","=""0.000000000007""","=""002001.000334""","=""L22715c201"""
"=""1s.26p""","=""3P*""","=""1""",3,"=""[""","=""24.567158811850""","=""]""","=""0.000000000007""","=""002001.000309""","=""L22715c201"""
"=""1s.26p""","=""3P*""","=""0""",1,"=""[""","=""24.567158858459""","=""]""","=""0.000000000007""","=""002001.000284""","=""L22715c201"""
"=""1s.26d""","=""3D""","=""3""",7,"=""[""","=""24.5672605433840""","=""]""","=""0.0000000000009""","=""002001.000434""","=""L22715c201"""
"=""1s.26d""","=""3D""","=""2""",5,"=""[""","=""24.5672605439822""","=""]""","=""0.0000000000009""","=""002001.000409""","=""L22715c201"""
"=""1s.26d""","=""3D""","=""1""",3,"=""[""","=""24.5672605522847""","=""]""","=""0.0000000000009""","=""002001.000384""","=""L22715c201"""
"=""1s.26d""","=""1D""","=""2""",5,"=""[""","=""24.5672617405129""","=""]""","=""0.0000000000006""","=""002001.000359""","=""L22715c201"""
"=""1s.26f""","=""3F*""","=""3""",7,"=""[""","=""24.5672643148546""","=""]""","=""0.0000000000004""","=""002001.000509""","=""L22715c201"""
"=""1s.26f""","=""3F*""","=""4""",9,"=""[""","=""24.56726431676283""","=""]""","=""0.00000000000025""","=""002001.000534""","=""L22715c201"""
"=""1s.26f""","=""3F*""","=""2""",5,"=""[""","=""24.56726432064762""","=""]""","=""0.00000000000025""","=""002001.000484""","=""L22715c201"""
"=""1s.26f""","=""1F*""","=""3""",7,"=""[""","=""24.56726432761591""","=""]""","=""0.00000000000025""","=""002001.000459""","=""L22715c201"""
"=""1s.26g""","=""3G""","=""4""",9,"=""[""","=""24.56726480791557""","=""]""","=""0.00000000000025""","=""002001.000609""","=""L22715c201"""
"=""1s.26g""","=""3G""","=""5""",11,"=""[""","=""24.56726481034876""","=""]""","=""0.00000000000025""","=""002001.000634""","=""L22715c201"""
"=""1s.26g""","=""3G""","=""3""",7,"=""[""","=""24.56726481256906""","=""]""","=""0.00000000000025""","=""002001.000584""","=""L22715c201"""
"=""1s.26g""","=""1G""","=""4""",9,"=""[""","=""24.56726481407461""","=""]""","=""0.00000000000025""","=""002001.000559""","=""L22715c201"""
"=""1s.26h""","=""3H*""","=""5""",11,"=""[""","=""24.56726492930875""","=""]""","=""0.00000000000025""","=""002001.000709""","=""L22715c201"""
"=""1s.26h""","=""3H*""","=""6""",13,"=""[""","=""24.56726493089971""","=""]""","=""0.00000000000025""","=""002001.000734""","=""L22715c201"""
"=""1s.26h""","=""3H*""","=""4""",9,"=""[""","=""24.56726493234363""","=""]""","=""0.00000000000025""","=""002001.000684""","=""L22715c201"""
"=""1s.26h""","=""1H*""","=""5""",11,"=""[""","=""24.56726493342130""","=""]""","=""0.00000000000025""","=""002001.000659""","=""L22715c201"""
"=""1s.26i""","=""3I""","=""6""",13,"=""[""","=""24.56726496914586""","=""]""","=""0.00000000000025""","=""002001.000809""","=""L22715c201"""
"=""1s.26i""","=""3I""","=""7""",15,"=""[""","=""24.56726497026171""","=""]""","=""0.00000000000025""","=""002001.000834""","=""L22715c201"""
"=""1s.26i""","=""3I""","=""5""",11,"=""[""","=""24.56726497127851""","=""]""","=""0.00000000000025""","=""002001.000784""","=""L22715c201"""
"=""1s.26i""","=""1I""","=""6""",13,"=""[""","=""24.56726497208639""","=""]""","=""0.00000000000025""","=""002001.000759""","=""L22715c201"""
"=""1s.26p""","=""1P*""","=""1""",3,"=""[""","=""24.5672837704877""","=""]""","=""0.0000000000011""","=""002001.000259""","=""L22715c201"""
"=""1s.27s""","=""3S""","=""1""",3,"=""[""","=""24.568311065912""","=""]""","=""0.000000000015""","=""002001.000240""","=""L22715c201"""
"=""1s.27s""","=""1S""","=""0""",1,"=""[""","=""24.568533372188""","=""]""","=""0.000000000017""","=""002001.000215""","=""L22715c201"""
"=""1s.27p""","=""3P*""","=""2""",5,"=""[""","=""24.568633249232""","=""]""","=""0.000000000006""","=""002001.000335""","=""L22715c201"""
"=""1s.27p""","=""3P*""","=""1""",3,"=""[""","=""24.568633252613""","=""]""","=""0.000000000006""","=""002001.000310""","=""L22715c201"""
"=""1s.27p""","=""3P*""","=""0""",1,"=""[""","=""24.568633294219""","=""]""","=""0.000000000006""","=""002001.000285""","=""L22715c201"""
"=""1s.27d""","=""3D""","=""3""",7,"=""[""","=""24.5687240821339""","=""]""","=""0.0000000000007""","=""002001.000435""","=""L22715c201"""
"=""1s.27d""","=""3D""","=""2""",5,"=""[""","=""24.5687240826682""","=""]""","=""0.0000000000007""","=""002001.000410""","=""L22715c201"""
"=""1s.27d""","=""3D""","=""1""",3,"=""[""","=""24.5687240900818""","=""]""","=""0.0000000000007""","=""002001.000385""","=""L22715c201"""
"=""1s.27d""","=""1D""","=""2""",5,"=""[""","=""24.5687251515888""","=""]""","=""0.0000000000005""","=""002001.000360""","=""L22715c201"""
"=""1s.27f""","=""3F*""","=""3""",7,"=""[""","=""24.56872745054607""","=""]""","=""0.00000000000025""","=""002001.000510""","=""L22715c201"""
"=""1s.27f""","=""3F*""","=""4""",9,"=""[""","=""24.56872745224825""","=""]""","=""0.00000000000025""","=""002001.000535""","=""L22715c201"""
"=""1s.27f""","=""3F*""","=""2""",5,"=""[""","=""24.56872745571721""","=""]""","=""0.00000000000025""","=""002001.000485""","=""L22715c201"""
"=""1s.27f""","=""1F*""","=""3""",7,"=""[""","=""24.56872746194679""","=""]""","=""0.00000000000025""","=""002001.000460""","=""L22715c201"""
"=""1s.27g""","=""3G""","=""4""",9,"=""[""","=""24.56872789096436""","=""]""","=""0.00000000000025""","=""002001.000610""","=""L22715c201"""
"=""1s.27g""","=""3G""","=""5""",11,"=""[""","=""24.56872789313705""","=""]""","=""0.00000000000025""","=""002001.000635""","=""L22715c201"""
"=""1s.27g""","=""3G""","=""3""",7,"=""[""","=""24.56872789511969""","=""]""","=""0.00000000000025""","=""002001.000585""","=""L22715c201"""
"=""1s.27g""","=""1G""","=""4""",9,"=""[""","=""24.56872789646405""","=""]""","=""0.00000000000025""","=""002001.000560""","=""L22715c201"""
"=""1s.27h""","=""3H*""","=""5""",11,"=""[""","=""24.56872799941668""","=""]""","=""0.00000000000025""","=""002001.000710""","=""L22715c201"""
"=""1s.27h""","=""3H*""","=""6""",13,"=""[""","=""24.56872800083729""","=""]""","=""0.00000000000025""","=""002001.000735""","=""L22715c201"""
"=""1s.27h""","=""3H*""","=""4""",9,"=""[""","=""24.56872800212673""","=""]""","=""0.00000000000025""","=""002001.000685""","=""L22715c201"""
"=""1s.27h""","=""1H*""","=""5""",11,"=""[""","=""24.56872800308897""","=""]""","=""0.00000000000025""","=""002001.000660""","=""L22715c201"""
"=""1s.27i""","=""3I""","=""6""",13,"=""[""","=""24.56872803501490""","=""]""","=""0.00000000000025""","=""002001.000810""","=""L22715c201"""
"=""1s.27i""","=""3I""","=""7""",15,"=""[""","=""24.56872803601149""","=""]""","=""0.00000000000025""","=""002001.000835""","=""L22715c201"""
"=""1s.27i""","=""3I""","=""5""",11,"=""[""","=""24.56872803691942""","=""]""","=""0.00000000000025""","=""002001.000785""","=""L22715c201"""
"=""1s.27i""","=""1I""","=""6""",13,"=""[""","=""24.56872803764076""","=""]""","=""0.00000000000025""","=""002001.000760""","=""L22715c201"""
"=""1s.27p""","=""1P*""","=""1""",3,"=""[""","=""24.5687448253290""","=""]""","=""0.0000000000010""","=""002001.000260""","=""L22715c201"""
"=""1s.28s""","=""3S""","=""1""",3,"=""[""","=""24.569663517927""","=""]""","=""0.000000000012""","=""002001.000241""","=""L22715c201"""
"=""1s.28s""","=""1S""","=""0""",1,"=""[""","=""24.569862670594""","=""]""","=""0.000000000015""","=""002001.000216""","=""L22715c201"""
"=""1s.28p""","=""3P*""","=""2""",5,"=""[""","=""24.569952181343""","=""]""","=""0.000000000005""","=""002001.000336""","=""L22715c201"""
"=""1s.28p""","=""3P*""","=""1""",3,"=""[""","=""24.569952184374""","=""]""","=""0.000000000005""","=""002001.000311""","=""L22715c201"""
"=""1s.28p""","=""3P*""","=""0""",1,"=""[""","=""24.569952221667""","=""]""","=""0.000000000006""","=""002001.000286""","=""L22715c201"""
"=""1s.28d""","=""3D""","=""3""",7,"=""[""","=""24.5700336155463""","=""]""","=""0.0000000000006""","=""002001.000436""","=""L22715c201"""
"=""1s.28d""","=""3D""","=""2""",5,"=""[""","=""24.5700336160254""","=""]""","=""0.0000000000006""","=""002001.000411""","=""L22715c201"""
"=""1s.28d""","=""3D""","=""1""",3,"=""[""","=""24.5700336226726""","=""]""","=""0.0000000000006""","=""002001.000386""","=""L22715c201"""
"=""1s.28d""","=""1D""","=""2""",5,"=""[""","=""24.5700345748407""","=""]""","=""0.0000000000005""","=""002001.000361""","=""L22715c201"""
"=""1s.28f""","=""3F*""","=""3""",7,"=""[""","=""24.57003663632574""","=""]""","=""0.00000000000025""","=""002001.000511""","=""L22715c201"""
"=""1s.28f""","=""3F*""","=""4""",9,"=""[""","=""24.57003663785049""","=""]""","=""0.00000000000025""","=""002001.000536""","=""L22715c201"""
"=""1s.28f""","=""3F*""","=""2""",5,"=""[""","=""24.57003664096088""","=""]""","=""0.00000000000025""","=""002001.000486""","=""L22715c201"""
"=""1s.28f""","=""1F*""","=""3""",7,"=""[""","=""24.57003664655245""","=""]""","=""0.00000000000025""","=""002001.000461""","=""L22715c201"""
"=""1s.28g""","=""3G""","=""4""",9,"=""[""","=""24.57003703133207""","=""]""","=""0.00000000000025""","=""002001.000611""","=""L22715c201"""
"=""1s.28g""","=""3G""","=""5""",11,"=""[""","=""24.57003703328024""","=""]""","=""0.00000000000025""","=""002001.000636""","=""L22715c201"""
"=""1s.28g""","=""3G""","=""3""",7,"=""[""","=""24.57003703505793""","=""]""","=""0.00000000000025""","=""002001.000586""","=""L22715c201"""
"=""1s.28g""","=""1G""","=""4""",9,"=""[""","=""24.57003703626330""","=""]""","=""0.00000000000025""","=""002001.000561""","=""L22715c201"""
"=""1s.28h""","=""3H*""","=""5""",11,"=""[""","=""24.57003712861789""","=""]""","=""0.00000000000025""","=""002001.000711""","=""L22715c201"""
"=""1s.28h""","=""3H*""","=""6""",13,"=""[""","=""24.57003712989170""","=""]""","=""0.00000000000025""","=""002001.000736""","=""L22715c201"""
"=""1s.28h""","=""3H*""","=""4""",9,"=""[""","=""24.57003713104785""","=""]""","=""0.00000000000025""","=""002001.000686""","=""L22715c201"""
"=""1s.28h""","=""1H*""","=""5""",11,"=""[""","=""24.57003713191066""","=""]""","=""0.00000000000025""","=""002001.000661""","=""L22715c201"""
"=""1s.28i""","=""3I""","=""6""",13,"=""[""","=""24.57003716055721""","=""]""","=""0.00000000000025""","=""002001.000811""","=""L22715c201"""
"=""1s.28i""","=""3I""","=""7""",15,"=""[""","=""24.57003716145064""","=""]""","=""0.00000000000025""","=""002001.000836""","=""L22715c201"""
"=""1s.28i""","=""3I""","=""5""",11,"=""[""","=""24.57003716226472""","=""]""","=""0.00000000000025""","=""002001.000786""","=""L22715c201"""
"=""1s.28i""","=""1I""","=""6""",13,"=""[""","=""24.57003716291154""","=""]""","=""0.00000000000025""","=""002001.000761""","=""L22715c201"""
"=""1s.28p""","=""1P*""","=""1""",3,"=""[""","=""24.5700522166844""","=""]""","=""0.0000000000009""","=""002001.000261""","=""L22715c201"""
"=""1s.29s""","=""3S""","=""1""",3,"=""[""","=""24.570877091365""","=""]""","=""0.000000000012""","=""002001.000242""","=""L22715c201"""
"=""1s.29s""","=""1S""","=""0""",1,"=""[""","=""24.571056197338""","=""]""","=""0.000000000014""","=""002001.000217""","=""L22715c201"""
"=""1s.29p""","=""3P*""","=""2""",5,"=""[""","=""24.571136728296""","=""]""","=""0.000000000005""","=""002001.000337""","=""L22715c201"""
"=""1s.29p""","=""3P*""","=""1""",3,"=""[""","=""24.571136731023""","=""]""","=""0.000000000005""","=""002001.000312""","=""L22715c201"""
"=""1s.29p""","=""3P*""","=""0""",1,"=""[""","=""24.571136764580""","=""]""","=""0.000000000005""","=""002001.000287""","=""L22715c201"""
"=""1s.29d""","=""3D""","=""3""",7,"=""[""","=""24.5712100169667""","=""]""","=""0.0000000000006""","=""002001.000437""","=""L22715c201"""
"=""1s.29d""","=""3D""","=""2""",5,"=""[""","=""24.5712100173980""","=""]""","=""0.0000000000006""","=""002001.000412""","=""L22715c201"""
"=""1s.29d""","=""3D""","=""1""",3,"=""[""","=""24.5712100233809""","=""]""","=""0.0000000000006""","=""002001.000387""","=""L22715c201"""
"=""1s.29d""","=""1D""","=""2""",5,"=""[""","=""24.5712108807138""","=""]""","=""0.0000000000004""","=""002001.000362""","=""L22715c201"""
"=""1s.29f""","=""3F*""","=""3""",7,"=""[""","=""24.57121273633383""","=""]""","=""0.00000000000025""","=""002001.000512""","=""L22715c201"""
"=""1s.29f""","=""3F*""","=""4""",9,"=""[""","=""24.57121273770497""","=""]""","=""0.00000000000025""","=""002001.000537""","=""L22715c201"""
"=""1s.29f""","=""3F*""","=""2""",5,"=""[""","=""24.57121274050453""","=""]""","=""0.00000000000025""","=""002001.000487""","=""L22715c201"""
"=""1s.29f""","=""1F*""","=""3""",7,"=""[""","=""24.57121274554213""","=""]""","=""0.00000000000025""","=""002001.000462""","=""L22715c201"""
"=""1s.29g""","=""3G""","=""4""",9,"=""[""","=""24.57121309195956""","=""]""","=""0.00000000000025""","=""002001.000612""","=""L22715c201"""
"=""1s.29g""","=""3G""","=""5""",11,"=""[""","=""24.57121309371307""","=""]""","=""0.00000000000025""","=""002001.000637""","=""L22715c201"""
"=""1s.29g""","=""3G""","=""3""",7,"=""[""","=""24.57121309531309""","=""]""","=""0.00000000000025""","=""002001.000587""","=""L22715c201"""
"=""1s.29g""","=""1G""","=""4""",9,"=""[""","=""24.57121309639820""","=""]""","=""0.00000000000025""","=""002001.000562""","=""L22715c201"""
"=""1s.29h""","=""3H*""","=""5""",11,"=""[""","=""24.57121317955936""","=""]""","=""0.00000000000025""","=""002001.000712""","=""L22715c201"""
"=""1s.29h""","=""3H*""","=""6""",13,"=""[""","=""24.57121318070597""","=""]""","=""0.00000000000025""","=""002001.000737""","=""L22715c201"""
"=""1s.29h""","=""3H*""","=""4""",9,"=""[""","=""24.57121318174644""","=""]""","=""0.00000000000025""","=""002001.000687""","=""L22715c201"""
"=""1s.29h""","=""1H*""","=""5""",11,"=""[""","=""24.57121318252308""","=""]""","=""0.00000000000025""","=""002001.000662""","=""L22715c201"""
"=""1s.29i""","=""3I""","=""6""",13,"=""[""","=""24.57121320832382""","=""]""","=""0.00000000000025""","=""002001.000812""","=""L22715c201"""
"=""1s.29i""","=""3I""","=""7""",15,"=""[""","=""24.57121320912798""","=""]""","=""0.00000000000025""","=""002001.000837""","=""L22715c201"""
"=""1s.29i""","=""3I""","=""5""",11,"=""[""","=""24.57121320986073""","=""]""","=""0.00000000000025""","=""002001.000787""","=""L22715c201"""
"=""1s.29i""","=""1I""","=""6""",13,"=""[""","=""24.57121321044296""","=""]""","=""0.00000000000025""","=""002001.000762""","=""L22715c201"""
"=""1s.29p""","=""1P*""","=""1""",3,"=""[""","=""24.5712267610659""","=""]""","=""0.0000000000007""","=""002001.000262""","=""L22715c201"""
"=""1s.30s""","=""3S""","=""1""",3,"=""[""","=""24.571970169921""","=""]""","=""0.000000000011""","=""002001.000243""","=""L22715c201"""
"=""1s.30s""","=""1S""","=""0""",1,"=""[""","=""24.572131831975""","=""]""","=""0.000000000012""","=""002001.000218""","=""L22715c201"""
"=""1s.30p""","=""3P*""","=""2""",5,"=""[""","=""24.572204545351""","=""]""","=""0.000000000004""","=""002001.000338""","=""L22715c201"""
"=""1s.30p""","=""3P*""","=""1""",3,"=""[""","=""24.572204547814""","=""]""","=""0.000000000004""","=""002001.000313""","=""L22715c201"""
"=""1s.30p""","=""3P*""","=""0""",1,"=""[""","=""24.572204578118""","=""]""","=""0.000000000005""","=""002001.000288""","=""L22715c201"""
"=""1s.30d""","=""3D""","=""3""",7,"=""[""","=""24.5722707395730""","=""]""","=""0.0000000000005""","=""002001.000438""","=""L22715c201"""
"=""1s.30d""","=""3D""","=""2""",5,"=""[""","=""24.5722707399626""","=""]""","=""0.0000000000005""","=""002001.000413""","=""L22715c201"""
"=""1s.30d""","=""3D""","=""1""",3,"=""[""","=""24.5722707453667""","=""]""","=""0.0000000000005""","=""002001.000388""","=""L22715c201"""
"=""1s.30d""","=""1D""","=""2""",5,"=""[""","=""24.5722715200426""","=""]""","=""0.0000000000004""","=""002001.000363""","=""L22715c201"""
"=""1s.30f""","=""3F*""","=""3""",7,"=""[""","=""24.57227319631699""","=""]""","=""0.00000000000025""","=""002001.000513""","=""L22715c201"""
"=""1s.30f""","=""3F*""","=""4""",9,"=""[""","=""24.57227319755460""","=""]""","=""0.00000000000025""","=""002001.000538""","=""L22715c201"""
"=""1s.30f""","=""3F*""","=""2""",5,"=""[""","=""24.57227320008351""","=""]""","=""0.00000000000025""","=""002001.000488""","=""L22715c201"""
"=""1s.30f""","=""1F*""","=""3""",7,"=""[""","=""24.57227320463770""","=""]""","=""0.00000000000025""","=""002001.000463""","=""L22715c201"""
"=""1s.30g""","=""3G""","=""4""",9,"=""[""","=""24.57227351762527""","=""]""","=""0.00000000000025""","=""002001.000613""","=""L22715c201"""
"=""1s.30g""","=""3G""","=""5""",11,"=""[""","=""24.57227351920917""","=""]""","=""0.00000000000025""","=""002001.000638""","=""L22715c201"""
"=""1s.30g""","=""3G""","=""3""",7,"=""[""","=""24.57227352065445""","=""]""","=""0.00000000000025""","=""002001.000588""","=""L22715c201"""
"=""1s.30g""","=""1G""","=""4""",9,"=""[""","=""24.57227352163454""","=""]""","=""0.00000000000025""","=""002001.000563""","=""L22715c201"""
"=""1s.30h""","=""3H*""","=""5""",11,"=""[""","=""24.57227359678224""","=""]""","=""0.00000000000025""","=""002001.000713""","=""L22715c201"""
"=""1s.30h""","=""3H*""","=""6""",13,"=""[""","=""24.57227359781800""","=""]""","=""0.00000000000025""","=""002001.000738""","=""L22715c201"""
"=""1s.30h""","=""3H*""","=""4""",9,"=""[""","=""24.57227359875792""","=""]""","=""0.00000000000025""","=""002001.000688""","=""L22715c201"""
"=""1s.30h""","=""1H*""","=""5""",11,"=""[""","=""24.57227359945942""","=""]""","=""0.00000000000025""","=""002001.000663""","=""L22715c201"""
"=""1s.30i""","=""3I""","=""6""",13,"=""[""","=""24.57227362277862""","=""]""","=""0.00000000000025""","=""002001.000813""","=""L22715c201"""
"=""1s.30i""","=""3I""","=""7""",15,"=""[""","=""24.57227362350504""","=""]""","=""0.00000000000025""","=""002001.000838""","=""L22715c201"""
"=""1s.30i""","=""3I""","=""5""",11,"=""[""","=""24.57227362416699""","=""]""","=""0.00000000000025""","=""002001.000788""","=""L22715c201"""
"=""1s.30i""","=""1I""","=""6""",13,"=""[""","=""24.57227362469293""","=""]""","=""0.00000000000025""","=""002001.000763""","=""L22715c201"""
"=""1s.30p""","=""1P*""","=""1""",3,"=""[""","=""24.5722858657881""","=""]""","=""0.0000000000007""","=""002001.000263""","=""L22715c201"""
"=""1s.31s""","=""3S""","=""1""",3,"=""[""","=""24.572958193102""","=""]""","=""0.000000000010""","=""002001.000244""","=""L22715c201"""
"=""1s.31s""","=""1S""","=""0""",1,"=""[""","=""24.573104604934""","=""]""","=""0.000000000012""","=""002001.000219""","=""L22715c201"""
"=""1s.31p""","=""3P*""","=""2""",5,"=""[""","=""24.573170480820""","=""]""","=""0.000000000004""","=""002001.000339""","=""L22715c201"""
"=""1s.31p""","=""3P*""","=""1""",3,"=""[""","=""24.573170483051""","=""]""","=""0.000000000004""","=""002001.000314""","=""L22715c201"""
"=""1s.31p""","=""3P*""","=""0""",1,"=""[""","=""24.573170510510""","=""]""","=""0.000000000004""","=""002001.000289""","=""L22715c201"""
"=""1s.31d""","=""3D""","=""3""",7,"=""[""","=""24.5732304674684""","=""]""","=""0.0000000000005""","=""002001.000439""","=""L22715c201"""
"=""1s.31d""","=""3D""","=""2""",5,"=""[""","=""24.5732304678216""","=""]""","=""0.0000000000005""","=""002001.000414""","=""L22715c201"""
"=""1s.31d""","=""3D""","=""1""",3,"=""[""","=""24.5732304727194""","=""]""","=""0.0000000000005""","=""002001.000389""","=""L22715c201"""
"=""1s.31d""","=""1D""","=""2""",5,"=""[""","=""24.5732311750238""","=""]""","=""0.0000000000004""","=""002001.000364""","=""L22715c201"""
"=""1s.31f""","=""3F*""","=""3""",7,"=""[""","=""24.57323269433635""","=""]""","=""0.00000000000025""","=""002001.000514""","=""L22715c201"""
"=""1s.31f""","=""3F*""","=""4""",9,"=""[""","=""24.57323269545730""","=""]""","=""0.00000000000025""","=""002001.000539""","=""L22715c201"""
"=""1s.31f""","=""3F*""","=""2""",5,"=""[""","=""24.57323269774915""","=""]""","=""0.00000000000025""","=""002001.000489""","=""L22715c201"""
"=""1s.31f""","=""1F*""","=""3""",7,"=""[""","=""24.57323270187993""","=""]""","=""0.00000000000025""","=""002001.000464""","=""L22715c201"""
"=""1s.31g""","=""3G""","=""4""",9,"=""[""","=""24.57323298560227""","=""]""","=""0.00000000000025""","=""002001.000614""","=""L22715c201"""
"=""1s.31g""","=""3G""","=""5""",11,"=""[""","=""24.57323298703776""","=""]""","=""0.00000000000025""","=""002001.000639""","=""L22715c201"""
"=""1s.31g""","=""3G""","=""3""",7,"=""[""","=""24.57323298834765""","=""]""","=""0.00000000000025""","=""002001.000589""","=""L22715c201"""
"=""1s.31g""","=""1G""","=""4""",9,"=""[""","=""24.57323298923600""","=""]""","=""0.00000000000025""","=""002001.000564""","=""L22715c201"""
"=""1s.31h""","=""3H*""","=""5""",11,"=""[""","=""24.57323305736668""","=""]""","=""0.00000000000025""","=""002001.000714""","=""L22715c201"""
"=""1s.31h""","=""3H*""","=""6""",13,"=""[""","=""24.57323305830536""","=""]""","=""0.00000000000025""","=""002001.000739""","=""L22715c201"""
"=""1s.31h""","=""3H*""","=""4""",9,"=""[""","=""24.57323305915726""","=""]""","=""0.00000000000025""","=""002001.000689""","=""L22715c201"""
"=""1s.31h""","=""1H*""","=""5""",11,"=""[""","=""24.57323305979305""","=""]""","=""0.00000000000025""","=""002001.000664""","=""L22715c201"""
"=""1s.31i""","=""3I""","=""6""",13,"=""[""","=""24.57323308093868""","=""]""","=""0.00000000000025""","=""002001.000814""","=""L22715c201"""
"=""1s.31i""","=""3I""","=""7""",15,"=""[""","=""24.57323308159704""","=""]""","=""0.00000000000025""","=""002001.000839""","=""L22715c201"""
"=""1s.31i""","=""3I""","=""5""",11,"=""[""","=""24.57323308219700""","=""]""","=""0.00000000000025""","=""002001.000789""","=""L22715c201"""
"=""1s.31i""","=""1I""","=""6""",13,"=""[""","=""24.57323308267359""","=""]""","=""0.00000000000025""","=""002001.000764""","=""L22715c201"""
"=""1s.31p""","=""1P*""","=""1""",3,"=""[""","=""24.5732441776680""","=""]""","=""0.0000000000006""","=""002001.000264""","=""L22715c201"""
"=""1s.32s""","=""3S""","=""1""",3,"=""[""","=""24.573854204444""","=""]""","=""0.000000000009""","=""002001.000245""","=""L22715c201"""
"=""1s.32s""","=""1S""","=""0""",1,"=""[""","=""24.573987225470""","=""]""","=""0.000000000011""","=""002001.000220""","=""L22715c201"""
"=""1s.32p""","=""3P*""","=""2""",5,"=""[""","=""24.574047095037""","=""]""","=""0.000000000004""","=""002001.000340""","=""L22715c201"""
"=""1s.32p""","=""3P*""","=""1""",3,"=""[""","=""24.574047097066""","=""]""","=""0.000000000004""","=""002001.000315""","=""L22715c201"""
"=""1s.32p""","=""3P*""","=""0""",1,"=""[""","=""24.574047122024""","=""]""","=""0.000000000004""","=""002001.000290""","=""L22715c201"""
"=""1s.32d""","=""3D""","=""3""",7,"=""[""","=""24.5741016266281""","=""]""","=""0.0000000000005""","=""002001.000440""","=""L22715c201"""
"=""1s.32d""","=""3D""","=""2""",5,"=""[""","=""24.5741016269493""","=""]""","=""0.0000000000005""","=""002001.000415""","=""L22715c201"""
"=""1s.32d""","=""3D""","=""1""",3,"=""[""","=""24.5741016314020""","=""]""","=""0.0000000000005""","=""002001.000390""","=""L22715c201"""
"=""1s.32d""","=""1D""","=""2""",5,"=""[""","=""24.5741022700706""","=""]""","=""0.0000000000004""","=""002001.000365""","=""L22715c201"""
"=""1s.32f""","=""3F*""","=""3""",7,"=""[""","=""24.57410365141942""","=""]""","=""0.00000000000025""","=""002001.000515""","=""L22715c201"""
"=""1s.32f""","=""3F*""","=""4""",9,"=""[""","=""24.57410365243783""","=""]""","=""0.00000000000025""","=""002001.000540""","=""L22715c201"""
"=""1s.32f""","=""3F*""","=""2""",5,"=""[""","=""24.57410365452150""","=""]""","=""0.00000000000025""","=""002001.000490""","=""L22715c201"""
"=""1s.32f""","=""1F*""","=""3""",7,"=""[""","=""24.57410365827959""","=""]""","=""0.00000000000025""","=""002001.000465""","=""L22715c201"""
"=""1s.32g""","=""3G""","=""4""",9,"=""[""","=""24.57410391627285""","=""]""","=""0.00000000000025""","=""002001.000615""","=""L22715c201"""
"=""1s.32g""","=""3G""","=""5""",11,"=""[""","=""24.57410391757792""","=""]""","=""0.00000000000025""","=""002001.000640""","=""L22715c201"""
"=""1s.32g""","=""3G""","=""3""",7,"=""[""","=""24.57410391876878""","=""]""","=""0.00000000000025""","=""002001.000590""","=""L22715c201"""
"=""1s.32g""","=""1G""","=""4""",9,"=""[""","=""24.57410391957641""","=""]""","=""0.00000000000025""","=""002001.000565""","=""L22715c201"""
"=""1s.32h""","=""3H*""","=""5""",11,"=""[""","=""24.57410398153665""","=""]""","=""0.00000000000025""","=""002001.000715""","=""L22715c201"""
"=""1s.32h""","=""3H*""","=""6""",13,"=""[""","=""24.57410398239003""","=""]""","=""0.00000000000025""","=""002001.000740""","=""L22715c201"""
"=""1s.32h""","=""3H*""","=""4""",9,"=""[""","=""24.57410398316456""","=""]""","=""0.00000000000025""","=""002001.000690""","=""L22715c201"""
"=""1s.32h""","=""1H*""","=""5""",11,"=""[""","=""24.57410398374257""","=""]""","=""0.00000000000025""","=""002001.000665""","=""L22715c201"""
"=""1s.32i""","=""3I""","=""6""",13,"=""[""","=""24.57410400297625""","=""]""","=""0.00000000000025""","=""002001.000815""","=""L22715c201"""
"=""1s.32i""","=""3I""","=""7""",15,"=""[""","=""24.57410400357484""","=""]""","=""0.00000000000025""","=""002001.000840""","=""L22715c201"""
"=""1s.32i""","=""3I""","=""5""",11,"=""[""","=""24.57410400412025""","=""]""","=""0.00000000000025""","=""002001.000790""","=""L22715c201"""
"=""1s.32i""","=""1I""","=""6""",13,"=""[""","=""24.57410400455357""","=""]""","=""0.00000000000025""","=""002001.000765""","=""L22715c201"""
"=""1s.32p""","=""1P*""","=""1""",3,"=""[""","=""24.5741140921573""","=""]""","=""0.0000000000006""","=""002001.000265""","=""L22715c201"""
"=""1s.33s""","=""3S""","=""1""",3,"=""[""","=""24.574669284234""","=""]""","=""0.000000000008""","=""002001.000246""","=""L22715c201"""
"=""1s.33s""","=""1S""","=""0""",1,"=""[""","=""24.574790498896""","=""]""","=""0.000000000010""","=""002001.000221""","=""L22715c201"""
"=""1s.33p""","=""3P*""","=""2""",5,"=""[""","=""24.574845070751""","=""]""","=""0.000000000003""","=""002001.000341""","=""L22715c201"""
"=""1s.33p""","=""3P*""","=""1""",3,"=""[""","=""24.574845072600""","=""]""","=""0.000000000003""","=""002001.000316""","=""L22715c201"""
"=""1s.33p""","=""3P*""","=""0""",1,"=""[""","=""24.574845095352""","=""]""","=""0.000000000004""","=""002001.000291""","=""L22715c201"""
"=""1s.33d""","=""3D""","=""3""",7,"=""[""","=""24.5748947891421""","=""]""","=""0.0000000000004""","=""002001.000441""","=""L22715c201"""
"=""1s.33d""","=""3D""","=""2""",5,"=""[""","=""24.5748947894349""","=""]""","=""0.0000000000004""","=""002001.000416""","=""L22715c201"""
"=""1s.33d""","=""3D""","=""1""",3,"=""[""","=""24.5748947934950""","=""]""","=""0.0000000000004""","=""002001.000391""","=""L22715c201"""
"=""1s.33d""","=""1D""","=""2""",5,"=""[""","=""24.57489537598439""","=""]""","=""0.00000000000025""","=""002001.000366""","=""L22715c201"""
"=""1s.33f""","=""3F*""","=""3""",7,"=""[""","=""24.57489663557879""","=""]""","=""0.00000000000025""","=""002001.000516""","=""L22715c201"""
"=""1s.33f""","=""3F*""","=""4""",9,"=""[""","=""24.57489663650681""","=""]""","=""0.00000000000025""","=""002001.000541""","=""L22715c201"""
"=""1s.33f""","=""3F*""","=""2""",5,"=""[""","=""24.57489663840675""","=""]""","=""0.00000000000025""","=""002001.000491""","=""L22715c201"""
"=""1s.33f""","=""1F*""","=""3""",7,"=""[""","=""24.57489664183565""","=""]""","=""0.00000000000025""","=""002001.000466""","=""L22715c201"""
"=""1s.33g""","=""3G""","=""4""",9,"=""[""","=""24.57489687711774""","=""]""","=""0.00000000000025""","=""002001.000616""","=""L22715c201"""
"=""1s.33g""","=""3G""","=""5""",11,"=""[""","=""24.57489687830762""","=""]""","=""0.00000000000025""","=""002001.000641""","=""L22715c201"""
"=""1s.33g""","=""3G""","=""3""",7,"=""[""","=""24.57489687939347""","=""]""","=""0.00000000000025""","=""002001.000591""","=""L22715c201"""
"=""1s.33g""","=""1G""","=""4""",9,"=""[""","=""24.57489688012993""","=""]""","=""0.00000000000025""","=""002001.000566""","=""L22715c201"""
"=""1s.33h""","=""3H*""","=""5""",11,"=""[""","=""24.57489693664242""","=""]""","=""0.00000000000025""","=""002001.000716""","=""L22715c201"""
"=""1s.33h""","=""3H*""","=""6""",13,"=""[""","=""24.57489693742055""","=""]""","=""0.00000000000025""","=""002001.000741""","=""L22715c201"""
"=""1s.33h""","=""3H*""","=""4""",9,"=""[""","=""24.57489693812677""","=""]""","=""0.00000000000025""","=""002001.000691""","=""L22715c201"""
"=""1s.33h""","=""1H*""","=""5""",11,"=""[""","=""24.57489693865382""","=""]""","=""0.00000000000025""","=""002001.000666""","=""L22715c201"""
"=""1s.33i""","=""3I""","=""6""",13,"=""[""","=""24.57489695619907""","=""]""","=""0.00000000000025""","=""002001.000816""","=""L22715c201"""
"=""1s.33i""","=""3I""","=""7""",15,"=""[""","=""24.57489695674485""","=""]""","=""0.00000000000025""","=""002001.000841""","=""L22715c201"""
"=""1s.33i""","=""3I""","=""5""",11,"=""[""","=""24.57489695724215""","=""]""","=""0.00000000000025""","=""002001.000791""","=""L22715c201"""
"=""1s.33i""","=""1I""","=""6""",13,"=""[""","=""24.57489695763729""","=""]""","=""0.00000000000025""","=""002001.000766""","=""L22715c201"""
"=""1s.33p""","=""1P*""","=""1""",3,"=""[""","=""24.5749061561969""","=""]""","=""0.0000000000005""","=""002001.000266""","=""L22715c201"""
"=""1s.34s""","=""3S""","=""1""",3,"=""[""","=""24.575412893719""","=""]""","=""0.000000000007""","=""002001.000247""","=""L22715c201"""
"=""1s.34s""","=""1S""","=""0""",1,"=""[""","=""24.575523658875""","=""]""","=""0.000000000009""","=""002001.000222""","=""L22715c201"""
"=""1s.34p""","=""3P*""","=""2""",5,"=""[""","=""24.575573540123""","=""]""","=""0.000000000003""","=""002001.000342""","=""L22715c201"""
"=""1s.34p""","=""3P*""","=""1""",3,"=""[""","=""24.575573541814""","=""]""","=""0.000000000003""","=""002001.000317""","=""L22715c201"""
"=""1s.34p""","=""3P*""","=""0""",1,"=""[""","=""24.575573562612""","=""]""","=""0.000000000003""","=""002001.000292""","=""L22715c201"""
"=""1s.34d""","=""3D""","=""3""",7,"=""[""","=""24.5756189954825""","=""]""","=""0.0000000000004""","=""002001.000442""","=""L22715c201"""
"=""1s.34d""","=""3D""","=""2""",5,"=""[""","=""24.5756189957502""","=""]""","=""0.0000000000004""","=""002001.000417""","=""L22715c201"""
"=""1s.34d""","=""3D""","=""1""",3,"=""[""","=""24.5756189994624""","=""]""","=""0.0000000000004""","=""002001.000392""","=""L22715c201"""
"=""1s.34d""","=""1D""","=""2""",5,"=""[""","=""24.57561953216943""","=""]""","=""0.00000000000025""","=""002001.000367""","=""L22715c201"""
"=""1s.34f""","=""3F*""","=""3""",7,"=""[""","=""24.57562068390626""","=""]""","=""0.00000000000025""","=""002001.000517""","=""L22715c201"""
"=""1s.34f""","=""3F*""","=""4""",9,"=""[""","=""24.57562068475431""","=""]""","=""0.00000000000025""","=""002001.000542""","=""L22715c201"""
"=""1s.34f""","=""3F*""","=""2""",5,"=""[""","=""24.57562068649158""","=""]""","=""0.00000000000025""","=""002001.000492""","=""L22715c201"""
"=""1s.34f""","=""1F*""","=""3""",7,"=""[""","=""24.57562068962851""","=""]""","=""0.00000000000025""","=""002001.000467""","=""L22715c201"""
"=""1s.34g""","=""3G""","=""4""",9,"=""[""","=""24.57562090478771""","=""]""","=""0.00000000000025""","=""002001.000617""","=""L22715c201"""
"=""1s.34g""","=""3G""","=""5""",11,"=""[""","=""24.57562090587567""","=""]""","=""0.00000000000025""","=""002001.000642""","=""L22715c201"""
"=""1s.34g""","=""3G""","=""3""",7,"=""[""","=""24.57562090686853""","=""]""","=""0.00000000000025""","=""002001.000592""","=""L22715c201"""
"=""1s.34g""","=""1G""","=""4""",9,"=""[""","=""24.57562090754189""","=""]""","=""0.00000000000025""","=""002001.000567""","=""L22715c201"""
"=""1s.34h""","=""3H*""","=""5""",11,"=""[""","=""24.57562095922669""","=""]""","=""0.00000000000025""","=""002001.000717""","=""L22715c201"""
"=""1s.34h""","=""3H*""","=""6""",13,"=""[""","=""24.57562095993811""","=""]""","=""0.00000000000025""","=""002001.000742""","=""L22715c201"""
"=""1s.34h""","=""3H*""","=""4""",9,"=""[""","=""24.57562096058382""","=""]""","=""0.00000000000025""","=""002001.000692""","=""L22715c201"""
"=""1s.34h""","=""1H*""","=""5""",11,"=""[""","=""24.57562096106575""","=""]""","=""0.00000000000025""","=""002001.000667""","=""L22715c201"""
"=""1s.34i""","=""3I""","=""6""",13,"=""[""","=""24.57562097711426""","=""]""","=""0.00000000000025""","=""002001.000817""","=""L22715c201"""
"=""1s.34i""","=""3I""","=""7""",15,"=""[""","=""24.57562097761330""","=""]""","=""0.00000000000025""","=""002001.000842""","=""L22715c201"""
"=""1s.34i""","=""3I""","=""5""",11,"=""[""","=""24.57562097806795""","=""]""","=""0.00000000000025""","=""002001.000792""","=""L22715c201"""
"=""1s.34i""","=""1I""","=""6""",13,"=""[""","=""24.57562097842924""","=""]""","=""0.00000000000025""","=""002001.000767""","=""L22715c201"""
"=""1s.34p""","=""1P*""","=""1""",3,"=""[""","=""24.5756293894120""","=""]""","=""0.0000000000005""","=""002001.000267""","=""L22715c201"""
"=""1s.35s""","=""3S""","=""1""",3,"=""[""","=""24.576093150917""","=""]""","=""0.000000000007""","=""002001.000248""","=""L22715c201"""
"=""1s.35s""","=""1S""","=""0""",1,"=""[""","=""24.576194633969""","=""]""","=""0.000000000008""","=""002001.000223""","=""L22715c201"""
"=""1s.35p""","=""3P*""","=""2""",5,"=""[""","=""24.576240347176""","=""]""","=""0.000000000003""","=""002001.000343""","=""L22715c201"""
"=""1s.35p""","=""3P*""","=""1""",3,"=""[""","=""24.576240348725""","=""]""","=""0.000000000003""","=""002001.000318""","=""L22715c201"""
"=""1s.35p""","=""3P*""","=""0""",1,"=""[""","=""24.576240367788""","=""]""","=""0.000000000003""","=""002001.000293""","=""L22715c201"""
"=""1s.35d""","=""3D""","=""3""",7,"=""[""","=""24.5762820132583""","=""]""","=""0.0000000000004""","=""002001.000443""","=""L22715c201"""
"=""1s.35d""","=""3D""","=""2""",5,"=""[""","=""24.5762820135037""","=""]""","=""0.0000000000004""","=""002001.000418""","=""L22715c201"""
"=""1s.35d""","=""3D""","=""1""",3,"=""[""","=""24.5762820169067""","=""]""","=""0.0000000000004""","=""002001.000393""","=""L22715c201"""
"=""1s.35d""","=""1D""","=""2""",5,"=""[""","=""24.57628250534329""","=""]""","=""0.00000000000025""","=""002001.000368""","=""L22715c201"""
"=""1s.35f""","=""3F*""","=""3""",7,"=""[""","=""24.57628356119235""","=""]""","=""0.00000000000025""","=""002001.000518""","=""L22715c201"""
"=""1s.35f""","=""3F*""","=""4""",9,"=""[""","=""24.57628356196936""","=""]""","=""0.00000000000025""","=""002001.000543""","=""L22715c201"""
"=""1s.35f""","=""3F*""","=""2""",5,"=""[""","=""24.57628356356194""","=""]""","=""0.00000000000025""","=""002001.000493""","=""L22715c201"""
"=""1s.35f""","=""1F*""","=""3""",7,"=""[""","=""24.57628356643899""","=""]""","=""0.00000000000025""","=""002001.000468""","=""L22715c201"""
"=""1s.35g""","=""3G""","=""4""",9,"=""[""","=""24.57628376370554""","=""]""","=""0.00000000000025""","=""002001.000618""","=""L22715c201"""
"=""1s.35g""","=""3G""","=""5""",11,"=""[""","=""24.57628376470286""","=""]""","=""0.00000000000025""","=""002001.000643""","=""L22715c201"""
"=""1s.35g""","=""3G""","=""3""",7,"=""[""","=""24.57628376561303""","=""]""","=""0.00000000000025""","=""002001.000593""","=""L22715c201"""
"=""1s.35g""","=""1G""","=""4""",9,"=""[""","=""24.57628376623035""","=""]""","=""0.00000000000025""","=""002001.000568""","=""L22715c201"""
"=""1s.35h""","=""3H*""","=""5""",11,"=""[""","=""24.57628381362145""","=""]""","=""0.00000000000025""","=""002001.000718""","=""L22715c201"""
"=""1s.35h""","=""3H*""","=""6""",13,"=""[""","=""24.57628381427373""","=""]""","=""0.00000000000025""","=""002001.000743""","=""L22715c201"""
"=""1s.35h""","=""3H*""","=""4""",9,"=""[""","=""24.57628381486563""","=""]""","=""0.00000000000025""","=""002001.000693""","=""L22715c201"""
"=""1s.35h""","=""1H*""","=""5""",11,"=""[""","=""24.57628381530739""","=""]""","=""0.00000000000025""","=""002001.000668""","=""L22715c201"""
"=""1s.35i""","=""3I""","=""6""",13,"=""[""","=""24.57628383002456""","=""]""","=""0.00000000000025""","=""002001.000818""","=""L22715c201"""
"=""1s.35i""","=""3I""","=""7""",15,"=""[""","=""24.57628383048206""","=""]""","=""0.00000000000025""","=""002001.000843""","=""L22715c201"""
"=""1s.35i""","=""3I""","=""5""",11,"=""[""","=""24.57628383089889""","=""]""","=""0.00000000000025""","=""002001.000793""","=""L22715c201"""
"=""1s.35i""","=""1I""","=""6""",13,"=""[""","=""24.57628383123006""","=""]""","=""0.00000000000025""","=""002001.000768""","=""L22715c201"""
"=""1s.35p""","=""1P*""","=""1""",3,"=""[""","=""24.5762915420321""","=""]""","=""0.0000000000005""","=""002001.000268""","=""L22715c201"""
"=""He II (1s 2S<1/2>)""","=""Limit""","=""---""",,"=""""","=""24.587389011""","=""""","=""0.000000025""","=""002001.Lim001""","=""L17714"""
"=""2s.2p""","=""3P*""","=""0,1,2""",9,"=""""","=""58.311""","=""""","=""0.006""","=""002001.000195""","=""L1368"""
"=""2p2""","=""3P""","=""0,1,2""",9,"=""""","=""59.67378""","=""""","=""0.00015""","=""002001.000189""","=""L1341"""
"=""2p.3p""","=""3D""","=""1,2,3""",15,"=""""","=""63.119""","=""""","=""0.006""","=""002001.000196""","=""L1368"""
"=""2p.3d""","=""3D*""","=""1,2,3""",15,"=""""","=""63.78658""","=""""","=""0.00015""","=""002001.000197""","=""L1368"""
"=""2p.3d""","=""3P*""","=""0,1,2""",9,"=""""","=""64.0719""","=""""","=""0.0006""","=""002001.000198""","=""L1368"""
