id_nivel,elemento,estado_ionizacion,espectro,configuracion,termino,j_valor,j_texto,j_resuelto,g,energia_ev,energia_interpolada,incertidumbre_ev,referencia
001001.001.000001,H,1,H I,1s,2S,0.5,1/2,True,2.0,0.0,False,1.2e-13,
001001.001.000002,H,1,H I,2p,2P*,0.5,1/2,True,2.0,10.19880615024,False,4e-11,L15291
001001.001.000004,H,1,H I,2p,2P*,1.5,3/2,True,4.0,10.19885151459,False,5e-11,L15291
001001.001.000003,H,1,H I,2s,2S,0.5,1/2,True,2.0,10.19881052514816,False,1.2e-13,L15291
001001.001.000059,H,1,H I,2,,,,,8.0,10.1988358,False,1.2e-06,L15291
001001.001.000005,H,1,H I,3p,2P*,0.5,1/2,True,2.0,12.0874936591,False,9e-10,L15291
001001.001.000008,H,1,H I,3p,2P*,1.5,3/2,True,4.0,12.0875071004,False,9e-10,L15291
001001.001.000006,H,1,H I,3s,2S,0.5,1/2,True,2.0,12.0874949611,False,9e-10,L15291
001001.001.000060,H,1,H I,3,,,,,18.0,12.0875052,False,6e-07,L15291
001001.001.000007,H,1,H I,3d,2D,1.5,3/2,True,4.0,12.0875070783,False,2.5e-09,L15291
001001.001.000009,H,1,H I,3d,2D,2.5,5/2,True,6.0,12.0875115582,False,9e-10,L15291
001001.001.000010,H,1,H I,4p,2P*,0.5,1/2,True,2.0,12.74853244632,False,6e-11,L15291
001001.001.000013,H,1,H I,4p,2P*,1.5,3/2,True,4.0,12.74853811674,False,4e-11,L15291
001001.001.000011,H,1,H I,4s,2S,0.5,1/2,True,2.0,12.74853299663,False,4e-11,L15291
001001.001.000012,H,1,H I,4d,2D,1.5,3/2,True,4.0,12.7485381084,False,1e-09,L15291
001001.001.000015,H,1,H I,4d,2D,2.5,5/2,True,6.0,12.74853999753,False,1e-10,L15291
001001.001.000061,H,1,H I,4,,,,,32.0,12.7485393,False,4e-07,L15291
001001.001.000014,H,1,H I,4f,2F*,2.5,5/2,True,6.0,12.748539998,False,6e-09,L15291
001001.001.000016,H,1,H I,4f,2F*,3.5,7/2,True,8.0,12.7485409403,False,1.6e-09,L15291
001001.001.000017,H,1,H I,5p,2P*,0.5,1/2,True,2.0,13.054498182,False,5e-09,L15291
001001.001.000020,H,1,H I,5p,2P*,1.5,3/2,True,4.0,13.054501086,False,5e-09,L15291
001001.001.000018,H,1,H I,5s,2S,0.5,1/2,True,2.0,13.054498464,True,5e-09,L15291
001001.001.000019,H,1,H I,5d,2D,1.5,3/2,True,4.0,13.054501074,False,3e-09,L15291
001001.001.000021,H,1,H I,5d,2D,2.5,5/2,True,6.0,13.054502042,True,3e-09,L15291
001001.001.000062,H,1,H I,5,,,,,50.0,13.0545017,False,5e-07,L15291
001001.001.000098,H,1,H I,5f,2F*,2.5,5/2,True,6.0,13.054502046336,False,1e-11,L15291
001001.001.000022,H,1,H I,5f,2F*,3.5,7/2,True,8.0,13.054502526,False,6e-09,L15291
001001.001.000099,H,1,H I,5g,2G,3.5,7/2,True,8.0,13.054502529303,False,1e-11,L15291
001001.001.000100,H,1,H I,5g,2G,4.5,9/2,True,10.0,13.054502819633,False,1e-11,L15291
001001.001.000023,H,1,H I,6p,2P*,0.5,1/2,True,2.0,13.22070146198,True,1.2e-10,L15291
001001.001.000026,H,1,H I,6p,2P*,1.5,3/2,True,4.0,13.22070314214,True,1.2e-10,L15291
001001.001.000024,H,1,H I,6s,2S,0.5,1/2,True,2.0,13.22070162532,False,9e-11,L15291
001001.001.000025,H,1,H I,6d,2D,1.5,3/2,True,4.0,13.22070313941,True,1.6e-10,L15291
001001.001.000027,H,1,H I,6d,2D,2.5,5/2,True,6.0,13.22070369934,False,5e-11,L15291
001001.001.000101,H,1,H I,6f,2F*,2.5,5/2,True,6.0,13.220703699081,False,1e-11,L15291
001001.001.000102,H,1,H I,6f,2F*,3.5,7/2,True,8.0,13.220703979103,False,1e-11,L15291
001001.001.000063,H,1,H I,6,,,,,72.0,13.22070389,False,2e-07,L15291
001001.001.000103,H,1,H I,6g,2G,3.5,7/2,True,8.0,13.220703978574,False,1e-11,L15291
001001.001.000104,H,1,H I,6g,2G,4.5,9/2,True,10.0,13.220704146589,False,1e-11,L15291
001001.001.000105,H,1,H I,6h,2H*,4.5,9/2,True,10.0,13.220704146258,False,1e-11,L15291
001001.001.000106,H,1,H I,6h,2H*,5.5,11/2,True,12.0,13.220704258272,False,1e-11,L15291
001001.001.000028,H,1,H I,7p,2P*,0.5,1/2,True,2.0,13.320916647,True,5e-09,L15291
001001.001.000031,H,1,H I,7p,2P*,1.5,3/2,True,4.0,13.320917704,True,5e-09,L15291
001001.001.000029,H,1,H I,7s,2S,0.5,1/2,True,2.0,13.32091675,True,5e-09,L15291
001001.001.000030,H,1,H I,7d,2D,1.5,3/2,True,4.0,13.320917703,True,3e-09,L15291
001001.001.000032,H,1,H I,7d,2D,2.5,5/2,True,6.0,13.320918056,True,3e-09,L15291
001001.001.000064,H,1,H I,7,,,,,98.0,13.32091817,False,1.1e-07,L15291
001001.001.000033,H,1,H I,8p,2P*,0.5,1/2,True,2.0,13.38596007869,True,7e-11,L15291
001001.001.000036,H,1,H I,8p,2P*,1.5,3/2,True,4.0,13.38596078751,True,7e-11,L15291
001001.001.000034,H,1,H I,8s,2S,0.5,1/2,True,2.0,13.38596014765,False,4e-11,L15291
001001.001.000035,H,1,H I,8d,2D,1.5,3/2,True,4.0,13.38596078636,False,4e-11,L15291
001001.001.000037,H,1,H I,8d,2D,2.5,5/2,True,6.0,13.385961022639,False,2.5e-11,L15291
001001.001.000065,H,1,H I,8,,,,,128.0,13.38596103,False,9e-08,L15291
001001.001.000038,H,1,H I,9p,2P*,0.5,1/2,True,2.0,13.4305536,True,5e-09,L15291
001001.001.000041,H,1,H I,9p,2P*,1.5,3/2,True,4.0,13.430554098,True,5e-09,L15291
001001.001.000039,H,1,H I,9s,2S,0.5,1/2,True,2.0,13.430553648,True,5e-09,L15291
001001.001.000040,H,1,H I,9d,2D,1.5,3/2,True,4.0,13.430554096,True,3e-09,L15291
001001.001.000042,H,1,H I,9d,2D,2.5,5/2,True,6.0,13.430554262,True,3e-09,L15291
001001.001.000066,H,1,H I,9,,,,,162.0,13.43055424,False,9e-08,L15291
001001.001.000043,H,1,H I,10p,2P*,0.5,1/2,True,2.0,13.462451058,True,5e-09,L15291
001001.001.000046,H,1,H I,10p,2P*,1.5,3/2,True,4.0,13.462451421,True,5e-09,L15291
001001.001.000044,H,1,H I,10s,2S,0.5,1/2,True,2.0,13.462451094,True,5e-09,L15291
001001.001.000045,H,1,H I,10d,2D,1.5,3/2,True,4.0,13.46245141908,True,1.6e-10,L15291
001001.001.000047,H,1,H I,10d,2D,2.5,5/2,True,6.0,13.46245154007,False,1.6e-10,L15291
001001.001.000067,H,1,H I,10,,,,,200.0,13.46245155,False,1e-07,L15291
001001.001.000048,H,1,H I,11p,2P*,0.5,1/2,True,2.0,13.486051554,True,5e-09,L15291
001001.001.000051,H,1,H I,11p,2P*,1.5,3/2,True,4.0,13.486051827,True,5e-09,L15291
001001.001.000049,H,1,H I,11s,2S,0.5,1/2,True,2.0,13.486051581,True,5e-09,L15291
001001.001.000050,H,1,H I,11d,2D,1.5,3/2,True,4.0,13.486051825,True,3e-09,L15291
001001.001.000052,H,1,H I,11d,2D,2.5,5/2,True,6.0,13.486051916,True,3e-09,L15291
001001.001.000068,H,1,H I,11,,,,,242.0,13.48605194,False,7e-08,L15291
001001.001.000053,H,1,H I,12p,2P*,0.5,1/2,True,2.0,13.504001658,True,5e-09,L15291
001001.001.000056,H,1,H I,12p,2P*,1.5,3/2,True,4.0,13.504001867,True,5e-09,L15291
001001.001.000054,H,1,H I,12s,2S,0.5,1/2,True,2.0,13.504001678,True,5e-09,L15291
001001.001.000055,H,1,H I,12d,2D,1.5,3/2,True,4.0,13.50400186581,False,4e-11,L15291
001001.001.000057,H,1,H I,12d,2D,2.5,5/2,True,6.0,13.50400193582,False,3e-11,L15291
001001.001.000069,H,1,H I,12,,,,,288.0,13.50400193,False,6e-08,L15291
001001.001.000070,H,1,H I,13,,,,,338.0,13.51797128,True,1.1e-07,L15291
001001.001.000071,H,1,H I,14,,,,,392.0,13.52905552,True,1.1e-07,L15291
001001.001.000072,H,1,H I,15,,,,,450.0,13.53799772,True,1.1e-07,L15291
001001.001.000073,H,1,H I,16,,,,,512.0,13.54531624,True,1.2e-07,L15291
001001.001.000074,H,1,H I,17,,,,,578.0,13.55138166,True,1.2e-07,L15291
001001.001.000075,H,1,H I,18,,,,,648.0,13.55646454,True,1.2e-07,L15291
001001.001.000076,H,1,H I,19,,,,,722.0,13.56076619,True,1.2e-07,L15291
001001.001.000077,H,1,H I,20,,,,,800.0,13.56443886,True,1.2e-07,L15291
001001.001.000078,H,1,H I,21,,,,,882.0,13.56759946,True,1.2e-07,L15291
001001.001.000079,H,1,H I,22,,,,,968.0,13.57033894,True,1.2e-07,L15291
001001.001.000080,H,1,H I,23,,,,,1058.0,13.57272894,True,1.2e-07,L15291
001001.001.000081,H,1,H I,24,,,,,1152.0,13.57482645,True,1.2e-07,L15291
001001.001.000082,H,1,H I,25,,,,,1250.0,13.57667733,True,1.2e-07,L15291
001001.001.000083,H,1,H I,26,,,,,1352.0,13.57831878,True,1.2e-07,L15291
001001.001.000084,H,1,H I,27,,,,,1458.0,13.57978125,True,1.2e-07,L15291
001001.001.000085,H,1,H I,28,,,,,1568.0,13.58108984,True,1.2e-07,L15291
001001.001.000086,H,1,H I,29,,,,,1682.0,13.58226541,True,1.2e-07,L15291
001001.001.000087,H,1,H I,30,,,,,1800.0,13.58332538,True,1.2e-07,L15291
001001.001.000088,H,1,H I,31,,,,,1922.0,13.58428445,True,1.2e-07,L15291
001001.001.000089,H,1,H I,32,,,,,2048.0,13.58515502,True,1.2e-07,L15291
001001.001.000090,H,1,H I,33,,,,,2178.0,13.58594765,True,1.2e-07,L15291
001001.001.000091,H,1,H I,34,,,,,2312.0,13.58667137,True,1.2e-07,L15291
001001.001.000092,H,1,H I,35,,,,,2450.0,13.58733395,True,1.2e-07,L15291
001001.001.000093,H,1,H I,36,,,,,2592.0,13.58794208,True,1.2e-07,L15291
001001.001.000094,H,1,H I,37,,,,,2738.0,13.58850159,True,1.2e-07,L15291
001001.001.000095,H,1,H I,38,,,,,2888.0,13.5890175,True,1.2e-07,L15291
001001.001.000096,H,1,H I,39,,,,,3042.0,13.58949423,True,1.2e-07,L15291
001001.001.000097,H,1,H I,40,,,,,3200.0,13.58993566,True,1.2e-07,L15291
001001.001.Lim001,H,1,H I,,Limit,,---,False,,13.598434599702,False,1.2e-11,HDEL
002001.000001,He,1,He I,1s2,1S,0.0,0,True,1.0,0.0,True,1.5e-07,L22715
002001.000002,He,1,He I,1s.2s,3S,1.0,1,True,3.0,19.819614525,True,5e-09,"L22715c200,L20736"
002001.000003,He,1,He I,1s.2s,1S,0.0,0,True,1.0,20.615774823,True,8e-09,"L22715c200,L20736"
002001.000004,He,1,He I,1s.2p,3P*,2.0,2,True,5.0,20.96408688908,True,3e-09,"L22715c200,L20736"
002001.000005,He,1,He I,1s.2p,3P*,1.0,1,True,3.0,20.96409636464,True,3e-09,"L22715c200,L20736"
002001.000006,He,1,He I,1s.2p,3P*,0.0,0,True,1.0,20.96421885051,True,3e-09,"L22715c200,L20736"
002001.000007,He,1,He I,1s.2p,1P*,1.0,1,True,3.0,21.2180227112,True,1.6e-09,"L22715c200,L20736"
002001.000008,He,1,He I,1s.3s,3S,1.0,1,True,3.0,22.718466419,True,8e-09,L22715c200
002001.000009,He,1,He I,1s.3s,1S,0.0,0,True,1.0,22.920317359,True,4e-09,L22715c200
002001.000010,He,1,He I,1s.3p,3P*,2.0,2,True,5.0,23.00707314571,True,4e-11,L22715c200
002001.000011,He,1,He I,1s.3p,3P*,1.0,1,True,3.0,23.0070758719,True,4e-10,L22715c200
002001.000012,He,1,He I,1s.3p,3P*,0.0,0,True,1.0,23.0071094335,True,4e-10,L22715c200
002001.000013,He,1,He I,1s.3d,3D,3.0,3,True,7.0,23.07365070854,True,1e-10,"L22715c200,L21466"
002001.000014,He,1,He I,1s.3d,3D,2.0,2,True,5.0,23.07365101981,True,1e-10,"L22715c200,L21466"
002001.000015,He,1,He I,1s.3d,3D,1.0,1,True,3.0,23.07365649967,True,1e-10,"L22715c200,L21466"
002001.000016,He,1,He I,1s.3d,1D,2.0,2,True,5.0,23.07407479777,True,8e-11,"L22715c200,L21466"
002001.000017,He,1,He I,1s.3p,1P*,1.0,1,True,3.0,23.0870185296,True,2.1e-10,L22715c200
002001.000018,He,1,He I,1s.4s,3S,1.0,1,True,3.0,23.593958713,True,3e-09,L22715c200
002001.000019,He,1,He I,1s.4s,1S,0.0,0,True,1.0,23.67357059,True,3e-09,L22715c200
002001.000020,He,1,He I,1s.4p,3P*,2.0,2,True,5.0,23.7078912279,True,8e-10,L22715c200
002001.000021,He,1,He I,1s.4p,3P*,1.0,1,True,3.0,23.7078923433,True,8e-10,L22715c200
002001.000022,He,1,He I,1s.4p,3P*,0.0,0,True,1.0,23.7079060221,True,8e-10,L22715c200
002001.000023,He,1,He I,1s.4d,3D,3.0,3,True,7.0,23.7360901901,True,5e-11,"L22715c200,L21466"
002001.000024,He,1,He I,1s.4d,3D,2.0,2,True,5.0,23.73609033897,True,5e-11,"L22715c200,L21466"
002001.000025,He,1,He I,1s.4d,3D,1.0,1,True,3.0,23.73609263507,True,5e-11,"L22715c200,L21466"
002001.000026,He,1,He I,1s.4d,1D,2.0,2,True,5.0,23.73633503536,True,4e-11,"L22715c200,L21466"
002001.000027,He,1,He I,1s.4f,3F*,3.0,3,True,7.0,23.737006806968,True,8e-12,L22715c200
002001.000028,He,1,He I,1s.4f,3F*,4.0,4,True,9.0,23.737007692183,True,6e-12,L22715c200
002001.000029,He,1,He I,1s.4f,3F*,2.0,2,True,5.0,23.737008760725,True,8e-12,L22715c200
002001.000030,He,1,He I,1s.4f,1F*,3.0,3,True,7.0,23.737009722091,True,6e-12,L22715c200
002001.000031,He,1,He I,1s.4p,1P*,1.0,1,True,3.0,23.7420700688,True,1.6e-10,L22715c200
002001.000032,He,1,He I,1s.5s,3S,1.0,1,True,3.0,23.9719714182,True,1.6e-09,L22715c200
002001.000033,He,1,He I,1s.5s,1S,0.0,0,True,1.0,24.0112149898,True,1.2e-09,L22715c200
002001.000034,He,1,He I,1s.5p,3P*,2.0,2,True,5.0,24.028225064,True,5e-10,L22715c200
002001.000035,He,1,He I,1s.5p,3P*,1.0,1,True,3.0,24.0282256244,True,5e-10,L22715c200
002001.000036,He,1,He I,1s.5p,3P*,0.0,0,True,1.0,24.0282324989,True,5e-10,L22715c200
002001.000037,He,1,He I,1s.5d,3D,3.0,3,True,7.0,24.042662242088,True,2.5e-11,"L22715c200,L21466"
002001.000038,He,1,He I,1s.5d,3D,2.0,2,True,5.0,24.042662321526,True,2.5e-11,"L22715c200,L21466"
002001.000039,He,1,He I,1s.5d,3D,1.0,1,True,3.0,24.042663494166,True,2.5e-11,"L22715c200,L21466"
002001.000040,He,1,He I,1s.5d,1D,2.0,2,True,5.0,24.042803412125,True,2.1e-11,"L22715c200,L21466"
002001.000041,He,1,He I,1s.5f,3F*,3.0,3,True,7.0,24.043154084167,True,5e-12,L22715c200
002001.000042,He,1,He I,1s.5f,3F*,4.0,4,True,9.0,24.043154465835,True,4e-12,L22715c200
002001.000043,He,1,He I,1s.5f,3F*,2.0,2,True,5.0,24.043155012649,True,5e-12,L22715c200
002001.000044,He,1,He I,1s.5f,1F*,3.0,3,True,7.0,24.043155648442,True,4e-12,L22715c200
002001.000045,He,1,He I,1s.5g,3G,4.0,4,True,9.0,24.0432156651818,True,1.2e-12,L22715c200
002001.000046,He,1,He I,1s.5g,3G,5.0,5,True,11.0,24.0432160086825,True,9e-13,L22715c200
002001.000047,He,1,He I,1s.5g,3G,3.0,3,True,7.0,24.0432163209841,True,1.2e-12,L22715c200
002001.000048,He,1,He I,1s.5g,1G,4.0,4,True,9.0,24.0432165311324,True,9e-13,L22715c200
002001.000049,He,1,He I,1s.5p,1P*,1.0,1,True,3.0,24.04580040653,True,8e-11,L22715c200
002001.000050,He,1,He I,1s.6s,3S,1.0,1,True,3.0,24.1689982232,True,8e-10,L22715c200
002001.000051,He,1,He I,1s.6s,1S,0.0,0,True,1.0,24.1911602752,True,7e-10,L22715c200
002001.000052,He,1,He I,1s.6p,3P*,2.0,2,True,5.0,24.20081545451,True,2.5e-10,L22715c200
002001.000053,He,1,He I,1s.6p,3P*,1.0,1,True,3.0,24.20081577498,True,2.5e-10,L22715c200
002001.000054,He,1,He I,1s.6p,3P*,0.0,0,True,1.0,24.20081970804,True,2.5e-10,L22715c200
002001.000055,He,1,He I,1s.6d,3D,3.0,3,True,7.0,24.209163110443,True,1.6e-11,"L22715c200,L21466"
002001.000056,He,1,He I,1s.6d,3D,2.0,2,True,5.0,24.209163157329,True,1.6e-11,"L22715c200,L21466"
002001.000057,He,1,He I,1s.6d,3D,1.0,1,True,3.0,24.209163835045,True,1.6e-11,"L22715c200,L21466"
002001.000058,He,1,He I,1s.6d,1D,2.0,2,True,5.0,24.209249793955,True,1.2e-11,"L22715c200,L21466"
002001.000059,He,1,He I,1s.6f,3F*,3.0,3,True,7.0,24.209454827529,True,3e-12,L22715c200
002001.000060,He,1,He I,1s.6f,3F*,4.0,4,True,9.0,24.2094550264796,True,2.1e-12,L22715c200
002001.000061,He,1,He I,1s.6f,3F*,2.0,2,True,5.0,24.209455342828,True,3e-12,L22715c200
002001.000062,He,1,He I,1s.6f,1F*,3.0,3,True,7.0,24.2094557657828,True,2.1e-12,L22715c200
002001.000063,He,1,He I,1s.6g,3G,4.0,4,True,9.0,24.2094918821374,True,9e-13,L22715c200
002001.000064,He,1,He I,1s.6g,3G,5.0,5,True,11.0,24.2094920807421,True,6e-13,L22715c200
002001.000065,He,1,He I,1s.6g,3G,3.0,3,True,7.0,24.2094922614541,True,9e-13,L22715c200
002001.000066,He,1,He I,1s.6g,1G,4.0,4,True,9.0,24.2094923832773,True,6e-13,L22715c200
002001.000067,He,1,He I,1s.6h,3H*,5.0,5,True,11.0,24.2095005571382,True,4e-13,L22715c200
002001.000068,He,1,He I,1s.6h,3H*,6.0,6,True,13.0,24.20950068659936,True,2.5e-13,L22715c200
002001.000069,He,1,He I,1s.6h,3H*,4.0,4,True,9.0,24.2095008041069,True,4e-13,L22715c200
002001.000070,He,1,He I,1s.6h,1H*,5.0,5,True,11.0,24.209500891788,True,2.5e-13,L22715c200
002001.000071,He,1,He I,1s.6p,1P*,1.0,1,True,3.0,24.21100267716,True,5e-11,L22715c200
002001.000072,He,1,He I,1s.7s,3S,1.0,1,True,3.0,24.2845660369,True,5e-10,L22715c200
002001.000073,He,1,He I,1s.7s,1S,0.0,0,True,1.0,24.2982859057,True,5e-10,L22715c200
002001.000074,He,1,He I,1s.7p,3P*,2.0,2,True,5.0,24.30428920147,True,1.6e-10,L22715c200
002001.000075,He,1,He I,1s.7p,3P*,1.0,1,True,3.0,24.30428940164,True,1.6e-10,L22715c200
002001.000076,He,1,He I,1s.7p,3P*,0.0,0,True,1.0,24.30429185947,True,1.6e-10,L22715c200
002001.000077,He,1,He I,1s.7d,3D,3.0,3,True,7.0,24.3095408973,True,8e-12,"L22715c200,L21466"
002001.000078,He,1,He I,1s.7d,3D,2.0,2,True,5.0,24.309540927161,True,8e-12,"L22715c200,L21466"
002001.000079,He,1,He I,1s.7d,3D,1.0,1,True,3.0,24.309541353601,True,8e-12,"L22715c200,L21466"
002001.000080,He,1,He I,1s.7d,1D,2.0,2,True,5.0,24.309597381304,True,8e-12,"L22715c200,L21466"
002001.000081,He,1,He I,1s.7f,3F*,3.0,3,True,7.0,24.3097272911601,True,2.1e-12,L22715c200
002001.000082,He,1,He I,1s.7f,3F*,4.0,4,True,9.0,24.3097274083893,True,1.6e-12,L22715c200
002001.000083,He,1,He I,1s.7f,3F*,2.0,2,True,5.0,24.309727607568,True,2.1e-12,L22715c200
002001.000084,He,1,He I,1s.7f,1F*,3.0,3,True,7.0,24.3097278970701,True,1.6e-12,L22715c200
002001.000085,He,1,He I,1s.7g,3G,4.0,4,True,9.0,24.3097511655788,True,6e-13,L22715c200
002001.000086,He,1,He I,1s.7g,3G,5.0,5,True,11.0,24.3097512905603,True,4e-13,L22715c200
002001.000087,He,1,He I,1s.7g,3G,3.0,3,True,7.0,24.3097514043543,True,6e-13,L22715c200
002001.000088,He,1,He I,1s.7g,1G,4.0,4,True,9.0,24.3097514811699,True,4e-13,L22715c200
002001.000089,He,1,He I,1s.7h,3H*,5.0,5,True,11.0,24.30975684089325,True,2.5e-13,L22715c200
002001.000090,He,1,He I,1s.7h,3H*,6.0,6,True,13.0,24.30975692242005,True,2.5e-13,L22715c200
002001.000091,He,1,He I,1s.7h,3H*,4.0,4,True,9.0,24.30975699641729,True,2.5e-13,L22715c200
002001.000092,He,1,He I,1s.7h,1H*,5.0,5,True,11.0,24.30975705163464,True,2.5e-13,L22715c200
002001.000093,He,1,He I,1s.7i,3I,6.0,6,True,13.0,24.30975862360302,True,2.5e-13,L22715c200
002001.000094,He,1,He I,1s.7i,3I,7.0,7,True,15.0,24.30975868078527,True,2.5e-13,L22715c200
002001.000095,He,1,He I,1s.7i,3I,5.0,5,True,11.0,24.30975873289013,True,2.5e-13,L22715c200
002001.000096,He,1,He I,1s.7i,1I,6.0,6,True,13.0,24.3097587742861,True,2.5e-13,L22715c200
002001.000097,He,1,He I,1s.7p,1P*,1.0,1,True,3.0,24.31070817873,True,3e-11,L22715c200
002001.000098,He,1,He I,1s.8s,3S,1.0,1,True,3.0,24.358104144,True,3e-10,L22715c200
002001.000099,He,1,He I,1s.8s,1S,0.0,0,True,1.0,24.3671800778,True,3e-10,L22715c200
002001.000100,He,1,He I,1s.8p,3P*,2.0,2,True,5.0,24.37116588077,True,1.2e-10,L22715c200
002001.000101,He,1,He I,1s.8p,3P*,1.0,1,True,3.0,24.37116601407,True,1.2e-10,L22715c200
002001.000102,He,1,He I,1s.8p,3P*,0.0,0,True,1.0,24.37116765163,True,1.2e-10,L22715c200
002001.000103,He,1,He I,1s.8d,3D,3.0,3,True,7.0,24.374680880069,True,8e-12,"L22715c200,L21466"
002001.000104,He,1,He I,1s.8d,3D,2.0,2,True,5.0,24.374680900214,True,8e-12,"L22715c200,L21466"
002001.000105,He,1,He I,1s.8d,3D,1.0,1,True,3.0,24.374681185743,True,8e-12,"L22715c200,L21466"
002001.000106,He,1,He I,1s.8d,1D,2.0,2,True,5.0,24.374719544511,True,4e-12,"L22715c200,L21466"
002001.000107,He,1,He I,1s.8f,3F*,3.0,3,True,7.0,24.3748069170618,True,1.2e-12,L22715c200
002001.000108,He,1,He I,1s.8f,3F*,4.0,4,True,9.0,24.3748069921824,True,1.2e-12,L22715c200
002001.000109,He,1,He I,1s.8f,3F*,2.0,2,True,5.0,24.3748071255995,True,1.2e-12,L22715c200
002001.000110,He,1,He I,1s.8f,1F*,3.0,3,True,7.0,24.3748073302369,True,1.2e-12,L22715c200
002001.000111,He,1,He I,1s.8g,3G,4.0,4,True,9.0,24.3748231461435,True,5e-13,L22715c200
002001.000112,He,1,He I,1s.8g,3G,5.0,5,True,11.0,24.374823229828,True,4e-13,L22715c200
002001.000113,He,1,He I,1s.8g,3G,3.0,3,True,7.0,24.3748233060576,True,5e-13,L22715c200
002001.000114,He,1,He I,1s.8g,1G,4.0,4,True,9.0,24.3748233575671,True,4e-13,L22715c200
002001.000115,He,1,He I,1s.8h,3H*,5.0,5,True,11.0,24.37482704046834,True,2.5e-13,L22715c200
002001.000116,He,1,He I,1s.8h,3H*,6.0,6,True,13.0,24.37482709508499,True,2.5e-13,L22715c200
002001.000117,He,1,He I,1s.8h,3H*,4.0,4,True,9.0,24.37482714465648,True,2.5e-13,L22715c200
002001.000118,He,1,He I,1s.8h,1H*,5.0,5,True,11.0,24.3748271816484,True,2.5e-13,L22715c200
002001.000119,He,1,He I,1s.8i,3I,6.0,6,True,13.0,24.37482827854156,True,2.5e-13,L22715c200
002001.000120,He,1,He I,1s.8i,3I,7.0,7,True,15.0,24.37482831684934,True,2.5e-13,L22715c200
002001.000121,He,1,He I,1s.8i,3I,5.0,5,True,11.0,24.37482835175535,True,2.5e-13,L22715c200
002001.000122,He,1,He I,1s.8i,1I,6.0,6,True,13.0,24.37482837948752,True,2.5e-13,L22715c200
002001.000123,He,1,He I,1s.8k,3K*,7.0,7,True,15.0,24.37482875537896,True,2.5e-13,L22715c200
002001.000124,He,1,He I,1s.8k,3K*,8.0,8,True,17.0,24.37482878370663,True,2.5e-13,L22715c200
002001.000125,He,1,He I,1s.8k,3K*,6.0,6,True,13.0,24.37482880965292,True,2.5e-13,L22715c200
002001.000126,He,1,He I,1s.8k,1K*,7.0,7,True,15.0,24.3748288311374,True,2.5e-13,L22715c200
002001.000127,He,1,He I,1s.8p,1P*,1.0,1,True,3.0,24.37546669735,True,2.1e-11,L22715c200
002001.000128,He,1,He I,1s.9s,3S,1.0,1,True,3.0,24.40777537914,True,2.1e-10,L22715c200
002001.000129,He,1,He I,1s.9s,1S,0.0,0,True,1.0,24.41408807749,True,2.1e-10,L22715c200
002001.000130,He,1,He I,1s.9p,3P*,2.0,2,True,5.0,24.41686888593,True,8e-11,L22715c200
002001.000131,He,1,He I,1s.9p,3P*,1.0,1,True,3.0,24.41686897915,True,8e-11,L22715c200
002001.000132,He,1,He I,1s.9p,3P*,0.0,0,True,1.0,24.41687012452,True,8e-11,L22715c200
002001.000133,He,1,He I,1s.9d,3D,3.0,3,True,7.0,24.419335565023,True,5e-12,"L22715c200,L21466"
002001.000134,He,1,He I,1s.9d,3D,2.0,2,True,5.0,24.419335579246,True,5e-12,"L22715c200,L21466"
002001.000135,He,1,He I,1s.9d,3D,1.0,1,True,3.0,24.41933577972,True,5e-12,"L22715c200,L21466"
002001.000136,He,1,He I,1s.9d,1D,2.0,2,True,5.0,24.41936311728,True,4e-12,"L22715c200,L21466"
002001.000137,He,1,He I,1s.9f,3F*,3.0,3,True,7.0,24.4194246464065,True,9e-13,L22715c200
002001.000138,He,1,He I,1s.9f,3F*,4.0,4,True,9.0,24.419424697554,True,9e-13,L22715c200
002001.000139,He,1,He I,1s.9f,3F*,2.0,2,True,5.0,24.4194247912483,True,9e-13,L22715c200
002001.000140,He,1,He I,1s.9f,1F*,3.0,3,True,7.0,24.4194249403235,True,9e-13,L22715c200
002001.000141,He,1,He I,1s.9g,3G,4.0,4,True,9.0,24.4194361579319,True,4e-13,L22715c200
002001.000142,He,1,He I,1s.9g,3G,5.0,5,True,11.0,24.41943621668346,True,2.5e-13,L22715c200
002001.000143,He,1,He I,1s.9g,3G,3.0,3,True,7.0,24.4194362702203,True,4e-13,L22715c200
002001.000144,He,1,He I,1s.9g,1G,4.0,4,True,9.0,24.41943630642235,True,2.5e-13,L22715c200
002001.000145,He,1,He I,1s.9h,3H*,5.0,5,True,11.0,24.41943893748148,True,2.5e-13,L22715c200
002001.000146,He,1,He I,1s.9h,3H*,6.0,6,True,13.0,24.41943897584046,True,2.5e-13,L22715c200
002001.000147,He,1,He I,1s.9h,3H*,4.0,4,True,9.0,24.41943901065559,True,2.5e-13,L22715c200
002001.000148,He,1,He I,1s.9h,1H*,5.0,5,True,11.0,24.41943903663648,True,2.5e-13,L22715c200
002001.000149,He,1,He I,1s.9i,3I,6.0,6,True,13.0,24.41943982810474,True,2.5e-13,L22715c200
002001.000150,He,1,He I,1s.9i,3I,7.0,7,True,15.0,24.41943985500943,True,2.5e-13,L22715c200
002001.000151,He,1,He I,1s.9i,3I,5.0,5,True,11.0,24.41943987952483,True,2.5e-13,L22715c200
002001.000152,He,1,He I,1s.9i,1I,6.0,6,True,13.0,24.41943989900212,True,2.5e-13,L22715c200
002001.000153,He,1,He I,1s.9k,3K*,7.0,7,True,15.0,24.41944017424606,True,2.5e-13,L22715c200
002001.000154,He,1,He I,1s.9k,3K*,8.0,8,True,17.0,24.41944019414143,True,2.5e-13,L22715c200
002001.000155,He,1,He I,1s.9k,3K*,6.0,6,True,13.0,24.41944021236425,True,2.5e-13,L22715c200
002001.000156,He,1,He I,1s.9k,1K*,7.0,7,True,15.0,24.41944022745362,True,2.5e-13,L22715c200
002001.000157,He,1,He I,1s.9p,1P*,1.0,1,True,3.0,24.419889314325,True,1.2e-11,L22715c200
002001.000158,He,1,He I,1s.10s,3S,1.0,1,True,3.0,24.44289339729,True,1.6e-10,L22715c200
002001.000159,He,1,He I,1s.10s,1S,0.0,0,True,1.0,24.4474600191,True,1.6e-10,L22715c200
002001.000160,He,1,He I,1s.10p,3P*,2.0,2,True,5.0,24.44947689179,True,5e-11,L22715c200
002001.000161,He,1,He I,1s.10p,3P*,1.0,1,True,3.0,24.44947695951,True,5e-11,L22715c200
002001.000162,He,1,He I,1s.10p,3P*,0.0,0,True,1.0,24.44947779185,True,6e-11,L22715c200
002001.000163,He,1,He I,1s.10d,3D,3.0,3,True,7.0,24.451273812052,True,4e-12,"L22715c200,L21466"
002001.000164,He,1,He I,1s.10d,3D,2.0,2,True,5.0,24.451273822448,True,4e-12,"L22715c200,L21466"
002001.000165,He,1,He I,1s.10d,3D,1.0,1,True,3.0,24.451273968544,True,4e-12,"L22715c200,L21466"
002001.000166,He,1,He I,1s.10d,1D,2.0,2,True,5.0,24.4512941044573,True,2.5e-12,"L22715c200,L21466"
002001.000167,He,1,He I,1s.10f,3F*,3.0,3,True,7.0,24.4513390447263,True,7e-13,L22715c200
002001.000168,He,1,He I,1s.10f,3F*,4.0,4,True,9.0,24.4513390811842,True,6e-13,L22715c200
002001.000169,He,1,He I,1s.10f,3F*,2.0,2,True,5.0,24.451339149483,True,7e-13,L22715c200
002001.000170,He,1,He I,1s.10f,1F*,3.0,3,True,7.0,24.451339261024,True,5e-13,L22715c200
002001.000171,He,1,He I,1s.10g,3G,4.0,4,True,9.0,24.45134749576287,True,2.5e-13,L22715c200
002001.000172,He,1,He I,1s.10g,3G,5.0,5,True,11.0,24.45134753858031,True,2.5e-13,L22715c200
002001.000173,He,1,He I,1s.10g,3G,3.0,3,True,7.0,24.45134757760769,True,2.5e-13,L22715c200
002001.000174,He,1,He I,1s.10g,1G,4.0,4,True,9.0,24.45134760401285,True,2.5e-13,L22715c200
002001.000175,He,1,He I,1s.10h,3H*,5.0,5,True,11.0,24.45134954522564,True,2.5e-13,L22715c200
002001.000176,He,1,He I,1s.10h,3H*,6.0,6,True,13.0,24.45134957318928,True,2.5e-13,L22715c200
002001.000177,He,1,He I,1s.10h,3H*,4.0,4,True,9.0,24.45134959856946,True,2.5e-13,L22715c200
002001.000178,He,1,He I,1s.10h,1H*,5.0,5,True,11.0,24.45134961750954,True,2.5e-13,L22715c200
002001.000179,He,1,He I,1s.10i,3I,6.0,6,True,13.0,24.45135020548303,True,2.5e-13,L22715c200
002001.000180,He,1,He I,1s.10i,3I,7.0,7,True,15.0,24.45135022509671,True,2.5e-13,L22715c200
002001.000181,He,1,He I,1s.10i,3I,5.0,5,True,11.0,24.45135024296829,True,2.5e-13,L22715c200
002001.000182,He,1,He I,1s.10i,1I,6.0,6,True,13.0,24.45135025716733,True,2.5e-13,L22715c200
002001.000183,He,1,He I,1s.10k,3K*,7.0,7,True,15.0,24.45135046368223,True,2.5e-13,L22715c200
002001.000184,He,1,He I,1s.10k,3K*,8.0,8,True,17.0,24.4513504781859,True,2.5e-13,L22715c200
002001.000185,He,1,He I,1s.10k,3K*,6.0,6,True,13.0,24.45135049147044,True,2.5e-13,L22715c200
002001.000186,He,1,He I,1s.10k,1K*,7.0,7,True,15.0,24.45135050247044,True,2.5e-13,L22715c200
002001.000187,He,1,He I,1s.10p,1P*,1.0,1,True,3.0,24.451678459372,True,8e-12,L22715c200
002001.000224,He,1,He I,1s.11s,3S,1.0,1,True,3.0,24.46863473284,True,1.5e-10,L22715c201
002001.000199,He,1,He I,1s.11s,1S,0.0,0,True,1.0,24.47204427115,True,1.6e-10,L22715c201
002001.000319,He,1,He I,1s.11p,3P*,2.0,2,True,5.0,24.4735534562,True,6e-11,L22715c201
002001.000294,He,1,He I,1s.11p,3P*,1.0,1,True,3.0,24.47355350694,True,6e-11,L22715c201
002001.000269,He,1,He I,1s.11p,3P*,0.0,0,True,1.0,24.4735541307,True,6e-11,L22715c201
002001.000419,He,1,He I,1s.11d,3D,3.0,3,True,7.0,24.474902662536,True,5e-12,L22715c201
002001.000394,He,1,He I,1s.11d,3D,2.0,2,True,5.0,24.474902670366,True,5e-12,L22715c201
002001.000369,He,1,He I,1s.11d,3D,1.0,1,True,3.0,24.474902780107,True,5e-12,L22715c201
002001.000344,He,1,He I,1s.11d,1D,2.0,2,True,5.0,24.474918023431,True,3e-12,L22715c201
002001.000494,He,1,He I,1s.11f,3F*,3.0,3,True,7.0,24.4749518351194,True,1e-12,L22715c201
002001.000519,He,1,He I,1s.11f,3F*,4.0,4,True,9.0,24.4749518620554,True,7e-13,L22715c201
002001.000469,He,1,He I,1s.11f,3F*,2.0,2,True,5.0,24.4749519133665,True,7e-13,L22715c201
002001.000444,He,1,He I,1s.11f,1F*,3.0,3,True,7.0,24.4749519987919,True,9e-13,L22715c201
002001.000594,He,1,He I,1s.11g,3G,4.0,4,True,9.0,24.4749582173963,True,4e-13,L22715c201
002001.000619,He,1,He I,1s.11g,3G,5.0,5,True,11.0,24.47495824955843,True,2.5e-13,L22715c201
002001.000569,He,1,He I,1s.11g,3G,3.0,3,True,7.0,24.4749582788797,True,4e-13,L22715c201
002001.000544,He,1,He I,1s.11g,1G,4.0,4,True,9.0,24.47495829872647,True,2.5e-13,L22715c201
002001.000694,He,1,He I,1s.11h,3H*,5.0,5,True,11.0,24.47495977006741,True,2.5e-13,L22715c201
002001.000719,He,1,He I,1s.11h,3H*,6.0,6,True,13.0,24.4749597910769,True,2.5e-13,L22715c201
002001.000669,He,1,He I,1s.11h,3H*,4.0,4,True,9.0,24.47495981014518,True,2.5e-13,L22715c201
002001.000644,He,1,He I,1s.11h,1H*,5.0,5,True,11.0,24.47495982437534,True,2.5e-13,L22715c201
002001.000794,He,1,He I,1s.11i,3I,6.0,6,True,13.0,24.47496027223875,True,2.5e-13,L22715c201
002001.000819,He,1,He I,1s.11i,3I,7.0,7,True,15.0,24.47496028697489,True,2.5e-13,L22715c201
002001.000769,He,1,He I,1s.11i,3I,5.0,5,True,11.0,24.47496030040201,True,2.5e-13,L22715c201
002001.000744,He,1,He I,1s.11i,1I,6.0,6,True,13.0,24.47496031106998,True,2.5e-13,L22715c201
002001.000190,He,1,He I,1s.11p,1P*,1.0,1,True,3.0,24.475207217946,True,9e-12,L22715c201
002001.000225,He,1,He I,1s.12s,3S,1.0,1,True,3.0,24.48806324708,True,1.2e-10,L22715c201
002001.000200,He,1,He I,1s.12s,1S,0.0,0,True,1.0,24.49067585161,True,1.4e-10,L22715c201
002001.000320,He,1,He I,1s.12p,3P*,2.0,2,True,5.0,24.49183450011,True,5e-11,L22715c201
002001.000295,He,1,He I,1s.12p,3P*,1.0,1,True,3.0,24.49183453911,True,5e-11,L22715c201
002001.000270,He,1,He I,1s.12p,3P*,0.0,0,True,1.0,24.49183501858,True,5e-11,L22715c201
002001.000420,He,1,He I,1s.12d,3D,3.0,3,True,7.0,24.492873161214,True,4e-12,L22715c201
002001.000395,He,1,He I,1s.12d,3D,2.0,2,True,5.0,24.492873167255,True,4e-12,L22715c201
002001.000370,He,1,He I,1s.12d,3D,1.0,1,True,3.0,24.492873251769,True,4e-12,L22715c201
002001.000345,He,1,He I,1s.12d,1D,2.0,2,True,5.0,24.49288506028,True,3e-12,L22715c201
002001.000495,He,1,He I,1s.12f,3F*,3.0,3,True,7.0,24.4929111315754,True,1.1e-12,L22715c201
002001.000520,He,1,He I,1s.12f,3F*,4.0,4,True,9.0,24.4929111520585,True,6e-13,L22715c201
002001.000470,He,1,He I,1s.12f,3F*,2.0,2,True,5.0,24.4929111915795,True,7e-13,L22715c201
002001.000445,He,1,He I,1s.12f,1F*,3.0,3,True,7.0,24.4929112583427,True,9e-13,L22715c201
002001.000595,He,1,He I,1s.12g,3G,4.0,4,True,9.0,24.4929160668271,True,4e-13,L22715c201
002001.000620,He,1,He I,1s.12g,3G,5.0,5,True,11.0,24.49291609159562,True,2.5e-13,L22715c201
002001.000570,He,1,He I,1s.12g,3G,3.0,3,True,7.0,24.4929161141802,True,4e-13,L22715c201
002001.000545,He,1,He I,1s.12g,1G,4.0,4,True,9.0,24.49291612947205,True,2.5e-13,L22715c201
002001.000695,He,1,He I,1s.12h,3H*,5.0,5,True,11.0,24.49291727032382,True,2.5e-13,L22715c201
002001.000720,He,1,He I,1s.12h,3H*,6.0,6,True,13.0,24.49291728650648,True,2.5e-13,L22715c201
002001.000670,He,1,He I,1s.12h,3H*,4.0,4,True,9.0,24.49291730119377,True,2.5e-13,L22715c201
002001.000645,He,1,He I,1s.12h,1H*,5.0,5,True,11.0,24.49291731215472,True,2.5e-13,L22715c201
002001.000795,He,1,He I,1s.12i,3I,6.0,6,True,13.0,24.49291766070294,True,2.5e-13,L22715c201
002001.000820,He,1,He I,1s.12i,3I,7.0,7,True,15.0,24.49291767205344,True,2.5e-13,L22715c201
002001.000770,He,1,He I,1s.12i,3I,5.0,5,True,11.0,24.49291768239584,True,2.5e-13,L22715c201
002001.000745,He,1,He I,1s.12i,1I,6.0,6,True,13.0,24.49291769061289,True,2.5e-13,L22715c201
002001.000191,He,1,He I,1s.12p,1P*,1.0,1,True,3.0,24.493108062951,True,7e-12,L22715c201
002001.000226,He,1,He I,1s.13s,3S,1.0,1,True,3.0,24.50308636307,True,1e-10,L22715c201
002001.000201,He,1,He I,1s.13s,1S,0.0,0,True,1.0,24.50513227197,True,1.1e-10,L22715c201
002001.000321,He,1,He I,1s.13p,3P*,2.0,2,True,5.0,24.50604111229,True,4e-11,L22715c201
002001.000296,He,1,He I,1s.13p,3P*,1.0,1,True,3.0,24.50604114291,True,4e-11,L22715c201
002001.000271,He,1,He I,1s.13p,3P*,0.0,0,True,1.0,24.50604151938,True,4e-11,L22715c201
002001.000421,He,1,He I,1s.13d,3D,3.0,3,True,7.0,24.506857651803,True,4e-12,L22715c201
002001.000396,He,1,He I,1s.13d,3D,2.0,2,True,5.0,24.506857656561,True,4e-12,L22715c201
002001.000371,He,1,He I,1s.13d,3D,1.0,1,True,3.0,24.506857723025,True,4e-12,L22715c201
002001.000346,He,1,He I,1s.13d,1D,2.0,2,True,5.0,24.5068670518803,True,2.5e-12,L22715c201
002001.000496,He,1,He I,1s.13f,3F*,3.0,3,True,7.0,24.506887574558,True,1.1e-12,L22715c201
002001.000521,He,1,He I,1s.13f,3F*,4.0,4,True,9.0,24.5068875905076,True,5e-13,L22715c201
002001.000471,He,1,He I,1s.13f,3F*,2.0,2,True,5.0,24.506887621591,True,6e-13,L22715c201
002001.000446,He,1,He I,1s.13f,1F*,3.0,3,True,7.0,24.5068876746984,True,9e-13,L22715c201
002001.000596,He,1,He I,1s.13g,3G,4.0,4,True,9.0,24.5068914680669,True,4e-13,L22715c201
002001.000621,He,1,He I,1s.13g,3G,5.0,5,True,11.0,24.50689148754531,True,2.5e-13,L22715c201
002001.000571,He,1,He I,1s.13g,3G,3.0,3,True,7.0,24.5068915053084,True,4e-13,L22715c201
002001.000546,He,1,He I,1s.13g,1G,4.0,4,True,9.0,24.50689151733895,True,2.5e-13,L22715c201
002001.000696,He,1,He I,1s.13h,3H*,5.0,5,True,11.0,24.50689241926746,True,2.5e-13,L22715c201
002001.000721,He,1,He I,1s.13h,3H*,6.0,6,True,13.0,24.50689243199543,True,2.5e-13,L22715c201
002001.000671,He,1,He I,1s.13h,3H*,4.0,4,True,9.0,24.50689244354741,True,2.5e-13,L22715c201
002001.000646,He,1,He I,1s.13h,1H*,5.0,5,True,11.0,24.50689245216853,True,2.5e-13,L22715c201
002001.000796,He,1,He I,1s.13i,3I,6.0,6,True,13.0,24.50689272850203,True,2.5e-13,L22715c201
002001.000821,He,1,He I,1s.13i,3I,7.0,7,True,15.0,24.50689273742951,True,2.5e-13,L22715c201
002001.000771,He,1,He I,1s.13i,3I,5.0,5,True,11.0,24.506892745564,True,2.5e-13,L22715c201
002001.000746,He,1,He I,1s.13i,1I,6.0,6,True,13.0,24.50689275202692,True,2.5e-13,L22715c201
002001.000192,He,1,He I,1s.13p,1P*,1.0,1,True,3.0,24.507042603098,True,6e-12,L22715c201
002001.000227,He,1,He I,1s.14s,3S,1.0,1,True,3.0,24.51494192561,True,9e-11,L22715c201
002001.000202,He,1,He I,1s.14s,1S,0.0,0,True,1.0,24.5165738818,True,9e-11,L22715c201
002001.000322,He,1,He I,1s.14p,3P*,2.0,2,True,5.0,24.51729989469,True,3e-11,L22715c201
002001.000297,He,1,He I,1s.14p,3P*,1.0,1,True,3.0,24.51729991916,True,3e-11,L22715c201
002001.000272,He,1,He I,1s.14p,3P*,0.0,0,True,1.0,24.51730022015,True,3e-11,L22715c201
002001.000422,He,1,He I,1s.14d,3D,3.0,3,True,7.0,24.517953381632,True,3e-12,L22715c201
002001.000397,He,1,He I,1s.14d,3D,2.0,2,True,5.0,24.517953385446,True,3e-12,L22715c201
002001.000372,He,1,He I,1s.14d,3D,1.0,1,True,3.0,24.517953438655,True,3e-12,L22715c201
002001.000347,He,1,He I,1s.14d,1D,2.0,2,True,5.0,24.5179609339738,True,2.2e-12,L22715c201
002001.000497,He,1,He I,1s.14f,3F*,3.0,3,True,7.0,24.5179773762834,True,1e-12,L22715c201
002001.000522,He,1,He I,1s.14f,3F*,4.0,4,True,9.0,24.5179773889519,True,5e-13,L22715c201
002001.000472,He,1,He I,1s.14f,3F*,2.0,2,True,5.0,24.5179774138384,True,5e-13,L22715c201
002001.000447,He,1,He I,1s.14f,1F*,3.0,3,True,7.0,24.5179774567411,True,9e-13,L22715c201
002001.000597,He,1,He I,1s.14g,3G,4.0,4,True,9.0,24.51798050114187,True,2.5e-13,L22715c201
002001.000622,He,1,He I,1s.14g,3G,5.0,5,True,11.0,24.51798051673562,True,2.5e-13,L22715c201
002001.000572,He,1,He I,1s.14g,3G,3.0,3,True,7.0,24.5179805309576,True,2.5e-13,L22715c201
002001.000547,He,1,He I,1s.14g,1G,4.0,4,True,9.0,24.51798054059179,True,2.5e-13,L22715c201
002001.000697,He,1,He I,1s.14h,3H*,5.0,5,True,11.0,24.51798126565981,True,2.5e-13,L22715c201
002001.000722,He,1,He I,1s.14h,3H*,6.0,6,True,13.0,24.51798127585057,True,2.5e-13,L22715c201
002001.000672,He,1,He I,1s.14h,3H*,4.0,4,True,9.0,24.51798128509967,True,2.5e-13,L22715c201
002001.000647,He,1,He I,1s.14h,1H*,5.0,5,True,11.0,24.51798129200224,True,2.5e-13,L22715c201
002001.000797,He,1,He I,1s.14i,3I,6.0,6,True,13.0,24.51798151464203,True,2.5e-13,L22715c201
002001.000822,He,1,He I,1s.14i,3I,7.0,7,True,15.0,24.51798152178984,True,2.5e-13,L22715c201
002001.000772,He,1,He I,1s.14i,3I,5.0,5,True,11.0,24.51798152830273,True,2.5e-13,L22715c201
002001.000747,He,1,He I,1s.14i,1I,6.0,6,True,13.0,24.51798153347746,True,2.5e-13,L22715c201
002001.000193,He,1,He I,1s.14p,1P*,1.0,1,True,3.0,24.518101588364,True,5e-12,L22715c201
002001.000228,He,1,He I,1s.15s,3S,1.0,1,True,3.0,24.5244616753,True,7e-11,L22715c201
002001.000203,He,1,He I,1s.15s,1S,0.0,0,True,1.0,24.5257842365,True,8e-11,L22715c201
002001.000323,He,1,He I,1s.15p,3P*,2.0,2,True,5.0,24.52637336828,True,3e-11,L22715c201
002001.000298,He,1,He I,1s.15p,3P*,1.0,1,True,3.0,24.52637338816,True,3e-11,L22715c201
002001.000273,He,1,He I,1s.15p,3P*,0.0,0,True,1.0,24.52637363257,True,3e-11,L22715c201
002001.000423,He,1,He I,1s.15d,3D,3.0,3,True,7.0,24.526904474579,True,3e-12,L22715c201
002001.000398,He,1,He I,1s.15d,3D,2.0,2,True,5.0,24.526904477683,True,3e-12,L22715c201
002001.000373,He,1,He I,1s.15d,3D,1.0,1,True,3.0,24.52690452094,True,3e-12,L22715c201
002001.000348,He,1,He I,1s.15d,1D,2.0,2,True,5.0,24.5269106320262,True,2e-12,L22715c201
002001.000498,He,1,He I,1s.15f,3F*,3.0,3,True,7.0,24.5269240072354,True,1e-12,L22715c201
002001.000523,He,1,He I,1s.15f,3F*,4.0,4,True,9.0,24.5269240174689,True,4e-13,L22715c201
002001.000473,He,1,He I,1s.15f,3F*,2.0,2,True,5.0,24.5269240377021,True,5e-13,L22715c201
002001.000448,He,1,He I,1s.15f,1F*,3.0,3,True,7.0,24.5269240728357,True,7e-13,L22715c201
002001.000598,He,1,He I,1s.15g,3G,4.0,4,True,9.0,24.52692655277887,True,2.5e-13,L22715c201
002001.000623,He,1,He I,1s.15g,3G,5.0,5,True,11.0,24.52692656545589,True,2.5e-13,L22715c201
002001.000573,He,1,He I,1s.15g,3G,3.0,3,True,7.0,24.5269265770189,True,2.5e-13,L22715c201
002001.000548,He,1,He I,1s.15g,1G,4.0,4,True,9.0,24.52692658485321,True,2.5e-13,L22715c201
002001.000698,He,1,He I,1s.15h,3H*,5.0,5,True,11.0,24.52692717628425,True,2.5e-13,L22715c201
002001.000723,He,1,He I,1s.15h,3H*,6.0,6,True,13.0,24.52692718456974,True,2.5e-13,L22715c201
002001.000673,He,1,He I,1s.15h,3H*,4.0,4,True,9.0,24.52692719208963,True,2.5e-13,L22715c201
002001.000648,He,1,He I,1s.15h,1H*,5.0,5,True,11.0,24.52692719770165,True,2.5e-13,L22715c201
002001.000798,He,1,He I,1s.15i,3I,6.0,6,True,13.0,24.52692737962887,True,2.5e-13,L22715c201
002001.000823,He,1,He I,1s.15i,3I,7.0,7,True,15.0,24.52692738544026,True,2.5e-13,L22715c201
002001.000773,He,1,He I,1s.15i,3I,5.0,5,True,11.0,24.5269273907355,True,2.5e-13,L22715c201
002001.000748,He,1,He I,1s.15i,1I,6.0,6,True,13.0,24.52692739494278,True,2.5e-13,L22715c201
002001.000194,He,1,He I,1s.15p,1P*,1.0,1,True,3.0,24.527025054182,True,4e-12,L22715c201
002001.000229,He,1,He I,1s.16s,3S,1.0,1,True,3.0,24.53222124199,True,6e-11,L22715c201
002001.000204,He,1,He I,1s.16s,1S,0.0,0,True,1.0,24.53330793053,True,7e-11,L22715c201
002001.000324,He,1,He I,1s.16p,3P*,2.0,2,True,5.0,24.533792549931,True,2.4e-11,L22715c201
002001.000299,He,1,He I,1s.16p,3P*,1.0,1,True,3.0,24.533792566288,True,2.4e-11,L22715c201
002001.000274,He,1,He I,1s.16p,3P*,0.0,0,True,1.0,24.533792767464,True,2.5e-11,L22715c201
002001.000424,He,1,He I,1s.16d,3D,3.0,3,True,7.0,24.534230018546,True,3e-12,L22715c201
002001.000399,He,1,He I,1s.16d,3D,2.0,2,True,5.0,24.534230021106,True,3e-12,L22715c201
002001.000374,He,1,He I,1s.16d,3D,1.0,1,True,3.0,24.534230056745,True,3e-12,L22715c201
002001.000349,He,1,He I,1s.16d,1D,2.0,2,True,5.0,24.5342351036565,True,1.7e-12,L22715c201
002001.000499,He,1,He I,1s.16f,3F*,3.0,3,True,7.0,24.5342461291987,True,9e-13,L22715c201
002001.000524,He,1,He I,1s.16f,3F*,4.0,4,True,9.0,24.5342461375862,True,4e-13,L22715c201
002001.000474,He,1,He I,1s.16f,3F*,2.0,2,True,5.0,24.5342461542577,True,4e-13,L22715c201
002001.000449,He,1,He I,1s.16f,1F*,3.0,3,True,7.0,24.5342461833777,True,7e-13,L22715c201
002001.000599,He,1,He I,1s.16g,3G,4.0,4,True,9.0,24.53424822997854,True,2.5e-13,L22715c201
002001.000624,He,1,He I,1s.16g,3G,5.0,5,True,11.0,24.53424824042322,True,2.5e-13,L22715c201
002001.000574,He,1,He I,1s.16g,3G,3.0,3,True,7.0,24.53424824995078,True,2.5e-13,L22715c201
002001.000549,He,1,He I,1s.16g,1G,4.0,4,True,9.0,24.53424825640689,True,2.5e-13,L22715c201
002001.000699,He,1,He I,1s.16h,3H*,5.0,5,True,11.0,24.53424874502849,True,2.5e-13,L22715c201
002001.000724,He,1,He I,1s.16h,3H*,6.0,6,True,13.0,24.53424875185555,True,2.5e-13,L22715c201
002001.000674,He,1,He I,1s.16h,3H*,4.0,4,True,9.0,24.53424875805166,True,2.5e-13,L22715c201
002001.000649,He,1,He I,1s.16h,1H*,5.0,5,True,11.0,24.5342487626759,True,2.5e-13,L22715c201
002001.000799,He,1,He I,1s.16i,3I,6.0,6,True,13.0,24.53424891319483,True,2.5e-13,L22715c201
002001.000824,He,1,He I,1s.16i,3I,7.0,7,True,15.0,24.53424891798335,True,2.5e-13,L22715c201
002001.000774,He,1,He I,1s.16i,3I,5.0,5,True,11.0,24.53424892234647,True,2.5e-13,L22715c201
002001.000749,He,1,He I,1s.16i,1I,6.0,6,True,13.0,24.53424892581307,True,2.5e-13,L22715c201
002001.000249,He,1,He I,1s.16p,1P*,1.0,1,True,3.0,24.534329428726,True,4e-12,L22715c201
002001.000230,He,1,He I,1s.17s,3S,1.0,1,True,3.0,24.53862926761,True,5e-11,L22715c201
002001.000205,He,1,He I,1s.17s,1S,0.0,0,True,1.0,24.53953300075,True,6e-11,L22715c201
002001.000325,He,1,He I,1s.17p,3P*,2.0,2,True,5.0,24.539936444217,True,2.1e-11,L22715c201
002001.000300,He,1,He I,1s.17p,3P*,1.0,1,True,3.0,24.53993645784,True,2.1e-11,L22715c201
002001.000275,He,1,He I,1s.17p,3P*,0.0,0,True,1.0,24.539936625406,True,2.1e-11,L22715c201
002001.000425,He,1,He I,1s.17d,3D,3.0,3,True,7.0,24.5403010525758,True,2.2e-12,L22715c201
002001.000400,He,1,He I,1s.17d,3D,2.0,2,True,5.0,24.5403010547107,True,2.2e-12,L22715c201
002001.000375,He,1,He I,1s.17d,3D,1.0,1,True,3.0,24.5403010844219,True,2.2e-12,L22715c201
002001.000350,He,1,He I,1s.17d,1D,2.0,2,True,5.0,24.5403053000247,True,1.6e-12,L22715c201
002001.000500,He,1,He I,1s.17f,3F*,3.0,3,True,7.0,24.5403144953362,True,9e-13,L22715c201
002001.000525,He,1,He I,1s.17f,3F*,4.0,4,True,9.0,24.5403145022982,True,4e-13,L22715c201
002001.000475,He,1,He I,1s.17f,3F*,2.0,2,True,5.0,24.5403145161971,True,4e-13,L22715c201
002001.000450,He,1,He I,1s.17f,1F*,3.0,3,True,7.0,24.5403145405933,True,6e-13,L22715c201
002001.000600,He,1,He I,1s.17g,3G,4.0,4,True,9.0,24.54031624906159,True,2.5e-13,L22715c201
002001.000625,He,1,He I,1s.17g,3G,5.0,5,True,11.0,24.54031625776888,True,2.5e-13,L22715c201
002001.000575,He,1,He I,1s.17g,3G,3.0,3,True,7.0,24.54031626571205,True,2.5e-13,L22715c201
002001.000550,He,1,He I,1s.17g,1G,4.0,4,True,9.0,24.54031627109507,True,2.5e-13,L22715c201
002001.000700,He,1,He I,1s.17h,3H*,5.0,5,True,11.0,24.54031667935854,True,2.5e-13,L22715c201
002001.000725,He,1,He I,1s.17h,3H*,6.0,6,True,13.0,24.54031668505029,True,2.5e-13,L22715c201
002001.000675,He,1,He I,1s.17h,3H*,4.0,4,True,9.0,24.54031669021609,True,2.5e-13,L22715c201
002001.000650,He,1,He I,1s.17h,1H*,5.0,5,True,11.0,24.54031669407125,True,2.5e-13,L22715c201
002001.000800,He,1,He I,1s.17i,3I,6.0,6,True,13.0,24.54031681998514,True,2.5e-13,L22715c201
002001.000825,He,1,He I,1s.17i,3I,7.0,7,True,15.0,24.54031682397743,True,2.5e-13,L22715c201
002001.000775,He,1,He I,1s.17i,3I,5.0,5,True,11.0,24.540316827615,True,2.5e-13,L22715c201
002001.000750,He,1,He I,1s.17i,1I,6.0,6,True,13.0,24.54031683050508,True,2.5e-13,L22715c201
002001.000250,He,1,He I,1s.17p,1P*,1.0,1,True,3.0,24.540383970169,True,3e-12,L22715c201
002001.000231,He,1,He I,1s.18s,3S,1.0,1,True,3.0,24.54398233732,True,4e-11,L22715c201
002001.000206,He,1,He I,1s.18s,1S,0.0,0,True,1.0,24.54474198645,True,5e-11,L22715c201
002001.000326,He,1,He I,1s.18p,3P*,2.0,2,True,5.0,24.545081422311,True,1.7e-11,L22715c201
002001.000301,He,1,He I,1s.18p,3P*,1.0,1,True,3.0,24.545081433777,True,1.7e-11,L22715c201
002001.000276,He,1,He I,1s.18p,3P*,0.0,0,True,1.0,24.545081574822,True,1.9e-11,L22715c201
002001.000426,He,1,He I,1s.18d,3D,3.0,3,True,7.0,24.5453884907962,True,2e-12,L22715c201
002001.000401,He,1,He I,1s.18d,3D,2.0,2,True,5.0,24.5453884925955,True,2e-12,L22715c201
002001.000376,He,1,He I,1s.18d,3D,1.0,1,True,3.0,24.5453885176235,True,2e-12,L22715c201
002001.000351,He,1,He I,1s.18d,1D,2.0,2,True,5.0,24.5453920745509,True,1.4e-12,L22715c201
002001.000501,He,1,He I,1s.18f,3F*,3.0,3,True,7.0,24.5453998231606,True,7e-13,L22715c201
002001.000526,He,1,He I,1s.18f,3F*,4.0,4,True,9.0,24.54539982900393,True,2.5e-13,L22715c201
002001.000476,He,1,He I,1s.18f,3F*,2.0,2,True,5.0,24.5453998407124,True,4e-13,L22715c201
002001.000451,He,1,He I,1s.18f,1F*,3.0,3,True,7.0,24.5453998613483,True,6e-13,L22715c201
002001.000601,He,1,He I,1s.18g,3G,4.0,4,True,9.0,24.54540130215355,True,2.5e-13,L22715c201
002001.000626,He,1,He I,1s.18g,3G,5.0,5,True,11.0,24.54540130948846,True,2.5e-13,L22715c201
002001.000576,He,1,He I,1s.18g,3G,3.0,3,True,7.0,24.54540131617989,True,2.5e-13,L22715c201
002001.000551,He,1,He I,1s.18g,1G,4.0,4,True,9.0,24.5454013207151,True,2.5e-13,L22715c201
002001.000701,He,1,He I,1s.18h,3H*,5.0,5,True,11.0,24.54540166527773,True,2.5e-13,L22715c201
002001.000726,He,1,He I,1s.18h,3H*,6.0,6,True,13.0,24.54540167007257,True,2.5e-13,L22715c201
002001.000676,He,1,He I,1s.18h,3H*,4.0,4,True,9.0,24.54540167442429,True,2.5e-13,L22715c201
002001.000651,He,1,He I,1s.18h,1H*,5.0,5,True,11.0,24.54540167767194,True,2.5e-13,L22715c201
002001.000801,He,1,He I,1s.18i,3I,6.0,6,True,13.0,24.5454017840448,True,2.5e-13,L22715c201
002001.000826,He,1,He I,1s.18i,3I,7.0,7,True,15.0,24.54540178740787,True,2.5e-13,L22715c201
002001.000776,He,1,He I,1s.18i,3I,5.0,5,True,11.0,24.54540179047227,True,2.5e-13,L22715c201
002001.000751,He,1,He I,1s.18i,1I,6.0,6,True,13.0,24.54540179290694,True,2.5e-13,L22715c201
002001.000251,He,1,He I,1s.18p,1P*,1.0,1,True,3.0,24.545458369802,True,3e-12,L22715c201
002001.000232,He,1,He I,1s.19s,3S,1.0,1,True,3.0,24.54849992895,True,4e-11,L22715c201
002001.000207,He,1,He I,1s.19s,1S,0.0,0,True,1.0,24.54914456634,True,4e-11,L22715c201
002001.000327,He,1,He I,1s.19p,3P*,2.0,2,True,5.0,24.549432852684,True,1.5e-11,L22715c201
002001.000302,He,1,He I,1s.19p,3P*,1.0,1,True,3.0,24.549432862427,True,1.5e-11,L22715c201
002001.000277,He,1,He I,1s.19p,3P*,0.0,0,True,1.0,24.549432982268,True,1.6e-11,L22715c201
002001.000427,He,1,He I,1s.19d,3D,3.0,3,True,7.0,24.5496938778988,True,1.7e-12,L22715c201
002001.000402,He,1,He I,1s.19d,3D,2.0,2,True,5.0,24.5496938794294,True,1.7e-12,L22715c201
002001.000377,He,1,He I,1s.19d,3D,1.0,1,True,3.0,24.5496939007088,True,1.7e-12,L22715c201
002001.000352,He,1,He I,1s.19d,1D,2.0,2,True,5.0,24.5496969290929,True,1.2e-12,L22715c201
002001.000502,He,1,He I,1s.19f,3F*,3.0,3,True,7.0,24.5497035191411,True,6e-13,L22715c201
002001.000527,He,1,He I,1s.19f,3F*,4.0,4,True,9.0,24.54970352409401,True,2.5e-13,L22715c201
002001.000477,He,1,He I,1s.19f,3F*,2.0,2,True,5.0,24.54970353404932,True,2.5e-13,L22715c201
002001.000452,He,1,He I,1s.19f,1F*,3.0,3,True,7.0,24.5497035516561,True,5e-13,L22715c201
002001.000602,He,1,He I,1s.19g,3G,4.0,4,True,9.0,24.54970477784814,True,2.5e-13,L22715c201
002001.000627,He,1,He I,1s.19g,3G,5.0,5,True,11.0,24.54970478408442,True,2.5e-13,L22715c201
002001.000577,He,1,He I,1s.19g,3G,3.0,3,True,7.0,24.54970478977393,True,2.5e-13,L22715c201
002001.000552,He,1,He I,1s.19g,1G,4.0,4,True,9.0,24.54970479363046,True,2.5e-13,L22715c201
002001.000702,He,1,He I,1s.19h,3H*,5.0,5,True,11.0,24.54970508705692,True,2.5e-13,L22715c201
002001.000727,He,1,He I,1s.19h,3H*,6.0,6,True,13.0,24.54970509113377,True,2.5e-13,L22715c201
002001.000677,He,1,He I,1s.19h,3H*,4.0,4,True,9.0,24.54970509483395,True,2.5e-13,L22715c201
002001.000652,He,1,He I,1s.19h,1H*,5.0,5,True,11.0,24.54970509759533,True,2.5e-13,L22715c201
002001.000802,He,1,He I,1s.19i,3I,6.0,6,True,13.0,24.54970518825704,True,2.5e-13,L22715c201
002001.000827,He,1,He I,1s.19i,3I,7.0,7,True,15.0,24.54970519111661,True,2.5e-13,L22715c201
002001.000777,He,1,He I,1s.19i,3I,5.0,5,True,11.0,24.54970519372214,True,2.5e-13,L22715c201
002001.000752,He,1,He I,1s.19i,1I,6.0,6,True,13.0,24.5497051957923,True,2.5e-13,L22715c201
002001.000252,He,1,He I,1s.19p,1P*,1.0,1,True,3.0,24.5497533137915,True,2.5e-12,L22715c201
002001.000233,He,1,He I,1s.20s,3S,1.0,1,True,3.0,24.55234727581,True,3e-11,L22715c201
002001.000208,He,1,He I,1s.20s,1S,0.0,0,True,1.0,24.5528989957,True,4e-11,L22715c201
002001.000328,He,1,He I,1s.20p,3P*,2.0,2,True,5.0,24.553145916683,True,1.4e-11,L22715c201
002001.000303,He,1,He I,1s.20p,3P*,1.0,1,True,3.0,24.55314592503,True,1.4e-11,L22715c201
002001.000278,He,1,He I,1s.20p,3P*,0.0,0,True,1.0,24.553146027712,True,1.4e-11,L22715c201
002001.000428,He,1,He I,1s.20d,3D,3.0,3,True,7.0,24.5533696617467,True,1.6e-12,L22715c201
002001.000403,He,1,He I,1s.20d,3D,2.0,2,True,5.0,24.5533696630594,True,1.6e-12,L22715c201
002001.000378,He,1,He I,1s.20d,3D,1.0,1,True,3.0,24.553369681303,True,1.6e-12,L22715c201
002001.000353,He,1,He I,1s.20d,1D,2.0,2,True,5.0,24.5533722807159,True,1.1e-12,L22715c201
002001.000503,He,1,He I,1s.20f,3F*,3.0,3,True,7.0,24.5533779320559,True,6e-13,L22715c201
002001.000528,He,1,He I,1s.20f,3F*,4.0,4,True,9.0,24.55337793629091,True,2.5e-13,L22715c201
002001.000478,He,1,He I,1s.20f,3F*,2.0,2,True,5.0,24.55337794482623,True,2.5e-13,L22715c201
002001.000453,He,1,He I,1s.20f,1F*,3.0,3,True,7.0,24.5533779599663,True,5e-13,L22715c201
002001.000603,He,1,He I,1s.20g,3G,4.0,4,True,9.0,24.55337901209176,True,2.5e-13,L22715c201
002001.000628,He,1,He I,1s.20g,3G,5.0,5,True,11.0,24.55337901743833,True,2.5e-13,L22715c201
002001.000578,He,1,He I,1s.20g,3G,3.0,3,True,7.0,24.55337902231636,True,2.5e-13,L22715c201
002001.000553,He,1,He I,1s.20g,1G,4.0,4,True,9.0,24.55337902562314,True,2.5e-13,L22715c201
002001.000703,He,1,He I,1s.20h,3H*,5.0,5,True,11.0,24.55337927753287,True,2.5e-13,L22715c201
002001.000728,He,1,He I,1s.20h,3H*,6.0,6,True,13.0,24.55337928102836,True,2.5e-13,L22715c201
002001.000678,He,1,He I,1s.20h,3H*,4.0,4,True,9.0,24.55337928420074,True,2.5e-13,L22715c201
002001.000653,He,1,He I,1s.20h,1H*,5.0,5,True,11.0,24.55337928656834,True,2.5e-13,L22715c201
002001.000803,He,1,He I,1s.20i,3I,6.0,6,True,13.0,24.55337936445745,True,2.5e-13,L22715c201
002001.000828,He,1,He I,1s.20i,3I,7.0,7,True,15.0,24.55337936690924,True,2.5e-13,L22715c201
002001.000778,He,1,He I,1s.20i,3I,5.0,5,True,11.0,24.55337936914306,True,2.5e-13,L22715c201
002001.000753,He,1,He I,1s.20i,1I,6.0,6,True,13.0,24.55337937091802,True,2.5e-13,L22715c201
002001.000253,He,1,He I,1s.20p,1P*,1.0,1,True,3.0,24.5534206352452,True,2.1e-12,L22715c201
002001.000234,He,1,He I,1s.21s,3S,1.0,1,True,3.0,24.55565069436,True,3e-11,L22715c201
002001.000209,He,1,He I,1s.21s,1S,0.0,0,True,1.0,24.55612653018,True,3e-11,L22715c201
002001.000329,He,1,He I,1s.21p,3P*,2.0,2,True,5.0,24.556339637531,True,1.2e-11,L22715c201
002001.000304,He,1,He I,1s.21p,3P*,1.0,1,True,3.0,24.556339644738,True,1.2e-11,L22715c201
002001.000279,He,1,He I,1s.21p,3P*,0.0,0,True,1.0,24.556339733387,True,1.2e-11,L22715c201
002001.000429,He,1,He I,1s.21d,3D,3.0,3,True,7.0,24.5565328762861,True,1.4e-12,L22715c201
002001.000404,He,1,He I,1s.21d,3D,2.0,2,True,5.0,24.5565328774206,True,1.4e-12,L22715c201
002001.000379,He,1,He I,1s.21d,3D,1.0,1,True,3.0,24.5565328931795,True,1.4e-12,L22715c201
002001.000354,He,1,He I,1s.21d,1D,2.0,2,True,5.0,24.5565351408426,True,1e-12,L22715c201
002001.000504,He,1,He I,1s.21f,3F*,3.0,3,True,7.0,24.5565400235702,True,5e-13,L22715c201
002001.000529,He,1,He I,1s.21f,3F*,4.0,4,True,9.0,24.55654002722019,True,2.5e-13,L22715c201
002001.000479,He,1,He I,1s.21f,3F*,2.0,2,True,5.0,24.55654003459341,True,2.5e-13,L22715c201
002001.000454,He,1,He I,1s.21f,1F*,3.0,3,True,7.0,24.5565400477051,True,5e-13,L22715c201
002001.000604,He,1,He I,1s.21g,3G,4.0,4,True,9.0,24.55654095717917,True,2.5e-13,L22715c201
002001.000629,He,1,He I,1s.21g,3G,5.0,5,True,11.0,24.5565409617977,True,2.5e-13,L22715c201
002001.000579,He,1,He I,1s.21g,3G,3.0,3,True,7.0,24.55654096601155,True,2.5e-13,L22715c201
002001.000554,He,1,He I,1s.21g,1G,4.0,4,True,9.0,24.55654096886802,True,2.5e-13,L22715c201
002001.000704,He,1,He I,1s.21h,3H*,5.0,5,True,11.0,24.556541186725,True,2.5e-13,L22715c201
002001.000729,He,1,He I,1s.21h,3H*,6.0,6,True,13.0,24.55654118974451,True,2.5e-13,L22715c201
002001.000679,He,1,He I,1s.21h,3H*,4.0,4,True,9.0,24.55654119248506,True,2.5e-13,L22715c201
002001.000654,He,1,He I,1s.21h,1H*,5.0,5,True,11.0,24.5565411945303,True,2.5e-13,L22715c201
002001.000804,He,1,He I,1s.21i,3I,6.0,6,True,13.0,24.55654126193121,True,2.5e-13,L22715c201
002001.000829,He,1,He I,1s.21i,3I,7.0,7,True,15.0,24.55654126404923,True,2.5e-13,L22715c201
002001.000779,He,1,He I,1s.21i,3I,5.0,5,True,11.0,24.55654126597905,True,2.5e-13,L22715c201
002001.000754,He,1,He I,1s.21i,1I,6.0,6,True,13.0,24.55654126751224,True,2.5e-13,L22715c201
002001.000254,He,1,He I,1s.21p,1P*,1.0,1,True,3.0,24.556576920069,True,1.9e-12,L22715c201
002001.000235,He,1,He I,1s.22s,3S,1.0,1,True,3.0,24.55850808692,True,3e-11,L22715c201
002001.000210,He,1,He I,1s.22s,1S,0.0,0,True,1.0,24.55892134105,True,3e-11,L22715c201
002001.000330,He,1,He I,1s.22p,3P*,2.0,2,True,5.0,24.559106538582,True,1.1e-11,L22715c201
002001.000305,He,1,He I,1s.22p,3P*,1.0,1,True,3.0,24.559106544847,True,1e-11,L22715c201
002001.000280,He,1,He I,1s.22p,3P*,0.0,0,True,1.0,24.559106621908,True,1.1e-11,L22715c201
002001.000430,He,1,He I,1s.22d,3D,3.0,3,True,7.0,24.5592745737552,True,1.2e-12,L22715c201
002001.000405,He,1,He I,1s.22d,3D,2.0,2,True,5.0,24.559274574742,True,1.2e-12,L22715c201
002001.000380,He,1,He I,1s.22d,3D,1.0,1,True,3.0,24.5592745884477,True,1.2e-12,L22715c201
002001.000355,He,1,He I,1s.22d,1D,2.0,2,True,5.0,24.5592765449833,True,9e-13,L22715c201
002001.000505,He,1,He I,1s.22f,3F*,3.0,3,True,7.0,24.5592807923584,True,5e-13,L22715c201
002001.000530,He,1,He I,1s.22f,3F*,4.0,4,True,9.0,24.55928079552667,True,2.5e-13,L22715c201
002001.000480,He,1,He I,1s.22f,3F*,2.0,2,True,5.0,24.55928080193925,True,2.5e-13,L22715c201
002001.000455,He,1,He I,1s.22f,1F*,3.0,3,True,7.0,24.5592808133681,True,4e-13,L22715c201
002001.000605,He,1,He I,1s.22g,3G,4.0,4,True,9.0,24.55928160483365,True,2.5e-13,L22715c201
002001.000630,He,1,He I,1s.22g,3G,5.0,5,True,11.0,24.55928160885036,True,2.5e-13,L22715c201
002001.000580,He,1,He I,1s.22g,3G,3.0,3,True,7.0,24.55928161251521,True,2.5e-13,L22715c201
002001.000555,He,1,He I,1s.22g,1G,4.0,4,True,9.0,24.55928161499998,True,2.5e-13,L22715c201
002001.000705,He,1,He I,1s.22h,3H*,5.0,5,True,11.0,24.5592818046658,True,2.5e-13,L22715c201
002001.000730,He,1,He I,1s.22h,3H*,6.0,6,True,13.0,24.55928180729191,True,2.5e-13,L22715c201
002001.000680,He,1,He I,1s.22h,3H*,4.0,4,True,9.0,24.55928180967538,True,2.5e-13,L22715c201
002001.000655,He,1,He I,1s.22h,1H*,5.0,5,True,11.0,24.55928181145418,True,2.5e-13,L22715c201
002001.000805,He,1,He I,1s.22i,3I,6.0,6,True,13.0,24.55928187016429,True,2.5e-13,L22715c201
002001.000830,He,1,He I,1s.22i,3I,7.0,7,True,15.0,24.55928187200633,True,2.5e-13,L22715c201
002001.000780,He,1,He I,1s.22i,3I,5.0,5,True,11.0,24.5592818736847,True,2.5e-13,L22715c201
002001.000755,He,1,He I,1s.22i,1I,6.0,6,True,13.0,24.55928187501828,True,2.5e-13,L22715c201
002001.000255,He,1,He I,1s.22p,1P*,1.0,1,True,3.0,24.5593128887423,True,1.6e-12,L22715c201
002001.000236,He,1,He I,1s.23s,3S,1.0,1,True,3.0,24.560996280408,True,2.2e-11,L22715c201
002001.000211,He,1,He I,1s.23s,1S,0.0,0,True,1.0,24.56135746346,True,3e-11,L22715c201
002001.000331,He,1,He I,1s.23p,3P*,2.0,2,True,5.0,24.561519420492,True,9e-12,L22715c201
002001.000306,He,1,He I,1s.23p,3P*,1.0,1,True,3.0,24.561519425972,True,9e-12,L22715c201
002001.000281,He,1,He I,1s.23p,3P*,0.0,0,True,1.0,24.561519493381,True,1e-11,L22715c201
002001.000431,He,1,He I,1s.23d,3D,3.0,3,True,7.0,24.5616664509983,True,1.1e-12,L22715c201
002001.000406,He,1,He I,1s.23d,3D,2.0,2,True,5.0,24.5616664518621,True,1.1e-12,L22715c201
002001.000381,He,1,He I,1s.23d,3D,1.0,1,True,3.0,24.5616664638563,True,1.1e-12,L22715c201
002001.000356,He,1,He I,1s.23d,1D,2.0,2,True,5.0,24.5616681773862,True,7e-13,L22715c201
002001.000506,He,1,He I,1s.23f,3F*,3.0,3,True,7.0,24.5616718950023,True,5e-13,L22715c201
002001.000531,He,1,He I,1s.23f,3F*,4.0,4,True,9.0,24.56167189777009,True,2.5e-13,L22715c201
002001.000481,He,1,He I,1s.23f,3F*,2.0,2,True,5.0,24.56167190338211,True,2.5e-13,L22715c201
002001.000456,He,1,He I,1s.23f,1F*,3.0,3,True,7.0,24.5616719134033,True,4e-13,L22715c201
002001.000606,He,1,He I,1s.23g,3G,4.0,4,True,9.0,24.56167260640773,True,2.5e-13,L22715c201
002001.000631,He,1,He I,1s.23g,3G,5.0,5,True,11.0,24.56167260992293,True,2.5e-13,L22715c201
002001.000581,He,1,He I,1s.23g,3G,3.0,3,True,7.0,24.56167261313027,True,2.5e-13,L22715c201
002001.000556,He,1,He I,1s.23g,1G,4.0,4,True,9.0,24.56167261530483,True,2.5e-13,L22715c201
002001.000706,He,1,He I,1s.23h,3H*,5.0,5,True,11.0,24.56167278143424,True,2.5e-13,L22715c201
002001.000731,He,1,He I,1s.23h,3H*,6.0,6,True,13.0,24.56167278373253,True,2.5e-13,L22715c201
002001.000681,He,1,He I,1s.23h,3H*,4.0,4,True,9.0,24.56167278581844,True,2.5e-13,L22715c201
002001.000656,He,1,He I,1s.23h,1H*,5.0,5,True,11.0,24.56167278737518,True,2.5e-13,L22715c201
002001.000806,He,1,He I,1s.23i,3I,6.0,6,True,13.0,24.56167283882329,True,2.5e-13,L22715c201
002001.000831,He,1,He I,1s.23i,3I,7.0,7,True,15.0,24.56167284043534,True,2.5e-13,L22715c201
002001.000781,He,1,He I,1s.23i,3I,5.0,5,True,11.0,24.56167284190418,True,2.5e-13,L22715c201
002001.000756,He,1,He I,1s.23i,1I,6.0,6,True,13.0,24.56167284307112,True,2.5e-13,L22715c201
002001.000256,He,1,He I,1s.23p,1P*,1.0,1,True,3.0,24.5616999889025,True,1.5e-12,L22715c201
002001.000237,He,1,He I,1s.24s,3S,1.0,1,True,3.0,24.563176245141,True,2e-11,L22715c201
002001.000212,He,1,He I,1s.24s,1S,0.0,0,True,1.0,24.563493750576,True,2.4e-11,L22715c201
002001.000332,He,1,He I,1s.24p,3P*,2.0,2,True,5.0,24.563636199254,True,8e-12,L22715c201
002001.000307,He,1,He I,1s.24p,3P*,1.0,1,True,3.0,24.563636204075,True,8e-12,L22715c201
002001.000282,He,1,He I,1s.24p,3P*,0.0,0,True,1.0,24.563636263378,True,9e-12,L22715c201
002001.000432,He,1,He I,1s.24d,3D,3.0,3,True,7.0,24.5637655848143,True,1e-12,L22715c201
002001.000407,He,1,He I,1s.24d,3D,2.0,2,True,5.0,24.5637655855747,True,1e-12,L22715c201
002001.000382,He,1,He I,1s.24d,3D,1.0,1,True,3.0,24.5637655961309,True,1e-12,L22715c201
002001.000357,He,1,He I,1s.24d,1D,2.0,2,True,5.0,24.5637671052423,True,7e-13,L22715c201
002001.000507,He,1,He I,1s.24f,3F*,3.0,3,True,7.0,24.5637703776417,True,4e-13,L22715c201
002001.000532,He,1,He I,1s.24f,3F*,4.0,4,True,9.0,24.56377038007413,True,2.5e-13,L22715c201
002001.000482,He,1,He I,1s.24f,3F*,2.0,2,True,5.0,24.56377038501341,True,2.5e-13,L22715c201
002001.000457,He,1,He I,1s.24f,1F*,3.0,3,True,7.0,24.5637703938482,True,4e-13,L22715c201
002001.000607,He,1,He I,1s.24g,3G,4.0,4,True,9.0,24.56377100405684,True,2.5e-13,L22715c201
002001.000632,He,1,He I,1s.24g,3G,5.0,5,True,11.0,24.56377100715062,True,2.5e-13,L22715c201
002001.000582,He,1,He I,1s.24g,3G,3.0,3,True,7.0,24.56377100997349,True,2.5e-13,L22715c201
002001.000557,He,1,He I,1s.24g,1G,4.0,4,True,9.0,24.56377101188744,True,2.5e-13,L22715c201
002001.000707,He,1,He I,1s.24h,3H*,5.0,5,True,11.0,24.56377115821408,True,2.5e-13,L22715c201
002001.000732,He,1,He I,1s.24h,3H*,6.0,6,True,13.0,24.56377116023689,True,2.5e-13,L22715c201
002001.000682,He,1,He I,1s.24h,3H*,4.0,4,True,9.0,24.56377116207272,True,2.5e-13,L22715c201
002001.000657,He,1,He I,1s.24h,1H*,5.0,5,True,11.0,24.56377116344287,True,2.5e-13,L22715c201
002001.000807,He,1,He I,1s.24i,3I,6.0,6,True,13.0,24.56377120877645,True,2.5e-13,L22715c201
002001.000832,He,1,He I,1s.24i,3I,7.0,7,True,15.0,24.56377121019533,True,2.5e-13,L22715c201
002001.000782,He,1,He I,1s.24i,3I,5.0,5,True,11.0,24.56377121148811,True,2.5e-13,L22715c201
002001.000757,He,1,He I,1s.24i,1I,6.0,6,True,13.0,24.5637712125152,True,2.5e-13,L22715c201
002001.000257,He,1,He I,1s.24p,1P*,1.0,1,True,3.0,24.5637951076943,True,1.4e-12,L22715c201
002001.000238,He,1,He I,1s.25s,3S,1.0,1,True,3.0,24.565096865986,True,1.7e-11,L22715c201
002001.000213,He,1,He I,1s.25s,1S,0.0,0,True,1.0,24.565377461944,True,2.1e-11,L22715c201
002001.000333,He,1,He I,1s.25p,3P*,2.0,2,True,5.0,24.565503414208,True,7e-12,L22715c201
002001.000308,He,1,He I,1s.25p,3P*,1.0,1,True,3.0,24.565503418471,True,7e-12,L22715c201
002001.000283,He,1,He I,1s.25p,3P*,0.0,0,True,1.0,24.565503470918,True,8e-12,L22715c201
002001.000433,He,1,He I,1s.25d,3D,3.0,3,True,7.0,24.5656178688224,True,9e-13,L22715c201
002001.000408,He,1,He I,1s.25d,3D,2.0,2,True,5.0,24.5656178694953,True,9e-13,L22715c201
002001.000383,He,1,He I,1s.25d,3D,1.0,1,True,3.0,24.5656178788346,True,9e-13,L22715c201
002001.000358,He,1,He I,1s.25d,1D,2.0,2,True,5.0,24.565619214758,True,6e-13,L22715c201
002001.000508,He,1,He I,1s.25f,3F*,3.0,3,True,7.0,24.5656221102725,True,4e-13,L22715c201
002001.000533,He,1,He I,1s.25f,3F*,4.0,4,True,9.0,24.56562211242163,True,2.5e-13,L22715c201
002001.000483,He,1,He I,1s.25f,3F*,2.0,2,True,5.0,24.56562211679146,True,2.5e-13,L22715c201
002001.000458,He,1,He I,1s.25f,1F*,3.0,3,True,7.0,24.56562212461957,True,2.5e-13,L22715c201
002001.000608,He,1,He I,1s.25g,3G,4.0,4,True,9.0,24.56562266470429,True,2.5e-13,L22715c201
002001.000633,He,1,He I,1s.25g,3G,5.0,5,True,11.0,24.56562266744136,True,2.5e-13,L22715c201
002001.000583,He,1,He I,1s.25g,3G,3.0,3,True,7.0,24.5656226699389,True,2.5e-13,L22715c201
002001.000558,He,1,He I,1s.25g,1G,4.0,4,True,9.0,24.56562267163228,True,2.5e-13,L22715c201
002001.000708,He,1,He I,1s.25h,3H*,5.0,5,True,11.0,24.56562280117866,True,2.5e-13,L22715c201
002001.000733,He,1,He I,1s.25h,3H*,6.0,6,True,13.0,24.56562280296836,True,2.5e-13,L22715c201
002001.000683,He,1,He I,1s.25h,3H*,4.0,4,True,9.0,24.56562280459268,True,2.5e-13,L22715c201
002001.000658,He,1,He I,1s.25h,1H*,5.0,5,True,11.0,24.56562280580487,True,2.5e-13,L22715c201
002001.000808,He,1,He I,1s.25i,3I,6.0,6,True,13.0,24.56562284595393,True,2.5e-13,L22715c201
002001.000833,He,1,He I,1s.25i,3I,7.0,7,True,15.0,24.56562284720915,True,2.5e-13,L22715c201
002001.000783,He,1,He I,1s.25i,3I,5.0,5,True,11.0,24.56562284835291,True,2.5e-13,L22715c201
002001.000758,He,1,He I,1s.25i,1I,6.0,6,True,13.0,24.56562284926171,True,2.5e-13,L22715c201
002001.000258,He,1,He I,1s.25p,1P*,1.0,1,True,3.0,24.5656439926761,True,1.1e-12,L22715c201
002001.000239,He,1,He I,1s.26s,3S,1.0,1,True,3.0,24.566797707089,True,1.6e-11,L22715c201
002001.000214,He,1,He I,1s.26s,1S,0.0,0,True,1.0,24.567046899898,True,1.9e-11,L22715c201
002001.000334,He,1,He I,1s.26p,3P*,2.0,2,True,5.0,24.567158808062,True,7e-12,L22715c201
002001.000309,He,1,He I,1s.26p,3P*,1.0,1,True,3.0,24.56715881185,True,7e-12,L22715c201
002001.000284,He,1,He I,1s.26p,3P*,0.0,0,True,1.0,24.567158858459,True,7e-12,L22715c201
002001.000434,He,1,He I,1s.26d,3D,3.0,3,True,7.0,24.567260543384,True,9e-13,L22715c201
002001.000409,He,1,He I,1s.26d,3D,2.0,2,True,5.0,24.5672605439822,True,9e-13,L22715c201
002001.000384,He,1,He I,1s.26d,3D,1.0,1,True,3.0,24.5672605522847,True,9e-13,L22715c201
002001.000359,He,1,He I,1s.26d,1D,2.0,2,True,5.0,24.5672617405129,True,6e-13,L22715c201
002001.000509,He,1,He I,1s.26f,3F*,3.0,3,True,7.0,24.5672643148546,True,4e-13,L22715c201
002001.000534,He,1,He I,1s.26f,3F*,4.0,4,True,9.0,24.56726431676283,True,2.5e-13,L22715c201
002001.000484,He,1,He I,1s.26f,3F*,2.0,2,True,5.0,24.56726432064762,True,2.5e-13,L22715c201
002001.000459,He,1,He I,1s.26f,1F*,3.0,3,True,7.0,24.56726432761591,True,2.5e-13,L22715c201
002001.000609,He,1,He I,1s.26g,3G,4.0,4,True,9.0,24.56726480791557,True,2.5e-13,L22715c201
002001.000634,He,1,He I,1s.26g,3G,5.0,5,True,11.0,24.56726481034876,True,2.5e-13,L22715c201
002001.000584,He,1,He I,1s.26g,3G,3.0,3,True,7.0,24.56726481256906,True,2.5e-13,L22715c201
002001.000559,He,1,He I,1s.26g,1G,4.0,4,True,9.0,24.56726481407461,True,2.5e-13,L22715c201
002001.000709,He,1,He I,1s.26h,3H*,5.0,5,True,11.0,24.56726492930875,True,2.5e-13,L22715c201
002001.000734,He,1,He I,1s.26h,3H*,6.0,6,True,13.0,24.56726493089971,True,2.5e-13,L22715c201
002001.000684,He,1,He I,1s.26h,3H*,4.0,4,True,9.0,24.56726493234363,True,2.5e-13,L22715c201
002001.000659,He,1,He I,1s.26h,1H*,5.0,5,True,11.0,24.5672649334213,True,2.5e-13,L22715c201
002001.000809,He,1,He I,1s.26i,3I,6.0,6,True,13.0,24.56726496914586,True,2.5e-13,L22715c201
002001.000834,He,1,He I,1s.26i,3I,7.0,7,True,15.0,24.56726497026171,True,2.5e-13,L22715c201
002001.000784,He,1,He I,1s.26i,3I,5.0,5,True,11.0,24.56726497127851,True,2.5e-13,L22715c201
002001.000759,He,1,He I,1s.26i,1I,6.0,6,True,13.0,24.56726497208639,True,2.5e-13,L22715c201
002001.000259,He,1,He I,1s.26p,1P*,1.0,1,True,3.0,24.5672837704877,True,1.1e-12,L22715c201
002001.000240,He,1,He I,1s.27s,3S,1.0,1,True,3.0,24.568311065912,True,1.5e-11,L22715c201
002001.000215,He,1,He I,1s.27s,1S,0.0,0,True,1.0,24.568533372188,True,1.7e-11,L22715c201
002001.000335,He,1,He I,1s.27p,3P*,2.0,2,True,5.0,24.568633249232,True,6e-12,L22715c201
002001.000310,He,1,He I,1s.27p,3P*,1.0,1,True,3.0,24.568633252613,True,6e-12,L22715c201
002001.000285,He,1,He I,1s.27p,3P*,0.0,0,True,1.0,24.568633294219,True,6e-12,L22715c201
002001.000435,He,1,He I,1s.27d,3D,3.0,3,True,7.0,24.5687240821339,True,7e-13,L22715c201
002001.000410,He,1,He I,1s.27d,3D,2.0,2,True,5.0,24.5687240826682,True,7e-13,L22715c201
002001.000385,He,1,He I,1s.27d,3D,1.0,1,True,3.0,24.5687240900818,True,7e-13,L22715c201
002001.000360,He,1,He I,1s.27d,1D,2.0,2,True,5.0,24.5687251515888,True,5e-13,L22715c201
002001.000510,He,1,He I,1s.27f,3F*,3.0,3,True,7.0,24.56872745054607,True,2.5e-13,L22715c201
002001.000535,He,1,He I,1s.27f,3F*,4.0,4,True,9.0,24.56872745224825,True,2.5e-13,L22715c201
002001.000485,He,1,He I,1s.27f,3F*,2.0,2,True,5.0,24.56872745571721,True,2.5e-13,L22715c201
002001.000460,He,1,He I,1s.27f,1F*,3.0,3,True,7.0,24.56872746194679,True,2.5e-13,L22715c201
002001.000610,He,1,He I,1s.27g,3G,4.0,4,True,9.0,24.56872789096436,True,2.5e-13,L22715c201
002001.000635,He,1,He I,1s.27g,3G,5.0,5,True,11.0,24.56872789313705,True,2.5e-13,L22715c201
002001.000585,He,1,He I,1s.27g,3G,3.0,3,True,7.0,24.56872789511969,True,2.5e-13,L22715c201
002001.000560,He,1,He I,1s.27g,1G,4.0,4,True,9.0,24.56872789646405,True,2.5e-13,L22715c201
002001.000710,He,1,He I,1s.27h,3H*,5.0,5,True,11.0,24.56872799941668,True,2.5e-13,L22715c201
002001.000735,He,1,He I,1s.27h,3H*,6.0,6,True,13.0,24.56872800083729,True,2.5e-13,L22715c201
002001.000685,He,1,He I,1s.27h,3H*,4.0,4,True,9.0,24.56872800212673,True,2.5e-13,L22715c201
002001.000660,He,1,He I,1s.27h,1H*,5.0,5,True,11.0,24.56872800308897,True,2.5e-13,L22715c201
002001.000810,He,1,He I,1s.27i,3I,6.0,6,True,13.0,24.5687280350149,True,2.5e-13,L22715c201
002001.000835,He,1,He I,1s.27i,3I,7.0,7,True,15.0,24.56872803601149,True,2.5e-13,L22715c201
002001.000785,He,1,He I,1s.27i,3I,5.0,5,True,11.0,24.56872803691942,True,2.5e-13,L22715c201
002001.000760,He,1,He I,1s.27i,1I,6.0,6,True,13.0,24.56872803764076,True,2.5e-13,L22715c201
002001.000260,He,1,He I,1s.27p,1P*,1.0,1,True,3.0,24.568744825329,True,1e-12,L22715c201
002001.000241,He,1,He I,1s.28s,3S,1.0,1,True,3.0,24.569663517927,True,1.2e-11,L22715c201
002001.000216,He,1,He I,1s.28s,1S,0.0,0,True,1.0,24.569862670594,True,1.5e-11,L22715c201
002001.000336,He,1,He I,1s.28p,3P*,2.0,2,True,5.0,24.569952181343,True,5e-12,L22715c201
002001.000311,He,1,He I,1s.28p,3P*,1.0,1,True,3.0,24.569952184374,True,5e-12,L22715c201
002001.000286,He,1,He I,1s.28p,3P*,0.0,0,True,1.0,24.569952221667,True,6e-12,L22715c201
002001.000436,He,1,He I,1s.28d,3D,3.0,3,True,7.0,24.5700336155463,True,6e-13,L22715c201
002001.000411,He,1,He I,1s.28d,3D,2.0,2,True,5.0,24.5700336160254,True,6e-13,L22715c201
002001.000386,He,1,He I,1s.28d,3D,1.0,1,True,3.0,24.5700336226726,True,6e-13,L22715c201
002001.000361,He,1,He I,1s.28d,1D,2.0,2,True,5.0,24.5700345748407,True,5e-13,L22715c201
002001.000511,He,1,He I,1s.28f,3F*,3.0,3,True,7.0,24.57003663632574,True,2.5e-13,L22715c201
002001.000536,He,1,He I,1s.28f,3F*,4.0,4,True,9.0,24.57003663785049,True,2.5e-13,L22715c201
002001.000486,He,1,He I,1s.28f,3F*,2.0,2,True,5.0,24.57003664096088,True,2.5e-13,L22715c201
002001.000461,He,1,He I,1s.28f,1F*,3.0,3,True,7.0,24.57003664655245,True,2.5e-13,L22715c201
002001.000611,He,1,He I,1s.28g,3G,4.0,4,True,9.0,24.57003703133207,True,2.5e-13,L22715c201
002001.000636,He,1,He I,1s.28g,3G,5.0,5,True,11.0,24.57003703328024,True,2.5e-13,L22715c201
002001.000586,He,1,He I,1s.28g,3G,3.0,3,True,7.0,24.57003703505793,True,2.5e-13,L22715c201
002001.000561,He,1,He I,1s.28g,1G,4.0,4,True,9.0,24.5700370362633,True,2.5e-13,L22715c201
002001.000711,He,1,He I,1s.28h,3H*,5.0,5,True,11.0,24.57003712861789,True,2.5e-13,L22715c201
002001.000736,He,1,He I,1s.28h,3H*,6.0,6,True,13.0,24.5700371298917,True,2.5e-13,L22715c201
002001.000686,He,1,He I,1s.28h,3H*,4.0,4,True,9.0,24.57003713104785,True,2.5e-13,L22715c201
002001.000661,He,1,He I,1s.28h,1H*,5.0,5,True,11.0,24.57003713191066,True,2.5e-13,L22715c201
002001.000811,He,1,He I,1s.28i,3I,6.0,6,True,13.0,24.57003716055721,True,2.5e-13,L22715c201
002001.000836,He,1,He I,1s.28i,3I,7.0,7,True,15.0,24.57003716145064,True,2.5e-13,L22715c201
002001.000786,He,1,He I,1s.28i,3I,5.0,5,True,11.0,24.57003716226472,True,2.5e-13,L22715c201
002001.000761,He,1,He I,1s.28i,1I,6.0,6,True,13.0,24.57003716291154,True,2.5e-13,L22715c201
002001.000261,He,1,He I,1s.28p,1P*,1.0,1,True,3.0,24.5700522166844,True,9e-13,L22715c201
002001.000242,He,1,He I,1s.29s,3S,1.0,1,True,3.0,24.570877091365,True,1.2e-11,L22715c201
002001.000217,He,1,He I,1s.29s,1S,0.0,0,True,1.0,24.571056197338,True,1.4e-11,L22715c201
002001.000337,He,1,He I,1s.29p,3P*,2.0,2,True,5.0,24.571136728296,True,5e-12,L22715c201
002001.000312,He,1,He I,1s.29p,3P*,1.0,1,True,3.0,24.571136731023,True,5e-12,L22715c201
002001.000287,He,1,He I,1s.29p,3P*,0.0,0,True,1.0,24.57113676458,True,5e-12,L22715c201
002001.000437,He,1,He I,1s.29d,3D,3.0,3,True,7.0,24.5712100169667,True,6e-13,L22715c201
002001.000412,He,1,He I,1s.29d,3D,2.0,2,True,5.0,24.571210017398,True,6e-13,L22715c201
002001.000387,He,1,He I,1s.29d,3D,1.0,1,True,3.0,24.5712100233809,True,6e-13,L22715c201
002001.000362,He,1,He I,1s.29d,1D,2.0,2,True,5.0,24.5712108807138,True,4e-13,L22715c201
002001.000512,He,1,He I,1s.29f,3F*,3.0,3,True,7.0,24.57121273633383,True,2.5e-13,L22715c201
002001.000537,He,1,He I,1s.29f,3F*,4.0,4,True,9.0,24.57121273770497,True,2.5e-13,L22715c201
002001.000487,He,1,He I,1s.29f,3F*,2.0,2,True,5.0,24.57121274050453,True,2.5e-13,L22715c201
002001.000462,He,1,He I,1s.29f,1F*,3.0,3,True,7.0,24.57121274554213,True,2.5e-13,L22715c201
002001.000612,He,1,He I,1s.29g,3G,4.0,4,True,9.0,24.57121309195956,True,2.5e-13,L22715c201
002001.000637,He,1,He I,1s.29g,3G,5.0,5,True,11.0,24.57121309371307,True,2.5e-13,L22715c201
002001.000587,He,1,He I,1s.29g,3G,3.0,3,True,7.0,24.57121309531309,True,2.5e-13,L22715c201
002001.000562,He,1,He I,1s.29g,1G,4.0,4,True,9.0,24.5712130963982,True,2.5e-13,L22715c201
002001.000712,He,1,He I,1s.29h,3H*,5.0,5,True,11.0,24.57121317955936,True,2.5e-13,L22715c201
002001.000737,He,1,He I,1s.29h,3H*,6.0,6,True,13.0,24.57121318070597,True,2.5e-13,L22715c201
002001.000687,He,1,He I,1s.29h,3H*,4.0,4,True,9.0,24.57121318174644,True,2.5e-13,L22715c201
002001.000662,He,1,He I,1s.29h,1H*,5.0,5,True,11.0,24.57121318252308,True,2.5e-13,L22715c201
002001.000812,He,1,He I,1s.29i,3I,6.0,6,True,13.0,24.57121320832382,True,2.5e-13,L22715c201
002001.000837,He,1,He I,1s.29i,3I,7.0,7,True,15.0,24.57121320912798,True,2.5e-13,L22715c201
002001.000787,He,1,He I,1s.29i,3I,5.0,5,True,11.0,24.57121320986073,True,2.5e-13,L22715c201
002001.000762,He,1,He I,1s.29i,1I,6.0,6,True,13.0,24.57121321044296,True,2.5e-13,L22715c201
002001.000262,He,1,He I,1s.29p,1P*,1.0,1,True,3.0,24.5712267610659,True,7e-13,L22715c201
002001.000243,He,1,He I,1s.30s,3S,1.0,1,True,3.0,24.571970169921,True,1.1e-11,L22715c201
002001.000218,He,1,He I,1s.30s,1S,0.0,0,True,1.0,24.572131831975,True,1.2e-11,L22715c201
002001.000338,He,1,He I,1s.30p,3P*,2.0,2,True,5.0,24.572204545351,True,4e-12,L22715c201
002001.000313,He,1,He I,1s.30p,3P*,1.0,1,True,3.0,24.572204547814,True,4e-12,L22715c201
002001.000288,He,1,He I,1s.30p,3P*,0.0,0,True,1.0,24.572204578118,True,5e-12,L22715c201
002001.000438,He,1,He I,1s.30d,3D,3.0,3,True,7.0,24.572270739573,True,5e-13,L22715c201
002001.000413,He,1,He I,1s.30d,3D,2.0,2,True,5.0,24.5722707399626,True,5e-13,L22715c201
002001.000388,He,1,He I,1s.30d,3D,1.0,1,True,3.0,24.5722707453667,True,5e-13,L22715c201
002001.000363,He,1,He I,1s.30d,1D,2.0,2,True,5.0,24.5722715200426,True,4e-13,L22715c201
002001.000513,He,1,He I,1s.30f,3F*,3.0,3,True,7.0,24.57227319631699,True,2.5e-13,L22715c201
002001.000538,He,1,He I,1s.30f,3F*,4.0,4,True,9.0,24.5722731975546,True,2.5e-13,L22715c201
002001.000488,He,1,He I,1s.30f,3F*,2.0,2,True,5.0,24.57227320008351,True,2.5e-13,L22715c201
002001.000463,He,1,He I,1s.30f,1F*,3.0,3,True,7.0,24.5722732046377,True,2.5e-13,L22715c201
002001.000613,He,1,He I,1s.30g,3G,4.0,4,True,9.0,24.57227351762527,True,2.5e-13,L22715c201
002001.000638,He,1,He I,1s.30g,3G,5.0,5,True,11.0,24.57227351920917,True,2.5e-13,L22715c201
002001.000588,He,1,He I,1s.30g,3G,3.0,3,True,7.0,24.57227352065445,True,2.5e-13,L22715c201
002001.000563,He,1,He I,1s.30g,1G,4.0,4,True,9.0,24.57227352163454,True,2.5e-13,L22715c201
002001.000713,He,1,He I,1s.30h,3H*,5.0,5,True,11.0,24.57227359678224,True,2.5e-13,L22715c201
002001.000738,He,1,He I,1s.30h,3H*,6.0,6,True,13.0,24.572273597818,True,2.5e-13,L22715c201
002001.000688,He,1,He I,1s.30h,3H*,4.0,4,True,9.0,24.57227359875792,True,2.5e-13,L22715c201
002001.000663,He,1,He I,1s.30h,1H*,5.0,5,True,11.0,24.57227359945942,True,2.5e-13,L22715c201
002001.000813,He,1,He I,1s.30i,3I,6.0,6,True,13.0,24.57227362277862,True,2.5e-13,L22715c201
002001.000838,He,1,He I,1s.30i,3I,7.0,7,True,15.0,24.57227362350504,True,2.5e-13,L22715c201
002001.000788,He,1,He I,1s.30i,3I,5.0,5,True,11.0,24.57227362416699,True,2.5e-13,L22715c201
002001.000763,He,1,He I,1s.30i,1I,6.0,6,True,13.0,24.57227362469293,True,2.5e-13,L22715c201
002001.000263,He,1,He I,1s.30p,1P*,1.0,1,True,3.0,24.5722858657881,True,7e-13,L22715c201
002001.000244,He,1,He I,1s.31s,3S,1.0,1,True,3.0,24.572958193102,True,1e-11,L22715c201
002001.000219,He,1,He I,1s.31s,1S,0.0,0,True,1.0,24.573104604934,True,1.2e-11,L22715c201
002001.000339,He,1,He I,1s.31p,3P*,2.0,2,True,5.0,24.57317048082,True,4e-12,L22715c201
002001.000314,He,1,He I,1s.31p,3P*,1.0,1,True,3.0,24.573170483051,True,4e-12,L22715c201
002001.000289,He,1,He I,1s.31p,3P*,0.0,0,True,1.0,24.57317051051,True,4e-12,L22715c201
002001.000439,He,1,He I,1s.31d,3D,3.0,3,True,7.0,24.5732304674684,True,5e-13,L22715c201
002001.000414,He,1,He I,1s.31d,3D,2.0,2,True,5.0,24.5732304678216,True,5e-13,L22715c201
002001.000389,He,1,He I,1s.31d,3D,1.0,1,True,3.0,24.5732304727194,True,5e-13,L22715c201
002001.000364,He,1,He I,1s.31d,1D,2.0,2,True,5.0,24.5732311750238,True,4e-13,L22715c201
002001.000514,He,1,He I,1s.31f,3F*,3.0,3,True,7.0,24.57323269433635,True,2.5e-13,L22715c201
002001.000539,He,1,He I,1s.31f,3F*,4.0,4,True,9.0,24.5732326954573,True,2.5e-13,L22715c201
002001.000489,He,1,He I,1s.31f,3F*,2.0,2,True,5.0,24.57323269774915,True,2.5e-13,L22715c201
002001.000464,He,1,He I,1s.31f,1F*,3.0,3,True,7.0,24.57323270187993,True,2.5e-13,L22715c201
002001.000614,He,1,He I,1s.31g,3G,4.0,4,True,9.0,24.57323298560227,True,2.5e-13,L22715c201
002001.000639,He,1,He I,1s.31g,3G,5.0,5,True,11.0,24.57323298703776,True,2.5e-13,L22715c201
002001.000589,He,1,He I,1s.31g,3G,3.0,3,True,7.0,24.57323298834765,True,2.5e-13,L22715c201
002001.000564,He,1,He I,1s.31g,1G,4.0,4,True,9.0,24.573232989236,True,2.5e-13,L22715c201
002001.000714,He,1,He I,1s.31h,3H*,5.0,5,True,11.0,24.57323305736668,True,2.5e-13,L22715c201
002001.000739,He,1,He I,1s.31h,3H*,6.0,6,True,13.0,24.57323305830536,True,2.5e-13,L22715c201
002001.000689,He,1,He I,1s.31h,3H*,4.0,4,True,9.0,24.57323305915726,True,2.5e-13,L22715c201
002001.000664,He,1,He I,1s.31h,1H*,5.0,5,True,11.0,24.57323305979305,True,2.5e-13,L22715c201
002001.000814,He,1,He I,1s.31i,3I,6.0,6,True,13.0,24.57323308093868,True,2.5e-13,L22715c201
002001.000839,He,1,He I,1s.31i,3I,7.0,7,True,15.0,24.57323308159704,True,2.5e-13,L22715c201
002001.000789,He,1,He I,1s.31i,3I,5.0,5,True,11.0,24.573233082197,True,2.5e-13,L22715c201
002001.000764,He,1,He I,1s.31i,1I,6.0,6,True,13.0,24.57323308267359,True,2.5e-13,L22715c201
002001.000264,He,1,He I,1s.31p,1P*,1.0,1,True,3.0,24.573244177668,True,6e-13,L22715c201
002001.000245,He,1,He I,1s.32s,3S,1.0,1,True,3.0,24.573854204444,True,9e-12,L22715c201
002001.000220,He,1,He I,1s.32s,1S,0.0,0,True,1.0,24.57398722547,True,1.1e-11,L22715c201
002001.000340,He,1,He I,1s.32p,3P*,2.0,2,True,5.0,24.574047095037,True,4e-12,L22715c201
002001.000315,He,1,He I,1s.32p,3P*,1.0,1,True,3.0,24.574047097066,True,4e-12,L22715c201
002001.000290,He,1,He I,1s.32p,3P*,0.0,0,True,1.0,24.574047122024,True,4e-12,L22715c201
002001.000440,He,1,He I,1s.32d,3D,3.0,3,True,7.0,24.5741016266281,True,5e-13,L22715c201
002001.000415,He,1,He I,1s.32d,3D,2.0,2,True,5.0,24.5741016269493,True,5e-13,L22715c201
002001.000390,He,1,He I,1s.32d,3D,1.0,1,True,3.0,24.574101631402,True,5e-13,L22715c201
002001.000365,He,1,He I,1s.32d,1D,2.0,2,True,5.0,24.5741022700706,True,4e-13,L22715c201
002001.000515,He,1,He I,1s.32f,3F*,3.0,3,True,7.0,24.57410365141942,True,2.5e-13,L22715c201
002001.000540,He,1,He I,1s.32f,3F*,4.0,4,True,9.0,24.57410365243783,True,2.5e-13,L22715c201
002001.000490,He,1,He I,1s.32f,3F*,2.0,2,True,5.0,24.5741036545215,True,2.5e-13,L22715c201
002001.000465,He,1,He I,1s.32f,1F*,3.0,3,True,7.0,24.57410365827959,True,2.5e-13,L22715c201
002001.000615,He,1,He I,1s.32g,3G,4.0,4,True,9.0,24.57410391627285,True,2.5e-13,L22715c201
002001.000640,He,1,He I,1s.32g,3G,5.0,5,True,11.0,24.57410391757792,True,2.5e-13,L22715c201
002001.000590,He,1,He I,1s.32g,3G,3.0,3,True,7.0,24.57410391876878,True,2.5e-13,L22715c201
002001.000565,He,1,He I,1s.32g,1G,4.0,4,True,9.0,24.57410391957641,True,2.5e-13,L22715c201
002001.000715,He,1,He I,1s.32h,3H*,5.0,5,True,11.0,24.57410398153665,True,2.5e-13,L22715c201
002001.000740,He,1,He I,1s.32h,3H*,6.0,6,True,13.0,24.57410398239003,True,2.5e-13,L22715c201
002001.000690,He,1,He I,1s.32h,3H*,4.0,4,True,9.0,24.57410398316456,True,2.5e-13,L22715c201
002001.000665,He,1,He I,1s.32h,1H*,5.0,5,True,11.0,24.57410398374257,True,2.5e-13,L22715c201
002001.000815,He,1,He I,1s.32i,3I,6.0,6,True,13.0,24.57410400297625,True,2.5e-13,L22715c201
002001.000840,He,1,He I,1s.32i,3I,7.0,7,True,15.0,24.57410400357484,True,2.5e-13,L22715c201
002001.000790,He,1,He I,1s.32i,3I,5.0,5,True,11.0,24.57410400412025,True,2.5e-13,L22715c201
002001.000765,He,1,He I,1s.32i,1I,6.0,6,True,13.0,24.57410400455357,True,2.5e-13,L22715c201
002001.000265,He,1,He I,1s.32p,1P*,1.0,1,True,3.0,24.5741140921573,True,6e-13,L22715c201
002001.000246,He,1,He I,1s.33s,3S,1.0,1,True,3.0,24.574669284234,True,8e-12,L22715c201
002001.000221,He,1,He I,1s.33s,1S,0.0,0,True,1.0,24.574790498896,True,1e-11,L22715c201
002001.000341,He,1,He I,1s.33p,3P*,2.0,2,True,5.0,24.574845070751,True,3e-12,L22715c201
002001.000316,He,1,He I,1s.33p,3P*,1.0,1,True,3.0,24.5748450726,True,3e-12,L22715c201
002001.000291,He,1,He I,1s.33p,3P*,0.0,0,True,1.0,24.574845095352,True,4e-12,L22715c201
002001.000441,He,1,He I,1s.33d,3D,3.0,3,True,7.0,24.5748947891421,True,4e-13,L22715c201
002001.000416,He,1,He I,1s.33d,3D,2.0,2,True,5.0,24.5748947894349,True,4e-13,L22715c201
002001.000391,He,1,He I,1s.33d,3D,1.0,1,True,3.0,24.574894793495,True,4e-13,L22715c201
002001.000366,He,1,He I,1s.33d,1D,2.0,2,True,5.0,24.57489537598439,True,2.5e-13,L22715c201
002001.000516,He,1,He I,1s.33f,3F*,3.0,3,True,7.0,24.57489663557879,True,2.5e-13,L22715c201
002001.000541,He,1,He I,1s.33f,3F*,4.0,4,True,9.0,24.57489663650681,True,2.5e-13,L22715c201
002001.000491,He,1,He I,1s.33f,3F*,2.0,2,True,5.0,24.57489663840675,True,2.5e-13,L22715c201
002001.000466,He,1,He I,1s.33f,1F*,3.0,3,True,7.0,24.57489664183565,True,2.5e-13,L22715c201
002001.000616,He,1,He I,1s.33g,3G,4.0,4,True,9.0,24.57489687711774,True,2.5e-13,L22715c201
002001.000641,He,1,He I,1s.33g,3G,5.0,5,True,11.0,24.57489687830762,True,2.5e-13,L22715c201
002001.000591,He,1,He I,1s.33g,3G,3.0,3,True,7.0,24.57489687939347,True,2.5e-13,L22715c201
002001.000566,He,1,He I,1s.33g,1G,4.0,4,True,9.0,24.57489688012993,True,2.5e-13,L22715c201
002001.000716,He,1,He I,1s.33h,3H*,5.0,5,True,11.0,24.57489693664242,True,2.5e-13,L22715c201
002001.000741,He,1,He I,1s.33h,3H*,6.0,6,True,13.0,24.57489693742055,True,2.5e-13,L22715c201
002001.000691,He,1,He I,1s.33h,3H*,4.0,4,True,9.0,24.57489693812677,True,2.5e-13,L22715c201
002001.000666,He,1,He I,1s.33h,1H*,5.0,5,True,11.0,24.57489693865382,True,2.5e-13,L22715c201
002001.000816,He,1,He I,1s.33i,3I,6.0,6,True,13.0,24.57489695619907,True,2.5e-13,L22715c201
002001.000841,He,1,He I,1s.33i,3I,7.0,7,True,15.0,24.57489695674485,True,2.5e-13,L22715c201
002001.000791,He,1,He I,1s.33i,3I,5.0,5,True,11.0,24.57489695724215,True,2.5e-13,L22715c201
002001.000766,He,1,He I,1s.33i,1I,6.0,6,True,13.0,24.57489695763729,True,2.5e-13,L22715c201
002001.000266,He,1,He I,1s.33p,1P*,1.0,1,True,3.0,24.5749061561969,True,5e-13,L22715c201
002001.000247,He,1,He I,1s.34s,3S,1.0,1,True,3.0,24.575412893719,True,7e-12,L22715c201
002001.000222,He,1,He I,1s.34s,1S,0.0,0,True,1.0,24.575523658875,True,9e-12,L22715c201
002001.000342,He,1,He I,1s.34p,3P*,2.0,2,True,5.0,24.575573540123,True,3e-12,L22715c201
002001.000317,He,1,He I,1s.34p,3P*,1.0,1,True,3.0,24.575573541814,True,3e-12,L22715c201
002001.000292,He,1,He I,1s.34p,3P*,0.0,0,True,1.0,24.575573562612,True,3e-12,L22715c201
002001.000442,He,1,He I,1s.34d,3D,3.0,3,True,7.0,24.5756189954825,True,4e-13,L22715c201
002001.000417,He,1,He I,1s.34d,3D,2.0,2,True,5.0,24.5756189957502,True,4e-13,L22715c201
002001.000392,He,1,He I,1s.34d,3D,1.0,1,True,3.0,24.5756189994624,True,4e-13,L22715c201
002001.000367,He,1,He I,1s.34d,1D,2.0,2,True,5.0,24.57561953216943,True,2.5e-13,L22715c201
002001.000517,He,1,He I,1s.34f,3F*,3.0,3,True,7.0,24.57562068390626,True,2.5e-13,L22715c201
002001.000542,He,1,He I,1s.34f,3F*,4.0,4,True,9.0,24.57562068475431,True,2.5e-13,L22715c201
002001.000492,He,1,He I,1s.34f,3F*,2.0,2,True,5.0,24.57562068649158,True,2.5e-13,L22715c201
002001.000467,He,1,He I,1s.34f,1F*,3.0,3,True,7.0,24.57562068962851,True,2.5e-13,L22715c201
002001.000617,He,1,He I,1s.34g,3G,4.0,4,True,9.0,24.57562090478771,True,2.5e-13,L22715c201
002001.000642,He,1,He I,1s.34g,3G,5.0,5,True,11.0,24.57562090587567,True,2.5e-13,L22715c201
002001.000592,He,1,He I,1s.34g,3G,3.0,3,True,7.0,24.57562090686853,True,2.5e-13,L22715c201
002001.000567,He,1,He I,1s.34g,1G,4.0,4,True,9.0,24.57562090754189,True,2.5e-13,L22715c201
002001.000717,He,1,He I,1s.34h,3H*,5.0,5,True,11.0,24.57562095922669,True,2.5e-13,L22715c201
002001.000742,He,1,He I,1s.34h,3H*,6.0,6,True,13.0,24.57562095993811,True,2.5e-13,L22715c201
002001.000692,He,1,He I,1s.34h,3H*,4.0,4,True,9.0,24.57562096058382,True,2.5e-13,L22715c201
002001.000667,He,1,He I,1s.34h,1H*,5.0,5,True,11.0,24.57562096106575,True,2.5e-13,L22715c201
002001.000817,He,1,He I,1s.34i,3I,6.0,6,True,13.0,24.57562097711426,True,2.5e-13,L22715c201
002001.000842,He,1,He I,1s.34i,3I,7.0,7,True,15.0,24.5756209776133,True,2.5e-13,L22715c201
002001.000792,He,1,He I,1s.34i,3I,5.0,5,True,11.0,24.57562097806795,True,2.5e-13,L22715c201
002001.000767,He,1,He I,1s.34i,1I,6.0,6,True,13.0,24.57562097842924,True,2.5e-13,L22715c201
002001.000267,He,1,He I,1s.34p,1P*,1.0,1,True,3.0,24.575629389412,True,5e-13,L22715c201
002001.000248,He,1,He I,1s.35s,3S,1.0,1,True,3.0,24.576093150917,True,7e-12,L22715c201
002001.000223,He,1,He I,1s.35s,1S,0.0,0,True,1.0,24.576194633969,True,8e-12,L22715c201
002001.000343,He,1,He I,1s.35p,3P*,2.0,2,True,5.0,24.576240347176,True,3e-12,L22715c201
002001.000318,He,1,He I,1s.35p,3P*,1.0,1,True,3.0,24.576240348725,True,3e-12,L22715c201
002001.000293,He,1,He I,1s.35p,3P*,0.0,0,True,1.0,24.576240367788,True,3e-12,L22715c201
002001.000443,He,1,He I,1s.35d,3D,3.0,3,True,7.0,24.5762820132583,True,4e-13,L22715c201
002001.000418,He,1,He I,1s.35d,3D,2.0,2,True,5.0,24.5762820135037,True,4e-13,L22715c201
002001.000393,He,1,He I,1s.35d,3D,1.0,1,True,3.0,24.5762820169067,True,4e-13,L22715c201
002001.000368,He,1,He I,1s.35d,1D,2.0,2,True,5.0,24.57628250534329,True,2.5e-13,L22715c201
002001.000518,He,1,He I,1s.35f,3F*,3.0,3,True,7.0,24.57628356119235,True,2.5e-13,L22715c201
002001.000543,He,1,He I,1s.35f,3F*,4.0,4,True,9.0,24.57628356196936,True,2.5e-13,L22715c201
002001.000493,He,1,He I,1s.35f,3F*,2.0,2,True,5.0,24.57628356356194,True,2.5e-13,L22715c201
002001.000468,He,1,He I,1s.35f,1F*,3.0,3,True,7.0,24.57628356643899,True,2.5e-13,L22715c201
002001.000618,He,1,He I,1s.35g,3G,4.0,4,True,9.0,24.57628376370554,True,2.5e-13,L22715c201
002001.000643,He,1,He I,1s.35g,3G,5.0,5,True,11.0,24.57628376470286,True,2.5e-13,L22715c201
002001.000593,He,1,He I,1s.35g,3G,3.0,3,True,7.0,24.57628376561303,True,2.5e-13,L22715c201
002001.000568,He,1,He I,1s.35g,1G,4.0,4,True,9.0,24.57628376623035,True,2.5e-13,L22715c201
002001.000718,He,1,He I,1s.35h,3H*,5.0,5,True,11.0,24.57628381362145,True,2.5e-13,L22715c201
002001.000743,He,1,He I,1s.35h,3H*,6.0,6,True,13.0,24.57628381427373,True,2.5e-13,L22715c201
002001.000693,He,1,He I,1s.35h,3H*,4.0,4,True,9.0,24.57628381486563,True,2.5e-13,L22715c201
002001.000668,He,1,He I,1s.35h,1H*,5.0,5,True,11.0,24.57628381530739,True,2.5e-13,L22715c201
002001.000818,He,1,He I,1s.35i,3I,6.0,6,True,13.0,24.57628383002456,True,2.5e-13,L22715c201
002001.000843,He,1,He I,1s.35i,3I,7.0,7,True,15.0,24.57628383048206,True,2.5e-13,L22715c201
002001.000793,He,1,He I,1s.35i,3I,5.0,5,True,11.0,24.57628383089889,True,2.5e-13,L22715c201
002001.000768,He,1,He I,1s.35i,1I,6.0,6,True,13.0,24.57628383123006,True,2.5e-13,L22715c201
002001.000268,He,1,He I,1s.35p,1P*,1.0,1,True,3.0,24.5762915420321,True,5e-13,L22715c201
002001.Lim001,He,1,He I,He II (1s 2S<1/2>),Limit,,---,False,,24.587389011,False,2.5e-08,L17714
002001.000195,He,1,He I,2s.2p,3P*,,"0,1,2",False,9.0,58.311,False,0.006,L1368
002001.000189,He,1,He I,2p2,3P,,"0,1,2",False,9.0,59.67378,False,0.00015,L1341
002001.000196,He,1,He I,2p.3p,3D,,"1,2,3",False,15.0,63.119,False,0.006,L1368
002001.000197,He,1,He I,2p.3d,3D*,,"1,2,3",False,15.0,63.78658,False,0.00015,L1368
002001.000198,He,1,He I,2p.3d,3P*,,"0,1,2",False,9.0,64.0719,False,0.0006,L1368
003001.000001,Li,1,Li I,1s2.2s,2S,0.5,1/2,True,2.0,0.0,False,1.2e-05,L3462
003001.000002,Li,1,Li I,1s2.2p,2P*,0.5,1/2,True,2.0,1.847818,False,1.2e-05,
003001.000003,Li,1,Li I,1s2.2p,2P*,1.5,3/2,True,4.0,1.84786,False,1.2e-05,
003001.000004,Li,1,Li I,1s2.3s,2S,0.5,1/2,True,2.0,3.373129,False,1.2e-05,
003001.000005,Li,1,Li I,1s2.3p,2P*,0.5,1/2,True,2.0,3.834258,False,1.2e-05,
003001.000006,Li,1,Li I,1s2.3p,2P*,1.5,3/2,True,4.0,3.834258,False,1.2e-05,
003001.000007,Li,1,Li I,1s2.3d,2D,1.5,3/2,True,4.0,3.878608,False,1.2e-05,
003001.000008,Li,1,Li I,1s2.3d,2D,2.5,5/2,True,6.0,3.878613,False,1.2e-05,
003001.000009,Li,1,Li I,1s2.4s,2S,0.5,1/2,True,2.0,4.340942,False,1.2e-05,
003001.000010,Li,1,Li I,1s2.4p,2P*,0.5,1/2,True,2.0,4.521648,False,1.2e-05,
003001.000011,Li,1,Li I,1s2.4p,2P*,1.5,3/2,True,4.0,4.521648,False,1.2e-05,
003001.000012,Li,1,Li I,1s2.4d,2D,1.5,3/2,True,4.0,4.54072,False,1.2e-05,
003001.000013,Li,1,Li I,1s2.4d,2D,2.5,5/2,True,6.0,4.540723,False,1.2e-05,
003001.000014,Li,1,Li I,1s2.4f,2F*,2.5,5/2,True,6.0,4.54157,False,0.00012,
003001.000015,Li,1,Li I,1s2.4f,2F*,3.5,7/2,True,8.0,4.54157,False,0.00012,
003001.000016,Li,1,Li I,1s2.5s,2S,0.5,1/2,True,2.0,4.748533,False,1.2e-05,
003001.000017,Li,1,Li I,1s2.5p,2P*,0.5,1/2,True,2.0,4.837313,False,1.2e-05,
003001.000018,Li,1,Li I,1s2.5p,2P*,1.5,3/2,True,4.0,4.837313,False,1.2e-05,
003001.000019,Li,1,Li I,1s2.5d,2D,1.5,3/2,True,4.0,4.847154,False,1.2e-05,
003001.000020,Li,1,Li I,1s2.5d,2D,2.5,5/2,True,6.0,4.847155,False,1.2e-05,
003001.000021,Li,1,Li I,1s2.5f,2F*,2.5,5/2,True,6.0,4.84834,False,0.00012,
003001.000022,Li,1,Li I,1s2.5f,2F*,3.5,7/2,True,8.0,4.84834,False,0.00012,
003001.000023,Li,1,Li I,1s2.6s,2S,0.5,1/2,True,2.0,4.957835,False,1.2e-05,
003001.000024,Li,1,Li I,1s2.6p,2P*,0.5,1/2,True,2.0,5.007826,False,1.2e-05,
003001.000025,Li,1,Li I,1s2.6p,2P*,1.5,3/2,True,4.0,5.007826,False,1.2e-05,
003001.000026,Li,1,Li I,1s2.6d,2D,1.5,3/2,True,4.0,5.013587,False,1.2e-05,
003001.000027,Li,1,Li I,1s2.6d,2D,2.5,5/2,True,6.0,5.013589,False,1.2e-05,
003001.000028,Li,1,Li I,1s2.7s,2S,0.5,1/2,True,2.0,5.07937,False,0.00012,
003001.000029,Li,1,Li I,1s2.7p,2P*,0.5,1/2,True,2.0,5.1103,False,1.2e-05,
003001.000030,Li,1,Li I,1s2.7p,2P*,1.5,3/2,True,4.0,5.1103,False,1.2e-05,
003001.000031,Li,1,Li I,1s2.7d,2D,1.5,3/2,True,4.0,5.11391,False,0.00012,
003001.000032,Li,1,Li I,1s2.7d,2D,2.5,5/2,True,6.0,5.11391,False,0.00012,
003001.000033,Li,1,Li I,1s2.8s,2S,0.5,1/2,True,2.0,5.15614,False,0.00012,
003001.000034,Li,1,Li I,1s2.8p,2P*,0.5,1/2,True,2.0,5.176542,False,1.2e-05,
003001.000035,Li,1,Li I,1s2.8p,2P*,1.5,3/2,True,4.0,5.176542,False,1.2e-05,
003001.000036,Li,1,Li I,1s2.8d,2D,1.5,3/2,True,4.0,5.17898,False,0.00012,
003001.000037,Li,1,Li I,1s2.8d,2D,2.5,5/2,True,6.0,5.17898,False,0.00012,
003001.000038,Li,1,Li I,1s2.9s,2S,0.5,1/2,True,2.0,5.20775,False,0.00012,
003001.000039,Li,1,Li I,1s2.9p,2P*,0.5,1/2,True,2.0,5.222,False,1.2e-05,
003001.000040,Li,1,Li I,1s2.9p,2P*,1.5,3/2,True,4.0,5.222,False,1.2e-05,
003001.000041,Li,1,Li I,1s2.9d,2D,1.5,3/2,True,4.0,5.22362,False,0.00012,
003001.000042,Li,1,Li I,1s2.9d,2D,2.5,5/2,True,6.0,5.22362,False,0.00012,
003001.000043,Li,1,Li I,1s2.10s,2S,0.5,1/2,True,2.0,5.2443,False,0.0012,
003001.000044,Li,1,Li I,1s2.10p,2P*,0.5,1/2,True,2.0,5.254346,False,1.2e-05,
003001.000045,Li,1,Li I,1s2.10p,2P*,1.5,3/2,True,4.0,5.254346,False,1.2e-05,
003001.000046,Li,1,Li I,1s2.10d,2D,1.5,3/2,True,4.0,5.2556,False,0.0012,
003001.000047,Li,1,Li I,1s2.10d,2D,2.5,5/2,True,6.0,5.2556,False,0.0012,
003001.000048,Li,1,Li I,1s2.11s,2S,0.5,1/2,True,2.0,5.2706,False,0.0012,
003001.000049,Li,1,Li I,1s2.11p,2P*,0.5,1/2,True,2.0,5.2779,False,0.00012,
003001.000050,Li,1,Li I,1s2.11p,2P*,1.5,3/2,True,4.0,5.2779,False,0.00012,
003001.000051,Li,1,Li I,1s2.11d,2D,1.5,3/2,True,4.0,5.279,False,0.0012,
003001.000052,Li,1,Li I,1s2.11d,2D,2.5,5/2,True,6.0,5.279,False,0.0012,
003001.000053,Li,1,Li I,1s2.12p,2P*,0.5,1/2,True,2.0,5.296498,False,1.2e-05,
003001.000054,Li,1,Li I,1s2.12p,2P*,1.5,3/2,True,4.0,5.296498,False,1.2e-05,
003001.000055,Li,1,Li I,1s2.12d,2D,1.5,3/2,True,4.0,5.2972,False,0.0012,
003001.000056,Li,1,Li I,1s2.12d,2D,2.5,5/2,True,6.0,5.2972,False,0.0012,
003001.000057,Li,1,Li I,1s2.13p,2P*,0.5,1/2,True,2.0,5.310605,False,1.2e-05,
003001.000058,Li,1,Li I,1s2.13p,2P*,1.5,3/2,True,4.0,5.310605,False,1.2e-05,
003001.000059,Li,1,Li I,1s2.14p,2P*,0.5,1/2,True,2.0,5.321822,False,1.2e-05,
003001.000060,Li,1,Li I,1s2.14p,2P*,1.5,3/2,True,4.0,5.321822,False,1.2e-05,
003001.000061,Li,1,Li I,1s2.15p,2P*,0.5,1/2,True,2.0,5.330764,False,1.2e-05,
003001.000062,Li,1,Li I,1s2.15p,2P*,1.5,3/2,True,4.0,5.330764,False,1.2e-05,
003001.000063,Li,1,Li I,1s2.16p,2P*,0.5,1/2,True,2.0,5.338182,False,1.2e-05,
003001.000064,Li,1,Li I,1s2.16p,2P*,1.5,3/2,True,4.0,5.338182,False,1.2e-05,
003001.000065,Li,1,Li I,1s2.17p,2P*,0.5,1/2,True,2.0,5.344391,False,1.2e-05,
003001.000066,Li,1,Li I,1s2.17p,2P*,1.5,3/2,True,4.0,5.344391,False,1.2e-05,
003001.000067,Li,1,Li I,1s2.18p,2P*,0.5,1/2,True,2.0,5.349541,False,1.2e-05,
003001.000068,Li,1,Li I,1s2.18p,2P*,1.5,3/2,True,4.0,5.349541,False,1.2e-05,
003001.000069,Li,1,Li I,1s2.19p,2P*,0.5,1/2,True,2.0,5.353866,False,1.2e-05,
003001.000070,Li,1,Li I,1s2.19p,2P*,1.5,3/2,True,4.0,5.353866,False,1.2e-05,
003001.000071,Li,1,Li I,1s2.20p,2P*,0.5,1/2,True,2.0,5.35753,False,1.2e-05,
003001.000072,Li,1,Li I,1s2.20p,2P*,1.5,3/2,True,4.0,5.35753,False,1.2e-05,
003001.000073,Li,1,Li I,1s2.21p,2P*,0.5,1/2,True,2.0,5.360725,False,1.2e-05,
003001.000074,Li,1,Li I,1s2.21p,2P*,1.5,3/2,True,4.0,5.360725,False,1.2e-05,
003001.000075,Li,1,Li I,1s2.22p,2P*,0.5,1/2,True,2.0,5.36345,False,1.2e-05,
003001.000076,Li,1,Li I,1s2.22p,2P*,1.5,3/2,True,4.0,5.36345,False,1.2e-05,
003001.000077,Li,1,Li I,1s2.23p,2P*,0.5,1/2,True,2.0,5.365907,False,1.2e-05,
003001.000078,Li,1,Li I,1s2.23p,2P*,1.5,3/2,True,4.0,5.365907,False,1.2e-05,
003001.000079,Li,1,Li I,1s2.24p,2P*,0.5,1/2,True,2.0,5.368024,False,1.2e-05,
003001.000080,Li,1,Li I,1s2.24p,2P*,1.5,3/2,True,4.0,5.368024,False,1.2e-05,
003001.000081,Li,1,Li I,1s2.25p,2P*,0.5,1/2,True,2.0,5.369935,False,1.2e-05,
003001.000082,Li,1,Li I,1s2.25p,2P*,1.5,3/2,True,4.0,5.369935,False,1.2e-05,
003001.000083,Li,1,Li I,1s2.26p,2P*,0.5,1/2,True,2.0,5.371592,False,1.2e-05,
003001.000084,Li,1,Li I,1s2.26p,2P*,1.5,3/2,True,4.0,5.371592,False,1.2e-05,
003001.000085,Li,1,Li I,1s2.27p,2P*,0.5,1/2,True,2.0,5.373029,False,1.2e-05,
003001.000086,Li,1,Li I,1s2.27p,2P*,1.5,3/2,True,4.0,5.373029,False,1.2e-05,
003001.000087,Li,1,Li I,1s2.28p,2P*,0.5,1/2,True,2.0,5.374267,False,1.2e-05,
003001.000088,Li,1,Li I,1s2.28p,2P*,1.5,3/2,True,4.0,5.374267,False,1.2e-05,
003001.000089,Li,1,Li I,1s2.29p,2P*,0.5,1/2,True,2.0,5.375324,False,1.2e-05,
003001.000090,Li,1,Li I,1s2.29p,2P*,1.5,3/2,True,4.0,5.375324,False,1.2e-05,
003001.000091,Li,1,Li I,1s2.30p,2P*,0.5,1/2,True,2.0,5.376415,False,1.2e-05,
003001.000092,Li,1,Li I,1s2.30p,2P*,1.5,3/2,True,4.0,5.376415,False,1.2e-05,
003001.000093,Li,1,Li I,1s2.31p,2P*,0.5,1/2,True,2.0,5.37745,False,1.2e-05,
003001.000094,Li,1,Li I,1s2.31p,2P*,1.5,3/2,True,4.0,5.37745,False,1.2e-05,
003001.000095,Li,1,Li I,1s2.32p,2P*,0.5,1/2,True,2.0,5.378225,False,1.2e-05,
003001.000096,Li,1,Li I,1s2.32p,2P*,1.5,3/2,True,4.0,5.378225,False,1.2e-05,
003001.000097,Li,1,Li I,1s2.33p,2P*,0.5,1/2,True,2.0,5.37904,False,0.00012,
003001.000098,Li,1,Li I,1s2.33p,2P*,1.5,3/2,True,4.0,5.37904,False,0.00012,
003001.000099,Li,1,Li I,1s2.34p,2P*,0.5,1/2,True,2.0,5.37971,False,0.00012,
003001.000100,Li,1,Li I,1s2.34p,2P*,1.5,3/2,True,4.0,5.37971,False,0.00012,
003001.000101,Li,1,Li I,1s2.35p,2P*,0.5,1/2,True,2.0,5.38034,False,0.00012,
003001.000102,Li,1,Li I,1s2.35p,2P*,1.5,3/2,True,4.0,5.38034,False,0.00012,
003001.000103,Li,1,Li I,1s2.36p,2P*,0.5,1/2,True,2.0,5.38098,False,0.00012,
003001.000104,Li,1,Li I,1s2.36p,2P*,1.5,3/2,True,4.0,5.38098,False,0.00012,
003001.000105,Li,1,Li I,1s2.37p,2P*,0.5,1/2,True,2.0,5.3815,False,0.00012,
003001.000106,Li,1,Li I,1s2.37p,2P*,1.5,3/2,True,4.0,5.3815,False,0.00012,
003001.000107,Li,1,Li I,1s2.38p,2P*,0.5,1/2,True,2.0,5.38198,False,0.00012,
003001.000108,Li,1,Li I,1s2.38p,2P*,1.5,3/2,True,4.0,5.38198,False,0.00012,
003001.000109,Li,1,Li I,1s2.39p,2P*,0.5,1/2,True,2.0,5.38245,False,0.00012,
003001.000110,Li,1,Li I,1s2.39p,2P*,1.5,3/2,True,4.0,5.38245,False,0.00012,
003001.000111,Li,1,Li I,1s2.40p,2P*,0.5,1/2,True,2.0,5.38301,False,0.00012,
003001.000112,Li,1,Li I,1s2.40p,2P*,1.5,3/2,True,4.0,5.38301,False,0.00012,
003001.000113,Li,1,Li I,1s2.41p,2P*,0.5,1/2,True,2.0,5.38351,False,0.00012,
003001.000114,Li,1,Li I,1s2.41p,2P*,1.5,3/2,True,4.0,5.38351,False,0.00012,
003001.000115,Li,1,Li I,1s2.42p,2P*,0.5,1/2,True,2.0,5.38393,False,0.00012,
003001.000116,Li,1,Li I,1s2.42p,2P*,1.5,3/2,True,4.0,5.38393,False,0.00012,
003001.Lim001,Li,1,Li I,Li II (1s2 1S<0>),Limit,,---,False,,5.391714996,False,2.2e-08,L12261
003001.000118,Li,1,Li I,1s.2s.2p,4P*,0.5,1/2,True,2.0,57.469,False,0.012,
003001.000119,Li,1,Li I,1s.2s.2p,4P*,1.5,3/2,True,4.0,57.469,False,0.012,
003001.000120,Li,1,Li I,1s.2s.2p,4P*,2.5,5/2,True,6.0,57.469,False,0.012,
003001.000121,Li,1,Li I,1s.2p.(1P*).2s,2P*,0.5,1/2,True,2.0,58.911,False,0.012,
003001.000122,Li,1,Li I,1s.2p.(1P*).2s,2P*,1.5,3/2,True,4.0,58.911,False,0.012,
003001.000123,Li,1,Li I,1s.2p2,4P,0.5,1/2,True,2.0,60.807,False,0.012,
003001.000124,Li,1,Li I,1s.2p2,4P,1.5,3/2,True,4.0,60.807,False,0.012,
003001.000125,Li,1,Li I,1s.2p2,4P,2.5,5/2,True,6.0,60.807,False,0.012,
003001.000126,Li,1,Li I,1s.2s.3p,4P*,0.5,1/2,True,2.0,61.319,False,0.012,
003001.000127,Li,1,Li I,1s.2s.3p,4P*,1.5,3/2,True,4.0,61.319,False,0.012,
003001.000128,Li,1,Li I,1s.2s.3p,4P*,2.5,5/2,True,6.0,61.319,False,0.012,
003001.000129,Li,1,Li I,1s.2p2,2P,0.5,1/2,True,2.0,61.599,False,0.012,
003001.000130,Li,1,Li I,1s.2p2,2P,1.5,3/2,True,4.0,61.599,False,0.012,
003001.000131,Li,1,Li I,1s.2s.3s,4S,1.5,3/2,True,4.0,61.69,False,0.12,
003001.000132,Li,1,Li I,1s.2p.3s,4P*,0.5,1/2,True,2.0,62.769,False,0.012,
003001.000133,Li,1,Li I,1s.2p.3s,4P*,1.5,3/2,True,4.0,62.769,False,0.012,
003001.000134,Li,1,Li I,1s.2p.3s,4P*,2.5,5/2,True,6.0,62.769,False,0.012,
003001.000135,Li,1,Li I,1s.2s.3d,4D,0.5,1/2,True,2.0,62.773,False,0.012,
003001.000136,Li,1,Li I,1s.2s.3d,4D,1.5,3/2,True,4.0,62.773,False,0.012,
003001.000137,Li,1,Li I,1s.2s.3d,4D,2.5,5/2,True,6.0,62.773,False,0.012,
003001.000138,Li,1,Li I,1s.2s.3d,4D,3.5,7/2,True,8.0,62.773,False,0.012,
003001.000139,Li,1,Li I,1s.2s.4s,4S,1.5,3/2,True,4.0,63.18,False,0.012,
003001.000140,Li,1,Li I,1s.2s.5s,4S,1.5,3/2,True,4.0,63.729,False,0.012,
003001.000141,Li,1,Li I,1s.2s.4p,4P*,0.5,1/2,True,2.0,63.929,False,0.012,
003001.000142,Li,1,Li I,1s.2s.4p,4P*,1.5,3/2,True,4.0,63.929,False,0.012,
003001.000143,Li,1,Li I,1s.2s.4p,4P*,2.5,5/2,True,6.0,63.929,False,0.012,
003001.000144,Li,1,Li I,1s.2s.6s,4S,1.5,3/2,True,4.0,63.989,False,0.012,
003001.000145,Li,1,Li I,1s.2p.4s,4P*,0.5,1/2,True,2.0,64.232,False,0.012,
003001.000146,Li,1,Li I,1s.2p.4s,4P*,1.5,3/2,True,4.0,64.232,False,0.012,
003001.000147,Li,1,Li I,1s.2p.4s,4P*,2.5,5/2,True,6.0,64.232,False,0.012,
003001.000148,Li,1,Li I,1s.2s.7s,4S,1.5,3/2,True,4.0,64.329,False,0.012,
003001.000149,Li,1,Li I,1s.2p.3p,4P,0.5,1/2,True,2.0,64.872,False,0.012,
003001.000150,Li,1,Li I,1s.2p.3p,4P,1.5,3/2,True,4.0,64.872,False,0.012,
003001.000151,Li,1,Li I,1s.2p.3p,4P,2.5,5/2,True,6.0,64.872,False,0.012,
003001.000152,Li,1,Li I,1s.2p.3d,4D*,0.5,1/2,True,2.0,65.126,False,0.012,
003001.000153,Li,1,Li I,1s.2p.3d,4D*,1.5,3/2,True,4.0,65.126,False,0.012,
003001.000154,Li,1,Li I,1s.2p.3d,4D*,2.5,5/2,True,6.0,65.126,False,0.012,
003001.000155,Li,1,Li I,1s.2p.3d,4D*,3.5,7/2,True,8.0,65.126,False,0.012,
003001.000156,Li,1,Li I,1s.2p.(1P*).3s,2P*,0.5,1/2,True,2.0,65.267,False,0.012,
003001.000157,Li,1,Li I,1s.2p.(1P*).3s,2P*,1.5,3/2,True,4.0,65.267,False,0.012,
003001.000158,Li,1,Li I,1s.2p.4p,4P,0.5,1/2,True,2.0,65.78,False,0.012,
003001.000159,Li,1,Li I,1s.2p.4p,4P,1.5,3/2,True,4.0,65.78,False,0.012,
003001.000160,Li,1,Li I,1s.2p.4p,4P,2.5,5/2,True,6.0,65.78,False,0.012,
003001.000161,Li,1,Li I,1s.2p.5p,4P,0.5,1/2,True,2.0,66.169,False,0.012,
003001.000162,Li,1,Li I,1s.2p.5p,4P,1.5,3/2,True,4.0,66.169,False,0.012,
003001.000163,Li,1,Li I,1s.2p.5p,4P,2.5,5/2,True,6.0,66.169,False,0.012,
003001.000164,Li,1,Li I,1s.2p.6p,4P,0.5,1/2,True,2.0,66.379,False,0.012,
003001.000165,Li,1,Li I,1s.2p.6p,4P,1.5,3/2,True,4.0,66.379,False,0.012,
003001.000166,Li,1,Li I,1s.2p.6p,4P,2.5,5/2,True,6.0,66.379,False,0.012,
003001.000167,Li,1,Li I,1s.2p.(1P*).4s,2P*,0.5,1/2,True,2.0,66.454,False,0.012,
003001.000168,Li,1,Li I,1s.2p.(1P*).4s,2P*,1.5,3/2,True,4.0,66.454,False,0.012,
003001.000169,Li,1,Li I,1s.2p.(1P*).5s,2P*,0.5,1/2,True,2.0,66.93,False,0.12,
003001.000170,Li,1,Li I,1s.2p.(1P*).5s,2P*,1.5,3/2,True,4.0,66.93,False,0.12,
003001.000171,Li,1,Li I,1s.2p.(1P*).6s,2P*,0.5,1/2,True,2.0,67.165,False,0.012,
003001.000172,Li,1,Li I,1s.2p.(1P*).6s,2P*,1.5,3/2,True,4.0,67.165,False,0.012,
003001.000173,Li,1,Li I,1s.2p.(1P*).7s,2P*,0.5,1/2,True,2.0,67.292,False,0.012,
003001.000174,Li,1,Li I,1s.2p.(1P*).7s,2P*,1.5,3/2,True,4.0,67.292,False,0.012,
003001.000175,Li,1,Li I,1s.2p.(1P*).8s,2P*,0.5,1/2,True,2.0,67.378,False,0.012,
003001.000176,Li,1,Li I,1s.2p.(1P*).8s,2P*,1.5,3/2,True,4.0,67.378,False,0.012,
003001.000177,Li,1,Li I,1s.2p.(1P*).9s,2P*,0.5,1/2,True,2.0,67.433,False,0.012,
003001.000178,Li,1,Li I,1s.2p.(1P*).9s,2P*,1.5,3/2,True,4.0,67.433,False,0.012,
003001.000179,Li,1,Li I,1s.2p.(1P*).10s,2P*,0.5,1/2,True,2.0,67.476,False,0.012,
003001.000180,Li,1,Li I,1s.2p.(1P*).10s,2P*,1.5,3/2,True,4.0,67.476,False,0.012,
003001.000181,Li,1,Li I,1s.2p.(1P*).11s,2P*,0.5,1/2,True,2.0,67.499,False,0.012,
003001.000182,Li,1,Li I,1s.2p.(1P*).11s,2P*,1.5,3/2,True,4.0,67.499,False,0.012,
003002.000001,Li,2,Li II,1s2,1S,0.0,0,True,1.0,0.0,False,1.2e-06,L3501
003002.000002,Li,2,Li II,1s.2s,3S,1.0,1,True,3.0,59.020708,True,1.2e-05,L3501c202
003002.000003,Li,2,Li II,1s.2s,1S,0.0,0,True,1.0,60.922576,True,1.9e-05,L4834c203
003002.000004,Li,2,Li II,1s.2p,3P*,1.0,1,True,3.0,61.280467,True,1.2e-05,L3501c202
003002.000005,Li,2,Li II,1s.2p,3P*,2.0,2,True,5.0,61.280749,True,1.2e-05,L3501c202
003002.000006,Li,2,Li II,1s.2p,3P*,0.0,0,True,1.0,61.281137,True,1.2e-05,L3501c202
003002.000007,Li,2,Li II,1s.2p,1P*,1.0,1,True,3.0,62.216228,True,1.2e-05,L3501c202
003002.000008,Li,2,Li II,1s.3s,3S,1.0,1,True,3.0,68.780678,True,1.2e-05,L3501c202
003002.000009,Li,2,Li II,1s.3s,1S,0.0,0,True,1.0,69.27952,True,1.2e-05,L3501c202
003002.000010,Li,2,Li II,1s.3p,3P*,1.0,1,True,3.0,69.3691,True,0.00019,L3501c202
003002.000011,Li,2,Li II,1s.3p,3P*,2.0,2,True,5.0,69.36923,True,0.0001,L3501c202
003002.000012,Li,2,Li II,1s.3p,3P*,0.0,0,True,1.0,69.36934,True,4e-05,L3501c202
003002.000013,Li,2,Li II,1s.3d,3D,2.0,2,True,5.0,69.585174,True,1.2e-05,L3501c202
003002.000014,Li,2,Li II,1s.3d,3D,3.0,3,True,7.0,69.585251,True,1.2e-05,L3501c202
003002.000015,Li,2,Li II,1s.3d,3D,1.0,1,True,3.0,69.585317,True,2.5e-05,L3501c202
003002.000016,Li,2,Li II,1s.3d,1D,2.0,2,True,5.0,69.588952,True,1.2e-05,L3501c202
003002.000017,Li,2,Li II,1s.3p,1P*,1.0,1,True,3.0,69.648365,True,1.9e-05,L3501c202
003002.000018,Li,2,Li II,1s.4s,3S,1.0,1,True,3.0,71.908412,True,1.2e-05,L3501c202
003002.000019,Li,2,Li II,1s.4s,1S,0.0,0,True,1.0,72.108701,True,1.9e-05,L3501c202
003002.000020,Li,2,Li II,1s.4p,3P*,0.0,0,True,1.0,72.144509,True,1.2e-05,L3501c202
003002.000021,Li,2,Li II,1s.4p,3P*,1.0,1,True,3.0,72.144559,True,1.2e-05,L3501c202
003002.000022,Li,2,Li II,1s.4p,3P*,2.0,2,True,5.0,72.144648,True,1.2e-05,L3501c202
003002.000023,Li,2,Li II,1s.4d,3D,1.0,1,True,3.0,72.2347,True,2.5e-05,L3501c202
003002.000024,Li,2,Li II,1s.4d,3D,2.0,2,True,5.0,72.234749,True,1.2e-05,L3501c202
003002.000025,Li,2,Li II,1s.4d,3D,3.0,3,True,7.0,72.234831,True,1.2e-05,L3501c202
003002.000026,Li,2,Li II,1s.4d,1D,2.0,2,True,5.0,72.236923,True,1.9e-05,L3501c202
003002.000027,Li,2,Li II,1s.4f,3F*,2.0,2,True,5.0,72.238414,True,1.2e-05,L3501c202
003002.000028,Li,2,Li II,1s.4f,3F*,3.0,3,True,7.0,72.238414,True,1.2e-05,L3501c202
003002.000029,Li,2,Li II,1s.4f,3F*,4.0,4,True,9.0,72.238414,True,1.2e-05,L3501c202
003002.000030,Li,2,Li II,1s.4f,1F*,3.0,3,True,7.0,72.238546,True,1.2e-05,L3501c202
003002.000031,Li,2,Li II,1s.4p,1P*,1.0,1,True,3.0,72.26252,True,0.00015,L6124c204
003002.000032,Li,2,Li II,1s.5s,3S,1.0,1,True,3.0,73.297399,True,1.2e-05,L3501c202
003002.000033,Li,2,Li II,1s.5s,1S,0.0,0,True,1.0,73.397242,True,1.9e-05,L3501c202
003002.000034,Li,2,Li II,1s.5p,3P*,0.0,0,True,1.0,73.415108,True,1.2e-05,L3501c202
003002.000035,Li,2,Li II,1s.5p,3P*,1.0,1,True,3.0,73.415155,True,1.2e-05,L3501c202
003002.000036,Li,2,Li II,1s.5p,3P*,2.0,2,True,5.0,73.415238,True,1.2e-05,L3501c202
003002.000037,Li,2,Li II,1s.5d,3D,1.0,1,True,3.0,73.460988,True,2.5e-05,L3501c202
003002.000038,Li,2,Li II,1s.5d,3D,2.0,2,True,5.0,73.461037,True,1.2e-05,L3501c202
003002.000039,Li,2,Li II,1s.5d,3D,3.0,3,True,7.0,73.461119,True,1.2e-05,L3501c202
003002.000040,Li,2,Li II,1s.5d,1D,2.0,2,True,5.0,73.462319,True,1.9e-05,L3501c202
003002.000041,Li,2,Li II,1s.5f,3F*,2.0,2,True,5.0,73.463023,True,1.2e-05,L3501c202
003002.000042,Li,2,Li II,1s.5f,3F*,3.0,3,True,7.0,73.463023,True,1.2e-05,L3501c202
003002.000043,Li,2,Li II,1s.5f,3F*,4.0,4,True,9.0,73.463023,True,1.2e-05,L3501c202
003002.000044,Li,2,Li II,1s.5f,1F*,3.0,3,True,7.0,73.463147,True,1.2e-05,L3501c202
003002.000138,Li,2,Li II,1s.5g,1G,4.0,4,True,9.0,73.463317,True,2.5e-05,u46
003002.000139,Li,2,Li II,1s.5g,3G,3.0,3,True,7.0,73.463317,True,2.5e-05,u46
003002.000140,Li,2,Li II,1s.5g,3G,4.0,4,True,9.0,73.463317,True,2.5e-05,u46
003002.000141,Li,2,Li II,1s.5g,3G,5.0,5,True,11.0,73.463317,True,2.5e-05,u46
003002.000045,Li,2,Li II,1s.5p,1P*,1.0,1,True,3.0,73.4753,True,0.0003,L6124c204
003002.000046,Li,2,Li II,1s.6s,3S,1.0,1,True,3.0,74.033578,True,1.2e-05,L3501c202
003002.000047,Li,2,Li II,1s.6s,1S,0.0,0,True,1.0,74.090435,True,1.9e-05,L3501c202
003002.000048,Li,2,Li II,1s.6p,3P*,0.0,0,True,1.0,74.10058,True,1.2e-05,L3501c202
003002.000049,Li,2,Li II,1s.6p,3P*,1.0,1,True,3.0,74.100627,True,1.2e-05,L3501c202
003002.000050,Li,2,Li II,1s.6p,3P*,2.0,2,True,5.0,74.10071,True,1.2e-05,L3501c202
003002.000052,Li,2,Li II,1s.6d,3D,1.0,1,True,3.0,74.127013,True,2.5e-05,L3501c202
003002.000053,Li,2,Li II,1s.6d,3D,2.0,2,True,5.0,74.127061,True,1.2e-05,L3501c202
003002.000054,Li,2,Li II,1s.6d,3D,3.0,3,True,7.0,74.127143,True,1.2e-05,L3501c202
003002.000055,Li,2,Li II,1s.6d,1D,2.0,2,True,5.0,74.127877,True,1.9e-05,L3501c202
003002.000056,Li,2,Li II,1s.6f,3F*,2.0,2,True,5.0,74.128238,True,1.2e-05,L3501c202
003002.000057,Li,2,Li II,1s.6f,3F*,3.0,3,True,7.0,74.128238,True,1.2e-05,L3501c202
003002.000058,Li,2,Li II,1s.6f,3F*,4.0,4,True,9.0,74.128238,True,1.2e-05,L3501c202
003002.000059,Li,2,Li II,1s.6f,1F*,3.0,3,True,7.0,74.128368,True,1.2e-05,L3501c202
003002.000142,Li,2,Li II,1s.6g,1G,4.0,4,True,9.0,74.128445,True,2.5e-05,u46
003002.000143,Li,2,Li II,1s.6g,3G,3.0,3,True,7.0,74.128445,True,2.5e-05,u46
003002.000144,Li,2,Li II,1s.6g,3G,4.0,4,True,9.0,74.128445,True,2.5e-05,u46
003002.000145,Li,2,Li II,1s.6g,3G,5.0,5,True,11.0,74.128445,True,2.5e-05,u46
003002.000158,Li,2,Li II,1s.6h,1H*,5.0,5,True,11.0,74.128465,True,2.5e-05,u46
003002.000159,Li,2,Li II,1s.6h,3H*,4.0,4,True,9.0,74.128465,True,2.5e-05,u46
003002.000160,Li,2,Li II,1s.6h,3H*,5.0,5,True,11.0,74.128465,True,2.5e-05,u46
003002.000161,Li,2,Li II,1s.6h,3H*,6.0,6,True,13.0,74.128465,True,2.5e-05,u46
003002.000051,Li,2,Li II,1s.6p,1P*,1.0,1,True,3.0,74.1347,True,0.0006,L6124c204
003002.000060,Li,2,Li II,1s.7s,3S,1.0,1,True,3.0,74.470245,True,1.2e-05,L3501c202
003002.000061,Li,2,Li II,1s.7s,1S,0.0,0,True,1.0,74.50579,True,0.00025,L3501c202
003002.000110,Li,2,Li II,1s.7p,3P*,0.0,0,True,1.0,74.511979,True,1.2e-05,u45
003002.000111,Li,2,Li II,1s.7p,3P*,1.0,1,True,3.0,74.512007,True,1.2e-05,u45
003002.000112,Li,2,Li II,1s.7p,3P*,2.0,2,True,5.0,74.51206,True,1.2e-05,u45
003002.000063,Li,2,Li II,1s.7d,3D,1.0,1,True,3.0,74.528537,True,2.5e-05,L3501c202
003002.000064,Li,2,Li II,1s.7d,3D,2.0,2,True,5.0,74.528585,True,1.2e-05,L3501c202
003002.000065,Li,2,Li II,1s.7d,3D,3.0,3,True,7.0,74.528667,True,1.2e-05,L3501c202
003002.000066,Li,2,Li II,1s.7d,1D,2.0,2,True,5.0,74.529152,True,1.9e-05,L3501c202
003002.000067,Li,2,Li II,1s.7f,3F*,2.0,2,True,5.0,74.529324,True,2.5e-05,L3501c202
003002.000068,Li,2,Li II,1s.7f,3F*,3.0,3,True,7.0,74.529324,True,2.5e-05,L3501c202
003002.000069,Li,2,Li II,1s.7f,3F*,4.0,4,True,9.0,74.529324,True,2.5e-05,L3501c202
003002.000070,Li,2,Li II,1s.7f,1F*,3.0,3,True,7.0,74.529466,True,1.2e-05,L3501c202
003002.000146,Li,2,Li II,1s.7g,1G,4.0,4,True,9.0,74.529497,True,2.5e-05,u46
003002.000147,Li,2,Li II,1s.7g,3G,3.0,3,True,7.0,74.529497,True,2.5e-05,u46
003002.000148,Li,2,Li II,1s.7g,3G,4.0,4,True,9.0,74.529497,True,2.5e-05,u46
003002.000149,Li,2,Li II,1s.7g,3G,5.0,5,True,11.0,74.529497,True,2.5e-05,u46
003002.000162,Li,2,Li II,1s.7h,1H*,5.0,5,True,11.0,74.52951,True,2.5e-05,u46
003002.000163,Li,2,Li II,1s.7h,3H*,4.0,4,True,9.0,74.52951,True,2.5e-05,u46
003002.000164,Li,2,Li II,1s.7h,3H*,5.0,5,True,11.0,74.52951,True,2.5e-05,u46
003002.000165,Li,2,Li II,1s.7h,3H*,6.0,6,True,13.0,74.52951,True,2.5e-05,u46
003002.000174,Li,2,Li II,1s.7i,1I,6.0,6,True,13.0,74.529513,True,2.5e-05,u46
003002.000175,Li,2,Li II,1s.7i,3I,5.0,5,True,11.0,74.529513,True,2.5e-05,u46
003002.000176,Li,2,Li II,1s.7i,3I,6.0,6,True,13.0,74.529513,True,2.5e-05,u46
003002.000177,Li,2,Li II,1s.7i,3I,7.0,7,True,15.0,74.529513,True,2.5e-05,u46
003002.000062,Li,2,Li II,1s.7p,1P*,1.0,1,True,3.0,74.535,True,0.003,"L6124c205,L4191"
003002.000071,Li,2,Li II,1s.8s,3S,1.0,1,True,3.0,74.750335,True,1.2e-05,L3501c202
003002.000113,Li,2,Li II,1s.8s,1S,0.0,0,True,1.0,74.773858,True,2.5e-05,u45
003002.000114,Li,2,Li II,1s.8p,3P*,0.0,0,True,1.0,74.778071,True,1.2e-05,u45
003002.000115,Li,2,Li II,1s.8p,3P*,1.0,1,True,3.0,74.778092,True,1.2e-05,u45
003002.000116,Li,2,Li II,1s.8p,3P*,2.0,2,True,5.0,74.778131,True,1.2e-05,u45
003002.000072,Li,2,Li II,1s.8d,3D,1.0,1,True,3.0,74.789122,True,2.5e-05,L3501c202
003002.000073,Li,2,Li II,1s.8d,3D,2.0,2,True,5.0,74.78917,True,1.2e-05,L3501c202
003002.000074,Li,2,Li II,1s.8d,3D,3.0,3,True,7.0,74.789252,True,1.2e-05,L3501c202
003002.000075,Li,2,Li II,1s.8d,1D,2.0,2,True,5.0,74.789578,True,1.9e-05,L3501c202
003002.000076,Li,2,Li II,1s.8f,3F*,2.0,2,True,5.0,74.789644,True,2.5e-05,L3501c202
003002.000077,Li,2,Li II,1s.8f,3F*,3.0,3,True,7.0,74.789644,True,2.5e-05,L3501c202
003002.000078,Li,2,Li II,1s.8f,3F*,4.0,4,True,9.0,74.789644,True,2.5e-05,L3501c202
003002.000079,Li,2,Li II,1s.8f,1F*,3.0,3,True,7.0,74.78979,True,1.2e-05,L3501c202
003002.000150,Li,2,Li II,1s.8g,1G,4.0,4,True,9.0,74.789794,True,2.5e-05,u46
003002.000151,Li,2,Li II,1s.8g,3G,3.0,3,True,7.0,74.789794,True,2.5e-05,u46
003002.000152,Li,2,Li II,1s.8g,3G,4.0,4,True,9.0,74.789794,True,2.5e-05,u46
003002.000153,Li,2,Li II,1s.8g,3G,5.0,5,True,11.0,74.789794,True,2.5e-05,u46
003002.000166,Li,2,Li II,1s.8h,1H*,5.0,5,True,11.0,74.789804,True,2.5e-05,u46
003002.000167,Li,2,Li II,1s.8h,3H*,4.0,4,True,9.0,74.789804,True,2.5e-05,u46
003002.000168,Li,2,Li II,1s.8h,3H*,5.0,5,True,11.0,74.789804,True,2.5e-05,u46
003002.000169,Li,2,Li II,1s.8h,3H*,6.0,6,True,13.0,74.789804,True,2.5e-05,u46
003002.000178,Li,2,Li II,1s.8i,1I,6.0,6,True,13.0,74.789806,True,2.5e-05,u46
003002.000179,Li,2,Li II,1s.8i,3I,5.0,5,True,11.0,74.789806,True,2.5e-05,u46
003002.000180,Li,2,Li II,1s.8i,3I,6.0,6,True,13.0,74.789806,True,2.5e-05,u46
003002.000181,Li,2,Li II,1s.8i,3I,7.0,7,True,15.0,74.789806,True,2.5e-05,u46
003002.000117,Li,2,Li II,1s.8p,1P*,1.0,1,True,3.0,74.79281,True,0.00012,u45
003002.000118,Li,2,Li II,1s.9s,3S,1.0,1,True,3.0,74.940674,True,1.2e-05,u45
003002.000119,Li,2,Li II,1s.9s,1S,0.0,0,True,1.0,74.957083,True,2.5e-05,u45
003002.000120,Li,2,Li II,1s.9p,3P*,0.0,0,True,1.0,74.960028,True,1.2e-05,u45
003002.000121,Li,2,Li II,1s.9p,3P*,1.0,1,True,3.0,74.960043,True,1.2e-05,u45
003002.000122,Li,2,Li II,1s.9p,3P*,2.0,2,True,5.0,74.960071,True,1.2e-05,u45
003002.000131,Li,2,Li II,1s.9d,3D,1.0,1,True,3.0,74.967796,True,2.5e-05,u45
003002.000132,Li,2,Li II,1s.9d,3D,2.0,2,True,5.0,74.967818,True,1.2e-05,u45
003002.000133,Li,2,Li II,1s.9d,3D,3.0,3,True,7.0,74.967858,True,1.2e-05,u45
003002.000130,Li,2,Li II,1s.9d,1D,2.0,2,True,5.0,74.968092,True,1.9e-05,u45
003002.000080,Li,2,Li II,1s.9f,3F*,2.0,2,True,5.0,74.968122,True,1.2e-05,L3501c202
003002.000081,Li,2,Li II,1s.9f,3F*,3.0,3,True,7.0,74.968122,True,1.2e-05,L3501c202
003002.000082,Li,2,Li II,1s.9f,3F*,4.0,4,True,9.0,74.968122,True,1.2e-05,L3501c202
003002.000154,Li,2,Li II,1s.9g,1G,4.0,4,True,9.0,74.968253,True,2.5e-05,u46
003002.000155,Li,2,Li II,1s.9g,3G,3.0,3,True,7.0,74.968253,True,2.5e-05,u46
003002.000156,Li,2,Li II,1s.9g,3G,4.0,4,True,9.0,74.968253,True,2.5e-05,u46
003002.000157,Li,2,Li II,1s.9g,3G,5.0,5,True,11.0,74.968253,True,2.5e-05,u46
003002.000170,Li,2,Li II,1s.9h,1H*,5.0,5,True,11.0,74.968261,True,2.5e-05,u46
003002.000171,Li,2,Li II,1s.9h,3H*,4.0,4,True,9.0,74.968261,True,2.5e-05,u46
003002.000172,Li,2,Li II,1s.9h,3H*,5.0,5,True,11.0,74.968261,True,2.5e-05,u46
003002.000173,Li,2,Li II,1s.9h,3H*,6.0,6,True,13.0,74.968261,True,2.5e-05,u46
003002.000083,Li,2,Li II,1s.9f,1F*,3.0,3,True,7.0,74.968264,True,1.2e-05,L3501c202
003002.000123,Li,2,Li II,1s.9p,1P*,1.0,1,True,3.0,74.97038,True,0.00012,u45
003002.000124,Li,2,Li II,1s.10s,3S,1.0,1,True,3.0,75.07587,True,1.2e-05,u45
003002.000125,Li,2,Li II,1s.10s,1S,0.0,0,True,1.0,75.087774,True,2.5e-05,u45
003002.000126,Li,2,Li II,1s.10p,3P*,0.0,0,True,1.0,75.089913,True,1.2e-05,u45
003002.000127,Li,2,Li II,1s.10p,3P*,1.0,1,True,3.0,75.089924,True,1.2e-05,u45
003002.000128,Li,2,Li II,1s.10p,3P*,2.0,2,True,5.0,75.089945,True,1.2e-05,u45
003002.000135,Li,2,Li II,1s.10d,3D,1.0,1,True,3.0,75.095566,True,2.5e-05,u45
003002.000136,Li,2,Li II,1s.10d,3D,2.0,2,True,5.0,75.095584,True,1.2e-05,u45
003002.000137,Li,2,Li II,1s.10d,3D,3.0,3,True,7.0,75.095615,True,1.2e-05,u45
003002.000134,Li,2,Li II,1s.10d,1D,2.0,2,True,5.0,75.095787,True,1.9e-05,u45
003002.000084,Li,2,Li II,1s.10f,3F*,2.0,2,True,5.0,75.095808,True,2.5e-05,L3501c202
003002.000085,Li,2,Li II,1s.10f,3F*,3.0,3,True,7.0,75.095808,True,2.5e-05,L3501c202
003002.000086,Li,2,Li II,1s.10f,3F*,4.0,4,True,9.0,75.095808,True,2.5e-05,L3501c202
003002.000087,Li,2,Li II,1s.10f,1F*,3.0,3,True,7.0,75.095951,True,2.5e-05,L3501c202
003002.000129,Li,2,Li II,1s.10p,1P*,1.0,1,True,3.0,75.09745,True,0.00012,u45
003002.000182,Li,2,Li II,1s.11p,1P*,1.0,1,True,3.0,75.19152,True,0.00012,u45
003002.000183,Li,2,Li II,1s.12p,1P*,1.0,1,True,3.0,75.26308,True,0.00012,u45
003002.000184,Li,2,Li II,1s.13p,1P*,1.0,1,True,3.0,75.3188,True,0.00012,u45
003002.000185,Li,2,Li II,1s.14p,1P*,1.0,1,True,3.0,75.36301,True,0.00012,u45
003002.Lim001,Li,2,Li II,Li III (1s 2S<1/2>),Limit,,---,False,,75.640097,False,1.2e-06,L10054
003002.000089,Li,2,Li II,2p2,3P,0.0,0,True,1.0,149.52,False,0.25,L3160
003002.000090,Li,2,Li II,2p2,3P,1.0,1,True,3.0,149.52,False,0.25,L3160
003002.000091,Li,2,Li II,2p2,3P,2.0,2,True,5.0,149.52,False,0.25,L3160
003002.000093,Li,2,Li II,2s.2p,1P*,1.0,1,True,3.0,150.29,False,0.05,L4046
003002.000094,Li,2,Li II,2p.3p,3D,1.0,1,True,3.0,160.1,False,0.6,L3160
003002.000095,Li,2,Li II,2p.3p,3D,2.0,2,True,5.0,160.1,False,0.6,L3160
003002.000096,Li,2,Li II,2p.3p,3D,3.0,3,True,7.0,160.1,False,0.6,L3160
003002.000097,Li,2,Li II,2p.3p,3P,1.0,1,True,3.0,160.2,False,0.6,L3160
003002.000098,Li,2,Li II,2p.3p,3P,0.0,0,True,1.0,160.2,False,0.6,L3160
003002.000099,Li,2,Li II,2p.3p,3P,2.0,2,True,5.0,160.2,False,0.6,L3160
003002.000100,Li,2,Li II,2p.3d,3D*,1.0,1,True,3.0,160.4,False,0.4,L3160
003002.000101,Li,2,Li II,2p.3d,3D*,2.0,2,True,5.0,160.4,False,0.4,L3160
003002.000102,Li,2,Li II,2p.3d,3D*,3.0,3,True,7.0,160.4,False,0.4,L3160
003002.000107,Li,2,Li II,2s.3p,1P*,1.0,1,True,3.0,161.06,False,0.1,L4046
003002.000109,Li,2,Li II,2s.4p,1P*,1.0,1,True,3.0,163.91,False,0.11,L4046
004001.000001,Be,1,Be I,1s2.2s2,1S,0.0,0,True,1.0,0.0,False,0.0,L9172
004001.000002,Be,1,Be I,1s2.2s.2p,3P*,0.0,0,True,1.0,2.724963,False,1e-05,L9172
004001.000003,Be,1,Be I,1s2.2s.2p,3P*,1.0,1,True,3.0,2.7250394,False,1.2e-06,L9172
004001.000004,Be,1,Be I,1s2.2s.2p,3P*,2.0,2,True,5.0,2.725329,False,9e-06,L9172
004001.000005,Be,1,Be I,1s2.2s.2p,1P*,1.0,1,True,3.0,5.27744322,False,1.2e-07,L20591
004001.000006,Be,1,Be I,1s2.2s.3s,3S,1.0,1,True,3.0,6.457214,False,7e-06,L9172
004001.000007,Be,1,Be I,1s2.2s.3s,1S,0.0,0,True,1.0,6.779127,False,3e-06,L9172
004001.000008,Be,1,Be I,1s2.2p2,1D,2.0,2,True,5.0,7.052537,False,3e-06,L9172
004001.000009,Be,1,Be I,1s2.2s.3p,3P*,0.0,0,True,1.0,7.303596,False,7e-06,L9172
004001.000010,Be,1,Be I,1s2.2s.3p,3P*,1.0,1,True,3.0,7.303596,False,7e-06,L9172
004001.000011,Be,1,Be I,1s2.2s.3p,3P*,2.0,2,True,5.0,7.303641,False,7e-06,L9172
004001.000012,Be,1,Be I,1s2.2p2,3P,0.0,0,True,1.0,7.401063,False,1e-05,L9172
004001.000013,Be,1,Be I,1s2.2p2,3P,1.0,1,True,3.0,7.401235,False,7e-06,L9172
004001.000014,Be,1,Be I,1s2.2p2,3P,2.0,2,True,5.0,7.401482,False,9e-06,L9172
004001.000015,Be,1,Be I,1s2.2s.3p,1P*,1.0,1,True,3.0,7.4622919,False,3e-06,L9172
004001.000016,Be,1,Be I,1s2.2s.3d,3D,1.0,1,True,3.0,7.693683,False,7e-06,L9172
004001.000017,Be,1,Be I,1s2.2s.3d,3D,2.0,2,True,5.0,7.693683,False,7e-06,L9172
004001.000018,Be,1,Be I,1s2.2s.3d,3D,3.0,3,True,7.0,7.693683,False,7e-06,L9172
004001.000019,Be,1,Be I,1s2.2s.3d,1D,2.0,2,True,5.0,7.98810393,False,6e-08,L21345
004001.000020,Be,1,Be I,1s2.2s.4s,3S,1.0,1,True,3.0,7.997785,False,7e-06,L9172
004001.000021,Be,1,Be I,1s2.2s.4s,1S,0.0,0,True,1.0,8.089403,False,3e-06,L9172
004001.000022,Be,1,Be I,1s2.2s.4p,3P*,0.0,0,True,1.0,8.283619,False,1.7e-05,L9172
004001.000023,Be,1,Be I,1s2.2s.4p,3P*,1.0,1,True,3.0,8.283619,False,1.1e-05,L9172
004001.000024,Be,1,Be I,1s2.2s.4p,3P*,2.0,2,True,5.0,8.283619,False,1e-05,L9172
004001.000025,Be,1,Be I,1s2.2s.4p,1P*,1.0,1,True,3.0,8.311256,False,4e-06,L9172
004001.000026,Be,1,Be I,1s2.2s.4d,3D,1.0,1,True,3.0,8.423689,False,1e-05,L9172
004001.000027,Be,1,Be I,1s2.2s.4d,3D,2.0,2,True,5.0,8.423691,False,9e-06,L9172
004001.000028,Be,1,Be I,1s2.2s.4d,3D,3.0,3,True,7.0,8.423695,False,9e-06,L9172
004001.000031,Be,1,Be I,1s2.2s.4f,3F*,4.0,4,True,9.0,8.46081,False,4e-05,L9172
004001.000029,Be,1,Be I,1s2.2s.4f,3F*,2.0,2,True,5.0,8.460811,False,7e-06,L9172
004001.000030,Be,1,Be I,1s2.2s.4f,3F*,3.0,3,True,7.0,8.460811,False,7e-06,L9172
004001.000032,Be,1,Be I,1s2.2s.4f,1F*,3.0,3,True,7.0,8.460843,False,4e-06,L9172
004001.000033,Be,1,Be I,1s2.2s.4d,1D,2.0,2,True,5.0,8.527752,False,9e-06,L9172
004001.000034,Be,1,Be I,1s2.2s.5s,3S,1.0,1,True,3.0,8.556172,False,7e-06,L9172
004001.000035,Be,1,Be I,1s2.2s.5s,1S,0.0,0,True,1.0,8.59487,False,9e-06,L9172
004001.000036,Be,1,Be I,1s2.2s.5p,3P*,0.0,0,True,1.0,8.687002,True,1.2e-05,L9172
004001.000037,Be,1,Be I,1s2.2s.5p,3P*,1.0,1,True,3.0,8.687002,True,1.7e-05,L9172
004001.000038,Be,1,Be I,1s2.2s.5p,3P*,2.0,2,True,5.0,8.687002,True,1.7e-05,L9172
004001.000039,Be,1,Be I,1s2.2s.5p,1P*,1.0,1,True,3.0,8.693845,False,4e-06,L9172
004001.000042,Be,1,Be I,1s2.2s.5d,3D,3.0,3,True,7.0,8.753747,False,7e-06,L9172
004001.000040,Be,1,Be I,1s2.2s.5d,3D,1.0,1,True,3.0,8.753751,False,9e-06,L9172
004001.000041,Be,1,Be I,1s2.2s.5d,3D,2.0,2,True,5.0,8.753751,False,7e-06,L9172
004001.000045,Be,1,Be I,1s2.2s.5f,3F*,4.0,4,True,9.0,8.77184,False,0.00014,L9172
004001.000043,Be,1,Be I,1s2.2s.5f,3F*,2.0,2,True,5.0,8.77185,False,7e-06,L9172
004001.000044,Be,1,Be I,1s2.2s.5f,3F*,3.0,3,True,7.0,8.77185,False,7e-06,L9172
004001.000046,Be,1,Be I,1s2.2s.5f,1F*,3.0,3,True,7.0,8.771885,False,5e-06,L9172
004001.000047,Be,1,Be I,1s2.2s.5d,1D,2.0,2,True,5.0,8.803176,False,4e-06,L9172
004001.000048,Be,1,Be I,1s2.2s.6s,3S,1.0,1,True,3.0,8.822779,False,7e-06,L9172
004001.000049,Be,1,Be I,1s2.2s.6s,1S,0.0,0,True,1.0,8.842708,False,1e-05,L9172
004001.000050,Be,1,Be I,1s2.2s.6p,3P*,0.0,0,True,1.0,8.893466,False,1e-05,L9172
004001.000051,Be,1,Be I,1s2.2s.6p,3P*,1.0,1,True,3.0,8.893468,False,7e-06,L9172
004001.000052,Be,1,Be I,1s2.2s.6p,3P*,2.0,2,True,5.0,8.893468,False,7e-06,L9172
004001.000053,Be,1,Be I,1s2.2s.6p,1P*,1.0,1,True,3.0,8.895391,False,7e-06,L9172
004001.000054,Be,1,Be I,1s2.2s.6d,3D,1.0,1,True,3.0,8.930519,False,1e-05,L9172
004001.000055,Be,1,Be I,1s2.2s.6d,3D,2.0,2,True,5.0,8.93052,False,9e-06,L9172
004001.000056,Be,1,Be I,1s2.2s.6d,3D,3.0,3,True,7.0,8.930521,False,9e-06,L9172
004001.000057,Be,1,Be I,1s2.2s.6f,3F*,2.0,2,True,5.0,8.940695,False,7e-06,L9172
004001.000058,Be,1,Be I,1s2.2s.6f,3F*,3.0,3,True,7.0,8.940695,False,7e-06,L9172
004001.000059,Be,1,Be I,1s2.2s.6f,3F*,4.0,4,True,9.0,8.9407,False,0.00012,L9172
004001.000060,Be,1,Be I,1s2.2s.6f,1F*,3.0,3,True,7.0,8.940718,False,6e-06,L9172
004001.000061,Be,1,Be I,1s2.2s.6d,1D,2.0,2,True,5.0,8.95801,False,1.2e-05,L9172
004001.000062,Be,1,Be I,1s2.2s.7s,3S,1.0,1,True,3.0,8.97084,False,0.00019,L9172
004001.000063,Be,1,Be I,1s2.2s.7s,1S,0.0,0,True,1.0,8.982454,False,2.2e-05,L9172
004001.000064,Be,1,Be I,1s2.2s.7p,3P*,0.0,0,True,1.0,9.01332,False,1e-05,L9172
004001.000065,Be,1,Be I,1s2.2s.7p,3P*,1.0,1,True,3.0,9.013321,False,9e-06,L9172
004001.000066,Be,1,Be I,1s2.2s.7p,3P*,2.0,2,True,5.0,9.013321,False,7e-06,L9172
004001.000067,Be,1,Be I,1s2.2s.7p,1P*,1.0,1,True,3.0,9.01387,True,6e-05,L9172
004001.000070,Be,1,Be I,1s2.2s.7d,3D,3.0,3,True,7.0,9.036082,False,1.5e-05,L9172
004001.000069,Be,1,Be I,1s2.2s.7d,3D,2.0,2,True,5.0,9.036094,False,1.6e-05,L9172
004001.000068,Be,1,Be I,1s2.2s.7d,3D,1.0,1,True,3.0,9.036096,False,2e-05,L9172
004001.000073,Be,1,Be I,1s2.2s.7f,3F*,4.0,4,True,9.0,9.04237,False,0.0001,L9172
004001.000071,Be,1,Be I,1s2.2s.7f,3F*,2.0,2,True,5.0,9.042367,False,9e-06,L9172
004001.000072,Be,1,Be I,1s2.2s.7f,3F*,3.0,3,True,7.0,9.042368,False,7e-06,L9172
004001.000074,Be,1,Be I,1s2.2s.7f,1F*,3.0,3,True,7.0,9.042387,False,7e-06,L9172
004001.000075,Be,1,Be I,1s2.2s.7d,1D,2.0,2,True,5.0,9.053022,False,9e-06,L9172
004001.000076,Be,1,Be I,1s2.2s.8s,3S,1.0,1,True,3.0,9.06181,False,0.00019,L9172
004001.000077,Be,1,Be I,1s2.2s.8s,1S,0.0,0,True,1.0,9.069031,False,2.4e-05,L9172
004001.000080,Be,1,Be I,1s2.2s.8p,3P*,2.0,2,True,5.0,9.089176,False,7e-06,L9172
004001.000079,Be,1,Be I,1s2.2s.8p,3P*,1.0,1,True,3.0,9.089177,False,9e-06,L9172
004001.000078,Be,1,Be I,1s2.2s.8p,3P*,0.0,0,True,1.0,9.089179,False,1.1e-05,L9172
004001.000081,Be,1,Be I,1s2.2s.8p,1P*,1.0,1,True,3.0,9.08924,True,6e-05,L9172
004001.000084,Be,1,Be I,1s2.2s.8d,3D,3.0,3,True,7.0,9.104078,False,1.6e-05,L9172
004001.000083,Be,1,Be I,1s2.2s.8d,3D,2.0,2,True,5.0,9.104088,False,1.7e-05,L9172
004001.000082,Be,1,Be I,1s2.2s.8d,3D,1.0,1,True,3.0,9.104089,False,2.1e-05,L9172
004001.000085,Be,1,Be I,1s2.2s.8d,1D,2.0,2,True,5.0,9.115308,False,1.1e-05,L9172
004001.000086,Be,1,Be I,1s2.2s.9s,1S,0.0,0,True,1.0,9.1263,False,4e-05,L9172
004001.000087,Be,1,Be I,1s2.2s.9p,1P*,1.0,1,True,3.0,9.14004,True,6e-05,L9172
004001.000088,Be,1,Be I,1s2.2s.9d,3D,1.0,1,True,3.0,9.1502,False,0.0004,L9172
004001.000089,Be,1,Be I,1s2.2s.9d,3D,2.0,2,True,5.0,9.1503,False,0.0003,L9172
004001.000090,Be,1,Be I,1s2.2s.9d,3D,3.0,3,True,7.0,9.15048,False,0.00025,L9172
004001.000091,Be,1,Be I,1s2.2s.9d,1D,2.0,2,True,5.0,9.158335,False,1.2e-05,L9172
004001.000092,Be,1,Be I,1s2.2s.10s,1S,0.0,0,True,1.0,9.16621,False,4e-05,L9172
004001.000093,Be,1,Be I,1s2.2s.10p,1P*,1.0,1,True,3.0,9.17597,True,6e-05,L9172
004001.000094,Be,1,Be I,1s2.2s.10d,3D,1.0,1,True,3.0,9.1834,False,0.0003,L9172
004001.000095,Be,1,Be I,1s2.2s.10d,3D,2.0,2,True,5.0,9.18351,False,0.00025,L9172
004001.000096,Be,1,Be I,1s2.2s.10d,3D,3.0,3,True,7.0,9.1836,False,0.0004,L9172
004001.000097,Be,1,Be I,1s2.2s.10d,1D,2.0,2,True,5.0,9.18921,False,2.5e-05,L9172
004001.000098,Be,1,Be I,1s2.2s.11s,1S,0.0,0,True,1.0,9.1951,False,4e-05,L9172
004001.000099,Be,1,Be I,1s2.2s.11p,1P*,1.0,1,True,3.0,9.20224,True,6e-05,L9172
004001.000100,Be,1,Be I,1s2.2s.11d,3D,1.0,1,True,3.0,9.208,False,0.0003,L9172
004001.000101,Be,1,Be I,1s2.2s.11d,3D,2.0,2,True,5.0,9.20806,False,0.00025,L9172
004001.000102,Be,1,Be I,1s2.2s.11d,3D,3.0,3,True,7.0,9.2082,False,0.0004,L9172
004001.000103,Be,1,Be I,1s2.2s.11d,1D,2.0,2,True,5.0,9.21221,False,4e-05,L9172
004001.000104,Be,1,Be I,1s2.2s.12p,1P*,1.0,1,True,3.0,9.22203,True,6e-05,L9172
004001.000105,Be,1,Be I,1s2.2s.12d,3D,1.0,1,True,3.0,9.2262,False,0.0003,L9172
004001.000106,Be,1,Be I,1s2.2s.12d,3D,2.0,2,True,5.0,9.22628,False,0.00025,L9172
004001.000107,Be,1,Be I,1s2.2s.12d,3D,3.0,3,True,7.0,9.2264,False,0.0004,L9172
004001.000108,Be,1,Be I,1s2.2s.12d,1D,2.0,2,True,5.0,9.22981,False,4e-05,L9172
004001.000109,Be,1,Be I,1s2.2s.13p,1P*,1.0,1,True,3.0,9.23733,True,6e-05,L9172
004001.Lim001,Be,1,Be I,Be II (2s 2S<1/2>),Limit,,---,False,,9.322699,False,7e-06,L5964
004001.000111,Be,1,Be I,1s2.2p2,1S,0.0,0,True,1.0,9.4464,False,0.0007,L9172
004001.000112,Be,1,Be I,1s2.2p.3s,3P*,0.0,0,True,1.0,10.607337,False,1.4e-05,L9172
004001.000113,Be,1,Be I,1s2.2p.3s,3P*,1.0,1,True,3.0,10.607596,False,9e-06,L9172
004001.000114,Be,1,Be I,1s2.2p.3s,3P*,2.0,2,True,5.0,10.608089,False,9e-06,L9172
004001.000115,Be,1,Be I,1s2.2p.3s,1P*,1.0,1,True,3.0,10.94,False,0.1,L9172
004001.000116,Be,1,Be I,1s2.2p.3p,1P,1.0,1,True,3.0,11.049619,False,6e-06,L9172
004001.000117,Be,1,Be I,1s2.2p.3p,3P,0.0,0,True,1.0,11.408382,False,1.5e-05,L9172
004001.000118,Be,1,Be I,1s2.2p.3p,3P,1.0,1,True,3.0,11.408528,False,1.2e-05,L9172
004001.000119,Be,1,Be I,1s2.2p.3p,3P,2.0,2,True,5.0,11.408789,False,1.5e-05,L9172
004001.000120,Be,1,Be I,1s2.2p.3d,1D*,2.0,2,True,5.0,11.579391,False,9e-06,L9172
004001.000121,Be,1,Be I,1s2.2p.3d,3D*,1.0,1,True,3.0,11.677889,False,1.1e-05,L9172
004001.000122,Be,1,Be I,1s2.2p.3d,3D*,2.0,2,True,5.0,11.677977,False,1.1e-05,L9172
004001.000123,Be,1,Be I,1s2.2p.3d,3D*,3.0,3,True,7.0,11.678116,False,1.2e-05,L9172
004001.000124,Be,1,Be I,1s2.2p.3d,1P*,1.0,1,True,3.0,11.8583,False,0.0006,L9172
004001.000125,Be,1,Be I,1s2.2p.4s,1P*,1.0,1,True,3.0,12.1,False,0.06,L9172
004001.000126,Be,1,Be I,1s2.2p.4p,1P,1.0,1,True,3.0,12.174265,False,1.1e-05,L9172
004001.000127,Be,1,Be I,1s2.2p.4p,3P,0.0,0,True,1.0,12.29472,False,3e-05,L9172
004001.000128,Be,1,Be I,1s2.2p.4p,3P,1.0,1,True,3.0,12.29486,False,3e-05,L9172
004001.000129,Be,1,Be I,1s2.2p.4p,3P,2.0,2,True,5.0,12.29511,False,3e-05,L9172
004001.000130,Be,1,Be I,1s2.2p.4d,1D*,2.0,2,True,5.0,12.35732,False,0.00011,L9172
004001.000131,Be,1,Be I,1s2.2p.4d,3D*,1.0,1,True,3.0,12.39635,False,3e-05,L9172
004001.000132,Be,1,Be I,1s2.2p.4d,3D*,2.0,2,True,5.0,12.396432,False,2.5e-05,L9172
004001.000133,Be,1,Be I,1s2.2p.4d,3D*,3.0,3,True,7.0,12.3966,False,3e-05,L9172
004001.000134,Be,1,Be I,1s2.2p.4f,1F,3.0,3,True,7.0,12.40989,False,3e-05,L9172
004001.000135,Be,1,Be I,1s2.2p.4f,3F,3.0,3,True,7.0,12.427,False,3e-05,L9172
004001.000136,Be,1,Be I,1s2.2p.4f,3F,4.0,4,True,9.0,12.42716,False,4e-05,L9172
004001.000137,Be,1,Be I,1s2.2p.4d,1P*,1.0,1,True,3.0,12.4688,True,0.0006,L9172
004001.000138,Be,1,Be I,1s2.2p.5s,1P*,1.0,1,True,3.0,12.572,False,0.012,L9172
004001.000139,Be,1,Be I,1s2.2p.5p,1P,1.0,1,True,3.0,12.615308,False,2.5e-05,L9172
004001.000140,Be,1,Be I,1s2.2p.5p,3P,0.0,0,True,1.0,12.67066,False,4e-05,L9172
004001.000141,Be,1,Be I,1s2.2p.5p,3P,1.0,1,True,3.0,12.67089,False,3e-05,L9172
004001.000142,Be,1,Be I,1s2.2p.5p,3P,2.0,2,True,5.0,12.67111,False,3e-05,L9172
004001.000143,Be,1,Be I,1s2.2p.5d,1D*,2.0,2,True,5.0,12.70119,False,5e-05,L9172
004001.000144,Be,1,Be I,1s2.2p.5d,3D*,,,,15.0,12.72031,False,0.00015,L9172
004001.000145,Be,1,Be I,1s2.2p.5f,1F,3.0,3,True,7.0,12.72588,False,3e-05,L9172
004001.000146,Be,1,Be I,1s2.2p.5d,1P*,1.0,1,True,3.0,12.7569,False,0.0006,L9172
004001.000147,Be,1,Be I,1s2.2p.6s,1P*,1.0,1,True,3.0,12.811,False,0.014,L9172
004001.000148,Be,1,Be I,1s2.2p.6p,1P,1.0,1,True,3.0,12.83598,False,3e-05,L9172
004001.000149,Be,1,Be I,1s2.2p.6d,1P*,1.0,1,True,3.0,12.9168,False,0.0006,L9172
004001.000150,Be,1,Be I,1s2.2p.7s,1P*,1.0,1,True,3.0,12.945,False,0.014,L9172
004001.000151,Be,1,Be I,1s2.2p.7d,1P*,1.0,1,True,3.0,13.0133,False,0.0006,L9172
004001.000152,Be,1,Be I,1s2.2p.8s,1P*,1.0,1,True,3.0,13.029,False,0.014,L9172
004001.000153,Be,1,Be I,1s2.2p.8d,1P*,1.0,1,True,3.0,13.0764,False,0.0006,L9172
004001.000154,Be,1,Be I,1s2.2p.9s,1P*,1.0,1,True,3.0,13.083,False,0.014,L9172
004001.000155,Be,1,Be I,1s2.2p.9d,1P*,1.0,1,True,3.0,13.1186,False,0.0006,L9172
004001.000156,Be,1,Be I,1s2.2p.10s,1P*,1.0,1,True,3.0,13.121,False,0.014,L9172
004001.000157,Be,1,Be I,1s2.2p.10d,1P*,1.0,1,True,3.0,13.1494,False,0.0006,L9172
004001.000158,Be,1,Be I,1s2.2p.11s,1P*,1.0,1,True,3.0,13.152,False,0.014,L9172
004001.000159,Be,1,Be I,1s2.2p.12s,1P*,1.0,1,True,3.0,13.17,False,0.014,L9172
004001.000160,Be,1,Be I,1s2.2p.11d,1P*,1.0,1,True,3.0,13.1728,False,0.0006,L9172
004001.000161,Be,1,Be I,1s2.2p.13s,1P*,1.0,1,True,3.0,13.188,False,0.014,L9172
004001.000162,Be,1,Be I,1s2.2p.12d,1P*,1.0,1,True,3.0,13.1899,False,0.0006,L9172
004001.000163,Be,1,Be I,1s2.2p.13d,1P*,1.0,1,True,3.0,13.2032,False,0.0006,L9172
004001.000164,Be,1,Be I,1s2.2p.14d,1P*,1.0,1,True,3.0,13.214,False,0.0006,L9172
004001.000165,Be,1,Be I,1s2.2p.15d,1P*,1.0,1,True,3.0,13.2228,False,0.0006,L9172
004001.000166,Be,1,Be I,1s2.2p.16d,1P*,1.0,1,True,3.0,13.2301,False,0.0006,L9172
004001.Lim002,Be,1,Be I,Be II (2p 2P*<1/2>),Limit,,---,False,,13.281358,False,7e-06,L9172
004001.Lim003,Be,1,Be I,Be II (2p 2P*<3/2>),Limit,,---,False,,13.282174,False,7e-06,L9172
004001.000169,Be,1,Be I,1s2.3s.3p,1P*,1.0,1,True,3.0,17.684,False,0.012,L9172
004001.000170,Be,1,Be I,1s2.3s.4p,1P*,1.0,1,True,3.0,18.834,False,0.015,L9172
004001.000171,Be,1,Be I,1s2.3s.7p?,1P*?,1.0,1,True,3.0,19.797,False,0.016,L9172
004001.000172,Be,1,Be I,1s2.3s.8p?,1P*?,1.0,1,True,3.0,19.914,False,0.016,L9172
004001.000173,Be,1,Be I,1s2.3s.9p?,1P*?,1.0,1,True,3.0,19.994,False,0.016,L9172
004001.000174,Be,1,Be I,1s2.3s.10p?,1P*?,1.0,1,True,3.0,20.046,False,0.016,L9172
004001.Lim004,Be,1,Be I,Be II (3s 2S<1/2>),Limit,,---,False,,20.26207,False,4e-05,L9172
004001.000178,Be,1,Be I,1s.2s2.2p,3P*,2.0,2,True,5.0,114.3,False,0.1,L9172
004001.000177,Be,1,Be I,1s.2s2.2p,3P*,1.0,1,True,3.0,114.3,False,0.1,L9172
004001.000176,Be,1,Be I,1s.2s2.2p,3P*,0.0,0,True,1.0,114.3,False,0.1,L9172
004001.000179,Be,1,Be I,1s.2s2.2p,1P*,1.0,1,True,3.0,115.47,False,0.05,L9172
004001.000182,Be,1,Be I,1s.(2S).2s.2p2.(4P),5P,3.0,3,True,7.0,115.53,False,0.04,L9172
004001.000181,Be,1,Be I,1s.(2S).2s.2p2.(4P),5P,2.0,2,True,5.0,115.53,False,0.04,L9172
004001.000180,Be,1,Be I,1s.(2S).2s.2p2.(4P),5P,1.0,1,True,3.0,115.53,False,0.04,L9172
004001.000185,Be,1,Be I,1s.(2S).2s.2p2.(4P),3P,2.0,2,True,5.0,118.16,False,0.1,L9172
004001.000184,Be,1,Be I,1s.(2S).2s.2p2.(4P),3P,1.0,1,True,3.0,118.16,False,0.1,L9172
004001.000183,Be,1,Be I,1s.(2S).2s.2p2.(4P),3P,0.0,0,True,1.0,118.16,False,0.1,L9172
004001.000188,Be,1,Be I,1s.(2S).2s.2p2.(2D),3D,3.0,3,True,7.0,118.32,False,0.14,L9172
004001.000187,Be,1,Be I,1s.(2S).2s.2p2.(2D),3D,2.0,2,True,5.0,118.32,False,0.1,L9172
004001.000186,Be,1,Be I,1s.(2S).2s.2p2.(2D),3D,1.0,1,True,3.0,118.32,False,0.07,L9172
004001.000189,Be,1,Be I,1s.(2S).2s.2p2.(2S),3S,1.0,1,True,3.0,119.913,False,0.022,L9172
004001.000192,Be,1,Be I,1s.(2S).2s.2p2.(2P),3P,2.0,2,True,5.0,121.18,False,0.04,L9172
004001.000191,Be,1,Be I,1s.(2S).2s.2p2.(2P),3P,1.0,1,True,3.0,121.18,False,0.04,L9172
004001.000190,Be,1,Be I,1s.(2S).2s.2p2.(2P),3P,0.0,0,True,1.0,121.18,False,0.05,L9172
004001.000193,Be,1,Be I,1s.2s2.3p,1P*,1.0,1,True,3.0,121.398,False,0.024,L9172
004001.000194,Be,1,Be I,1s.(2S).2p3.(4S*),5S*,2.0,2,True,5.0,122.02,False,0.04,L9172
004001.000195,Be,1,Be I,1s.(2S).2s.2p2.(2P),1P,1.0,1,True,3.0,122.24,False,0.2,L9172
004001.000196,Be,1,Be I,1s.2s2.4p?,1P*?,1.0,1,True,3.0,122.514,False,0.025,L9172
004001.000197,Be,1,Be I,1s.2s2.5p?,1P*?,1.0,1,True,3.0,122.93,False,0.06,L9172
004001.000200,Be,1,Be I,1s.(2S).2s.2p.(3P*).3p,5P,3.0,3,True,7.0,122.95,False,0.04,L9172
004001.000199,Be,1,Be I,1s.(2S).2s.2p.(3P*).3p,5P,2.0,2,True,5.0,122.95,False,0.04,L9172
004001.000198,Be,1,Be I,1s.(2S).2s.2p.(3P*).3p,5P,1.0,1,True,3.0,122.95,False,0.04,L9172
004001.Lim005,Be,1,Be I,Be II (1s.2s2 2S<1/2>),Limit,,---,False,,123.64,False,0.1,L9172
004001.000204,Be,1,Be I,1s.(2S).2s.2p.(3P*).4p,5P,3.0,3,True,7.0,124.07,False,0.04,L9172
004001.000203,Be,1,Be I,1s.(2S).2s.2p.(3P*).4p,5P,2.0,2,True,5.0,124.07,False,0.04,L9172
004001.000202,Be,1,Be I,1s.(2S).2s.2p.(3P*).4p,5P,1.0,1,True,3.0,124.07,False,0.04,L9172
004001.000205,Be,1,Be I,1s.(2S).2s.2p.(3P*).3s,1P*,1.0,1,True,3.0,125.15,False,0.12,L9172
004001.000206,Be,1,Be I,1s.(2S).2s.2p.(3P*).3d?,1P*?,1.0,1,True,3.0,125.67,False,0.06,L9172
004001.000207,Be,1,Be I,1s.(2S).2s.2p.(3P*).4d?,1P*?,1.0,1,True,3.0,126.55,False,0.06,L9172
004001.000208,Be,1,Be I,1s.(2S).2s.2p.(3P*).4s?,1P*?,1.0,1,True,3.0,126.7,False,0.06,L9172
004001.000209,Be,1,Be I,1s.(2S).2s.2p.(1P*).3s,1P*,1.0,1,True,3.0,127.24,False,0.06,L9172
004001.000210,Be,1,Be I,1s.(2S).2s.2p.(1P*).3d?,1P*?,1.0,1,True,3.0,127.51,False,0.06,L9172
004001.Lim006,Be,1,Be I,Be II (1s.(2S).2s.2p.(3P*) 2P*),Limit,,---,False,,128.071,False,0.012,L9172
004001.000212,Be,1,Be I,1s.(2S).2p2.(3P).3p,5S*,2.0,2,True,5.0,128.4,False,0.04,L9172
004001.000213,Be,1,Be I,1s.(2S).2s.2p.(1P*).4s,1P*,1.0,1,True,3.0,128.76,False,0.06,L9172
004001.000214,Be,1,Be I,1s.(2S).2p2.(3P).4p,5S*,2.0,2,True,5.0,129.45,False,0.04,L9172
004001.Lim007,Be,1,Be I,Be II (1s.(2S).2s.2p.(1P*) 2P*),Limit,,---,False,,130.31,False,0.04,L9172
004001.000216,Be,1,Be I,1s.2s.(3S).3s.3p.(3P*)?,1P*?,1.0,1,True,3.0,134.47,False,0.05,L9172
004001.000217,Be,1,Be I,1s.2s.(3S).3s.4p.(3P*)?,1P*?,1.0,1,True,3.0,136.74,False,0.07,L9172
004001.000218,Be,1,Be I,1s.2s.(1S).3s.3p.(1P*)?,1P*?,1.0,1,True,3.0,137.4,False,0.05,L9172
004001.000219,Be,1,Be I,1s.2s.(1S).3s.4p.(1P*)?,1P*?,1.0,1,True,3.0,139.06,False,0.07,L9172
004002.000001,Be,2,Be II,1s2.2s,2S,0.5,1/2,True,2.0,0.0,False,4e-05,L12158
004002.000002,Be,2,Be II,1s2.2p,2P*,0.5,1/2,True,2.0,3.95866,False,4e-05,L12158
004002.000003,Be,2,Be II,1s2.2p,2P*,1.5,3/2,True,4.0,3.959475,False,4e-05,L12158
004002.000004,Be,2,Be II,1s2.3s,2S,0.5,1/2,True,2.0,10.9393633,False,0.0,L12158
004002.000005,Be,2,Be II,1s2.3p,2P*,0.5,1/2,True,2.0,11.9638999,False,1.7e-06,L12158
004002.000006,Be,2,Be II,1s2.3p,2P*,1.5,3/2,True,4.0,11.9641389,False,1.7e-06,L12158
004002.000007,Be,2,Be II,1s2.3d,2D,1.5,3/2,True,4.0,12.157217,False,1.2e-05,L12158
004002.000008,Be,2,Be II,1s2.3d,2D,2.5,5/2,True,6.0,12.157283,False,1.2e-05,L12158
004002.000009,Be,2,Be II,1s2.4s,2S,0.5,1/2,True,2.0,14.315766,False,9e-06,L12158
004002.000010,Be,2,Be II,1s2.4p,2P*,0.5,1/2,True,2.0,14.724427,False,1.1e-05,L12158
004002.000011,Be,2,Be II,1s2.4p,2P*,1.5,3/2,True,4.0,14.724527,False,1.1e-05,L12158
004002.000012,Be,2,Be II,1s2.4d,2D,1.5,3/2,True,4.0,14.806342,False,7e-06,L12158
004002.000013,Be,2,Be II,1s2.4d,2D,2.5,5/2,True,6.0,14.806372,False,7e-06,L12158
004002.000014,Be,2,Be II,1s2.4f,2F*,2.5,5/2,True,6.0,14.80949,False,1.5e-05,L12158
004002.000015,Be,2,Be II,1s2.4f,2F*,3.5,7/2,True,8.0,14.809506,False,1.5e-05,L12158
004002.000016,Be,2,Be II,1s2.5s,2S,0.5,1/2,True,2.0,15.787543,False,1.1e-05,L12158
004002.000017,Be,2,Be II,1s2.5p,2P*,0.5,1/2,True,2.0,15.990443,False,1e-05,L12158
004002.000018,Be,2,Be II,1s2.5p,2P*,1.5,3/2,True,4.0,15.990496,False,1e-05,L12158
004002.000019,Be,2,Be II,1s2.5d,2D,1.5,3/2,True,4.0,16.032413,False,1.1e-05,L12158
004002.000020,Be,2,Be II,1s2.5d,2D,2.5,5/2,True,6.0,16.032428,False,1.1e-05,L12158
004002.000021,Be,2,Be II,1s2.5f,2F*,2.5,5/2,True,6.0,16.034114,False,7e-06,L12158
004002.000022,Be,2,Be II,1s2.5f,2F*,3.5,7/2,True,8.0,16.034123,False,7e-06,L12158
004002.000024,Be,2,Be II,1s2.5g,2G,4.5,9/2,True,10.0,16.034313,False,1.7e-05,L12158
004002.000023,Be,2,Be II,1s2.5g,2G,3.5,7/2,True,8.0,16.034313,False,1.7e-05,L12158
004002.000025,Be,2,Be II,1s2.6s,2S,0.5,1/2,True,2.0,16.558888,False,1.2e-05,L12158
004002.000026,Be,2,Be II,1s2.6p,2P*,0.5,1/2,True,2.0,16.674061,False,1.5e-05,L12158
004002.000027,Be,2,Be II,1s2.6p,2P*,1.5,3/2,True,4.0,16.674091,False,1.5e-05,L12158
004002.000029,Be,2,Be II,1s2.6d,2D,2.5,5/2,True,6.0,16.698334,False,1.2e-05,L12158
004002.000028,Be,2,Be II,1s2.6d,2D,1.5,3/2,True,4.0,16.698334,False,1.2e-05,L12158
004002.000030,Be,2,Be II,1s2.6f,2F*,2.5,5/2,True,6.0,16.699332,False,1.5e-05,L12158
004002.000031,Be,2,Be II,1s2.6f,2F*,3.5,7/2,True,8.0,16.699336,False,1.5e-05,L12158
004002.000033,Be,2,Be II,1s2.6g,2G,4.5,9/2,True,10.0,16.699452,False,2.5e-05,L12158
004002.000032,Be,2,Be II,1s2.6g,2G,3.5,7/2,True,8.0,16.699452,False,2.5e-05,L12158
004002.000035,Be,2,Be II,1s2.6h,2H*,5.5,11/2,True,12.0,16.699487,True,1.5e-05,L12158
004002.000034,Be,2,Be II,1s2.6h,2H*,4.5,9/2,True,10.0,16.699487,True,1.5e-05,L12158
004002.000036,Be,2,Be II,1s2.7s,2S,0.5,1/2,True,2.0,17.01296,True,1.5e-05,L12158
004002.000037,Be,2,Be II,1s2.7p,2P*,0.5,1/2,True,2.0,17.084523,True,1.5e-05,L12158
004002.000038,Be,2,Be II,1s2.7p,2P*,1.5,3/2,True,4.0,17.084541,True,1.5e-05,L12158
004002.000040,Be,2,Be II,1s2.7d,2D,2.5,5/2,True,6.0,17.099798,False,1.1e-05,L12158
004002.000039,Be,2,Be II,1s2.7d,2D,1.5,3/2,True,4.0,17.099798,False,1.1e-05,L12158
004002.000042,Be,2,Be II,1s2.7f,2F*,3.5,7/2,True,8.0,17.100435,False,2.5e-05,L12158
004002.000041,Be,2,Be II,1s2.7f,2F*,2.5,5/2,True,6.0,17.100435,False,2.5e-05,L12158
004002.000044,Be,2,Be II,1s2.7g,2G,4.5,9/2,True,10.0,17.100534,False,2.5e-05,L12158
004002.000043,Be,2,Be II,1s2.7g,2G,3.5,7/2,True,8.0,17.100534,False,2.5e-05,L12158
004002.000046,Be,2,Be II,1s2.7h,2H*,5.5,11/2,True,12.0,17.100537,False,2.5e-05,L12158
004002.000045,Be,2,Be II,1s2.7h,2H*,4.5,9/2,True,10.0,17.100537,False,2.5e-05,L12158
004002.000047,Be,2,Be II,1s2.8s,2S,0.5,1/2,True,2.0,17.302635,True,1.5e-05,L12158
004002.000048,Be,2,Be II,1s2.8p,2P*,0.5,1/2,True,2.0,17.350111,True,2.5e-05,L12158
004002.000049,Be,2,Be II,1s2.8p,2P*,1.5,3/2,True,4.0,17.350123,True,2.5e-05,L12158
004002.000051,Be,2,Be II,1s2.8d,2D,2.5,5/2,True,6.0,17.360339,True,1e-05,L12158
004002.000050,Be,2,Be II,1s2.8d,2D,1.5,3/2,True,4.0,17.360339,True,1e-05,L12158
004002.000053,Be,2,Be II,1s2.8f,2F*,3.5,7/2,True,8.0,17.360778,True,1e-05,L12158
004002.000052,Be,2,Be II,1s2.8f,2F*,2.5,5/2,True,6.0,17.360778,True,1e-05,L12158
004002.000055,Be,2,Be II,1s2.8g,2G,4.5,9/2,True,10.0,17.36084,False,4e-05,L12158
004002.000054,Be,2,Be II,1s2.8g,2G,3.5,7/2,True,8.0,17.36084,False,4e-05,L12158
004002.000057,Be,2,Be II,1s2.8h,2H*,5.5,11/2,True,12.0,17.36085,False,2.5e-05,L12158
004002.000056,Be,2,Be II,1s2.8h,2H*,4.5,9/2,True,10.0,17.36085,False,2.5e-05,L12158
004002.000058,Be,2,Be II,1s2.9s,2S,0.5,1/2,True,2.0,17.498671,True,1.5e-05,L12158
004002.000059,Be,2,Be II,1s2.9p,2P*,0.5,1/2,True,2.0,17.531767,True,1.5e-05,L12158
004002.000060,Be,2,Be II,1s2.9p,2P*,1.5,3/2,True,4.0,17.531776,True,1.5e-05,L12158
004002.000062,Be,2,Be II,1s2.9d,2D,2.5,5/2,True,6.0,17.538947,True,1e-05,L12158
004002.000061,Be,2,Be II,1s2.9d,2D,1.5,3/2,True,4.0,17.538947,True,1e-05,L12158
004002.000064,Be,2,Be II,1s2.9f,2F*,3.5,7/2,True,8.0,17.539257,True,1e-05,L12158
004002.000063,Be,2,Be II,1s2.9f,2F*,2.5,5/2,True,6.0,17.539257,True,1e-05,L12158
004002.000066,Be,2,Be II,1s2.9g,2G,4.5,9/2,True,10.0,17.539294,True,1e-05,L12158
004002.000065,Be,2,Be II,1s2.9g,2G,3.5,7/2,True,8.0,17.539294,True,1e-05,L12158
004002.000068,Be,2,Be II,1s2.9h,2H*,5.5,11/2,True,12.0,17.539303,True,1.5e-05,L12158
004002.000067,Be,2,Be II,1s2.9h,2H*,4.5,9/2,True,10.0,17.539303,True,1.5e-05,L12158
004002.000069,Be,2,Be II,1s2.10s,2S,0.5,1/2,True,2.0,17.637476,True,1.5e-05,L12158
004002.000070,Be,2,Be II,1s2.10p,2P*,0.5,1/2,True,2.0,17.661462,True,1.5e-05,L12158
004002.000071,Be,2,Be II,1s2.10p,2P*,1.5,3/2,True,4.0,17.661468,True,1.5e-05,L12158
004002.000073,Be,2,Be II,1s2.10f,2F*,3.5,7/2,True,8.0,17.666921,True,7e-06,L12158
004002.000072,Be,2,Be II,1s2.10f,2F*,2.5,5/2,True,6.0,17.666921,True,7e-06,L12158
004002.000075,Be,2,Be II,1s2.10g,2G,4.5,9/2,True,10.0,17.666949,True,1.5e-05,L12158
004002.000074,Be,2,Be II,1s2.10g,2G,3.5,7/2,True,8.0,17.666949,True,1.5e-05,L12158
004002.000077,Be,2,Be II,1s2.10h,2H*,5.5,11/2,True,12.0,17.666955,True,1.5e-05,L12158
004002.000076,Be,2,Be II,1s2.10h,2H*,4.5,9/2,True,10.0,17.666955,True,1.5e-05,L12158
004002.Lim001,Be,2,Be II,Be III (1s2 1S<0>),Limit,,---,False,,18.21115,False,4e-05,L12158
004002.000079,Be,2,Be II,1s.2s2,2S,0.5,1/2,True,2.0,114.31,False,0.1,L12158
004002.000082,Be,2,Be II,1s.2s.2p,4P*,2.5,5/2,True,6.0,115.8748,False,0.004,L12158
004002.000081,Be,2,Be II,1s.2s.2p,4P*,1.5,3/2,True,4.0,115.8748,False,0.004,L12158
004002.000080,Be,2,Be II,1s.2s.2p,4P*,0.5,1/2,True,2.0,115.8748,False,0.004,L12158
004002.000084,Be,2,Be II,1s.(2S).2s.2p.(3P*),2P*,1.5,3/2,True,4.0,118.748,False,0.012,L12158
004002.000083,Be,2,Be II,1s.(2S).2s.2p.(3P*),2P*,0.5,1/2,True,2.0,118.748,False,0.012,L12158
004002.000086,Be,2,Be II,1s.(2S).2s.2p.(1P*),2P*,1.5,3/2,True,4.0,120.98,False,0.04,L12158
004002.000085,Be,2,Be II,1s.(2S).2s.2p.(1P*),2P*,0.5,1/2,True,2.0,120.98,False,0.04,L12158
004002.000089,Be,2,Be II,1s.2p2,4P,2.5,5/2,True,6.0,121.2067,False,0.004,L12158
004002.000088,Be,2,Be II,1s.2p2,4P,1.5,3/2,True,4.0,121.2067,False,0.004,L12158
004002.000087,Be,2,Be II,1s.2p2,4P,0.5,1/2,True,2.0,121.2067,False,0.004,L12158
004002.000091,Be,2,Be II,1s.2p2,2D,2.5,5/2,True,6.0,122.418,False,0.012,L12158
004002.000090,Be,2,Be II,1s.2p2,2D,1.5,3/2,True,4.0,122.418,False,0.012,L12158
004002.000093,Be,2,Be II,1s.2p2,2P,1.5,3/2,True,4.0,123.13,False,0.012,L12158
004002.000092,Be,2,Be II,1s.2p2,2P,0.5,1/2,True,2.0,123.13,False,0.012,L12158
004002.000094,Be,2,Be II,1s.2p2,2S,0.5,1/2,True,2.0,125.81,False,0.05,L12158
004002.000095,Be,2,Be II,1s.2s.3s,4S,1.5,3/2,True,4.0,128.0327,False,0.0009,L12158
004002.000096,Be,2,Be II,1s.2s.(3S).3s,2S,0.5,1/2,True,2.0,128.82,False,0.2,L12158
004002.000098,Be,2,Be II,1s.2s.3p,4P*,1.5,3/2,True,4.0,129.399,False,0.004,L12158
004002.000099,Be,2,Be II,1s.2s.3p,4P*,2.5,5/2,True,6.0,129.399,False,0.004,L12158
004002.000097,Be,2,Be II,1s.2s.3p,4P*,0.5,1/2,True,2.0,129.399,False,0.004,L12158
004002.000100,Be,2,Be II,1s.2s.(3S).3p,2P*,0.5,1/2,True,2.0,129.514,False,0.025,L12158
004002.000101,Be,2,Be II,1s.2s.(3S).3p,2P*,1.5,3/2,True,4.0,129.514,False,0.025,L12158
004002.000105,Be,2,Be II,1s.2s.3d,4D,3.5,7/2,True,8.0,130.17204,False,0.00012,L12158
004002.000104,Be,2,Be II,1s.2s.3d,4D,2.5,5/2,True,6.0,130.17204,False,0.00012,L12158
004002.000103,Be,2,Be II,1s.2s.3d,4D,1.5,3/2,True,4.0,130.17204,False,0.00012,L12158
004002.000102,Be,2,Be II,1s.2s.3d,4D,0.5,1/2,True,2.0,130.17204,False,0.00012,L12158
004002.000107,Be,2,Be II,1s.2s.(3S).3d,2D,2.5,5/2,True,6.0,130.63,False,0.06,L12158
004002.000106,Be,2,Be II,1s.2s.(3S).3d,2D,1.5,3/2,True,4.0,130.63,False,0.06,L12158
004002.000108,Be,2,Be II,1s.2s.(1S).3s,2S,0.5,1/2,True,2.0,131.22,False,0.2,L12158
004002.000109,Be,2,Be II,1s.2p.3s,4P*,0.5,1/2,True,2.0,131.9306,False,0.0009,L12158
004002.000111,Be,2,Be II,1s.2p.3s,4P*,2.5,5/2,True,6.0,131.9306,False,0.0009,L12158
004002.000110,Be,2,Be II,1s.2p.3s,4P*,1.5,3/2,True,4.0,131.9306,False,0.0009,L12158
004002.000113,Be,2,Be II,1s.2s.(1S).3p,2P*,1.5,3/2,True,4.0,131.99,False,0.04,L12158
004002.000112,Be,2,Be II,1s.2s.(1S).3p,2P*,0.5,1/2,True,2.0,131.99,False,0.04,L12158
004002.000114,Be,2,Be II,1s.2s.4s,4S,1.5,3/2,True,4.0,132.314,False,0.004,L12158
004002.000115,Be,2,Be II,1s.2s.(3S).4p,2P*,0.5,1/2,True,2.0,132.7,False,0.04,L12158
004002.000116,Be,2,Be II,1s.2s.(3S).4p,2P*,1.5,3/2,True,4.0,132.7,False,0.04,L12158
004002.000120,Be,2,Be II,1s.2p.3p,4D,3.5,7/2,True,8.0,132.7048,False,0.0025,L12158
004002.000117,Be,2,Be II,1s.2p.3p,4D,0.5,1/2,True,2.0,132.7048,False,0.0025,L12158
004002.000118,Be,2,Be II,1s.2p.3p,4D,1.5,3/2,True,4.0,132.7048,False,0.0025,L12158
004002.000119,Be,2,Be II,1s.2p.3p,4D,2.5,5/2,True,6.0,132.7048,False,0.0025,L12158
004002.000121,Be,2,Be II,1s.2p.(3P*).3p,2P,0.5,1/2,True,2.0,132.77,False,0.06,L12158
004002.000122,Be,2,Be II,1s.2p.(3P*).3p,2P,1.5,3/2,True,4.0,132.77,False,0.06,L12158
004002.000125,Be,2,Be II,1s.2s.4p,4P*,2.5,5/2,True,6.0,132.8689,False,0.0009,L12158
004002.000124,Be,2,Be II,1s.2s.4p,4P*,1.5,3/2,True,4.0,132.8689,False,0.0009,L12158
004002.000123,Be,2,Be II,1s.2s.4p,4P*,0.5,1/2,True,2.0,132.8689,False,0.0009,L12158
004002.000128,Be,2,Be II,1s.2s.4f,4F*,3.5,7/2,True,8.0,133.03492,False,0.0001,L12158
004002.000129,Be,2,Be II,1s.2s.4f,4F*,4.5,9/2,True,10.0,133.03492,False,0.0001,L12158
004002.000127,Be,2,Be II,1s.2s.4f,4F*,2.5,5/2,True,6.0,133.03492,False,0.0001,L12158
004002.000126,Be,2,Be II,1s.2s.4f,4F*,1.5,3/2,True,4.0,133.03492,False,0.0001,L12158
004002.000131,Be,2,Be II,1s.2p.(3P*).3s,2P*,1.5,3/2,True,4.0,133.08,False,0.07,L12158
004002.000130,Be,2,Be II,1s.2p.(3P*).3s,2P*,0.5,1/2,True,2.0,133.08,False,0.07,L12158
004002.000132,Be,2,Be II,1s.2s.(1S).3d,2D,1.5,3/2,True,4.0,133.1,False,0.06,L12158
004002.000133,Be,2,Be II,1s.2s.(1S).3d,2D,2.5,5/2,True,6.0,133.1,False,0.06,L12158
004002.000134,Be,2,Be II,1s.2p.3p,4S,1.5,3/2,True,4.0,133.1821,False,0.0025,L12158
004002.000135,Be,2,Be II,1s.2s.4d,4D,0.5,1/2,True,2.0,133.224,False,0.004,L12158
004002.000136,Be,2,Be II,1s.2s.4d,4D,1.5,3/2,True,4.0,133.224,False,0.004,L12158
004002.000137,Be,2,Be II,1s.2s.4d,4D,2.5,5/2,True,6.0,133.224,False,0.004,L12158
004002.000138,Be,2,Be II,1s.2s.4d,4D,3.5,7/2,True,8.0,133.224,False,0.004,L12158
004002.000139,Be,2,Be II,1s.2p.3p,4P,0.5,1/2,True,2.0,133.2344,False,0.0025,L12158
004002.000140,Be,2,Be II,1s.2p.3p,4P,1.5,3/2,True,4.0,133.2344,False,0.0025,L12158
004002.000141,Be,2,Be II,1s.2p.3p,4P,2.5,5/2,True,6.0,133.2344,False,0.0025,L12158
004002.000142,Be,2,Be II,1s.2p.(3P*).3p,2D,1.5,3/2,True,4.0,133.42,False,0.05,L12158
004002.000143,Be,2,Be II,1s.2p.(3P*).3p,2D,2.5,5/2,True,6.0,133.42,False,0.05,L12158
004002.000144,Be,2,Be II,1s.2p.(3P*).3d,2D*,1.5,3/2,True,4.0,133.571,False,0.012,L12158
004002.000145,Be,2,Be II,1s.2p.(3P*).3d,2D*,2.5,5/2,True,6.0,133.571,False,0.012,L12158
004002.000146,Be,2,Be II,1s.2s.(3S).4d,2D,1.5,3/2,True,4.0,133.62,False,0.1,L12158
004002.000147,Be,2,Be II,1s.2s.(3S).4d,2D,2.5,5/2,True,6.0,133.62,False,0.1,L12158
004002.000148,Be,2,Be II,1s.2p.3d,4F*,1.5,3/2,True,4.0,133.70282,False,0.00012,L12158
004002.000149,Be,2,Be II,1s.2p.3d,4F*,2.5,5/2,True,6.0,133.70282,False,0.00012,L12158
004002.000150,Be,2,Be II,1s.2p.3d,4F*,3.5,7/2,True,8.0,133.70282,False,0.00012,L12158
004002.000151,Be,2,Be II,1s.2p.3d,4F*,4.5,9/2,True,10.0,133.70282,False,0.00012,L12158
004002.000152,Be,2,Be II,1s.2p.3d,4D*,0.5,1/2,True,2.0,133.83908,False,6e-05,L12158
004002.000153,Be,2,Be II,1s.2p.3d,4D*,1.5,3/2,True,4.0,133.83908,False,6e-05,L12158
004002.000154,Be,2,Be II,1s.2p.3d,4D*,2.5,5/2,True,6.0,133.83908,False,6e-05,L12158
004002.000155,Be,2,Be II,1s.2p.3d,4D*,3.5,7/2,True,8.0,133.83908,False,6e-05,L12158
004002.000156,Be,2,Be II,1s.2p.(3P*).3p,2S,0.5,1/2,True,2.0,134.0,False,0.06,L12158
004002.000157,Be,2,Be II,1s.2p.3d,4P*,0.5,1/2,True,2.0,134.1137,False,0.0007,L12158
004002.000158,Be,2,Be II,1s.2p.3d,4P*,1.5,3/2,True,4.0,134.1137,False,0.0007,L12158
004002.000159,Be,2,Be II,1s.2p.3d,4P*,2.5,5/2,True,6.0,134.1137,False,0.0007,L12158
004002.000163,Be,2,Be II,1s.2s.5d,4D,3.5,7/2,True,8.0,134.532,False,0.005,L12158
004002.000161,Be,2,Be II,1s.2s.5d,4D,1.5,3/2,True,4.0,134.532,False,0.005,L12158
004002.000162,Be,2,Be II,1s.2s.5d,4D,2.5,5/2,True,6.0,134.532,False,0.005,L12158
004002.000160,Be,2,Be II,1s.2s.5d,4D,0.5,1/2,True,2.0,134.532,False,0.005,L12158
004002.000167,Be,2,Be II,1s.2s.5f,4F*,4.5,9/2,True,10.0,134.6549,False,0.0012,L12158
004002.000166,Be,2,Be II,1s.2s.5f,4F*,3.5,7/2,True,8.0,134.6549,False,0.0012,L12158
004002.000165,Be,2,Be II,1s.2s.5f,4F*,2.5,5/2,True,6.0,134.6549,False,0.0012,L12158
004002.000164,Be,2,Be II,1s.2s.5f,4F*,1.5,3/2,True,4.0,134.6549,False,0.0012,L12158
004002.000169,Be,2,Be II,1s.2p.(1P*).3p,2D,2.5,5/2,True,6.0,134.77,False,0.04,L12158
004002.000168,Be,2,Be II,1s.2p.(1P*).3p,2D,1.5,3/2,True,4.0,134.77,False,0.04,L12158
004002.000171,Be,2,Be II,1s.2p.(1P*).3p,2P,1.5,3/2,True,4.0,135.01,False,0.04,L12158
004002.000170,Be,2,Be II,1s.2p.(1P*).3p,2P,0.5,1/2,True,2.0,135.01,False,0.04,L12158
004002.000173,Be,2,Be II,1s.2p.(1P*).3d,2D*,2.5,5/2,True,6.0,135.448,False,0.012,L12158
004002.000172,Be,2,Be II,1s.2p.(1P*).3d,2D*,1.5,3/2,True,4.0,135.448,False,0.012,L12158
004002.000175,Be,2,Be II,1s.2p.(1P*).3d,2F*,3.5,7/2,True,8.0,135.47,False,0.06,L12158
004002.000174,Be,2,Be II,1s.2p.(1P*).3d,2F*,2.5,5/2,True,6.0,135.47,False,0.06,L12158
004002.000178,Be,2,Be II,1s.2p.4s,4P*,2.5,5/2,True,6.0,135.923,False,0.004,L12158
004002.000177,Be,2,Be II,1s.2p.4s,4P*,1.5,3/2,True,4.0,135.923,False,0.004,L12158
004002.000176,Be,2,Be II,1s.2p.4s,4P*,0.5,1/2,True,2.0,135.923,False,0.004,L12158
004002.000179,Be,2,Be II,1s.2p.4p,4D,0.5,1/2,True,2.0,136.2118,False,0.0014,L12158
004002.000180,Be,2,Be II,1s.2p.4p,4D,1.5,3/2,True,4.0,136.2118,False,0.0014,L12158
004002.000181,Be,2,Be II,1s.2p.4p,4D,2.5,5/2,True,6.0,136.2118,False,0.0014,L12158
004002.000182,Be,2,Be II,1s.2p.4p,4D,3.5,7/2,True,8.0,136.2118,False,0.0014,L12158
004002.000184,Be,2,Be II,1s.2p.(3P*).4p,2P,1.5,3/2,True,4.0,136.25,False,0.05,L12158
004002.000183,Be,2,Be II,1s.2p.(3P*).4p,2P,0.5,1/2,True,2.0,136.25,False,0.05,L12158
004002.000185,Be,2,Be II,1s.2p.4p,4S,1.5,3/2,True,4.0,136.3801,False,0.0015,L12158
004002.000188,Be,2,Be II,1s.2p.4p,4P,2.5,5/2,True,6.0,136.3972,False,0.0025,L12158
004002.000186,Be,2,Be II,1s.2p.4p,4P,0.5,1/2,True,2.0,136.3972,False,0.0025,L12158
004002.000187,Be,2,Be II,1s.2p.4p,4P,1.5,3/2,True,4.0,136.3972,False,0.0025,L12158
004002.000190,Be,2,Be II,1s.2p.(3P*).4d,2D*,2.5,5/2,True,6.0,136.546,False,0.012,L12158
004002.000189,Be,2,Be II,1s.2p.(3P*).4d,2D*,1.5,3/2,True,4.0,136.546,False,0.012,L12158
004002.000193,Be,2,Be II,1s.2p.4d,4D*,2.5,5/2,True,6.0,136.6436,False,0.0025,L12158
004002.000194,Be,2,Be II,1s.2p.4d,4D*,3.5,7/2,True,8.0,136.6436,False,0.0025,L12158
004002.000192,Be,2,Be II,1s.2p.4d,4D*,1.5,3/2,True,4.0,136.6436,False,0.0025,L12158
004002.000191,Be,2,Be II,1s.2p.4d,4D*,0.5,1/2,True,2.0,136.6436,False,0.0025,L12158
004002.000195,Be,2,Be II,1s.2p.(3P*).4f,2F,2.5,5/2,True,6.0,136.673,True,0.012,L12158
004002.000196,Be,2,Be II,1s.2p.(3P*).4f,2F,3.5,7/2,True,8.0,136.673,True,0.012,L12158
004002.000200,Be,2,Be II,1s.2p.4f,4F,4.5,9/2,True,10.0,136.67473,True,0.0,L12158
004002.000199,Be,2,Be II,1s.2p.4f,4F,3.5,7/2,True,8.0,136.67473,True,0.0,L12158
004002.000198,Be,2,Be II,1s.2p.4f,4F,2.5,5/2,True,6.0,136.67473,True,0.0,L12158
004002.000197,Be,2,Be II,1s.2p.4f,4F,1.5,3/2,True,4.0,136.67473,True,0.0,L12158
004002.000204,Be,2,Be II,1s.2p.4f,4D,3.5,7/2,True,8.0,136.7714,False,0.0007,L12158
004002.000202,Be,2,Be II,1s.2p.4f,4D,1.5,3/2,True,4.0,136.7714,False,0.0007,L12158
004002.000203,Be,2,Be II,1s.2p.4f,4D,2.5,5/2,True,6.0,136.7714,False,0.0007,L12158
004002.000201,Be,2,Be II,1s.2p.4f,4D,0.5,1/2,True,2.0,136.7714,False,0.0007,L12158
004002.Lim002,Be,2,Be II,Be III (1s.2s 3S<1>),Limit,,---,False,,136.802739,False,2.5e-05,
004002.000207,Be,2,Be II,1s.2p.5d,4D*,1.5,3/2,True,4.0,137.918,False,0.005,L12158
004002.000208,Be,2,Be II,1s.2p.5d,4D*,2.5,5/2,True,6.0,137.918,False,0.005,L12158
004002.000209,Be,2,Be II,1s.2p.5d,4D*,3.5,7/2,True,8.0,137.918,False,0.005,L12158
004002.000206,Be,2,Be II,1s.2p.5d,4D*,0.5,1/2,True,2.0,137.918,False,0.005,L12158
004002.000211,Be,2,Be II,1s.2p.(3P*).5f,2F,3.5,7/2,True,8.0,137.927,False,0.012,L12158
004002.000210,Be,2,Be II,1s.2p.(3P*).5f,2F,2.5,5/2,True,6.0,137.927,False,0.012,L12158
004002.000215,Be,2,Be II,1s.2p.5f,4F,4.5,9/2,True,10.0,137.9292,False,0.0015,L12158
004002.000214,Be,2,Be II,1s.2p.5f,4F,3.5,7/2,True,8.0,137.9292,False,0.0015,L12158
004002.000212,Be,2,Be II,1s.2p.5f,4F,1.5,3/2,True,4.0,137.9292,False,0.0015,L12158
004002.000213,Be,2,Be II,1s.2p.5f,4F,2.5,5/2,True,6.0,137.9292,False,0.0015,L12158
004002.000217,Be,2,Be II,1s.2p.(1P*).4p,2P,1.5,3/2,True,4.0,137.96,False,0.09,L12158
004002.000216,Be,2,Be II,1s.2p.(1P*).4p,2P,0.5,1/2,True,2.0,137.96,False,0.09,L12158
004002.000221,Be,2,Be II,1s.2p.6d,4D*,3.5,7/2,True,8.0,138.5663,False,0.0025,L12158
004002.000220,Be,2,Be II,1s.2p.6d,4D*,2.5,5/2,True,6.0,138.5663,False,0.0025,L12158
004002.000219,Be,2,Be II,1s.2p.6d,4D*,1.5,3/2,True,4.0,138.5663,False,0.0025,L12158
004002.000218,Be,2,Be II,1s.2p.6d,4D*,0.5,1/2,True,2.0,138.5663,False,0.0025,L12158
004002.000223,Be,2,Be II,1s.2p.6f,4F,2.5,5/2,True,6.0,138.6078,False,0.0009,L12158
004002.000224,Be,2,Be II,1s.2p.6f,4F,3.5,7/2,True,8.0,138.6078,False,0.0009,L12158
004002.000225,Be,2,Be II,1s.2p.6f,4F,4.5,9/2,True,10.0,138.6078,False,0.0009,L12158
004002.000222,Be,2,Be II,1s.2p.6f,4F,1.5,3/2,True,4.0,138.6078,False,0.0009,L12158
004002.000226,Be,2,Be II,1s.2p.(1P*).5p,2P,0.5,1/2,True,2.0,139.363,False,0.016,L12158
004002.000227,Be,2,Be II,1s.2p.(1P*).5p,2P,1.5,3/2,True,4.0,139.363,False,0.016,L12158
004002.Lim003,Be,2,Be II,Be III (1s.2s 1S<0>),Limit,,---,False,,139.8614,False,6e-05,
004002.Lim004,Be,2,Be II,Be III (1s.2p 3P*),Limit,,---,False,,140.13328,False,5e-05,
004002.Lim005,Be,2,Be II,Be III (1s.2p 1P*<1>),Limit,,---,False,,141.87947,False,6e-05,
004002.000232,Be,2,Be II,1s.(2S).3s.3p.(3P*),2P*,1.5,3/2,True,4.0,148.24,False,0.05,L12158
004002.000231,Be,2,Be II,1s.(2S).3s.3p.(3P*),2P*,0.5,1/2,True,2.0,148.24,False,0.05,L12158
004002.000234,Be,2,Be II,1s.(2S).3s.3p.(1P*),2P*,1.5,3/2,True,4.0,150.13,False,0.05,L12158
004002.000233,Be,2,Be II,1s.(2S).3s.3p.(1P*),2P*,0.5,1/2,True,2.0,150.13,False,0.05,L12158
004002.000236,Be,2,Be II,2s2.2p,2P*,1.5,3/2,True,4.0,268.77,False,0.07,L12158
004002.000235,Be,2,Be II,2s2.2p,2P*,0.5,1/2,True,2.0,268.77,False,0.07,L12158
004002.000238,Be,2,Be II,2s.2p2,4P,1.5,3/2,True,4.0,269.22,False,0.12,L12158
004002.000239,Be,2,Be II,2s.2p2,4P,2.5,5/2,True,6.0,269.22,False,0.12,L12158
004002.000237,Be,2,Be II,2s.2p2,4P,0.5,1/2,True,2.0,269.22,False,0.12,L12158
004002.000240,Be,2,Be II,2s.2p2,2D,1.5,3/2,True,4.0,272.65,False,0.07,L12158
004002.000241,Be,2,Be II,2s.2p2,2D,2.5,5/2,True,6.0,272.65,False,0.07,L12158
004002.000242,Be,2,Be II,2p3,4S*,1.5,3/2,True,4.0,274.56,False,0.06,L12158
004002.000243,Be,2,Be II,2s.2p2,2S,0.5,1/2,True,2.0,275.33,False,0.12,L12158
004002.000245,Be,2,Be II,2s.2p2,2P,1.5,3/2,True,4.0,275.89,False,0.07,L12158
004002.000244,Be,2,Be II,2s.2p2,2P,0.5,1/2,True,2.0,275.89,False,0.07,L12158
004002.000247,Be,2,Be II,2p3,2D*,2.5,5/2,True,6.0,275.98,False,0.07,L12158
004002.000246,Be,2,Be II,2p3,2D*,1.5,3/2,True,4.0,275.98,False,0.07,L12158
004002.000248,Be,2,Be II,2p3,2P*,0.5,1/2,True,2.0,278.9,False,0.04,L12158
004002.000249,Be,2,Be II,2p3,2P*,1.5,3/2,True,4.0,278.9,False,0.04,L12158
004002.000251,Be,2,Be II,2s2.3p,2P*,1.5,3/2,True,4.0,285.4,False,0.04,L12158
004002.000250,Be,2,Be II,2s2.3p,2P*,0.5,1/2,True,2.0,285.4,False,0.04,L12158
004002.000254,Be,2,Be II,2s.2p.3p,4P,2.5,5/2,True,6.0,287.01,False,0.1,L12158
004002.000252,Be,2,Be II,2s.2p.3p,4P,0.5,1/2,True,2.0,287.01,False,0.1,L12158
004002.000253,Be,2,Be II,2s.2p.3p,4P,1.5,3/2,True,4.0,287.01,False,0.1,L12158
004002.000255,Be,2,Be II,2s2.3d,2D,1.5,3/2,True,4.0,287.28,False,0.04,L12158
004002.000256,Be,2,Be II,2s2.3d,2D,2.5,5/2,True,6.0,287.28,False,0.04,L12158
004002.000257,Be,2,Be II,2s.2p.(3P*).3d,2D*,1.5,3/2,True,4.0,288.1,False,0.04,L12158
004002.000258,Be,2,Be II,2s.2p.(3P*).3d,2D*,2.5,5/2,True,6.0,288.1,False,0.04,L12158
005001.000001,B,1,B I,2s2.2p,2P*,0.5,1/2,True,2.0,0.0,False,0.0,L12312
005001.000002,B,1,B I,2s2.2p,2P*,1.5,3/2,True,4.0,0.0018953,False,4e-07,L12312
005001.000003,B,1,B I,2s.2p2,4P,0.5,1/2,True,2.0,3.55183,False,0.00022,L12312
005001.000004,B,1,B I,2s.2p2,4P,1.5,3/2,True,4.0,3.5524,False,0.00022,L12312
005001.000005,B,1,B I,2s.2p2,4P,2.5,5/2,True,6.0,3.55319,False,0.00022,L12312
005001.000006,B,1,B I,2s2.3s,2S,0.5,1/2,True,2.0,4.964289,False,3e-07,L12312
005001.000007,B,1,B I,2s.2p2,2D,2.5,5/2,True,6.0,5.9334881,False,5e-07,L12312
005001.000008,B,1,B I,2s.2p2,2D,1.5,3/2,True,4.0,5.9335273,False,5e-07,L12312
005001.000009,B,1,B I,2s2.3p,2P*,0.5,1/2,True,2.0,6.0271033,False,4e-07,L12312
005001.000010,B,1,B I,2s2.3p,2P*,1.5,3/2,True,4.0,6.0273243,False,3e-07,L12312
005001.000011,B,1,B I,2s2.3d,2D,1.5,3/2,True,4.0,6.79032869,False,2.5e-07,L12312
005001.000012,B,1,B I,2s2.3d,2D,2.5,5/2,True,6.0,6.7903466,False,4e-07,L12312
005001.000013,B,1,B I,2s2.4s,2S,0.5,1/2,True,2.0,6.8203997,False,3e-07,L12312
005001.000014,B,1,B I,2s2.4p,2P*,0.5,1/2,True,2.0,7.1646047,False,4e-07,L12312
005001.000015,B,1,B I,2s2.4p,2P*,1.5,3/2,True,4.0,7.1646833,False,4e-07,L12312
005001.000016,B,1,B I,2s2.4d,2D,1.5,3/2,True,4.0,7.43824,False,1.6e-05,L12312
005001.000121,B,1,B I,2s2.4d,2D,2.5,5/2,True,6.0,7.43824,False,1.6e-05,L12312
005001.000017,B,1,B I,2s2.4f,2F*,2.5,5/2,True,6.0,7.4429049,False,4e-07,L12312
005001.000018,B,1,B I,2s2.4f,2F*,3.5,7/2,True,8.0,7.4429055,False,4e-07,L12312
005001.000019,B,1,B I,2s2.5s,2S,0.5,1/2,True,2.0,7.4572049,False,1.2e-06,L12312
005001.000020,B,1,B I,2s2.5p,2P*,,"1/2,3/2",False,6.0,7.61679,False,0.00014,L12312
005001.000021,B,1,B I,2s2.6s,2S,0.5,1/2,True,2.0,7.746801,False,1.7e-05,L12312
005001.000022,B,1,B I,2s2.5d,2D,1.5,3/2,True,4.0,7.747215,False,1.7e-05,L12312
005001.000120,B,1,B I,2s2.5d,2D,2.5,5/2,True,6.0,7.747215,False,1.7e-05,L12312
005001.000023,B,1,B I,2s2.5f,2F*,2.5,5/2,True,6.0,7.7510655,False,4e-07,L12312
005001.000125,B,1,B I,2s2.5f,2F*,3.5,7/2,True,8.0,7.7510655,False,4e-07,L12312
005001.000024,B,1,B I,2s2.6p,2P*,,"1/2,3/2",False,6.0,7.84364,False,0.00014,L12312
005001.000025,B,1,B I,2s.2p2,2S,0.5,1/2,True,2.0,7.880515,False,1.7e-05,L12312
005001.000026,B,1,B I,2s2.6d,2D,1.5,3/2,True,4.0,7.915811,False,1.7e-05,L12312
005001.000119,B,1,B I,2s2.6d,2D,2.5,5/2,True,6.0,7.915811,False,1.7e-05,L12312
005001.000027,B,1,B I,2s2.6f,2F*,2.5,5/2,True,6.0,7.918415,False,4e-06,L12312
005001.000124,B,1,B I,2s2.6f,2F*,3.5,7/2,True,8.0,7.918415,False,4e-06,L12312
005001.000028,B,1,B I,2s2.7s,2S,0.5,1/2,True,2.0,7.954332,False,1.9e-05,L12312
005001.000029,B,1,B I,2s2.7p,2P*,,"1/2,3/2",False,6.0,7.97322,False,0.00015,L12312
005001.000030,B,1,B I,2s2.7d,2D,1.5,3/2,True,4.0,8.017482,False,1.9e-05,L12312
005001.000118,B,1,B I,2s2.7d,2D,2.5,5/2,True,6.0,8.017482,False,1.9e-05,L12312
005001.000031,B,1,B I,2s2.7f,2F*,2.5,5/2,True,6.0,8.019266,False,4e-06,L12312
005001.000123,B,1,B I,2s2.7f,2F*,3.5,7/2,True,8.0,8.019266,False,4e-06,L12312
005001.000032,B,1,B I,2s2.8s,2S,0.5,1/2,True,2.0,8.033195,False,1.9e-05,L12312
005001.000033,B,1,B I,2s2.8p,2P*,,"1/2,3/2",False,6.0,8.05455,False,0.00015,L12312
005001.000034,B,1,B I,2s2.8d,2D,1.5,3/2,True,4.0,8.083434,False,1.9e-05,L12312
005001.000117,B,1,B I,2s2.8d,2D,2.5,5/2,True,6.0,8.083434,False,1.9e-05,L12312
005001.000035,B,1,B I,2s2.8f,2F*,2.5,5/2,True,6.0,8.084685,False,6e-06,L12312
005001.000122,B,1,B I,2s2.8f,2F*,3.5,7/2,True,8.0,8.084685,False,6e-06,L12312
005001.000036,B,1,B I,2s2.9s,2S,0.5,1/2,True,2.0,8.092472,False,1.9e-05,L12312
005001.000037,B,1,B I,2s2.9p,2P*,,"1/2,3/2",False,6.0,8.10865,False,0.00015,L12312
005001.000038,B,1,B I,2s2.9d,2D,,"3/2,5/2",False,10.0,8.128612,False,1.9e-05,L12312
005001.000039,B,1,B I,2s2.9f,2F*,,"5/2,7/2",False,14.0,8.129514,False,6e-06,L12312
005001.000040,B,1,B I,2s2.10s,2S,0.5,1/2,True,2.0,8.134526,False,1.9e-05,L12312
005001.000041,B,1,B I,2s2.10d,2D,,"3/2,5/2",False,10.0,8.160905,False,1.9e-05,L12312
005001.000042,B,1,B I,2s2.10f,2F*,,"5/2,7/2",False,14.0,8.16154,False,6e-06,L12312
005001.000043,B,1,B I,2s2.11d,2D,,"3/2,5/2",False,10.0,8.184766,False,1.9e-05,L12312
005001.000044,B,1,B I,2s2.11f,2F*,,"5/2,7/2",False,14.0,8.185267,False,6e-06,L12312
005001.000045,B,1,B I,2s2.12d,2D,,"3/2,5/2",False,10.0,8.202911,False,1.9e-05,L12312
005001.000046,B,1,B I,2s2.13d,2D,,"3/2,5/2",False,10.0,8.217013,False,2e-05,L12312
005001.000047,B,1,B I,2s2.14d,2D,,"3/2,5/2",False,10.0,8.2282,False,2e-05,L12312
005001.000048,B,1,B I,2s2.15d,2D,,"3/2,5/2",False,10.0,8.237218,False,2e-05,L12312
005001.000049,B,1,B I,2s2.16d,2D,,"3/2,5/2",False,10.0,8.244597,False,2e-05,L12312
005001.000050,B,1,B I,2s2.17d,2D,,"3/2,5/2",False,10.0,8.250713,False,2e-05,L12312
005001.000051,B,1,B I,2s2.18d,2D,,"3/2,5/2",False,10.0,8.255835,False,2e-05,L12312
005001.000052,B,1,B I,2s2.19d,2D,,"3/2,5/2",False,10.0,8.260166,False,2e-05,L12312
005001.000053,B,1,B I,2s2.20d,2D,,"3/2,5/2",False,10.0,8.263862,False,2e-05,L12312
005001.000054,B,1,B I,2s2.21d,2D,,"3/2,5/2",False,10.0,8.267041,False,2e-05,L12312
005001.000055,B,1,B I,2s2.22d,2D,,"3/2,5/2",False,10.0,8.269799,False,2e-05,L12312
005001.000056,B,1,B I,2s2.23d,2D,,"3/2,5/2",False,10.0,8.272202,False,2e-05,L12312
005001.000057,B,1,B I,2s2.24d,2D,,"3/2,5/2",False,10.0,8.274317,False,2.2e-05,L12312
005001.000058,B,1,B I,2s2.25d,2D,,"3/2,5/2",False,10.0,8.276199,False,2.2e-05,L12312
005001.000059,B,1,B I,2s2.26d,2D,,"3/2,5/2",False,10.0,8.277831,False,2e-05,L12312
005001.000060,B,1,B I,2s2.27d,2D,,"3/2,5/2",False,10.0,8.279304,False,2e-05,L12312
005001.000061,B,1,B I,2s2.28d,2D,,"3/2,5/2",False,10.0,8.280617,False,2e-05,L12312
005001.000062,B,1,B I,2s2.29d,2D,,"3/2,5/2",False,10.0,8.28181,False,3e-05,L12312
005001.000063,B,1,B I,2s2.30d,2D,,"3/2,5/2",False,10.0,8.282847,False,2.2e-05,L12312
005001.000064,B,1,B I,2s2.31d,2D,,"3/2,5/2",False,10.0,8.283842,False,2e-05,L12312
005001.000065,B,1,B I,2s2.32d,2D,,"3/2,5/2",False,10.0,8.284757,False,2.2e-05,L12312
005001.000066,B,1,B I,2s2.33d,2D,,"3/2,5/2",False,10.0,8.2855,False,3e-05,L12312
005001.000067,B,1,B I,2s2.34d,2D,,"3/2,5/2",False,10.0,8.2862,False,3e-05,L12312
005001.000068,B,1,B I,2s2.35d,2D,,"3/2,5/2",False,10.0,8.2869,False,3e-05,L12312
005001.000069,B,1,B I,2s2.36d,2D,,"3/2,5/2",False,10.0,8.28752,False,3e-05,L12312
005001.000070,B,1,B I,2s2.37d,2D,,"3/2,5/2",False,10.0,8.28807,False,3e-05,L12312
005001.000071,B,1,B I,2s2.38d,2D,,"3/2,5/2",False,10.0,8.2886,False,3e-05,L12312
005001.000072,B,1,B I,2s2.39d,2D,,"3/2,5/2",False,10.0,8.28904,False,3e-05,L12312
005001.Lim001,B,1,B I,B II (2s2 1S<0>),Limit,,---,False,,8.298019,False,3e-06,L12312
005001.000074,B,1,B I,2s.2p2,2P,0.5,1/2,True,2.0,8.991694,False,2.2e-05,L12312
005001.000075,B,1,B I,2s.2p2,2P,1.5,3/2,True,4.0,8.993138,False,2.2e-05,L12312
005001.000076,B,1,B I,2s.2p.(3P*).3s,4P*,0.5,1/2,True,2.0,9.54817,False,0.00022,L12312
005001.000077,B,1,B I,2s.2p.(3P*).3s,4P*,1.5,3/2,True,4.0,9.54897,False,0.00022,L12312
005001.000078,B,1,B I,2s.2p.(3P*).3s,4P*,2.5,5/2,True,6.0,9.55056,False,0.00022,L12312
005001.000079,B,1,B I,2s.2p.(3P*).3p,2P,0.5,1/2,True,2.0,10.76922,False,5e-05,L12312
005001.000080,B,1,B I,2s.2p.(3P*).3p,2P,1.5,3/2,True,4.0,10.76987,False,5e-05,L12312
005001.000081,B,1,B I,2s.2p.(3P*).3p,2D,1.5,3/2,True,4.0,10.85577,False,7e-05,L12312
005001.000082,B,1,B I,2s.2p.(3P*).3p,2D,2.5,5/2,True,6.0,10.85609,False,7e-05,L12312
005001.000083,B,1,B I,2s.2p.(3P*).3p,2S,0.5,1/2,True,2.0,10.97503,False,5e-05,L12312
005001.000084,B,1,B I,2s.2p.(3P*).3d,2D*,1.5,3/2,True,4.0,11.12203,False,5e-05,L12312
005001.000085,B,1,B I,2s.2p.(3P*).3d,2D*,2.5,5/2,True,6.0,11.12244,False,5e-05,L12312
005001.000086,B,1,B I,2s.2p.(3P*).3d,4D*,1.5,3/2,True,4.0,11.26398,False,0.00022,L12312
005001.000087,B,1,B I,2s.2p.(3P*).3d,4D*,2.5,5/2,True,6.0,11.26416,False,0.00022,L12312
005001.000088,B,1,B I,2s.2p.(3P*).3d,4D*,3.5,7/2,True,8.0,11.26451,False,0.00022,L12312
005001.000089,B,1,B I,2s.2p.(3P*).3d,4P*,2.5,5/2,True,6.0,11.36199,False,0.00022,L12312
005001.000090,B,1,B I,2s.2p.(3P*).3d,4P*,1.5,3/2,True,4.0,11.36244,False,0.00022,L12312
005001.000091,B,1,B I,2s.2p.(3P*).3d,4P*,0.5,1/2,True,2.0,11.36266,False,0.00022,L12312
005001.000092,B,1,B I,2s.2p.(3P*).4s,4P*,2.5,5/2,True,6.0,11.42586,False,0.00022,L12312
005001.000093,B,1,B I,2s.2p.(3P*).4p,2P,0.5,1/2,True,2.0,11.83397,False,6e-05,L12312
005001.000094,B,1,B I,2s.2p.(3P*).4p,2P,1.5,3/2,True,4.0,11.83448,False,6e-05,L12312
005001.000095,B,1,B I,2s.2p.(3P*).4d,4D*,1.5,3/2,True,4.0,11.99153,False,0.00022,L12312
005001.000096,B,1,B I,2s.2p.(3P*).4d,4D*,2.5,5/2,True,6.0,11.99236,False,0.00022,L12312
005001.000097,B,1,B I,2s.2p.(3P*).4d,4D*,3.5,7/2,True,8.0,11.99283,False,0.00022,L12312
005001.000098,B,1,B I,2p3,4S*,1.5,3/2,True,4.0,12.01169,False,0.00022,L12312
005001.000099,B,1,B I,2s.2p.(3P*).5p,2P,1.5,3/2,True,4.0,12.26472,False,0.0001,L12312
005001.000100,B,1,B I,2s.2p.(3P*).5d,4D*,3.5,7/2,True,8.0,12.3219,False,0.00022,L12312
005001.000101,B,1,B I,2s.2p.(3P*).6p,2P,1.5,3/2,True,4.0,12.48294,False,0.0001,L12312
005001.Lim002,B,1,B I,B II (2s.2p 3P*<0>),Limit,,---,False,,12.927036,False,7e-06,L12312
005001.Lim003,B,1,B I,B II (2s.2p 3P*<1>),Limit,,---,False,,12.927794,False,6e-06,L12312
005001.Lim004,B,1,B I,B II (2s.2p 3P*<2>),Limit,,---,False,,12.929796,False,6e-06,L12312
005001.Lim005,B,1,B I,B II (2s.2p 1P*<1>),Limit,,---,False,,17.398027,False,6e-06,L12312
005001.000106,B,1,B I,1s.(2S).2s2.2p2.(3P),2P,,"1/2,3/2",False,6.0,190.58,False,0.09,L12312
005001.000115,B,1,B I,1s.(2S).2s2.2p2.(1D),2D,,"3/2,5/2",False,10.0,190.71,False,0.09,L12312
005001.000116,B,1,B I,1s.(2S).2s2.2p2.(1S),2S,0.5,1/2,True,2.0,191.87,False,0.09,L12312
005001.000107,B,1,B I,1s.(2S).2s2.2p.(3P*).3p,2P,,"1/2,3/2",False,6.0,198.19,False,0.1,L12312
005001.000108,B,1,B I,1s.(2S).2s2.2p.(3P*).3p,2D,,"3/2,5/2",False,10.0,198.54,False,0.1,L12312
005001.000109,B,1,B I,1s.(2S).2s2.2p.(3P*).3p,2S,0.5,1/2,True,2.0,198.88,False,0.1,L12312
005001.000110,B,1,B I,1s.(2S).2s2.2p.(3P*).4p,,,1/2 or 3/2,False,2.0,199.55,False,0.1,L12312
005001.000111,B,1,B I,1s.(2S).2s2.2p.(1P*).3p,2P,,"1/2,3/2",False,6.0,200.14,False,0.1,L12312
005001.Lim006,B,1,B I,B II (1s.2s2.2p 3P*),Limit,,---,False,,200.68,False,0.1,L12312
005001.000112,B,1,B I,1s.(2S).2s2.2p.(1P*).4p,,,1/2 or 3/2,False,2.0,201.54,False,0.1,L12312
005001.Lim007,B,1,B I,B II (1s.2s2.2p 1P*),Limit,,---,False,,202.66,False,0.1,L12312
005002.000001,B,2,B II,1s2.2s2,1S,0.0,0,True,1.0,0.0,False,0.0,L12120
005002.000002,B,2,B II,1s2.2s.2p,3P*,0.0,0,True,1.0,4.629017,False,5e-06,L12120
005002.000003,B,2,B II,1s2.2s.2p,3P*,1.0,1,True,3.0,4.629775,False,4e-06,L12120
005002.000004,B,2,B II,1s2.2s.2p,3P*,2.0,2,True,5.0,4.631777,False,4e-06,L12120
005002.000005,B,2,B II,1s2.2s.2p,1P*,1.0,1,True,3.0,9.100007,False,4e-06,L12120
005002.000006,B,2,B II,1s2.2p2,3P,0.0,0,True,1.0,12.263448,False,5e-06,L12120
005002.000007,B,2,B II,1s2.2p2,3P,1.0,1,True,3.0,12.264501,False,4e-06,L12120
005002.000008,B,2,B II,1s2.2p2,3P,2.0,2,True,5.0,12.266161,False,4e-06,L12120
005002.000009,B,2,B II,1s2.2p2,1D,2.0,2,True,5.0,12.691366,False,4e-06,L12120
005002.000010,B,2,B II,1s2.2p2,1S,0.0,0,True,1.0,15.82797,False,4e-06,L12120
005002.000011,B,2,B II,1s2.2s.3s,3S,1.0,1,True,3.0,16.089904,False,2.2e-05,L12120
005002.000012,B,2,B II,1s2.2s.3s,1S,0.0,0,True,1.0,17.062984,False,2e-05,L12120
005002.000013,B,2,B II,1s2.2s.3p,3P*,0.0,0,True,1.0,17.852479,False,2.2e-05,L12120
005002.000014,B,2,B II,1s2.2s.3p,3P*,1.0,1,True,3.0,17.852554,False,2.2e-05,L12120
005002.000015,B,2,B II,1s2.2s.3p,3P*,2.0,2,True,5.0,17.852994,False,2.2e-05,L12120
005002.000016,B,2,B II,1s2.2s.3p,1P*,1.0,1,True,3.0,17.866488,False,9e-06,L12120
005002.000017,B,2,B II,1s2.2s.3d,3D,3.0,3,True,7.0,18.67818,False,2e-05,L12120
005002.000019,B,2,B II,1s2.2s.3d,3D,2.0,2,True,5.0,18.67818,False,2e-05,L12120
005002.000018,B,2,B II,1s2.2s.3d,3D,1.0,1,True,3.0,18.67818,False,2e-05,L12120
005002.000020,B,2,B II,1s2.2s.3d,1D,2.0,2,True,5.0,19.178635,False,9e-06,L12120
005002.000021,B,2,B II,1s2.2s.4s,3S,1.0,1,True,3.0,20.624138,False,2.2e-05,L12120
005002.000022,B,2,B II,1s2.2s.4s,1S,0.0,0,True,1.0,20.821325,False,1.1e-05,L12120
005002.000023,B,2,B II,1s2.2s.4p,1P*,1.0,1,True,3.0,21.150629,False,1.1e-05,L12120
005002.000026,B,2,B II,1s2.2s.4p,3P*,2.0,2,True,5.0,21.268988,False,2.1e-05,L12120
005002.000025,B,2,B II,1s2.2s.4p,3P*,1.0,1,True,3.0,21.268988,False,2.1e-05,L12120
005002.000024,B,2,B II,1s2.2s.4p,3P*,0.0,0,True,1.0,21.268988,False,2.1e-05,L12120
005002.000028,B,2,B II,1s2.2s.4d,3D,3.0,3,True,7.0,21.582342,False,2.2e-05,L12120
005002.000029,B,2,B II,1s2.2s.4d,3D,2.0,2,True,5.0,21.582342,False,2.2e-05,L12120
005002.000027,B,2,B II,1s2.2s.4d,3D,1.0,1,True,3.0,21.582342,False,2.2e-05,L12120
005002.000031,B,2,B II,1s2.2s.4f,3F*,4.0,4,True,9.0,21.685249,False,2e-05,L12120
005002.000030,B,2,B II,1s2.2s.4f,3F*,3.0,3,True,7.0,21.685249,False,2e-05,L12120
005002.000032,B,2,B II,1s2.2s.4f,3F*,2.0,2,True,5.0,21.685249,False,2e-05,L12120
005002.000033,B,2,B II,1s2.2s.4f,1F*,3.0,3,True,7.0,21.68755,False,1e-05,L12120
005002.000034,B,2,B II,1s2.2s.4d,1D,2.0,2,True,5.0,21.765055,False,1.5e-05,L12120
005002.000035,B,2,B II,1s2.2s.5s,3S,1.0,1,True,3.0,22.428384,False,2.5e-05,L12120
005002.000036,B,2,B II,1s2.2s.5s,1S,0.0,0,True,1.0,22.509583,False,2e-05,L12120
005002.000037,B,2,B II,1s2.2p.3s,3P*,0.0,0,True,1.0,22.52122,False,4e-05,L12120
005002.000038,B,2,B II,1s2.2p.3s,3P*,1.0,1,True,3.0,22.52242,False,4e-05,L12120
005002.000039,B,2,B II,1s2.2p.3s,3P*,2.0,2,True,5.0,22.52505,False,4e-05,L12120
005002.000040,B,2,B II,1s2.2s.5p,1P*,1.0,1,True,3.0,22.53607,False,7e-05,L12120
005002.000041,B,2,B II,1s2.2s.5p,3P*,0.0,0,True,1.0,22.76583,False,3e-05,L12120
005002.000042,B,2,B II,1s2.2s.5p,3P*,1.0,1,True,3.0,22.76583,False,3e-05,L12120
005002.000043,B,2,B II,1s2.2s.5p,3P*,2.0,2,True,5.0,22.76583,False,3e-05,L12120
005002.000046,B,2,B II,1s2.2s.5d,3D,1.0,1,True,3.0,22.89166,False,3e-05,L12120
005002.000044,B,2,B II,1s2.2s.5d,3D,2.0,2,True,5.0,22.89166,False,3e-05,L12120
005002.000045,B,2,B II,1s2.2s.5d,3D,3.0,3,True,7.0,22.89166,False,3e-05,L12120
005002.000047,B,2,B II,1s2.2s.5f,3F*,2.0,2,True,5.0,22.925767,False,2.2e-05,L12120
005002.000048,B,2,B II,1s2.2s.5f,3F*,3.0,3,True,7.0,22.925767,False,2.2e-05,L12120
005002.000049,B,2,B II,1s2.2s.5f,3F*,4.0,4,True,9.0,22.925767,False,2.2e-05,L12120
005002.000050,B,2,B II,1s2.2s.5f,1F*,3.0,3,True,7.0,22.93189,False,4e-05,L12120
005002.000051,B,2,B II,1s2.2s.5g,3G,3.0,3,True,7.0,22.96954,False,4e-05,L12120
005002.000054,B,2,B II,1s2.2s.5g,3G,4.0,4,True,9.0,22.96954,False,4e-05,L12120
005002.000052,B,2,B II,1s2.2s.5g,3G,5.0,5,True,11.0,22.96954,False,4e-05,L12120
005002.000053,B,2,B II,1s2.2s.5g,1G,4.0,4,True,9.0,22.96954,False,4e-05,L12120
005002.000055,B,2,B II,1s2.2s.5d,1D,2.0,2,True,5.0,22.977146,False,1.2e-05,L12120
005002.000056,B,2,B II,1s2.2p.3s,1P*,1.0,1,True,3.0,23.139161,False,1.9e-05,L12120
005002.000057,B,2,B II,1s2.2s.6s,3S,1.0,1,True,3.0,23.33018,False,4e-05,L12120
005002.000058,B,2,B II,1s2.2s.6s,1S,0.0,0,True,1.0,23.377,False,0.009,L12120
005002.000059,B,2,B II,1s2.2p.3p,1P,1.0,1,True,3.0,23.448881,False,2.4e-05,L12120
005002.000060,B,2,B II,1s2.2s.6p,3P*,,"0,1,2",False,9.0,23.52507,False,7e-05,L12120
005002.000061,B,2,B II,1s2.2s.6d,3D,,"1,2,3",False,15.0,23.58854,False,0.00014,L12120
005002.000062,B,2,B II,1s2.2s.6p,1P*,1.0,1,True,3.0,23.589,False,0.022,L12120
005002.000064,B,2,B II,1s2.2s.6f,3F*,2.0,2,True,5.0,23.598146,False,2.2e-05,L12120
005002.000065,B,2,B II,1s2.2s.6f,3F*,3.0,3,True,7.0,23.598146,False,2.2e-05,L12120
005002.000063,B,2,B II,1s2.2s.6f,3F*,4.0,4,True,9.0,23.598146,False,2.2e-05,L12120
005002.000066,B,2,B II,1s2.2s.6f,1F*,3.0,3,True,7.0,23.610196,False,1.7e-05,L12120
005002.000070,B,2,B II,1s2.2s.6g,3G,3.0,3,True,7.0,23.63744,False,4e-05,L12120
005002.000067,B,2,B II,1s2.2s.6g,3G,4.0,4,True,9.0,23.63744,False,4e-05,L12120
005002.000068,B,2,B II,1s2.2s.6g,3G,5.0,5,True,11.0,23.63744,False,4e-05,L12120
005002.000069,B,2,B II,1s2.2s.6g,1G,4.0,4,True,9.0,23.63744,False,4e-05,L12120
005002.000071,B,2,B II,1s2.2s.6d,1D,2.0,2,True,5.0,23.63813,False,9e-05,L12120
005002.000072,B,2,B II,1s2.2p.3p,3D,1.0,1,True,3.0,23.6853,False,5e-05,L12120
005002.000073,B,2,B II,1s2.2p.3p,3D,2.0,2,True,5.0,23.68651,False,5e-05,L12120
005002.000074,B,2,B II,1s2.2p.3p,3D,3.0,3,True,7.0,23.68884,False,5e-05,L12120
005002.000075,B,2,B II,1s2.2s.7s,3S,1.0,1,True,3.0,23.835,False,0.015,L12120
005002.000076,B,2,B II,1s2.2s.7s,1S,0.0,0,True,1.0,23.8686,True,,L12120
005002.000077,B,2,B II,1s2.2p.3p,3S,1.0,1,True,3.0,23.95703,False,0.00012,L12120
005002.000078,B,2,B II,1s2.2s.7f,3F*,,"2,3,4",False,21.0,24.0005,False,5e-05,L12120
005002.000079,B,2,B II,1s2.2s.7p,1P*,1.0,1,True,3.0,24.0026,False,0.0016,L12120
005002.000080,B,2,B II,1s2.2s.7d,3D,,"1,2,3",False,15.0,24.015,False,0.003,L12120
005002.000081,B,2,B II,1s2.2s.7d,1D,2.0,2,True,5.0,24.03605,False,6e-05,L12120
005002.000082,B,2,B II,1s2.2s.7g,3G,,"3,4,5",False,27.0,24.04031,False,5e-05,L12120
005002.000083,B,2,B II,1s2.2s.8s,1S,0.0,0,True,1.0,24.1699,True,,L12120
005002.000084,B,2,B II,1s2.2s.8s,3S,1.0,1,True,3.0,24.174,False,0.015,L12120
005002.000085,B,2,B II,1s2.2s.8p,1P*,1.0,1,True,3.0,24.249,False,0.024,L12120
005002.000086,B,2,B II,1s2.2p.3p,3P,0.0,0,True,1.0,24.25152,False,4e-05,L12120
005002.000087,B,2,B II,1s2.2p.3p,3P,1.0,1,True,3.0,24.25233,False,4e-05,L12120
005002.000088,B,2,B II,1s2.2p.3p,3P,2.0,2,True,5.0,24.25367,False,4e-05,L12120
005002.000089,B,2,B II,1s2.2s.8d,1D,2.0,2,True,5.0,24.25694,False,7e-05,L12120
005002.000090,B,2,B II,1s2.2s.8d,3D,,"1,2,3",False,15.0,24.28,False,0.016,L12120
005002.000091,B,2,B II,1s2.2p.3p,1D,2.0,2,True,5.0,24.42236,False,6e-05,L12120
005002.000092,B,2,B II,1s2.2s.9p,1P*,1.0,1,True,3.0,24.44,False,0.024,L12120
005002.000093,B,2,B II,1s2.2s.9d,3D,,"1,2,3",False,15.0,24.468,False,0.016,L12120
005002.000094,B,2,B II,1s2.2s.9d,1D,2.0,2,True,5.0,24.50482,False,9e-05,L12120
005002.000095,B,2,B II,1s2.2p.3d,3F*,2.0,2,True,5.0,24.51102,False,5e-05,L12120
005002.000096,B,2,B II,1s2.2p.3d,3F*,3.0,3,True,7.0,24.51213,False,5e-05,L12120
005002.000097,B,2,B II,1s2.2p.3d,3F*,4.0,4,True,9.0,24.51399,False,5e-05,L12120
005002.000098,B,2,B II,1s2.2p.3d,1D*,2.0,2,True,5.0,24.514173,False,2.5e-05,L12120
005002.000099,B,2,B II,1s2.2s.10d,3D,,"1,2,3",False,15.0,24.596,False,0.016,L12120
005002.000100,B,2,B II,1s2.2p.3d,3D*,1.0,1,True,3.0,24.85612,False,4e-05,L12120
005002.000101,B,2,B II,1s2.2p.3d,3D*,2.0,2,True,5.0,24.85659,False,4e-05,L12120
005002.000102,B,2,B II,1s2.2p.3d,3D*,3.0,3,True,7.0,24.85725,False,4e-05,L12120
005002.000103,B,2,B II,1s2.2p.3d,3P*,,"0,1,2",False,9.0,24.88693,False,0.00016,L12120
005002.Lim001,B,2,B II,B III (2s 2S<1/2>),Limit,,---,False,,25.15483,False,5e-05,L12120
005002.000105,B,2,B II,1s2.2p.3p,1S,0.0,0,True,1.0,25.185,False,0.01,L12120
005002.000106,B,2,B II,1s2.2p.3d,1P*,1.0,1,True,3.0,25.43,False,0.0004,L12120
005002.000107,B,2,B II,1s2.2p.4s,3P*,,"0,1,2",False,9.0,26.737,False,0.01,L12120
005002.000108,B,2,B II,1s2.2p.4s,1P*,1.0,1,True,3.0,26.907,False,0.005,L12120
005002.000109,B,2,B II,1s2.2p.4p,1P,1.0,1,True,3.0,27.14239,False,5e-05,L12120
005002.000110,B,2,B II,1s2.2p.4p,3D,,"1,2,3",False,15.0,27.2071,False,0.0009,L12120
005002.000111,B,2,B II,1s2.2p.4p,3S,1.0,1,True,3.0,27.3031,True,,L12120
005002.000112,B,2,B II,1s2.2p.4p,3P,,"0,1,2",False,9.0,27.41046,False,0.00015,L12120
005002.000113,B,2,B II,1s2.2p.4p,1D,2.0,2,True,5.0,27.448,False,0.02,L12120
005002.000114,B,2,B II,1s2.2p.4d,1D*,2.0,2,True,5.0,27.50917,False,0.00014,L12120
005002.000115,B,2,B II,1s2.2p.4d,3F*,,"2,3,4",False,21.0,27.5149,False,0.0003,L12120
005002.000116,B,2,B II,1s2.2p.4f,1F,3.0,3,True,7.0,27.65182,False,0.00016,L12120
005002.000119,B,2,B II,1s2.2p.4f,3F,2.0,2,True,5.0,27.65337,False,0.00015,L12120
005002.000118,B,2,B II,1s2.2p.4f,3F,3.0,3,True,7.0,27.65337,False,0.00015,L12120
005002.000117,B,2,B II,1s2.2p.4f,3F,4.0,4,True,9.0,27.65337,False,0.00015,L12120
005002.000120,B,2,B II,1s2.2p.4d,3D*,,"1,2,3",False,15.0,27.65357,False,0.00015,L12120
005002.000121,B,2,B II,1s2.2p.4d,3P*,,"0,1,2",False,9.0,27.697,False,0.01,L12120
005002.000122,B,2,B II,1s2.2p.4f,3D,,"1,2,3",False,15.0,27.727,False,0.01,L12120
005002.000123,B,2,B II,1s2.2p.4d,1F*,3.0,3,True,7.0,27.83187,False,0.00015,L12120
005002.000124,B,2,B II,1s2.2p.4d,1P*,1.0,1,True,3.0,27.8764,False,0.001,L12120
005002.000125,B,2,B II,1s2.2p.5s,1P*,1.0,1,True,3.0,28.5698,False,0.002,L12120
005002.000126,B,2,B II,1s2.2p.5p,3D,,"1,2,3",False,15.0,28.7073,False,0.001,L12120
005002.000127,B,2,B II,1s2.2p.5p,3P,,"0,1,2",False,9.0,28.7997,False,0.001,L12120
005002.000128,B,2,B II,1s2.2p.5d,3D*,,"1,2,3",False,15.0,28.916,False,0.011,L12120
005002.000129,B,2,B II,1s2.2p.5d,1P*,1.0,1,True,3.0,29.0321,False,0.0006,L12120
005002.000130,B,2,B II,1s2.2p.6s,1P*,1.0,1,True,3.0,29.4129,False,0.0021,L12120
005002.000131,B,2,B II,1s2.2p.6p,3D,,"1,2,3",False,15.0,29.4868,False,0.001,L12120
005002.000132,B,2,B II,1s2.2p.6p,3P,,"0,1,2",False,9.0,29.5373,False,0.001,L12120
005002.000133,B,2,B II,1s2.2p.6d,1P*,1.0,1,True,3.0,29.6694,False,0.0007,L12120
005002.000134,B,2,B II,1s2.2p.7s,1P*,1.0,1,True,3.0,29.8894,False,0.0021,L12120
005002.000135,B,2,B II,1s2.2p.7p,3P,,"0,1,2",False,9.0,29.962,False,0.004,L12120
005002.000136,B,2,B II,1s2.2p.7d,1P*,1.0,1,True,3.0,30.059,False,0.0015,L12120
005002.000137,B,2,B II,1s2.2p.8s,1P*,1.0,1,True,3.0,30.2003,False,0.0022,L12120
005002.000138,B,2,B II,1s2.2p.8p,3P,,"0,1,2",False,9.0,30.2473,False,0.0011,L12120
005002.000139,B,2,B II,1s2.2p.8d,1P*,1.0,1,True,3.0,30.3155,False,0.0015,L12120
005002.000140,B,2,B II,1s2.2p.9s,1P*,1.0,1,True,3.0,30.405,False,0.007,L12120
005002.000141,B,2,B II,1s2.2p.9p,3P,,"0,1,2",False,9.0,30.442,False,0.0011,L12120
005002.000142,B,2,B II,1s2.2p.9d,1P*,1.0,1,True,3.0,30.49,False,0.06,L12120
005002.000143,B,2,B II,1s2.2p.10s,1P*,1.0,1,True,3.0,30.558,False,0.007,L12120
005002.000144,B,2,B II,1s2.2p.10p,3P,,"0,1,2",False,9.0,30.5744,False,0.0011,L12120
005002.000145,B,2,B II,1s2.2p.10d,1P*,1.0,1,True,3.0,30.6065,False,0.0007,L12120
005002.000146,B,2,B II,1s2.2p.11p,3P,,"0,1,2",False,9.0,30.6757,False,0.0016,L12120
005002.000147,B,2,B II,1s2.2p.12p,3P,,"0,1,2",False,9.0,30.7564,False,0.0016,L12120
005002.000148,B,2,B II,1s2.2p.13p,3P,,"0,1,2",False,9.0,30.814,False,0.003,L12120
005002.000149,B,2,B II,1s.2s2.2p,3P*,,"0,1,2",False,9.0,192.39,False,0.1,L12120
005002.000150,B,2,B II,1s.2s.2p2,5P,,"1,2,3",False,15.0,194.15,False,0.2,L12120
005002.000151,B,2,B II,1s.2s2.2p,1P*,1.0,1,True,3.0,194.36,False,0.09,L12120
005002.000152,B,2,B II,1s.2p3,5S*,2.0,2,True,5.0,203.5118,False,0.0005,L12120
005002.000153,B,2,B II,1s.2s2.3p,1P*,1.0,1,True,3.0,210.11,False,0.11,L12120
005002.000154,B,2,B II,1s.2s2.4p,1P*,1.0,1,True,3.0,213.73,False,0.11,L12120
005002.000155,B,2,B II,1s.2s2.5p,1P*,1.0,1,True,3.0,215.29,False,0.11,L12120
005002.000156,B,2,B II,1s.2s2.6p,1P*,1.0,1,True,3.0,216.09,False,0.11,L12120
005002.000157,B,2,B II,1s.2p2.3s,5P,,"1,2,3",False,15.0,217.967,False,0.004,L12120
006001.000001,C,1,C I,2s2.2p2,3P,0.0,0,True,1.0,0.0,False,1.6e-07,L20057
006001.000006,C,1,C I,2s2.2p2,3P,1.0,1,True,3.0,0.002035413,False,1.6e-07,"L20057,L3172"
006001.000007,C,1,C I,2s2.2p2,3P,2.0,2,True,5.0,0.0053825826,False,1.6e-07,"L20057,L3172"
006001.000008,C,1,C I,2s2.2p2,1D,2.0,2,True,5.0,1.2637284,False,4e-07,L20057
006001.000009,C,1,C I,2s2.2p2,1S,0.0,0,True,1.0,2.6840136,False,4e-07,L20057
006001.000010,C,1,C I,2s.2p3,5S*,2.0,2,True,5.0,4.1826219,False,2.2e-06,L20057
006001.000011,C,1,C I,2s2.2p.3s,3P*,0.0,0,True,1.0,7.48039414,False,6e-08,L20057
006001.000012,C,1,C I,2s2.2p.3s,3P*,1.0,1,True,3.0,7.48277598,False,4e-08,L20057
006001.000013,C,1,C I,2s2.2p.3s,3P*,2.0,2,True,5.0,7.48779869,False,5e-08,L20057
006001.000014,C,1,C I,2s2.2p.3s,1P*,1.0,1,True,3.0,7.68476777,False,5e-08,"L20057,L292"
006001.000015,C,1,C I,2s.2p3,3D*,3.0,3,True,7.0,7.945771557,False,1.2e-08,L20057
006001.000016,C,1,C I,2s.2p3,3D*,1.0,1,True,3.0,7.94613476,False,7e-08,L20057
006001.000017,C,1,C I,2s.2p3,3D*,2.0,2,True,5.0,7.94627046,False,4e-08,L20057
006001.000018,C,1,C I,2s2.2p.3p,1P,1.0,1,True,3.0,8.53709962,False,5e-08,L20057
006001.000019,C,1,C I,2s2.2p.3p,3D,1.0,1,True,3.0,8.64039604,False,3e-08,L20057
006001.000020,C,1,C I,2s2.2p.3p,3D,2.0,2,True,5.0,8.643023685,False,2.2e-08,L20057
006001.000021,C,1,C I,2s2.2p.3p,3D,3.0,3,True,7.0,8.647160399,False,1.7e-08,L20057
006001.000022,C,1,C I,2s2.2p.3p,3S,1.0,1,True,3.0,8.771134696,False,1.6e-08,L20057
006001.000023,C,1,C I,2s2.2p.3p,3P,0.0,0,True,1.0,8.8465879,False,3e-08,L20057
006001.000024,C,1,C I,2s2.2p.3p,3P,1.0,1,True,3.0,8.848124381,False,2.4e-08,L20057
006001.000025,C,1,C I,2s2.2p.3p,3P,2.0,2,True,5.0,8.850662829,False,0.0,L20057
006001.000026,C,1,C I,2s2.2p.3p,1D,2.0,2,True,5.0,9.00258381,False,3e-08,L20057
006001.000027,C,1,C I,2s2.2p.3p,1S,0.0,0,True,1.0,9.17184612,False,4e-08,L20057
006001.000028,C,1,C I,2s.2p3,3P*,1.0,1,True,3.0,9.33030708,False,4e-08,L20057
006001.000029,C,1,C I,2s.2p3,3P*,2.0,2,True,5.0,9.330467271,False,1.6e-08,L20057
006001.000030,C,1,C I,2s.2p3,3P*,0.0,0,True,1.0,9.33057587,False,4e-08,L20057
006001.000031,C,1,C I,2s2.2p.3d,1D*,2.0,2,True,5.0,9.631071843,False,2.4e-08,L20057
006001.000032,C,1,C I,2s2.2p.4s,3P*,0.0,0,True,1.0,9.68378589,False,4e-08,L20057
006001.000033,C,1,C I,2s2.2p.4s,3P*,1.0,1,True,3.0,9.685245529,False,1.7e-08,L20057
006001.000034,C,1,C I,2s2.2p.4s,3P*,2.0,2,True,5.0,9.689130559,False,1.5e-08,L20057
006001.000035,C,1,C I,2s2.2p.3d,3F*,2.0,2,True,5.0,9.69545167,False,3e-08,L20057
006001.000036,C,1,C I,2s2.2p.3d,3F*,3.0,3,True,7.0,9.697491047,False,2.1e-08,L20057
006001.000037,C,1,C I,2s2.2p.3d,3F*,4.0,4,True,9.0,9.701759406,False,1.7e-08,L20057
006001.000038,C,1,C I,2s2.2p.3d,3D*,1.0,1,True,3.0,9.70715841,False,3e-08,L20057
006001.000039,C,1,C I,2s2.2p.3d,3D*,2.0,2,True,5.0,9.708910751,False,2.1e-08,L20057
006001.000040,C,1,C I,2s2.2p.3d,3D*,3.0,3,True,7.0,9.710227435,False,1.1e-08,L20057
006001.000041,C,1,C I,2s2.2p.4s,1P*,1.0,1,True,3.0,9.71295903,False,3e-08,L20057
006001.000042,C,1,C I,2s2.2p.3d,1F*,3.0,3,True,7.0,9.73643528,False,3e-08,L20057
006001.000043,C,1,C I,2s2.2p.3d,1P*,1.0,1,True,3.0,9.76143658,False,5e-08,L20057
006001.000044,C,1,C I,2s2.2p.3d,3P*,2.0,2,True,5.0,9.833294423,False,1.1e-08,L20057
006001.000045,C,1,C I,2s2.2p.3d,3P*,1.0,1,True,3.0,9.83427899,False,4e-08,L20057
006001.000046,C,1,C I,2s2.2p.3d,3P*,0.0,0,True,1.0,9.83482192,False,6e-08,L20057
006001.000047,C,1,C I,2s2.2p.4p,1P,1.0,1,True,3.0,9.98852478,False,3e-08,L20057
006001.000048,C,1,C I,2s2.2p.4p,3D,1.0,1,True,3.0,10.01574721,False,3e-08,L20057
006001.000049,C,1,C I,2s2.2p.4p,3D,2.0,2,True,5.0,10.018083033,False,1.9e-08,L20057
006001.000050,C,1,C I,2s2.2p.4p,3D,3.0,3,True,7.0,10.022216175,False,1.6e-08,L20057
006001.000051,C,1,C I,2s2.2p.4p,3S,1.0,1,True,3.0,10.055746371,False,1.7e-08,L20057
006001.000052,C,1,C I,2s2.2p.4p,3P,0.0,0,True,1.0,10.0812859,False,4e-08,L20057
006001.000053,C,1,C I,2s2.2p.4p,3P,1.0,1,True,3.0,10.08311546,False,2.5e-08,L20057
006001.000054,C,1,C I,2s2.2p.4p,3P,2.0,2,True,5.0,10.085377438,False,1.4e-08,L20057
006001.000055,C,1,C I,2s2.2p.4p,1D,2.0,2,True,5.0,10.1381719,False,3e-08,L20057
006001.000056,C,1,C I,2s2.2p.4p,1S,0.0,0,True,1.0,10.19792602,False,4e-08,L20057
006001.000057,C,1,C I,2s2.2p.4d,1D*,2.0,2,True,5.0,10.35238138,False,4e-08,L20057
006001.000058,C,1,C I,2s2.2p.5s,3P*,0.0,0,True,1.0,10.38244873,False,1.2e-07,L20057
006001.000060,C,1,C I,2s2.2p.5s,3P*,1.0,1,True,3.0,10.38397899,False,7e-08,L20057
006001.000062,C,1,C I,2s2.2p.5s,3P*,2.0,2,True,5.0,10.38877088,False,6e-08,L20057
006001.000059,C,1,C I,2s2.2p.4d,3F*,2.0,2,True,5.0,10.38335829,False,4e-08,L20057
006001.000061,C,1,C I,2s2.2p.4d,3F*,3.0,3,True,7.0,10.385074438,False,2.2e-08,L20057
006001.000063,C,1,C I,2s2.2p.4d,3F*,4.0,4,True,9.0,10.389704212,False,2e-08,L20057
006001.000064,C,1,C I,2s2.2p.4d,3D*,1.0,1,True,3.0,10.39237505,False,1e-07,L20057
006001.000065,C,1,C I,2s2.2p.4d,3D*,2.0,2,True,5.0,10.39459625,False,5e-08,L20057
006001.000066,C,1,C I,2s2.2p.4d,3D*,3.0,3,True,7.0,10.39593494,False,4e-08,L20057
006001.000067,C,1,C I,2s2.2p.5s,1P*,1.0,1,True,3.0,10.3994604,False,7e-07,L20057
006001.000068,C,1,C I,2s2.2p.(2P*<1/2>).4f,2[5/2],3.0,3,True,7.0,10.404712177,False,2.2e-08,L20057
006001.000069,C,1,C I,2s2.2p.(2P*<1/2>).4f,2[5/2],2.0,2,True,5.0,10.40472588,False,4e-08,L20057
006001.000070,C,1,C I,2s2.2p.(2P*<1/2>).4f,2[7/2],3.0,3,True,7.0,10.40552565,False,4e-08,L20057
006001.000071,C,1,C I,2s2.2p.(2P*<1/2>).4f,2[7/2],4.0,4,True,9.0,10.405550385,False,1.6e-08,L20057
006001.000072,C,1,C I,2s2.2p.4d,1F*,3.0,3,True,7.0,10.40812917,False,5e-08,L20057
006001.000073,C,1,C I,2s2.2p.(2P*<3/2>).4f,2[7/2],3.0,3,True,7.0,10.41296443,False,3e-08,L20057
006001.000074,C,1,C I,2s2.2p.(2P*<3/2>).4f,2[7/2],4.0,4,True,9.0,10.41299796,False,6e-08,L20057
006001.000075,C,1,C I,2s2.2p.(2P*<3/2>).4f,2[5/2],3.0,3,True,7.0,10.416318591,False,1.5e-08,L20057
006001.000076,C,1,C I,2s2.2p.(2P*<3/2>).4f,2[5/2],2.0,2,True,5.0,10.41633791,False,4e-08,L20057
006001.000077,C,1,C I,2s2.2p.(2P*<3/2>).4f,2[9/2],5.0,5,True,11.0,10.416641283,False,2.2e-08,L20057
006001.000078,C,1,C I,2s2.2p.(2P*<3/2>).4f,2[9/2],4.0,4,True,9.0,10.41669049,False,6e-08,L20057
006001.000079,C,1,C I,2s2.2p.4d,1P*,1.0,1,True,3.0,10.4186584,False,9e-08,L20057
006001.000080,C,1,C I,2s2.2p.(2P*<3/2>).4f,2[3/2],1.0,1,True,3.0,10.41917726,False,7e-08,L20057
006001.000081,C,1,C I,2s2.2p.(2P*<3/2>).4f,2[3/2],2.0,2,True,5.0,10.41919132,False,6e-08,L20057
006001.000082,C,1,C I,2s2.2p.4d,3P*,2.0,2,True,5.0,10.42745839,False,5e-08,L20057
006001.000083,C,1,C I,2s2.2p.4d,3P*,1.0,1,True,3.0,10.42906912,False,6e-08,L20057
006001.000084,C,1,C I,2s2.2p.4d,3P*,0.0,0,True,1.0,10.42970278,False,2.2e-07,L20057
006001.000085,C,1,C I,2s2.2p.5p,1P,1.0,1,True,3.0,10.52024138,False,2e-07,L20057
006001.000086,C,1,C I,2s2.2p.5p,3D,1.0,1,True,3.0,10.5306428,False,2.5e-06,L20057
006001.000087,C,1,C I,2s2.2p.5p,3D,2.0,2,True,5.0,10.532508,False,4e-06,L20057
006001.000088,C,1,C I,2s2.2p.5p,3D,3.0,3,True,7.0,10.53679751,False,2.5e-07,L20057
006001.000089,C,1,C I,2s2.2p.5p,3P,0.0,0,True,1.0,10.559692,False,4e-06,L20057
006001.000090,C,1,C I,2s2.2p.5p,3P,1.0,1,True,3.0,10.56208579,False,5e-08,L20057
006001.000091,C,1,C I,2s2.2p.5p,3P,2.0,2,True,5.0,10.56390942,False,4e-08,L20057
006001.000092,C,1,C I,2s2.2p.5p,1D,2.0,2,True,5.0,10.5882298,False,1.4e-06,L20057
006001.000093,C,1,C I,2s2.2p.5p,1S,0.0,0,True,1.0,10.6161705,False,5e-07,L20057
006001.000094,C,1,C I,2s2.2p.5d,1D*,2.0,2,True,5.0,10.68560706,False,9e-08,L20057
006001.000095,C,1,C I,2s2.2p.5d,3F*,2.0,2,True,5.0,10.70203,False,6e-06,L20057
006001.000097,C,1,C I,2s2.2p.5d,3F*,3.0,3,True,7.0,10.703207,False,1.7e-07,L20057
006001.000100,C,1,C I,2s2.2p.5d,3F*,4.0,4,True,9.0,10.708439,False,6e-07,L20057
006001.000096,C,1,C I,2s2.2p.6s,3P*,0.0,0,True,1.0,10.70256,False,4e-06,L20057
006001.000098,C,1,C I,2s2.2p.6s,3P*,1.0,1,True,3.0,10.7037605,False,2.1e-06,L20057
006001.000101,C,1,C I,2s2.2p.6s,3P*,2.0,2,True,5.0,10.708468,False,3e-06,L20057
006001.000099,C,1,C I,2s2.2p.5d,3D*,1.0,1,True,3.0,10.70759,False,4e-06,L20057
006001.000102,C,1,C I,2s2.2p.5d,3D*,2.0,2,True,5.0,10.710924,False,3e-06,L20057
006001.000103,C,1,C I,2s2.2p.5d,3D*,3.0,3,True,7.0,10.711966,False,5e-06,L20057
006001.000283,C,1,C I,2s2.2p.(2P*<1/2>).5f,2[5/2],3.0,3,True,7.0,10.71372629,False,2.2e-07,L20057
006001.000284,C,1,C I,2s2.2p.(2P*<1/2>).5f,2[5/2],2.0,2,True,5.0,10.7137388,False,2e-07,L20057
006001.000285,C,1,C I,2s2.2p.(2P*<1/2>).5f,2[7/2],3.0,3,True,7.0,10.71404072,False,2.5e-07,L20057
006001.000286,C,1,C I,2s2.2p.(2P*<1/2>).5f,2[7/2],4.0,4,True,9.0,10.71406552,False,1.1e-07,L20057
006001.000104,C,1,C I,2s2.2p.6s,1P*,1.0,1,True,3.0,10.7142898,False,2.2e-06,L20057
006001.000287,C,1,C I,2s2.2p.(2P*<1/2>).5g,2[7/2]*,3.0,3,True,7.0,10.71555641,False,7e-08,L20057
006001.000288,C,1,C I,2s2.2p.(2P*<1/2>).5g,2[7/2]*,4.0,4,True,9.0,10.71555649,False,7e-08,L20057
006001.000289,C,1,C I,2s2.2p.(2P*<1/2>).5g,2[9/2]*,5.0,5,True,11.0,10.71561401,False,4e-08,L20057
006001.000290,C,1,C I,2s2.2p.(2P*<1/2>).5g,2[9/2]*,4.0,4,True,9.0,10.71561406,False,5e-08,L20057
006001.000105,C,1,C I,2s2.2p.5d,1F*,3.0,3,True,7.0,10.718336,False,3e-06,L20057
006001.000106,C,1,C I,2s2.2p.(2P*<3/2>).5f,2[7/2],3.0,3,True,7.0,10.7208571,False,3e-07,L20057
006001.000107,C,1,C I,2s2.2p.(2P*<3/2>).5f,2[7/2],4.0,4,True,9.0,10.72087957,False,1.9e-07,L20057
006001.000108,C,1,C I,2s2.2p.(2P*<3/2>).5f,2[5/2],3.0,3,True,7.0,10.72248485,False,1.9e-07,L20057
006001.000109,C,1,C I,2s2.2p.(2P*<3/2>).5f,2[5/2],2.0,2,True,5.0,10.7224999,False,5e-07,L20057
006001.000292,C,1,C I,2s2.2p.(2P*<3/2>).5g,2[9/2]*,4.0,4,True,9.0,10.7228467,False,5e-08,L20057
006001.000291,C,1,C I,2s2.2p.(2P*<3/2>).5g,2[9/2]*,5.0,5,True,11.0,10.72284691,False,7e-08,L20057
006001.000293,C,1,C I,2s2.2p.(2P*<3/2>).5f,2[9/2],5.0,5,True,11.0,10.72314833,False,7e-08,L20057
006001.000294,C,1,C I,2s2.2p.(2P*<3/2>).5f,2[9/2],4.0,4,True,9.0,10.72318948,False,1.1e-07,L20057
006001.000295,C,1,C I,2s2.2p.(2P*<3/2>).5g,2[7/2]*,3.0,3,True,7.0,10.72334742,False,6e-08,L20057
006001.000296,C,1,C I,2s2.2p.(2P*<3/2>).5g,2[7/2]*,4.0,4,True,9.0,10.72334747,False,7e-08,L20057
006001.000110,C,1,C I,2s2.2p.5d,1P*,1.0,1,True,3.0,10.723572,False,1.9e-06,L20057
006001.000297,C,1,C I,2s2.2p.(2P*<3/2>).5g,2[11/2]*,5.0,5,True,11.0,10.72399473,False,6e-08,L20057
006001.000298,C,1,C I,2s2.2p.(2P*<3/2>).5g,2[11/2]*,6.0,6,True,13.0,10.72399516,False,4e-08,L20057
006001.000299,C,1,C I,2s2.2p.(2P*<3/2>).5g,2[5/2]*,2.0,2,True,5.0,10.7244372,False,1.5e-07,L20057
006001.000300,C,1,C I,2s2.2p.(2P*<3/2>).5g,2[5/2]*,3.0,3,True,7.0,10.72443729,False,1.2e-07,L20057
006001.000111,C,1,C I,2s2.2p.(2P*<3/2>).5f,2[3/2],1.0,1,True,3.0,10.72445,False,2.1e-06,L20057
006001.000112,C,1,C I,2s2.2p.(2P*<3/2>).5f,2[3/2],2.0,2,True,5.0,10.7244786,False,1e-06,L20057
006001.000113,C,1,C I,2s2.2p.5d,3P*,2.0,2,True,5.0,10.72546557,False,2.5e-07,L20057
006001.000114,C,1,C I,2s2.2p.5d,3P*,1.0,1,True,3.0,10.7270516,False,2.4e-06,L20057
006001.000115,C,1,C I,2s2.2p.5d,3P*,0.0,0,True,1.0,10.727508,False,4e-06,L20057
006001.000116,C,1,C I,2s2.2p.6p,1P,1.0,1,True,3.0,10.775825,False,4e-06,L20057
006001.000117,C,1,C I,2s2.2p.6p,3D,1.0,1,True,3.0,10.781192,False,3e-06,L20057
006001.000118,C,1,C I,2s2.2p.6p,3D,2.0,2,True,5.0,10.782347,False,3e-06,L20057
006001.000119,C,1,C I,2s2.2p.6p,3D,3.0,3,True,7.0,10.786912,False,4e-06,L20057
006001.000120,C,1,C I,2s2.2p.6p,3P,0.0,0,True,1.0,10.796222,False,3e-06,L20057
006001.000121,C,1,C I,2s2.2p.6p,3P,1.0,1,True,3.0,10.7994123,False,2.4e-06,L20057
006001.000122,C,1,C I,2s2.2p.6p,3P,2.0,2,True,5.0,10.800665,False,3e-06,L20057
006001.000123,C,1,C I,2s2.2p.6p,1D,2.0,2,True,5.0,10.8136879,False,7e-07,L20057
006001.000124,C,1,C I,2s2.2p.6p,1S,0.0,0,True,1.0,10.82891,False,4e-06,L20057
006001.000125,C,1,C I,2s2.2p.6d,1D*,2.0,2,True,5.0,10.865203,False,4e-06,L20057
006001.000126,C,1,C I,2s2.2p.6d,3F*,2.0,2,True,5.0,10.874433,False,6e-06,L20057
006001.000128,C,1,C I,2s2.2p.6d,3F*,3.0,3,True,7.0,10.875078,False,6e-06,L20057
006001.000132,C,1,C I,2s2.2p.6d,3F*,4.0,4,True,9.0,10.880931,False,6e-06,L20057
006001.000127,C,1,C I,2s2.2p.7s,3P*,0.0,0,True,1.0,10.874826,False,4e-06,L20057
006001.000129,C,1,C I,2s2.2p.7s,3P*,1.0,1,True,3.0,10.8757182,False,2e-06,L20057
006001.000131,C,1,C I,2s2.2p.7s,3P*,2.0,2,True,5.0,10.88008,False,3e-06,L20057
006001.000130,C,1,C I,2s2.2p.6d,3D*,1.0,1,True,3.0,10.877795,False,1.6e-05,L20057
006001.000135,C,1,C I,2s2.2p.6d,3D*,2.0,2,True,5.0,10.882479,False,3e-06,L20057
006001.000136,C,1,C I,2s2.2p.6d,3D*,3.0,3,True,7.0,10.882983,False,4e-06,L20057
006001.000301,C,1,C I,2s2.2p.(2P*<1/2>).6f,2[5/2],3.0,3,True,7.0,10.88112,False,6e-06,L20057
006001.000302,C,1,C I,2s2.2p.(2P*<1/2>).6f,2[5/2],2.0,2,True,5.0,10.88113,False,4e-06,L20057
006001.000133,C,1,C I,2s2.2p.(2P*<1/2>).6f,2[7/2],4.0,4,True,9.0,10.881243,False,1e-05,L20057
006001.000134,C,1,C I,2s2.2p.(2P*<1/2>).6f,2[7/2],3.0,3,True,7.0,10.881251,False,9e-06,L20057
006001.000416,C,1,C I,2s2.2p.(2P*<1/2>).6g,2[7/2]*,4.0,4,True,9.0,10.8820881,False,5e-07,L20057
006001.000417,C,1,C I,2s2.2p.(2P*<1/2>).6g,2[7/2]*,3.0,3,True,7.0,10.8820885,False,6e-07,L20057
006001.000418,C,1,C I,2s2.2p.(2P*<1/2>).6g,2[9/2]*,5.0,5,True,11.0,10.88212892,False,7e-08,L20057
006001.000303,C,1,C I,2s2.2p.(2P*<1/2>).6g,2[9/2]*,4.0,4,True,9.0,10.88212892,False,7e-08,L20057
006001.000304,C,1,C I,2s2.2p.(2P*<1/2>).6h,2[9/2],4.0,4,True,9.0,10.8822615,False,1e-06,L20057
006001.000419,C,1,C I,2s2.2p.(2P*<1/2>).6h,2[9/2],5.0,5,True,11.0,10.8822616,False,1.1e-06,L20057
006001.000305,C,1,C I,2s2.2p.(2P*<1/2>).6h,2[11/2],5.0,5,True,11.0,10.8822625,False,1.7e-06,L20057
006001.000420,C,1,C I,2s2.2p.(2P*<1/2>).6h,2[11/2],6.0,6,True,13.0,10.8822625,False,1.7e-06,L20057
006001.000137,C,1,C I,2s2.2p.7s,1P*,1.0,1,True,3.0,10.884529,False,3e-06,L20057
006001.000138,C,1,C I,2s2.2p.6d,1F*,3.0,3,True,7.0,10.886674,False,4e-06,L20057
006001.000306,C,1,C I,2s2.2p.(2P*<3/2>).6f,2[7/2],3.0,3,True,7.0,10.888287,False,4e-06,L20057
006001.000307,C,1,C I,2s2.2p.(2P*<3/2>).6f,2[7/2],4.0,4,True,9.0,10.888299,False,1e-05,L20057
006001.000139,C,1,C I,2s2.2p.(2P*<3/2>).6f,2[5/2],3.0,3,True,7.0,10.889159,False,5e-06,L20057
006001.000140,C,1,C I,2s2.2p.(2P*<3/2>).6f,2[5/2],2.0,2,True,5.0,10.889166,False,3e-06,L20057
006001.000309,C,1,C I,2s2.2p.(2P*<3/2>).6g,2[9/2]*,4.0,4,True,9.0,10.8894649,False,2.1e-06,L20057
006001.000308,C,1,C I,2s2.2p.(2P*<3/2>).6g,2[9/2]*,5.0,5,True,11.0,10.8894664,False,5e-07,L20057
006001.000141,C,1,C I,2s2.2p.6d,1P*,1.0,1,True,3.0,10.889554,False,4e-06,L20057
006001.000421,C,1,C I,2s2.2p.(2P*<3/2>).6f,2[9/2],5.0,5,True,11.0,10.88969,True,5e-05,L20057
006001.000422,C,1,C I,2s2.2p.(2P*<3/2>).6f,2[9/2],4.0,4,True,9.0,10.88972,True,5e-05,L20057
006001.000423,C,1,C I,2s2.2p.(2P*<3/2>).6g,2[7/2]*,3.0,3,True,7.0,10.8898224,False,1.6e-06,L20057
006001.000310,C,1,C I,2s2.2p.(2P*<3/2>).6g,2[7/2]*,4.0,4,True,9.0,10.8898233,False,5e-07,L20057
006001.000142,C,1,C I,2s2.2p.6d,3P*,2.0,2,True,5.0,10.889851,False,3e-06,L20057
006001.000145,C,1,C I,2s2.2p.6d,3P*,1.0,1,True,3.0,10.891259,False,4e-06,L20057
006001.000146,C,1,C I,2s2.2p.6d,3P*,0.0,0,True,1.0,10.8914,False,0.0002,L20057
006001.000311,C,1,C I,2s2.2p.(2P*<3/2>).6h,2[11/2],5.0,5,True,11.0,10.8899154,False,1.7e-06,L20057
006001.000424,C,1,C I,2s2.2p.(2P*<3/2>).6h,2[11/2],6.0,6,True,13.0,10.8899156,False,1.7e-06,L20057
006001.000425,C,1,C I,2s2.2p.(2P*<3/2>).6h,2[9/2],5.0,5,True,11.0,10.8900234,False,7e-07,L20057
006001.000312,C,1,C I,2s2.2p.(2P*<3/2>).6h,2[9/2],4.0,4,True,9.0,10.8900234,False,7e-07,L20057
006001.000313,C,1,C I,2s2.2p.(2P*<3/2>).6g,2[11/2]*,6.0,6,True,13.0,10.89023131,False,1e-07,L20057
006001.000426,C,1,C I,2s2.2p.(2P*<3/2>).6g,2[11/2]*,5.0,5,True,11.0,10.8902317,False,5e-07,L20057
006001.000427,C,1,C I,2s2.2p.(2P*<3/2>).6h,2[13/2],6.0,6,True,13.0,10.8902823,False,1e-06,L20057
006001.000314,C,1,C I,2s2.2p.(2P*<3/2>).6h,2[13/2],7.0,7,True,15.0,10.8902826,False,1e-06,L20057
006001.000315,C,1,C I,2s2.2p.(2P*<3/2>).6h,2[7/2],3.0,3,True,7.0,10.8904168,False,1.1e-06,L20057
006001.000428,C,1,C I,2s2.2p.(2P*<3/2>).6h,2[7/2],4.0,4,True,9.0,10.8904169,False,1.1e-06,L20057
006001.000143,C,1,C I,2s2.2p.(2P*<3/2>).6f,2[3/2],1.0,1,True,3.0,10.890494,False,6e-06,L20057
006001.000144,C,1,C I,2s2.2p.(2P*<3/2>).6f,2[3/2],2.0,2,True,5.0,10.890494,False,6e-06,L20057
006001.000317,C,1,C I,2s2.2p.(2P*<3/2>).6g,2[5/2]*,3.0,3,True,7.0,10.8905002,False,2.4e-06,L20057
006001.000316,C,1,C I,2s2.2p.(2P*<3/2>).6g,2[5/2]*,2.0,2,True,5.0,10.8905002,False,2.4e-06,L20057
006001.000147,C,1,C I,2s2.2p.7p,1P,1.0,1,True,3.0,10.918215,False,5e-06,L20057
006001.000148,C,1,C I,2s2.2p.7p,3D,1.0,1,True,3.0,10.922016,False,5e-06,L20057
006001.000149,C,1,C I,2s2.2p.7p,3D,2.0,2,True,5.0,10.922519,False,6e-06,L20057
006001.000150,C,1,C I,2s2.2p.7p,3D,3.0,3,True,7.0,10.927451,False,5e-06,L20057
006001.000151,C,1,C I,2s2.2p.7p,3P,0.0,0,True,1.0,10.930438,False,4e-06,L20057
006001.000152,C,1,C I,2s2.2p.7p,3P,1.0,1,True,3.0,10.934457,False,4e-06,L20057
006001.000153,C,1,C I,2s2.2p.7p,3P,2.0,2,True,5.0,10.935183,False,5e-06,L20057
006001.000154,C,1,C I,2s2.2p.7p,1D,2.0,2,True,5.0,10.942892,False,4e-06,L20057
006001.000155,C,1,C I,2s2.2p.7p,1S,0.0,0,True,1.0,10.952019,False,4e-06,L20057
006001.000156,C,1,C I,2s2.2p.(2P*<1/2>).7d,2[5/2]*,2.0,2,True,5.0,10.972432,False,4e-06,L20057
006001.000159,C,1,C I,2s2.2p.(2P*<1/2>).7d,2[5/2]*,3.0,3,True,7.0,10.978183,False,2.2e-05,L20057
006001.000157,C,1,C I,2s2.2p.(2P*<1/2>).7d,2[3/2]*,2.0,2,True,5.0,10.97799,False,0.00021,L20057
006001.000161,C,1,C I,2s2.2p.(2P*<1/2>).7d,2[3/2]*,1.0,1,True,3.0,10.97987,False,1.6e-05,L20057
006001.000158,C,1,C I,2s2.2p.(2P*<1/2>).8s,2[1/2]*,0.0,0,True,1.0,10.97803,False,4e-06,L20057
006001.000160,C,1,C I,2s2.2p.(2P*<1/2>).8s,2[1/2]*,1.0,1,True,3.0,10.9786886,False,2.5e-06,L20057
006001.000318,C,1,C I,2s2.2p.(2P*<1/2>).7f,2[5/2],3.0,3,True,7.0,10.981887,False,7e-06,L20057
006001.000162,C,1,C I,2s2.2p.(2P*<1/2>).7f,2[5/2],2.0,2,True,5.0,10.981888,False,4e-06,L20057
006001.000320,C,1,C I,2s2.2p.(2P*<1/2>).7f,2[7/2],4.0,4,True,9.0,10.981945,False,1e-05,L20057
006001.000319,C,1,C I,2s2.2p.(2P*<1/2>).7f,2[7/2],3.0,3,True,7.0,10.981945,False,1e-05,L20057
006001.000163,C,1,C I,2s2.2p.(2P*<3/2>).8s,2[3/2]*,2.0,2,True,5.0,10.983051,False,4e-06,L20057
006001.000167,C,1,C I,2s2.2p.(2P*<3/2>).8s,2[3/2]*,1.0,1,True,3.0,10.986862,False,5e-06,L20057
006001.000164,C,1,C I,2s2.2p.(2P*<3/2>).7d,2[7/2]*,4.0,4,True,9.0,10.984525,True,1e-05,L20057
006001.000168,C,1,C I,2s2.2p.(2P*<3/2>).7d,2[7/2]*,3.0,3,True,7.0,10.988102,False,5e-06,L20057
006001.000165,C,1,C I,2s2.2p.(2P*<3/2>).7d,2[5/2]*,2.0,2,True,5.0,10.98559,False,5e-06,L20057
006001.000166,C,1,C I,2s2.2p.(2P*<3/2>).7d,2[5/2]*,3.0,3,True,7.0,10.985784,False,2.2e-05,L20057
006001.000169,C,1,C I,2s2.2p.(2P*<3/2>).7f,2[7/2],3.0,3,True,7.0,10.989219,False,4e-06,L20057
006001.000170,C,1,C I,2s2.2p.(2P*<3/2>).7f,2[7/2],4.0,4,True,9.0,10.98923,False,1.1e-05,L20057
006001.000172,C,1,C I,2s2.2p.(2P*<3/2>).7f,2[5/2],3.0,3,True,7.0,10.989751,False,9e-06,L20057
006001.000321,C,1,C I,2s2.2p.(2P*<3/2>).7f,2[5/2],2.0,2,True,5.0,10.989751,False,9e-06,L20057
006001.000173,C,1,C I,2s2.2p.(2P*<3/2>).7d,2[3/2]*,1.0,1,True,3.0,10.989834,False,5e-06,L20057
006001.000171,C,1,C I,2s2.2p.(2P*<3/2>).7d,2[3/2]*,2.0,2,True,5.0,10.98985,False,5e-05,L20057
006001.000429,C,1,C I,2s2.2p.(2P*<3/2>).7f,2[9/2],5.0,5,True,11.0,10.99013,True,5e-05,L20057
006001.000430,C,1,C I,2s2.2p.(2P*<3/2>).7f,2[9/2],4.0,4,True,9.0,10.99015,True,5e-05,L20057
006001.000174,C,1,C I,2s2.2p.(2P*<3/2>).7f,2[3/2],2.0,2,True,5.0,10.990624,False,9e-06,L20057
006001.000322,C,1,C I,2s2.2p.(2P*<3/2>).7f,2[3/2],1.0,1,True,3.0,10.990625,False,9e-06,L20057
006001.000175,C,1,C I,2s2.2p.(2P*<3/2>).7d,2[1/2]*,1.0,1,True,3.0,10.99081,False,4e-05,L20057
006001.000176,C,1,C I,2s2.2p.(2P*<3/2>).7d,2[1/2]*,0.0,0,True,1.0,10.991,False,0.00021,L20057
006001.000177,C,1,C I,2s2.2p.(2P*<1/2>).8p,2[3/2],1.0,1,True,3.0,11.005709,False,7e-06,L20057
006001.000179,C,1,C I,2s2.2p.(2P*<1/2>).8p,2[1/2],2.0,2,True,5.0,11.0084,True,0.0006,L20057
006001.000178,C,1,C I,2s2.2p.(2P*<1/2>).8p,2[1/2],1.0,1,True,3.0,11.008664,False,5e-06,L20057
006001.000180,C,1,C I,2s2.2p.(2P*<3/2>).8p,2[5/2],3.0,3,True,7.0,11.014279,False,5e-06,L20057
006001.000182,C,1,C I,2s2.2p.(2P*<3/2>).8p,2[5/2],2.0,2,True,5.0,11.023878,False,5e-06,L20057
006001.000181,C,1,C I,2s2.2p.(2P*<3/2>).8p,2[3/2],2.0,2,True,5.0,11.018972,False,4e-06,L20057
006001.000183,C,1,C I,2s2.2p.(2P*<3/2>).8p,2[1/2],0.0,0,True,1.0,11.029715,False,5e-06,L20057
006001.000184,C,1,C I,2s2.2p.(2P*<1/2>).8d,2[5/2]*,2.0,2,True,5.0,11.04131,False,5e-06,L20057
006001.000187,C,1,C I,2s2.2p.(2P*<1/2>).8d,2[5/2]*,3.0,3,True,7.0,11.044755,False,2.4e-05,L20057
006001.000185,C,1,C I,2s2.2p.(2P*<1/2>).8d,2[3/2]*,2.0,2,True,5.0,11.0447,False,0.0003,L20057
006001.000189,C,1,C I,2s2.2p.(2P*<1/2>).8d,2[3/2]*,1.0,1,True,3.0,11.045907,False,1.5e-05,L20057
006001.000186,C,1,C I,2s2.2p.(2P*<1/2>).9s,2[1/2]*,0.0,0,True,1.0,11.044716,False,6e-06,L20057
006001.000188,C,1,C I,2s2.2p.(2P*<1/2>).9s,2[1/2]*,1.0,1,True,3.0,11.045181,False,6e-06,L20057
006001.000190,C,1,C I,2s2.2p.(2P*<1/2>).8f,2[5/2],2.0,2,True,5.0,11.047216,False,4e-06,L20057
006001.000191,C,1,C I,2s2.2p.(2P*<1/2>).8f,2[5/2],3.0,3,True,7.0,11.047219,False,1.1e-05,L20057
006001.000324,C,1,C I,2s2.2p.(2P*<1/2>).8f,2[7/2],4.0,4,True,9.0,11.047224,False,1.1e-05,L20057
006001.000323,C,1,C I,2s2.2p.(2P*<1/2>).8f,2[7/2],3.0,3,True,7.0,11.047224,False,1.1e-05,L20057
006001.000325,C,1,C I,2s2.2p.(2P*<3/2>).9s,2[3/2]*,2.0,2,True,5.0,11.04971,False,0.00021,L20057
006001.000195,C,1,C I,2s2.2p.(2P*<3/2>).9s,2[3/2]*,1.0,1,True,3.0,11.053111,False,5e-06,L20057
006001.000192,C,1,C I,2s2.2p.(2P*<3/2>).8d,2[7/2]*,4.0,4,True,9.0,11.051527,True,1e-05,L20057
006001.000196,C,1,C I,2s2.2p.(2P*<3/2>).8d,2[7/2]*,3.0,3,True,7.0,11.053899,False,5e-06,L20057
006001.000193,C,1,C I,2s2.2p.(2P*<3/2>).8d,2[5/2]*,2.0,2,True,5.0,11.052284,False,4e-06,L20057
006001.000194,C,1,C I,2s2.2p.(2P*<3/2>).8d,2[5/2]*,3.0,3,True,7.0,11.052451,False,2.4e-05,L20057
006001.000197,C,1,C I,2s2.2p.(2P*<3/2>).8f,2[7/2],4.0,4,True,9.0,11.054698,False,1.1e-05,L20057
006001.000326,C,1,C I,2s2.2p.(2P*<3/2>).8f,2[7/2],3.0,3,True,7.0,11.054698,False,1.1e-05,L20057
006001.000198,C,1,C I,2s2.2p.(2P*<3/2>).8d,2[3/2]*,2.0,2,True,5.0,11.05475,False,5e-05,L20057
006001.000199,C,1,C I,2s2.2p.(2P*<3/2>).8d,2[3/2]*,1.0,1,True,3.0,11.055019,False,5e-06,L20057
006001.000431,C,1,C I,2s2.2p.(2P*<3/2>).8f,2[5/2],3.0,3,True,7.0,11.055041,True,2.4e-05,L20057
006001.000432,C,1,C I,2s2.2p.(2P*<3/2>).8f,2[5/2],2.0,2,True,5.0,11.055041,True,2.4e-05,L20057
006001.000433,C,1,C I,2s2.2p.(2P*<3/2>).8f,2[9/2],5.0,5,True,11.0,11.05532,True,6e-05,L20057
006001.000434,C,1,C I,2s2.2p.(2P*<3/2>).8f,2[9/2],4.0,4,True,9.0,11.05532,True,6e-05,L20057
006001.000201,C,1,C I,2s2.2p.(2P*<3/2>).8d,2[1/2]*,0.0,0,True,1.0,11.05557,False,0.00021,L20057
006001.000200,C,1,C I,2s2.2p.(2P*<3/2>).8d,2[1/2]*,1.0,1,True,3.0,11.055672,False,2.4e-05,L20057
006001.000435,C,1,C I,2s2.2p.(2P*<3/2>).8f,2[3/2],1.0,1,True,3.0,11.05566,True,3e-05,L20057
006001.000436,C,1,C I,2s2.2p.(2P*<3/2>).8f,2[3/2],2.0,2,True,5.0,11.05566,True,3e-05,L20057
006001.000202,C,1,C I,2s2.2p.(2P*<1/2>).9p,2[3/2],1.0,1,True,3.0,11.063411,False,5e-06,L20057
006001.000203,C,1,C I,2s2.2p.(2P*<3/2>).9p,2[5/2],3.0,3,True,7.0,11.071681,False,5e-06,L20057
006001.000204,C,1,C I,2s2.2p.(2P*<3/2>).9p,2[5/2],2.0,2,True,5.0,11.078002,False,5e-06,L20057
006001.000205,C,1,C I,2s2.2p.(2P*<3/2>).9p,2[1/2],0.0,0,True,1.0,11.08191,False,5e-06,L20057
006001.000206,C,1,C I,2s2.2p.(2P*<1/2>).9d,2[5/2]*,2.0,2,True,5.0,11.088092,False,5e-06,L20057
006001.000208,C,1,C I,2s2.2p.(2P*<1/2>).9d,2[5/2]*,3.0,3,True,7.0,11.09033,False,2.4e-05,L20057
006001.000207,C,1,C I,2s2.2p.(2P*<1/2>).9d,2[3/2]*,2.0,2,True,5.0,11.09021,False,0.00021,L20057
006001.000210,C,1,C I,2s2.2p.(2P*<1/2>).9d,2[3/2]*,1.0,1,True,3.0,11.091149,False,2e-05,L20057
006001.000327,C,1,C I,2s2.2p.(2P*<1/2>).10s,2[1/2]*,0.0,0,True,1.0,11.09021,False,0.00021,L20057
006001.000209,C,1,C I,2s2.2p.(2P*<1/2>).10s,2[1/2]*,1.0,1,True,3.0,11.090616,False,6e-06,L20057
006001.000328,C,1,C I,2s2.2p.(2P*<3/2>).9d,2[7/2]*,4.0,4,True,9.0,11.097328,True,1.1e-05,L20057
006001.000214,C,1,C I,2s2.2p.(2P*<3/2>).9d,2[7/2]*,3.0,3,True,7.0,11.09896,False,5e-06,L20057
006001.000211,C,1,C I,2s2.2p.(2P*<3/2>).9d,2[5/2]*,2.0,2,True,5.0,11.097883,False,5e-06,L20057
006001.000212,C,1,C I,2s2.2p.(2P*<3/2>).9d,2[5/2]*,3.0,3,True,7.0,11.09825,False,0.0001,L20057
006001.000213,C,1,C I,2s2.2p.(2P*<3/2>).10s,2[3/2]*,1.0,1,True,3.0,11.098407,False,2.1e-05,L20057
006001.000215,C,1,C I,2s2.2p.(2P*<3/2>).9d,2[3/2]*,2.0,2,True,5.0,11.09949,False,0.0001,L20057
006001.000216,C,1,C I,2s2.2p.(2P*<3/2>).9d,2[3/2]*,1.0,1,True,3.0,11.099755,False,6e-06,L20057
006001.000329,C,1,C I,2s2.2p.(2P*<3/2>).9d,2[1/2]*,1.0,1,True,3.0,11.09995,False,6e-05,L20057
006001.000330,C,1,C I,2s2.2p.(2P*<3/2>).9d,2[1/2]*,0.0,0,True,1.0,11.10022,False,0.00021,L20057
006001.000217,C,1,C I,2s2.2p.(2P*<1/2>).10p,2[3/2],1.0,1,True,3.0,11.103472,False,5e-06,L20057
006001.000218,C,1,C I,2s2.2p.(2P*<3/2>).10p,2[5/2],3.0,3,True,7.0,11.111599,False,5e-06,L20057
006001.000219,C,1,C I,2s2.2p.(2P*<3/2>).10p,2[1/2],0.0,0,True,1.0,11.118671,False,5e-06,L20057
006001.000331,C,1,C I,2s2.2p.(2P*<1/2>).10d,2[5/2]*,2.0,2,True,5.0,11.12113,False,4e-05,L20057
006001.000220,C,1,C I,2s2.2p.(2P*<1/2>).10d,2[5/2]*,3.0,3,True,7.0,11.122796,False,2.4e-05,L20057
006001.000332,C,1,C I,2s2.2p.(2P*<1/2>).11s,2[1/2]*,1.0,1,True,3.0,11.12273,False,0.00021,L20057
006001.000333,C,1,C I,2s2.2p.(2P*<1/2>).11s,2[1/2]*,0.0,0,True,1.0,11.12287,False,0.00021,L20057
006001.000004,C,1,C I,2s2.2p.(2P*<1/2>).10d,2[3/2]*,2.0,2,True,5.0,11.12302,False,7e-05,L20057
006001.000221,C,1,C I,2s2.2p.(2P*<1/2>).10d,2[3/2]*,1.0,1,True,3.0,11.123407,False,1.9e-05,L20057
006001.000005,C,1,C I,2s2.2p.(2P*<3/2>).10d,2[7/2]*,4.0,4,True,9.0,11.130008,True,1.1e-05,L20057
006001.000224,C,1,C I,2s2.2p.(2P*<3/2>).10d,2[7/2]*,3.0,3,True,7.0,11.13119,False,5e-05,L20057
006001.000222,C,1,C I,2s2.2p.(2P*<3/2>).10d,2[5/2]*,2.0,2,True,5.0,11.13042,False,7e-06,L20057
006001.000223,C,1,C I,2s2.2p.(2P*<3/2>).10d,2[5/2]*,3.0,3,True,7.0,11.13046,False,6e-05,L20057
006001.000225,C,1,C I,2s2.2p.(2P*<3/2>).10d,2[3/2]*,1.0,1,True,3.0,11.131683,False,1.7e-05,L20057
006001.000335,C,1,C I,2s2.2p.(2P*<3/2>).10d,2[3/2]*,2.0,2,True,5.0,11.13177,False,5e-05,L20057
006001.000334,C,1,C I,2s2.2p.(2P*<3/2>).10d,2[1/2]*,1.0,1,True,3.0,11.13172,False,9e-05,L20057
006001.000336,C,1,C I,2s2.2p.(2P*<3/2>).10d,2[1/2]*,0.0,0,True,1.0,11.132,False,0.0003,L20057
006001.000226,C,1,C I,2s2.2p.(2P*<1/2>).11p,2[3/2],1.0,1,True,3.0,11.132446,False,1.4e-05,L20057
006001.000337,C,1,C I,2s2.2p.(2P*<1/2>).11d,2[5/2]*,2.0,2,True,5.0,11.14563,False,0.00015,L20057
006001.000227,C,1,C I,2s2.2p.(2P*<1/2>).11d,2[5/2]*,3.0,3,True,7.0,11.146806,False,2.4e-05,L20057
006001.000338,C,1,C I,2s2.2p.(2P*<1/2>).12s,2[1/2]*,1.0,1,True,3.0,11.1466,False,0.00014,L20057
006001.000339,C,1,C I,2s2.2p.(2P*<1/2>).12s,2[1/2]*,0.0,0,True,1.0,11.14685,False,0.00021,L20057
006001.000340,C,1,C I,2s2.2p.(2P*<1/2>).11d,2[3/2]*,2.0,2,True,5.0,11.14685,False,0.00021,L20057
006001.000228,C,1,C I,2s2.2p.(2P*<1/2>).11d,2[3/2]*,1.0,1,True,3.0,11.14699,False,4e-05,L20057
006001.000229,C,1,C I,2s2.2p.(2P*<3/2>).11d,2[5/2]*,2.0,2,True,5.0,11.154448,False,7e-06,L20057
006001.000230,C,1,C I,2s2.2p.(2P*<3/2>).11d,2[5/2]*,3.0,3,True,7.0,11.1549,False,0.0004,L20057
006001.000341,C,1,C I,2s2.2p.(2P*<3/2>).12s,2[3/2]*,1.0,1,True,3.0,11.154767,False,1.7e-05,L20057
006001.000231,C,1,C I,2s2.2p.(2P*<3/2>).11d,2[7/2]*,3.0,3,True,7.0,11.155031,False,2.4e-05,L20057
006001.000232,C,1,C I,2s2.2p.(2P*<3/2>).11d,2[3/2]*,1.0,1,True,3.0,11.155419,False,2.1e-05,L20057
006001.000344,C,1,C I,2s2.2p.(2P*<3/2>).11d,2[3/2]*,2.0,2,True,5.0,11.1556,False,0.0003,L20057
006001.000343,C,1,C I,2s2.2p.(2P*<3/2>).11d,2[1/2]*,0.0,0,True,1.0,11.1556,False,0.0003,L20057
006001.000342,C,1,C I,2s2.2p.(2P*<3/2>).11d,2[1/2]*,1.0,1,True,3.0,11.15559,False,5e-05,L20057
006001.000345,C,1,C I,2s2.2p.(2P*<1/2>).13s,2[1/2]*,1.0,1,True,3.0,11.16495,False,0.00021,L20057
006001.000346,C,1,C I,2s2.2p.(2P*<1/2>).13s,2[1/2]*,0.0,0,True,1.0,11.16498,False,0.00021,L20057
006001.000233,C,1,C I,2s2.2p.(2P*<1/2>).12d,2[5/2]*,3.0,3,True,7.0,11.164967,False,2.4e-05,L20057
006001.000347,C,1,C I,2s2.2p.(2P*<1/2>).12d,2[3/2]*,2.0,2,True,5.0,11.16498,False,0.00021,L20057
006001.000234,C,1,C I,2s2.2p.(2P*<1/2>).12d,2[3/2]*,1.0,1,True,3.0,11.16532,False,1.7e-05,L20057
006001.000349,C,1,C I,2s2.2p.(2P*<3/2>).12d,2[5/2]*,2.0,2,True,5.0,11.17232,False,0.00019,L20057
006001.000348,C,1,C I,2s2.2p.(2P*<3/2>).12d,2[5/2]*,3.0,3,True,7.0,11.17271,False,7e-05,L20057
006001.000235,C,1,C I,2s2.2p.(2P*<3/2>).13s,2[3/2]*,1.0,1,True,3.0,11.1729,False,6e-05,L20057
006001.000236,C,1,C I,2s2.2p.(2P*<3/2>).12d,2[7/2]*,3.0,3,True,7.0,11.17315,False,4e-05,L20057
006001.000350,C,1,C I,2s2.2p.(2P*<3/2>).12d,2[1/2]*,0.0,0,True,1.0,11.1732,False,0.0003,L20057
006001.000352,C,1,C I,2s2.2p.(2P*<3/2>).12d,2[1/2]*,1.0,1,True,3.0,11.17327,False,0.00017,L20057
006001.000351,C,1,C I,2s2.2p.(2P*<3/2>).12d,2[3/2]*,2.0,2,True,5.0,11.17327,False,0.00017,L20057
006001.000237,C,1,C I,2s2.2p.(2P*<3/2>).12d,2[3/2]*,1.0,1,True,3.0,11.17344,False,1.9e-05,L20057
006001.000353,C,1,C I,2s2.2p.(2P*<1/2>).14s,2[1/2]*,1.0,1,True,3.0,11.1788,False,0.0003,L20057
006001.000354,C,1,C I,2s2.2p.(2P*<1/2>).14s,2[1/2]*,0.0,0,True,1.0,11.17921,False,0.00021,L20057
006001.000238,C,1,C I,2s2.2p.(2P*<1/2>).13d,2[5/2]*,3.0,3,True,7.0,11.17911,False,4e-05,L20057
006001.000355,C,1,C I,2s2.2p.(2P*<1/2>).13d,2[3/2]*,2.0,2,True,5.0,11.17921,False,0.00021,L20057
006001.000239,C,1,C I,2s2.2p.(2P*<1/2>).13d,2[3/2]*,1.0,1,True,3.0,11.179408,False,1.6e-05,L20057
006001.000356,C,1,C I,2s2.2p.(2P*<3/2>).13d,2[5/2]*,3.0,3,True,7.0,11.18693,False,0.00021,L20057
006001.000357,C,1,C I,2s2.2p.(2P*<3/2>).13d,2[5/2]*,2.0,2,True,5.0,11.18697,False,0.00012,L20057
006001.000240,C,1,C I,2s2.2p.(2P*<3/2>).14s,2[3/2]*,1.0,1,True,3.0,11.187064,False,2.4e-05,L20057
006001.000358,C,1,C I,2s2.2p.(2P*<3/2>).13d,2[1/2]*,1.0,1,True,3.0,11.1871,False,0.0004,L20057
006001.000359,C,1,C I,2s2.2p.(2P*<3/2>).13d,2[1/2]*,0.0,0,True,1.0,11.1871,False,0.0004,L20057
006001.000360,C,1,C I,2s2.2p.(2P*<3/2>).13d,2[3/2]*,2.0,2,True,5.0,11.18711,False,5e-05,L20057
006001.000242,C,1,C I,2s2.2p.(2P*<3/2>).13d,2[3/2]*,1.0,1,True,3.0,11.187362,False,1.9e-05,L20057
006001.000241,C,1,C I,2s2.2p.(2P*<3/2>).13d,2[7/2]*,3.0,3,True,7.0,11.187197,False,2.4e-05,L20057
006001.000361,C,1,C I,2s2.2p.(2P*<1/2>).14d,2[3/2]*,2.0,2,True,5.0,11.19021,False,0.0001,L20057
006001.000244,C,1,C I,2s2.2p.(2P*<1/2>).14d,2[3/2]*,1.0,1,True,3.0,11.1907,False,3e-05,L20057
006001.000362,C,1,C I,2s2.2p.(2P*<1/2>).15s,2[1/2]*,0.0,0,True,1.0,11.19023,False,0.00021,L20057
006001.000363,C,1,C I,2s2.2p.(2P*<1/2>).15s,2[1/2]*,1.0,1,True,3.0,11.19047,False,6e-05,L20057
006001.000243,C,1,C I,2s2.2p.(2P*<1/2>).14d,2[5/2]*,3.0,3,True,7.0,11.19039,False,2.4e-05,L20057
006001.000365,C,1,C I,2s2.2p.(2P*<3/2>).14d,2[5/2]*,3.0,3,True,7.0,11.198,False,0.00021,L20057
006001.000364,C,1,C I,2s2.2p.(2P*<3/2>).14d,2[5/2]*,2.0,2,True,5.0,11.198,False,0.00021,L20057
006001.000366,C,1,C I,2s2.2p.(2P*<3/2>).15s,2[3/2]*,1.0,1,True,3.0,11.1983,False,6e-05,L20057
006001.000245,C,1,C I,2s2.2p.(2P*<3/2>).14d,2[7/2]*,3.0,3,True,7.0,11.198335,False,2.4e-05,L20057
006001.000246,C,1,C I,2s2.2p.(2P*<3/2>).14d,2[3/2]*,1.0,1,True,3.0,11.198544,False,2.4e-05,L20057
006001.000367,C,1,C I,2s2.2p.(2P*<3/2>).14d,2[3/2]*,2.0,2,True,5.0,11.1989,False,0.0004,L20057
006001.000368,C,1,C I,2s2.2p.(2P*<3/2>).14d,2[1/2]*,1.0,1,True,3.0,11.1989,False,0.0004,L20057
006001.000369,C,1,C I,2s2.2p.(2P*<3/2>).14d,2[1/2]*,0.0,0,True,1.0,11.1989,False,0.0004,L20057
006001.000370,C,1,C I,2s2.2p.(2P*<1/2>).16s,2[1/2]*,1.0,1,True,3.0,11.199,False,0.00021,L20057
006001.000371,C,1,C I,2s2.2p.(2P*<1/2>).16s,2[1/2]*,0.0,0,True,1.0,11.19951,False,0.00021,L20057
006001.000247,C,1,C I,2s2.2p.(2P*<1/2>).15d,2[5/2]*,3.0,3,True,7.0,11.199453,False,2.5e-05,L20057
006001.000372,C,1,C I,2s2.2p.(2P*<1/2>).15d,2[3/2]*,2.0,2,True,5.0,11.19985,False,0.00014,L20057
006001.000249,C,1,C I,2s2.2p.(2P*<1/2>).16d,2[5/2]*,3.0,3,True,7.0,11.20681,False,7e-05,L20057
006001.000374,C,1,C I,2s2.2p.(2P*<1/2>).17s,2[1/2]*,0.0,0,True,1.0,11.20696,False,0.00021,L20057
006001.000373,C,1,C I,2s2.2p.(2P*<1/2>).16d,2[3/2]*,2.0,2,True,5.0,11.20708,False,5e-05,L20057
006001.000375,C,1,C I,2s2.2p.(2P*<3/2>).15d,2[5/2]*,2.0,2,True,5.0,11.2074,False,0.00021,L20057
006001.000376,C,1,C I,2s2.2p.(2P*<3/2>).15d,2[5/2]*,3.0,3,True,7.0,11.2074,False,0.00021,L20057
006001.000248,C,1,C I,2s2.2p.(2P*<3/2>).15d,2[7/2]*,3.0,3,True,7.0,11.207419,False,2.4e-05,L20057
006001.000250,C,1,C I,2s2.2p.(2P*<3/2>).15d,2[3/2]*,1.0,1,True,3.0,11.2076,False,3e-05,L20057
006001.000377,C,1,C I,2s2.2p.(2P*<3/2>).15d,2[3/2]*,2.0,2,True,5.0,11.2077,False,0.0003,L20057
006001.000379,C,1,C I,2s2.2p.(2P*<3/2>).15d,2[1/2]*,0.0,0,True,1.0,11.2077,False,0.0003,L20057
006001.000378,C,1,C I,2s2.2p.(2P*<3/2>).15d,2[1/2]*,1.0,1,True,3.0,11.2077,False,0.0003,L20057
006001.000251,C,1,C I,2s2.2p.(2P*<1/2>).17d,2[5/2]*,3.0,3,True,7.0,11.212923,False,2.4e-05,L20057
006001.000380,C,1,C I,2s2.2p.(2P*<3/2>).16d,2[5/2]*,2.0,2,True,5.0,11.21474,False,0.00021,L20057
006001.000381,C,1,C I,2s2.2p.(2P*<3/2>).16d,2[5/2]*,3.0,3,True,7.0,11.21474,False,0.00021,L20057
006001.000252,C,1,C I,2s2.2p.(2P*<3/2>).16d,2[7/2]*,3.0,3,True,7.0,11.214761,False,2.4e-05,L20057
006001.000253,C,1,C I,2s2.2p.(2P*<3/2>).16d,2[3/2]*,1.0,1,True,3.0,11.21494,False,2.1e-05,L20057
006001.000254,C,1,C I,2s2.2p.(2P*<1/2>).18d,2[5/2]*,3.0,3,True,7.0,11.218044,False,2.4e-05,L20057
006001.000382,C,1,C I,2s2.2p.(2P*<3/2>).17d,2[5/2]*,2.0,2,True,5.0,11.22067,False,6e-05,L20057
006001.000383,C,1,C I,2s2.2p.(2P*<3/2>).17d,2[5/2]*,3.0,3,True,7.0,11.22094,False,0.00021,L20057
006001.000255,C,1,C I,2s2.2p.(2P*<3/2>).17d,2[7/2]*,3.0,3,True,7.0,11.220907,False,2.4e-05,L20057
006001.000256,C,1,C I,2s2.2p.(2P*<3/2>).17d,2[3/2]*,1.0,1,True,3.0,11.220957,False,1.7e-05,L20057
006001.000257,C,1,C I,2s2.2p.(2P*<1/2>).19d,2[5/2]*,3.0,3,True,7.0,11.22233,False,4e-05,L20057
006001.000385,C,1,C I,2s2.2p.(2P*<3/2>).18d,2[5/2]*,3.0,3,True,7.0,11.22593,False,0.00021,L20057
006001.000384,C,1,C I,2s2.2p.(2P*<3/2>).18d,2[5/2]*,2.0,2,True,5.0,11.22593,False,0.00021,L20057
006001.000258,C,1,C I,2s2.2p.(2P*<3/2>).18d,2[7/2]*,3.0,3,True,7.0,11.22601,False,7e-05,L20057
006001.000260,C,1,C I,2s2.2p.(2P*<3/2>).18d,2[3/2]*,1.0,1,True,3.0,11.226134,False,1.7e-05,L20057
006001.000259,C,1,C I,2s2.2p.(2P*<1/2>).20d,2[5/2]*,3.0,3,True,7.0,11.22622,False,9e-05,L20057
006001.000261,C,1,C I,2s2.2p.(2P*<1/2>).21d,2[5/2]*,3.0,3,True,7.0,11.229286,False,2.4e-05,L20057
006001.000386,C,1,C I,2s2.2p.(2P*<3/2>).19d,2[5/2]*,3.0,3,True,7.0,11.2298,False,0.0003,L20057
006001.000387,C,1,C I,2s2.2p.(2P*<3/2>).19d,2[5/2]*,2.0,2,True,5.0,11.2298,False,0.0003,L20057
006001.000262,C,1,C I,2s2.2p.(2P*<3/2>).19d,2[7/2]*,3.0,3,True,7.0,11.230324,False,2.4e-05,L20057
006001.000263,C,1,C I,2s2.2p.(2P*<3/2>).19d,2[3/2]*,1.0,1,True,3.0,11.23036,True,0.00025,L20057
006001.000264,C,1,C I,2s2.2p.(2P*<1/2>).22d,2[5/2]*,3.0,3,True,7.0,11.232035,False,2.4e-05,L20057
006001.000388,C,1,C I,2s2.2p.(2P*<3/2>).20d,2[5/2]*,2.0,2,True,5.0,11.2336,False,0.0003,L20057
006001.000389,C,1,C I,2s2.2p.(2P*<3/2>).20d,2[5/2]*,3.0,3,True,7.0,11.2336,False,0.0003,L20057
006001.000265,C,1,C I,2s2.2p.(2P*<3/2>).20d,2[7/2]*,3.0,3,True,7.0,11.23416,False,4e-05,L20057
006001.000266,C,1,C I,2s2.2p.(2P*<3/2>).20d,2[3/2]*,1.0,1,True,3.0,11.23422,False,5e-05,L20057
006001.000267,C,1,C I,2s2.2p.(2P*<3/2>).21d,2[7/2]*,3.0,3,True,7.0,11.23725,False,9e-05,L20057
006001.000268,C,1,C I,2s2.2p.(2P*<3/2>).22d,2[7/2]*,3.0,3,True,7.0,11.23991,False,0.0001,L20057
006001.000269,C,1,C I,2s2.2p.(2P*<3/2>).23d,2[7/2]*,3.0,3,True,7.0,11.24237,True,5e-05,L20057
006001.000270,C,1,C I,2s2.2p.(2P*<3/2>).24d,2[7/2]*,3.0,3,True,7.0,11.244432,False,2.4e-05,L20057
006001.000271,C,1,C I,2s2.2p.(2P*<3/2>).25d,2[7/2]*,3.0,3,True,7.0,11.24633,True,5e-05,L20057
006001.000272,C,1,C I,2s2.2p.(2P*<3/2>).26d,2[7/2]*,3.0,3,True,7.0,11.24798,True,5e-05,L20057
006001.000273,C,1,C I,2s2.2p.(2P*<3/2>).27d,2[7/2]*,3.0,3,True,7.0,11.249448,False,2.4e-05,L20057
006001.000274,C,1,C I,2s2.2p.(2P*<3/2>).28d,2[7/2]*,3.0,3,True,7.0,11.250807,False,2.4e-05,L20057
006001.000275,C,1,C I,2s2.2p.(2P*<3/2>).29d,2[7/2]*,3.0,3,True,7.0,11.25204,False,4e-05,L20057
006001.Lim001,C,1,C I,C II (2s2.2p 2P*<1/2>),Limit,,---,False,,11.260288,False,1.1e-06,L20057
006001.Lim002,C,1,C I,C II (2s2.2p 2P*<3/2>),Limit,,---,False,,11.268148,False,1.1e-06,L20057
006001.000278,C,1,C I,2s.2p2.(4P).3s,5P,1.0,1,True,3.0,12.83753,False,3e-05,L20057
006001.000279,C,1,C I,2s.2p2.(4P).3s,5P,2.0,2,True,5.0,12.84009,False,1.2e-05,L20057
006001.000280,C,1,C I,2s.2p2.(4P).3s,5P,3.0,3,True,7.0,12.843173,False,1.9e-05,L20057
006001.000437,C,1,C I,2s.2p3,1D*,2.0,2,True,5.0,12.8648,True,0.0024,L20057
006001.000281,C,1,C I,2s.2p3,3S*,1.0,1,True,3.0,13.117419,False,5e-07,L20057
006001.000390,C,1,C I,2s.2p2.(4P).3p,3D*,1.0,1,True,3.0,14.266,False,0.005,L20057
006001.000391,C,1,C I,2s.2p2.(4P).3p,3D*,2.0,2,True,5.0,14.267,False,0.006,L20057
006001.000392,C,1,C I,2s.2p2.(4P).3p,3D*,3.0,3,True,7.0,14.268,False,0.007,L20057
006001.000282,C,1,C I,2s.2p3,1P*,1.0,1,True,3.0,14.2841,True,0.0024,L20057
006001.000393,C,1,C I,2s.2p2.(4P).4p,3D*,1.0,1,True,3.0,15.43751,False,0.0002,L20057
006001.000394,C,1,C I,2s.2p2.(4P).4p,3D*,2.0,2,True,5.0,15.44567,False,0.00017,L20057
006001.000395,C,1,C I,2s.2p2.(4P).4p,3D*,3.0,3,True,7.0,15.45108,False,0.0002,L20057
006001.000396,C,1,C I,2s.2p2.(4P).5p,3D*,1.0,1,True,3.0,15.89265,False,0.00012,L20057
006001.000397,C,1,C I,2s.2p2.(4P).5p,3D*,2.0,2,True,5.0,15.90221,False,0.0002,L20057
006001.000398,C,1,C I,2s.2p2.(4P).5p,3D*,3.0,3,True,7.0,15.90732,False,0.0002,L20057
006001.000399,C,1,C I,2s.2p2.(4P).6p,3D*,1.0,1,True,3.0,16.12639,False,0.00016,L20057
006001.000400,C,1,C I,2s.2p2.(4P).6p,3D*,3.0,3,True,7.0,16.13719,False,0.00021,L20057
006001.000401,C,1,C I,2s.2p2.(4P).7p,3D*,1.0,1,True,3.0,16.26169,False,0.00019,L20057
006001.000402,C,1,C I,2s.2p2.(4P).7p,3D*,3.0,3,True,7.0,16.26881,False,0.00021,L20057
006001.000403,C,1,C I,2s.2p2.(4P).8p,3D*,1.0,1,True,3.0,16.3454,False,0.0003,L20057
006001.000404,C,1,C I,2s.2p2.(4P).8p,3D*,3.0,3,True,7.0,16.35114,False,0.00021,L20057
006001.000405,C,1,C I,2s.2p2.(4P).9p,3D*,1.0,1,True,3.0,16.39853,False,0.00019,L20057
006001.000406,C,1,C I,2s.2p2.(4P).9p,3D*,3.0,3,True,7.0,16.40627,False,0.00021,L20057
006001.000407,C,1,C I,2s.2p2.(4P).10p,3D*,1.0,1,True,3.0,16.43706,False,0.00022,L20057
006001.000408,C,1,C I,2s.2p2.(4P).10p,3D*,3.0,3,True,7.0,16.44433,False,0.00022,L20057
006001.000409,C,1,C I,2s.2p2.(4P).11p,3D*,1.0,1,True,3.0,16.46565,False,0.00022,L20057
006001.000410,C,1,C I,2s.2p2.(4P).11p,3D*,3.0,3,True,7.0,16.47228,False,0.00022,L20057
006001.000411,C,1,C I,2s.2p2.(4P).12p,3D*,1.0,1,True,3.0,16.48645,False,0.00022,L20057
006001.000412,C,1,C I,2s.2p2.(4P).12p,3D*,3.0,3,True,7.0,16.49286,False,0.00022,L20057
006001.000413,C,1,C I,2s.2p2.(4P).13p,3D*,1.0,1,True,3.0,16.50202,False,0.00022,L20057
006001.000414,C,1,C I,2s.2p2.(4P).13p,3D*,3.0,3,True,7.0,16.50933,False,0.00022,L20057
006001.000415,C,1,C I,2s.2p2.(4P).14p,3D*,3.0,3,True,7.0,16.52164,False,0.00022,L20057
006002.000001,C,2,C II,2s2.2p,2P*,0.5,1/2,True,2.0,0.0,False,0.0,"L22145,L6720"
006002.000002,C,2,C II,2s2.2p,2P*,1.5,3/2,True,4.0,0.007859989,False,3e-09,"L22145,L6720"
006002.000003,C,2,C II,2s.2p2,4P,0.5,1/2,True,2.0,5.33167,False,4e-05,"L22145,L15072"
006002.000004,C,2,C II,2s.2p2,4P,1.5,3/2,True,4.0,5.33441,False,4e-05,"L22145,L15072"
006002.000005,C,2,C II,2s.2p2,4P,2.5,5/2,True,6.0,5.33792,False,4e-05,"L22145,L15072"
006002.000006,C,2,C II,2s.2p2,2D,2.5,5/2,True,6.0,9.2901455,False,2.1e-06,"L22145,L15072"
006002.000007,C,2,C II,2s.2p2,2D,1.5,3/2,True,4.0,9.290459,False,3e-06,"L22145,L15072"
006002.000008,C,2,C II,2s.2p2,2S,0.5,1/2,True,2.0,11.963687,False,3e-06,"L22145,L15072"
006002.000009,C,2,C II,2s.2p2,2P,0.5,1/2,True,2.0,13.71565,False,5e-06,"L22145,L15072"
006002.000010,C,2,C II,2s.2p2,2P,1.5,3/2,True,4.0,13.720784,False,5e-06,"L22145,L15072"
006002.000011,C,2,C II,2s2.3s,2S,0.5,1/2,True,2.0,14.4488269,False,2.4e-06,"L22145,L15072"
006002.000012,C,2,C II,2s2.3p,2P*,0.5,1/2,True,2.0,16.3317419,False,2.4e-06,"L22145,L15072"
006002.000013,C,2,C II,2s2.3p,2P*,1.5,3/2,True,4.0,16.3331238,False,2.4e-06,"L22145,L15072"
006002.000014,C,2,C II,2p3,4S*,1.5,3/2,True,4.0,17.60901,False,4e-05,"L22145,L15072"
006002.000015,C,2,C II,2s2.3d,2D,1.5,3/2,True,4.0,18.045807,False,4e-06,"L22145,L15072"
006002.000016,C,2,C II,2s2.3d,2D,2.5,5/2,True,6.0,18.045987,False,4e-06,"L22145,L15072"
006002.000017,C,2,C II,2p3,2D*,2.5,5/2,True,6.0,18.654858,False,9e-06,"L22145,L15072"
006002.000018,C,2,C II,2p3,2D*,1.5,3/2,True,4.0,18.655493,False,6e-06,"L22145,L15072"
006002.000019,C,2,C II,2s2.4s,2S,0.5,1/2,True,2.0,19.494538,False,4e-06,"L22145,L15072"
006002.000020,C,2,C II,2s2.4p,2P*,0.5,1/2,True,2.0,20.149652,False,5e-06,"L22145,L15072"
006002.000021,C,2,C II,2s2.4p,2P*,1.5,3/2,True,4.0,20.150477,False,4e-06,"L22145,L15072"
006002.000022,C,2,C II,2s.2p.(3P*).3s,4P*,0.5,1/2,True,2.0,20.701289,False,6e-06,"L22145,L15072"
006002.000023,C,2,C II,2s.2p.(3P*).3s,4P*,1.5,3/2,True,4.0,20.704213,False,6e-06,"L22145,L15072"
006002.000024,C,2,C II,2s.2p.(3P*).3s,4P*,2.5,5/2,True,6.0,20.709791,False,6e-06,"L22145,L15072"
006002.000025,C,2,C II,2s2.4d,2D,1.5,3/2,True,4.0,20.84474,False,1.4e-05,L22145
006002.000026,C,2,C II,2s2.4d,2D,2.5,5/2,True,6.0,20.844765,False,1.4e-05,L22145
006002.000027,C,2,C II,2p3,2P*,0.5,1/2,True,2.0,20.919793,False,5e-06,"L22145,L15072"
006002.000028,C,2,C II,2p3,2P*,1.5,3/2,True,4.0,20.922118,False,4e-06,"L22145,L15072"
006002.000029,C,2,C II,2s2.4f,2F*,2.5,5/2,True,6.0,20.950632,False,6e-06,L22145
006002.000030,C,2,C II,2s2.4f,2F*,3.5,7/2,True,8.0,20.950654,False,5e-06,L22145
006002.000031,C,2,C II,2s2.5s,2S,0.5,1/2,True,2.0,21.492405,False,1.6e-05,L22145
006002.000032,C,2,C II,2s2.5p,2P*,0.5,1/2,True,2.0,21.732863,False,5e-06,L22145
006002.000033,C,2,C II,2s2.5p,2P*,1.5,3/2,True,4.0,21.733778,False,5e-06,L22145
006002.000034,C,2,C II,2s.2p.(3P*).3s,2P*,0.5,1/2,True,2.0,22.041235,False,7e-06,L22145
006002.000035,C,2,C II,2s.2p.(3P*).3s,2P*,1.5,3/2,True,4.0,22.043587,False,6e-06,L22145
006002.000036,C,2,C II,2s2.5d,2D,1.5,3/2,True,4.0,22.130595,False,6e-06,L22145
006002.000037,C,2,C II,2s2.5d,2D,2.5,5/2,True,6.0,22.130626,False,1.2e-05,L22145
006002.000038,C,2,C II,2s2.5f,2F*,2.5,5/2,True,6.0,22.187763,False,1.2e-05,L22145
006002.000039,C,2,C II,2s2.5f,2F*,3.5,7/2,True,8.0,22.187773,False,1.2e-05,L22145
006002.000040,C,2,C II,2s2.5g,2G,3.5,7/2,True,8.0,22.202225,False,9e-06,L22145
006002.000041,C,2,C II,2s2.5g,2G,4.5,9/2,True,10.0,22.202234,False,9e-06,L22145
006002.000042,C,2,C II,2s2.6s,2S,0.5,1/2,True,2.0,22.4739,False,1e-05,L22145
006002.000043,C,2,C II,2s.2p.(3P*).3p,4D,0.5,1/2,True,2.0,22.527518,False,6e-06,L22145
006002.000044,C,2,C II,2s.2p.(3P*).3p,4D,1.5,3/2,True,4.0,22.529299,False,6e-06,L22145
006002.000045,C,2,C II,2s.2p.(3P*).3p,4D,2.5,5/2,True,6.0,22.5324,False,6e-06,L22145
006002.000046,C,2,C II,2s.2p.(3P*).3p,4D,3.5,7/2,True,8.0,22.536905,False,6e-06,L22145
006002.000047,C,2,C II,2s.2p.(3P*).3p,2P,0.5,1/2,True,2.0,22.568086,False,5e-06,L22145
006002.000048,C,2,C II,2s.2p.(3P*).3p,2P,1.5,3/2,True,4.0,22.570504,False,4e-06,L22145
006002.000049,C,2,C II,2s2.6p,2P*,0.5,1/2,True,2.0,22.688229,False,2.2e-05,L22145
006002.000050,C,2,C II,2s2.6p,2P*,1.5,3/2,True,4.0,22.688255,False,1.9e-05,L22145
006002.000051,C,2,C II,2s2.6d,2D,1.5,3/2,True,4.0,22.82235,False,2.4e-05,L22145
006002.000052,C,2,C II,2s2.6d,2D,2.5,5/2,True,6.0,22.822436,False,1.9e-05,L22145
006002.000053,C,2,C II,2s2.6f,2F*,2.5,5/2,True,6.0,22.859729,False,1.5e-05,L22145
006002.000054,C,2,C II,2s2.6f,2F*,3.5,7/2,True,8.0,22.859734,False,1.5e-05,L22145
006002.000055,C,2,C II,2s2.6g,2G,3.5,7/2,True,8.0,22.868823,False,1.4e-05,L22145
006002.000056,C,2,C II,2s2.6g,2G,4.5,9/2,True,10.0,22.868828,False,1.4e-05,L22145
006002.000057,C,2,C II,2s2.6h,2H*,4.5,9/2,True,10.0,22.870635,True,1.7e-05,L22145
006002.000058,C,2,C II,2s2.6h,2H*,5.5,11/2,True,12.0,22.870635,True,1.7e-05,L22145
006002.000059,C,2,C II,2s.2p.(3P*).3p,4S,1.5,3/2,True,4.0,22.898766,False,6e-06,L22145
006002.000060,C,2,C II,2s2.7s,2S,0.5,1/2,True,2.0,23.027948,False,2e-05,L22145
006002.000061,C,2,C II,2s.2p.(3P*).3p,4P,0.5,1/2,True,2.0,23.114048,False,6e-06,L22145
006002.000062,C,2,C II,2s.2p.(3P*).3p,4P,1.5,3/2,True,4.0,23.116074,False,6e-06,L22145
006002.000063,C,2,C II,2s.2p.(3P*).3p,4P,2.5,5/2,True,6.0,23.118841,False,6e-06,L22145
006002.000064,C,2,C II,2s2.7p,2P*,0.5,1/2,True,2.0,23.15347,False,6e-05,L22145
006002.000065,C,2,C II,2s2.7p,2P*,1.5,3/2,True,4.0,23.15359,False,3e-05,L22145
006002.000066,C,2,C II,2s2.7d,2D,1.5,3/2,True,4.0,23.22886,False,5e-05,L22145
006002.000067,C,2,C II,2s2.7d,2D,2.5,5/2,True,6.0,23.22886,False,5e-05,L22145
006002.000068,C,2,C II,2s2.7f,2F*,2.5,5/2,True,6.0,23.264628,False,2.2e-05,L22145
006002.000069,C,2,C II,2s2.7f,2F*,3.5,7/2,True,8.0,23.264631,False,2.2e-05,L22145
006002.000070,C,2,C II,2s2.7g,2G,3.5,7/2,True,8.0,23.270759,False,1.6e-05,L22145
006002.000071,C,2,C II,2s2.7g,2G,4.5,9/2,True,10.0,23.270763,False,1.6e-05,L22145
006002.000072,C,2,C II,2s2.7h,2H*,4.5,9/2,True,10.0,23.271946,True,1.5e-05,L22145
006002.000073,C,2,C II,2s2.7h,2H*,5.5,11/2,True,12.0,23.271946,True,1.5e-05,L22145
006002.000398,C,2,C II,2s2.7i,2I,5.5,11/2,True,12.0,23.272303,True,1.4e-05,L22145
006002.000399,C,2,C II,2s2.7i,2I,6.5,13/2,True,14.0,23.272303,True,1.4e-05,L22145
006002.000432,C,2,C II,2s2.8s,2S,0.5,1/2,True,2.0,23.37158,True,3e-05,L22145
006002.000074,C,2,C II,2s.2p.(3P*).3p,2D,1.5,3/2,True,4.0,23.381096,False,6e-06,L22145
006002.000075,C,2,C II,2s.2p.(3P*).3p,2D,2.5,5/2,True,6.0,23.385281,False,1e-05,L22145
006002.000208,C,2,C II,2s2.8f,2F*,2.5,5/2,True,6.0,23.52747,False,1.1e-05,L22145
006002.000209,C,2,C II,2s2.8f,2F*,3.5,7/2,True,8.0,23.527471,False,1.1e-05,L22145
006002.000076,C,2,C II,2s2.8g,2G,3.5,7/2,True,8.0,23.531602,False,1.2e-05,L22145
006002.000077,C,2,C II,2s2.8g,2G,4.5,9/2,True,10.0,23.531603,False,1.2e-05,L22145
006002.000210,C,2,C II,2s2.8h,2H*,4.5,9/2,True,10.0,23.532439,False,9e-06,L22145
006002.000211,C,2,C II,2s2.8h,2H*,5.5,11/2,True,12.0,23.53244,False,9e-06,L22145
006002.000400,C,2,C II,2s2.8i,2I,5.5,11/2,True,12.0,23.532663,True,1.4e-05,L22145
006002.000401,C,2,C II,2s2.8i,2I,6.5,13/2,True,14.0,23.532663,True,1.4e-05,L22145
006002.000416,C,2,C II,2s2.8k,2K*,6.5,13/2,True,14.0,23.532754,True,1.2e-05,L22145
006002.000417,C,2,C II,2s2.8k,2K*,7.5,15/2,True,16.0,23.532754,True,1.2e-05,L22145
006002.000258,C,2,C II,2s2.8d,2D,1.5,3/2,True,4.0,23.5332,False,0.0022,L22145
006002.000259,C,2,C II,2s2.8d,2D,2.5,5/2,True,6.0,23.5337,False,0.0022,L22145
006002.000433,C,2,C II,2s2.9s,2S,0.5,1/2,True,2.0,23.59933,True,4e-05,L22145
006002.000260,C,2,C II,2s2.9d,2D,1.5,3/2,True,4.0,23.707,False,0.0023,L22145
006002.000261,C,2,C II,2s2.9d,2D,2.5,5/2,True,6.0,23.7071,False,0.0023,L22145
006002.000212,C,2,C II,2s2.9f,2F*,2.5,5/2,True,6.0,23.707425,False,2.1e-05,L22145
006002.000213,C,2,C II,2s2.9f,2F*,3.5,7/2,True,8.0,23.707426,False,2.1e-05,L22145
006002.000214,C,2,C II,2s2.9g,2G,3.5,7/2,True,8.0,23.710396,False,1.2e-05,L22145
006002.000215,C,2,C II,2s2.9g,2G,4.5,9/2,True,10.0,23.710397,False,1.2e-05,L22145
006002.000216,C,2,C II,2s2.9h,2H*,4.5,9/2,True,10.0,23.710987,True,1.2e-05,L22145
006002.000217,C,2,C II,2s2.9h,2H*,5.5,11/2,True,12.0,23.710987,True,1.2e-05,L22145
006002.000402,C,2,C II,2s2.9i,2I,5.5,11/2,True,12.0,23.711166,True,1.4e-05,L22145
006002.000403,C,2,C II,2s2.9i,2I,6.5,13/2,True,14.0,23.711166,True,1.4e-05,L22145
006002.000418,C,2,C II,2s2.9k,2K*,6.5,13/2,True,14.0,23.711233,True,1.2e-05,L22145
006002.000419,C,2,C II,2s2.9k,2K*,7.5,15/2,True,16.0,23.711233,True,1.2e-05,L22145
006002.000262,C,2,C II,2s2.10d,2D,1.5,3/2,True,4.0,23.8341,False,0.0023,L22145
006002.000263,C,2,C II,2s2.10d,2D,2.5,5/2,True,6.0,23.8342,False,0.0023,L22145
006002.000382,C,2,C II,2s2.10f,2F*,2.5,5/2,True,6.0,23.836096,True,1.6e-05,L22145
006002.000383,C,2,C II,2s2.10f,2F*,3.5,7/2,True,8.0,23.836096,True,1.6e-05,L22145
006002.000218,C,2,C II,2s2.10g,2G,3.5,7/2,True,8.0,23.838287,False,1.2e-05,L22145
006002.000219,C,2,C II,2s2.10g,2G,4.5,9/2,True,10.0,23.838288,False,1.2e-05,L22145
006002.000220,C,2,C II,2s2.10h,2H*,4.5,9/2,True,10.0,23.838734,False,1e-05,L22145
006002.000221,C,2,C II,2s2.10h,2H*,5.5,11/2,True,12.0,23.838736,False,1e-05,L22145
006002.000404,C,2,C II,2s2.10i,2I,5.5,11/2,True,12.0,23.838849,True,1.2e-05,L22145
006002.000405,C,2,C II,2s2.10i,2I,6.5,13/2,True,14.0,23.838849,True,1.2e-05,L22145
006002.000420,C,2,C II,2s2.10k,2K*,6.5,13/2,True,14.0,23.838898,True,1.2e-05,L22145
006002.000421,C,2,C II,2s2.10k,2K*,7.5,15/2,True,16.0,23.838898,True,1.2e-05,L22145
006002.000264,C,2,C II,2s2.11d,2D,1.5,3/2,True,4.0,23.9284,False,0.0023,L22145
006002.000265,C,2,C II,2s2.11d,2D,2.5,5/2,True,6.0,23.9284,False,0.0023,L22145
006002.000230,C,2,C II,2s2.11f,2F*,2.5,5/2,True,6.0,23.93119,False,3e-05,L22145
006002.000231,C,2,C II,2s2.11f,2F*,3.5,7/2,True,8.0,23.93119,False,3e-05,L22145
006002.000240,C,2,C II,2s2.11g,2G,3.5,7/2,True,8.0,23.932878,False,1.7e-05,L22145
006002.000239,C,2,C II,2s2.11g,2G,4.5,9/2,True,10.0,23.932879,False,1.7e-05,L22145
006002.000254,C,2,C II,2s2.11h,2H*,4.5,9/2,True,10.0,23.933217,True,1.2e-05,L22145
006002.000256,C,2,C II,2s2.11h,2H*,5.5,11/2,True,12.0,23.933217,True,1.2e-05,L22145
006002.000406,C,2,C II,2s2.11i,2I,5.5,11/2,True,12.0,23.933317,True,1.2e-05,L22145
006002.000407,C,2,C II,2s2.11i,2I,6.5,13/2,True,14.0,23.933317,True,1.2e-05,L22145
006002.000422,C,2,C II,2s2.11k,2K*,6.5,13/2,True,14.0,23.933355,True,1.2e-05,L22145
006002.000423,C,2,C II,2s2.11k,2K*,7.5,15/2,True,16.0,23.933355,True,1.2e-05,L22145
006002.000266,C,2,C II,2s2.12d,2D,1.5,3/2,True,4.0,24.0029,False,0.0016,L22145
006002.000267,C,2,C II,2s2.12d,2D,2.5,5/2,True,6.0,24.0029,False,0.0016,L22145
006002.000222,C,2,C II,2s2.12f,2F*,2.5,5/2,True,6.0,24.00349,False,8e-05,L22145
006002.000223,C,2,C II,2s2.12f,2F*,3.5,7/2,True,8.0,24.00349,False,8e-05,L22145
006002.000246,C,2,C II,2s2.12g,2G,3.5,7/2,True,8.0,24.004847,False,1.7e-05,L22145
006002.000245,C,2,C II,2s2.12g,2G,4.5,9/2,True,10.0,24.004847,False,1.7e-05,L22145
006002.000390,C,2,C II,2s2.12h,2H*,4.5,9/2,True,10.0,24.00509,True,1.2e-05,L22145
006002.000391,C,2,C II,2s2.12h,2H*,5.5,11/2,True,12.0,24.00509,True,1.2e-05,L22145
006002.000408,C,2,C II,2s2.12i,2I,5.5,11/2,True,12.0,24.005168,True,1.2e-05,L22145
006002.000409,C,2,C II,2s2.12i,2I,6.5,13/2,True,14.0,24.005168,True,1.2e-05,L22145
006002.000424,C,2,C II,2s2.12k,2K*,6.5,13/2,True,14.0,24.005198,True,1.2e-05,L22145
006002.000425,C,2,C II,2s2.12k,2K*,7.5,15/2,True,16.0,24.005198,True,1.2e-05,L22145
006002.000233,C,2,C II,2s2.13f,2F*,2.5,5/2,True,6.0,24.059804,True,1.4e-05,L22145
006002.000234,C,2,C II,2s2.13f,2F*,3.5,7/2,True,8.0,24.059804,True,1.4e-05,L22145
006002.000386,C,2,C II,2s2.13g,2G,3.5,7/2,True,8.0,24.060822,True,9e-06,L22145
006002.000387,C,2,C II,2s2.13g,2G,4.5,9/2,True,10.0,24.060822,True,9e-06,L22145
006002.000392,C,2,C II,2s2.13h,2H*,4.5,9/2,True,10.0,24.061022,True,1.2e-05,L22145
006002.000393,C,2,C II,2s2.13h,2H*,5.5,11/2,True,12.0,24.061022,True,1.2e-05,L22145
006002.000410,C,2,C II,2s2.13i,2I,5.5,11/2,True,12.0,24.061085,True,1.2e-05,L22145
006002.000411,C,2,C II,2s2.13i,2I,6.5,13/2,True,14.0,24.061085,True,1.2e-05,L22145
006002.000426,C,2,C II,2s2.13k,2K*,6.5,13/2,True,14.0,24.061109,True,1.2e-05,L22145
006002.000427,C,2,C II,2s2.13k,2K*,7.5,15/2,True,16.0,24.061109,True,1.2e-05,L22145
006002.000236,C,2,C II,2s2.14f,2F*,2.5,5/2,True,6.0,24.10424,False,8e-05,L22145
006002.000237,C,2,C II,2s2.14f,2F*,3.5,7/2,True,8.0,24.10424,False,8e-05,L22145
006002.000252,C,2,C II,2s2.14g,2G,3.5,7/2,True,8.0,24.10527,False,3e-05,L22145
006002.000229,C,2,C II,2s2.14g,2G,4.5,9/2,True,10.0,24.10527,False,3e-05,L22145
006002.000394,C,2,C II,2s2.14h,2H*,4.5,9/2,True,10.0,24.105402,True,1.2e-05,L22145
006002.000395,C,2,C II,2s2.14h,2H*,5.5,11/2,True,12.0,24.105402,True,1.2e-05,L22145
006002.000412,C,2,C II,2s2.14i,2I,5.5,11/2,True,12.0,24.105452,True,1.2e-05,L22145
006002.000413,C,2,C II,2s2.14i,2I,6.5,13/2,True,14.0,24.105452,True,1.2e-05,L22145
006002.000428,C,2,C II,2s2.14k,2K*,6.5,13/2,True,14.0,24.105472,True,1.2e-05,L22145
006002.000429,C,2,C II,2s2.14k,2K*,7.5,15/2,True,16.0,24.105472,True,1.2e-05,L22145
006002.000268,C,2,C II,2s2.15d,2D,1.5,3/2,True,4.0,24.1323,False,0.0023,L22145
006002.000269,C,2,C II,2s2.15d,2D,2.5,5/2,True,6.0,24.1323,False,0.0023,L22145
006002.000384,C,2,C II,2s2.15f,2F*,2.5,5/2,True,6.0,24.140407,True,1.4e-05,L22145
006002.000385,C,2,C II,2s2.15f,2F*,3.5,7/2,True,8.0,24.140407,True,1.4e-05,L22145
006002.000388,C,2,C II,2s2.15g,2G,3.5,7/2,True,8.0,24.141072,True,1e-05,L22145
006002.000389,C,2,C II,2s2.15g,2G,4.5,9/2,True,10.0,24.141072,True,1e-05,L22145
006002.000396,C,2,C II,2s2.15h,2H*,4.5,9/2,True,10.0,24.141204,True,1.2e-05,L22145
006002.000397,C,2,C II,2s2.15h,2H*,5.5,11/2,True,12.0,24.141204,True,1.2e-05,L22145
006002.000415,C,2,C II,2s2.15i,2I,6.5,13/2,True,14.0,24.141245,True,1.2e-05,L22145
006002.000414,C,2,C II,2s2.15i,2I,5.5,11/2,True,12.0,24.141245,True,1.2e-05,L22145
006002.000431,C,2,C II,2s2.15k,2K*,7.5,15/2,True,16.0,24.141261,True,1.2e-05,L22145
006002.000430,C,2,C II,2s2.15k,2K*,6.5,13/2,True,14.0,24.141261,True,1.2e-05,L22145
006002.000078,C,2,C II,2s.2p.(3P*).3d,4F*,1.5,3/2,True,4.0,24.270232,False,6e-06,L22145
006002.000079,C,2,C II,2s.2p.(3P*).3d,4F*,2.5,5/2,True,6.0,24.271876,False,6e-06,L22145
006002.000080,C,2,C II,2s.2p.(3P*).3d,4F*,3.5,7/2,True,8.0,24.274339,False,6e-06,L22145
006002.000081,C,2,C II,2s.2p.(3P*).3d,4F*,4.5,9/2,True,10.0,24.277795,False,6e-06,L22145
006002.000082,C,2,C II,2s.2p.(3P*).3d,4D*,0.5,1/2,True,2.0,24.37008,False,7e-06,L22145
006002.000083,C,2,C II,2s.2p.(3P*).3d,4D*,1.5,3/2,True,4.0,24.370757,False,6e-06,L22145
006002.000084,C,2,C II,2s.2p.(3P*).3d,4D*,2.5,5/2,True,6.0,24.3718,False,6e-06,L22145
006002.000085,C,2,C II,2s.2p.(3P*).3d,4D*,3.5,7/2,True,8.0,24.373054,False,6e-06,L22145
006002.Lim001,C,2,C II,C III (2s2 1S<0>),Limit,,---,False,,24.383143,False,1.2e-05,L22145
006002.000087,C,2,C II,2s.2p.(3P*).3d,2D*,1.5,3/2,True,4.0,24.601624,False,5e-06,L22145
006002.000088,C,2,C II,2s.2p.(3P*).3d,2D*,2.5,5/2,True,6.0,24.602961,False,5e-06,L22145
006002.000089,C,2,C II,2s.2p.(3P*).3d,4P*,2.5,5/2,True,6.0,24.653514,False,6e-06,L22145
006002.000090,C,2,C II,2s.2p.(3P*).3d,4P*,1.5,3/2,True,4.0,24.656151,False,6e-06,L22145
006002.000091,C,2,C II,2s.2p.(3P*).3d,4P*,0.5,1/2,True,2.0,24.657857,False,6e-06,L22145
006002.000092,C,2,C II,2s.2p.(3P*).3d,2F*,2.5,5/2,True,6.0,24.789558,False,2e-05,L22145
006002.000093,C,2,C II,2s.2p.(3P*).3d,2F*,3.5,7/2,True,8.0,24.794748,False,1.6e-05,L22145
006002.000094,C,2,C II,2s.2p.(3P*).3d,2P*,1.5,3/2,True,4.0,25.067108,False,6e-06,L22145
006002.000095,C,2,C II,2s.2p.(3P*).3d,2P*,0.5,1/2,True,2.0,25.07017,False,6e-06,L22145
006002.000096,C,2,C II,2s.2p.(3P*).4s,4P*,0.5,1/2,True,2.0,25.981185,False,6e-06,L22145
006002.000097,C,2,C II,2s.2p.(3P*).4s,4P*,1.5,3/2,True,4.0,25.984173,False,6e-06,L22145
006002.000098,C,2,C II,2s.2p.(3P*).4s,4P*,2.5,5/2,True,6.0,25.989855,False,6e-06,L22145
006002.000099,C,2,C II,2s.2p.(3P*).4p,2P,0.5,1/2,True,2.0,26.58275,False,9e-06,L22145
006002.000100,C,2,C II,2s.2p.(3P*).4p,2P,1.5,3/2,True,4.0,26.585924,False,6e-06,L22145
006002.000101,C,2,C II,2s.2p.(3P*).4p,4D,0.5,1/2,True,2.0,26.626817,False,1.4e-05,L22145
006002.000102,C,2,C II,2s.2p.(3P*).4p,4D,1.5,3/2,True,4.0,26.628437,False,7e-06,L22145
006002.000103,C,2,C II,2s.2p.(3P*).4p,4D,2.5,5/2,True,6.0,26.631221,False,6e-06,L22145
006002.000104,C,2,C II,2s.2p.(3P*).4p,4D,3.5,7/2,True,8.0,26.635493,False,6e-06,L22145
006002.000105,C,2,C II,2s.2p.(3P*).4p,4S,1.5,3/2,True,4.0,26.751796,False,6e-06,L22145
006002.000106,C,2,C II,2s.2p.(3P*).4p,4P,0.5,1/2,True,2.0,26.825558,False,1.1e-05,L22145
006002.000107,C,2,C II,2s.2p.(3P*).4p,4P,1.5,3/2,True,4.0,26.827651,False,6e-06,L22145
006002.000108,C,2,C II,2s.2p.(3P*).4p,4P,2.5,5/2,True,6.0,26.830251,False,7e-06,L22145
006002.000257,C,2,C II,2s.2p.(3P*).4p,2D,1.5,3/2,True,4.0,26.8893,False,0.0012,L22145
006002.000109,C,2,C II,2s.2p.(3P*).4p,2D,2.5,5/2,True,6.0,26.895,False,0.0011,L22145
006002.000270,C,2,C II,2s.2p.(3P*).4p,2S,0.5,1/2,True,2.0,27.078,False,0.004,L22145
006002.000110,C,2,C II,2s.2p.(3P*).4d,4F*,1.5,3/2,True,4.0,27.22166,False,5e-05,L22145
006002.000111,C,2,C II,2s.2p.(3P*).4d,4F*,2.5,5/2,True,6.0,27.223235,False,1.4e-05,L22145
006002.000112,C,2,C II,2s.2p.(3P*).4d,4F*,3.5,7/2,True,8.0,27.225788,False,1e-05,L22145
006002.000113,C,2,C II,2s.2p.(3P*).4d,4F*,4.5,9/2,True,10.0,27.22939,False,5e-05,L22145
006002.000114,C,2,C II,2s.2p.(3P*).4d,4D*,0.5,1/2,True,2.0,27.292087,False,1.1e-05,L22145
006002.000115,C,2,C II,2s.2p.(3P*).4d,4D*,1.5,3/2,True,4.0,27.292748,False,9e-06,L22145
006002.000116,C,2,C II,2s.2p.(3P*).4d,4D*,2.5,5/2,True,6.0,27.29381,False,9e-06,L22145
006002.000117,C,2,C II,2s.2p.(3P*).4d,4D*,3.5,7/2,True,8.0,27.295185,False,1e-05,L22145
006002.000118,C,2,C II,2s.2p.(3P*).4d,2D*,1.5,3/2,True,4.0,27.351096,False,1.6e-05,L22145
006002.000119,C,2,C II,2s.2p.(3P*).4d,2D*,2.5,5/2,True,6.0,27.352706,False,1.2e-05,L22145
006002.000120,C,2,C II,2s.2p.(3P*).4d,4P*,2.5,5/2,True,6.0,27.377159,False,1e-05,L22145
006002.000121,C,2,C II,2s.2p.(3P*).4d,4P*,1.5,3/2,True,4.0,27.3797,False,1e-05,L22145
006002.000122,C,2,C II,2s.2p.(3P*).4d,4P*,0.5,1/2,True,2.0,27.381301,False,1e-05,L22145
006002.000123,C,2,C II,2s.2p.(3P*).4f,2F,2.5,5/2,True,6.0,27.411529,False,6e-06,L22145
006002.000127,C,2,C II,2s.2p.(3P*).4f,2F,3.5,7/2,True,8.0,27.413617,False,6e-06,L22145
006002.000124,C,2,C II,2s.2p.(3P*).4f,4F,1.5,3/2,True,4.0,27.412155,False,6e-06,L22145
006002.000125,C,2,C II,2s.2p.(3P*).4f,4F,3.5,7/2,True,8.0,27.412647,False,6e-06,L22145
006002.000126,C,2,C II,2s.2p.(3P*).4f,4F,2.5,5/2,True,6.0,27.412802,False,6e-06,L22145
006002.000128,C,2,C II,2s.2p.(3P*).4f,4F,4.5,9/2,True,10.0,27.414114,False,9e-06,L22145
006002.000129,C,2,C II,2s.2p.(3P*).4d,2F*,2.5,5/2,True,6.0,27.457651,False,1.4e-05,L22145
006002.000130,C,2,C II,2s.2p.(3P*).4d,2F*,3.5,7/2,True,8.0,27.462905,False,1.4e-05,L22145
006002.000131,C,2,C II,2s.2p.(3P*).4f,4G,2.5,5/2,True,6.0,27.468054,False,7e-06,L22145
006002.000132,C,2,C II,2s.2p.(3P*).4f,4G,3.5,7/2,True,8.0,27.4692,False,6e-06,L22145
006002.000133,C,2,C II,2s.2p.(3P*).4f,4G,4.5,9/2,True,10.0,27.471868,False,6e-06,L22145
006002.000135,C,2,C II,2s.2p.(3P*).4f,4G,5.5,11/2,True,12.0,27.475501,False,9e-06,L22145
006002.000134,C,2,C II,2s.2p.(3P*).4f,2G,3.5,7/2,True,8.0,27.473311,False,1.1e-05,L22145
006002.000136,C,2,C II,2s.2p.(3P*).4f,2G,4.5,9/2,True,10.0,27.478084,False,1.1e-05,L22145
006002.000137,C,2,C II,2s.2p.(3P*).4f,4D,3.5,7/2,True,8.0,27.487106,False,6e-06,L22145
006002.000138,C,2,C II,2s.2p.(3P*).4f,4D,2.5,5/2,True,6.0,27.48825,False,9e-06,L22145
006002.000139,C,2,C II,2s.2p.(3P*).4f,4D,1.5,3/2,True,4.0,27.490983,False,7e-06,L22145
006002.000141,C,2,C II,2s.2p.(3P*).4f,4D,0.5,1/2,True,2.0,27.492608,False,7e-06,L22145
006002.000140,C,2,C II,2s.2p.(3P*).4f,2D,2.5,5/2,True,6.0,27.490999,False,1e-05,L22145
006002.000142,C,2,C II,2s.2p.(3P*).4f,2D,1.5,3/2,True,4.0,27.493785,False,7e-06,L22145
006002.000143,C,2,C II,2s.2p.(3P*).4d,2P*,1.5,3/2,True,4.0,27.55655,False,0.0002,L22145
006002.000144,C,2,C II,2s.2p.(3P*).4d,2P*,0.5,1/2,True,2.0,27.55989,False,0.0002,L22145
006002.000145,C,2,C II,2s.2p.(3P*).5s,4P*,0.5,1/2,True,2.0,27.98922,False,5e-05,L22145
006002.000146,C,2,C II,2s.2p.(3P*).5s,4P*,1.5,3/2,True,4.0,27.99213,False,3e-05,L22145
006002.000147,C,2,C II,2s.2p.(3P*).5s,4P*,2.5,5/2,True,6.0,27.99786,False,3e-05,L22145
006002.000148,C,2,C II,2s.2p.(3P*).5p,2P,0.5,1/2,True,2.0,28.253674,False,9e-06,L22145
006002.000149,C,2,C II,2s.2p.(3P*).5p,2P,1.5,3/2,True,4.0,28.25695,False,1e-05,L22145
006002.000150,C,2,C II,2s.2p.(3P*).5p,4D,0.5,1/2,True,2.0,28.29054,False,0.00015,L22145
006002.000151,C,2,C II,2s.2p.(3P*).5p,4D,1.5,3/2,True,4.0,28.29219,False,0.00011,L22145
006002.000152,C,2,C II,2s.2p.(3P*).5p,4D,2.5,5/2,True,6.0,28.29464,False,0.0001,L22145
006002.000153,C,2,C II,2s.2p.(3P*).5p,4D,3.5,7/2,True,8.0,28.299002,False,2.2e-05,L22145
006002.000154,C,2,C II,2s.2p.(3P*).5p,4S,1.5,3/2,True,4.0,28.349833,False,9e-06,L22145
006002.000271,C,2,C II,2s.2p.(3P*).5p,2D,1.5,3/2,True,4.0,28.3672,False,0.0014,L22145
006002.000224,C,2,C II,2s.2p.(3P*).5p,2D,2.5,5/2,True,6.0,28.3724,False,0.0014,L22145
006002.000225,C,2,C II,2s.2p.(3P*).5p,4P,0.5,1/2,True,2.0,28.38401,True,0.00025,L22145
006002.000155,C,2,C II,2s.2p.(3P*).5p,4P,1.5,3/2,True,4.0,28.3858,False,5e-05,L22145
006002.000156,C,2,C II,2s.2p.(3P*).5p,4P,2.5,5/2,True,6.0,28.388347,False,1.4e-05,L22145
006002.000272,C,2,C II,2s.2p.(3P*).5p,2S,0.5,1/2,True,2.0,28.457,False,0.004,L22145
006002.000157,C,2,C II,2s.2p.(3P*).5d,4F*,1.5,3/2,True,4.0,28.5683,False,0.0004,L22145
006002.000158,C,2,C II,2s.2p.(3P*).5d,4F*,2.5,5/2,True,6.0,28.57005,False,0.00025,L22145
006002.000159,C,2,C II,2s.2p.(3P*).5d,4F*,3.5,7/2,True,8.0,28.5732,False,0.00025,L22145
006002.000160,C,2,C II,2s.2p.(3P*).5d,4F*,4.5,9/2,True,10.0,28.576543,False,1.4e-05,L22145
006002.000226,C,2,C II,2s.2p.(3P*).5d,4D*,0.5,1/2,True,2.0,28.60925,False,0.00025,L22145
006002.000161,C,2,C II,2s.2p.(3P*).5d,4D*,1.5,3/2,True,4.0,28.60995,False,0.0001,L22145
006002.000162,C,2,C II,2s.2p.(3P*).5d,4D*,2.5,5/2,True,6.0,28.61093,False,7e-05,L22145
006002.000163,C,2,C II,2s.2p.(3P*).5d,4D*,3.5,7/2,True,8.0,28.61242,False,0.00016,L22145
006002.000164,C,2,C II,2s.2p.(3P*).5d,4P*,2.5,5/2,True,6.0,28.64691,False,7e-05,L22145
006002.000165,C,2,C II,2s.2p.(3P*).5d,4P*,1.5,3/2,True,4.0,28.6493,False,0.00011,L22145
006002.000166,C,2,C II,2s.2p.(3P*).5d,4P*,0.5,1/2,True,2.0,28.65107,False,0.00011,L22145
006002.000167,C,2,C II,2s.2p.(3P*).5f,2F,2.5,5/2,True,6.0,28.6663,False,1.1e-05,L22145
006002.000171,C,2,C II,2s.2p.(3P*).5f,2F,3.5,7/2,True,8.0,28.668257,False,1.1e-05,L22145
006002.000168,C,2,C II,2s.2p.(3P*).5f,4F,1.5,3/2,True,4.0,28.66667,False,0.00014,L22145
006002.000169,C,2,C II,2s.2p.(3P*).5f,4F,2.5,5/2,True,6.0,28.66723,False,3e-05,L22145
006002.000170,C,2,C II,2s.2p.(3P*).5f,4F,3.5,7/2,True,8.0,28.667271,False,1.1e-05,L22145
006002.000172,C,2,C II,2s.2p.(3P*).5f,4F,4.5,9/2,True,10.0,28.668725,False,1.2e-05,L22145
006002.000173,C,2,C II,2s.2p.(3P*).5f,4G,2.5,5/2,True,6.0,28.69473,False,5e-05,L22145
006002.000174,C,2,C II,2s.2p.(3P*).5f,4G,3.5,7/2,True,8.0,28.696305,False,2.5e-05,L22145
006002.000175,C,2,C II,2s.2p.(3P*).5f,4G,4.5,9/2,True,10.0,28.69905,False,3e-05,L22145
006002.000177,C,2,C II,2s.2p.(3P*).5f,4G,5.5,11/2,True,12.0,28.70263,False,5e-05,L22145
006002.000176,C,2,C II,2s.2p.(3P*).5f,2G,3.5,7/2,True,8.0,28.69999,False,5e-05,L22145
006002.000178,C,2,C II,2s.2p.(3P*).5f,2G,4.5,9/2,True,10.0,28.70472,False,5e-05,L22145
006002.000179,C,2,C II,2s.2p.(3P*).5f,4D,3.5,7/2,True,8.0,28.705301,False,1.2e-05,L22145
006002.000180,C,2,C II,2s.2p.(3P*).5f,4D,2.5,5/2,True,6.0,28.705857,False,2.4e-05,L22145
006002.000181,C,2,C II,2s.2p.(3P*).5f,4D,1.5,3/2,True,4.0,28.70869,False,5e-05,L22145
006002.000183,C,2,C II,2s.2p.(3P*).5f,4D,0.5,1/2,True,2.0,28.71051,False,0.00014,L22145
006002.000182,C,2,C II,2s.2p.(3P*).5f,2D,2.5,5/2,True,6.0,28.70873,False,4e-05,L22145
006002.000184,C,2,C II,2s.2p.(3P*).5f,2D,1.5,3/2,True,4.0,28.71107,False,4e-05,L22145
006002.000241,C,2,C II,2s.2p.(1P*).3p,2P,0.5,1/2,True,2.0,28.831,False,0.003,L22145
006002.000242,C,2,C II,2s.2p.(1P*).3p,2P,1.5,3/2,True,4.0,28.833,False,0.003,L22145
006002.000185,C,2,C II,2s.2p.(3P*).6s,4P*,0.5,1/2,True,2.0,28.9715,False,9e-05,L22145
006002.000186,C,2,C II,2s.2p.(3P*).6s,4P*,1.5,3/2,True,4.0,28.97428,False,5e-05,L22145
006002.000187,C,2,C II,2s.2p.(3P*).6s,4P*,2.5,5/2,True,6.0,28.980146,False,2e-05,L22145
006002.000273,C,2,C II,2s.2p.(1P*).3p,2D,1.5,3/2,True,4.0,29.014,False,0.003,L22145
006002.000274,C,2,C II,2s.2p.(1P*).3p,2D,2.5,5/2,True,6.0,29.016,False,0.003,L22145
006002.000227,C,2,C II,2s.2p.(3P*).6p,2P,0.5,1/2,True,2.0,29.09,False,0.003,L22145
006002.000232,C,2,C II,2s.2p.(3P*).6p,2P,1.5,3/2,True,4.0,29.092,False,0.003,L22145
006002.000188,C,2,C II,2s.2p.(3P*).6p,4D,0.5,1/2,True,2.0,29.136,False,0.0003,L22145
006002.000189,C,2,C II,2s.2p.(3P*).6p,4D,1.5,3/2,True,4.0,29.1376,False,0.0002,L22145
006002.000190,C,2,C II,2s.2p.(3P*).6p,4D,2.5,5/2,True,6.0,29.14006,False,0.00016,L22145
006002.000191,C,2,C II,2s.2p.(3P*).6p,4D,3.5,7/2,True,8.0,29.14454,False,7e-05,L22145
006002.000275,C,2,C II,2s.2p.(3P*).6p,2S,0.5,1/2,True,2.0,29.156,False,0.003,L22145
006002.000381,C,2,C II,2s.2p.(3P*).6p,4P,0.5,1/2,True,2.0,29.1896,True,0.0004,L22145
006002.000228,C,2,C II,2s.2p.(3P*).6p,4P,1.5,3/2,True,4.0,29.19135,False,7e-05,L22145
006002.000192,C,2,C II,2s.2p.(3P*).6p,4P,2.5,5/2,True,6.0,29.19483,False,7e-05,L22145
006002.000277,C,2,C II,2s.2p.(3P*).6p,2D,1.5,3/2,True,4.0,29.228,False,0.003,L22145
006002.000278,C,2,C II,2s.2p.(3P*).6p,2D,2.5,5/2,True,6.0,29.233,False,0.003,L22145
006002.000279,C,2,C II,2s.2p.(3P*).6d,4D*,0.5,1/2,True,2.0,29.312,False,0.001,L22145
006002.000280,C,2,C II,2s.2p.(3P*).6d,4D*,1.5,3/2,True,4.0,29.3126,False,0.001,L22145
006002.000281,C,2,C II,2s.2p.(3P*).6d,4D*,2.5,5/2,True,6.0,29.3137,False,0.001,L22145
006002.000193,C,2,C II,2s.2p.(3P*).6d,4D*,3.5,7/2,True,8.0,29.3153,False,0.0009,L22145
006002.000194,C,2,C II,2s.2p.(3P*).6d,4P*,2.5,5/2,True,6.0,29.3319,False,0.0016,L22145
006002.000253,C,2,C II,2s.2p.(3P*).6d,4P*,1.5,3/2,True,4.0,29.3343,False,0.0016,L22145
006002.000255,C,2,C II,2s.2p.(3P*).6d,4P*,0.5,1/2,True,2.0,29.3358,False,0.0016,L22145
006002.000196,C,2,C II,2s.2p.(3P*).6f,2F,2.5,5/2,True,6.0,29.3461,False,0.0007,L22145
006002.000199,C,2,C II,2s.2p.(3P*).6f,2F,3.5,7/2,True,8.0,29.34784,False,0.00017,L22145
006002.000195,C,2,C II,2s.2p.(3P*).6f,4F,1.5,3/2,True,4.0,29.3461,False,0.0003,L22145
006002.000197,C,2,C II,2s.2p.(3P*).6f,4F,2.5,5/2,True,6.0,29.3468,False,0.00021,L22145
006002.000198,C,2,C II,2s.2p.(3P*).6f,4F,3.5,7/2,True,8.0,29.3474,False,0.0006,L22145
006002.000200,C,2,C II,2s.2p.(3P*).6f,4F,4.5,9/2,True,10.0,29.348031,False,1.6e-05,L22145
006002.000201,C,2,C II,2s.2p.(3P*).6f,4G,2.5,5/2,True,6.0,29.36123,False,6e-05,L22145
006002.000202,C,2,C II,2s.2p.(3P*).6f,4G,3.5,7/2,True,8.0,29.36233,False,0.00014,L22145
006002.000203,C,2,C II,2s.2p.(3P*).6f,4G,4.5,9/2,True,10.0,29.3647,False,0.00019,L22145
006002.000206,C,2,C II,2s.2p.(3P*).6f,4G,5.5,11/2,True,12.0,29.36951,False,5e-05,L22145
006002.000204,C,2,C II,2s.2p.(3P*).6f,2G,3.5,7/2,True,8.0,29.36648,False,9e-05,L22145
006002.000207,C,2,C II,2s.2p.(3P*).6f,2G,4.5,9/2,True,10.0,29.37058,False,9e-05,L22145
006002.000205,C,2,C II,2s.2p.(3P*).6f,4D,3.5,7/2,True,8.0,29.3691,False,0.00016,L22145
006002.000284,C,2,C II,2s.2p.(3P*).7s,4P*,0.5,1/2,True,2.0,29.5215,False,0.0024,L22145
006002.000285,C,2,C II,2s.2p.(3P*).7s,4P*,1.5,3/2,True,4.0,29.5244,False,0.0024,L22145
006002.000286,C,2,C II,2s.2p.(3P*).7s,4P*,2.5,5/2,True,6.0,29.5302,False,0.0024,L22145
006002.000288,C,2,C II,2s.2p.(3P*).7p,2P,0.5,1/2,True,2.0,29.615,False,0.004,L22145
006002.000289,C,2,C II,2s.2p.(3P*).7p,2P,1.5,3/2,True,4.0,29.618,False,0.004,L22145
006002.000290,C,2,C II,2s.2p.(3P*).7p,2D,1.5,3/2,True,4.0,29.668,False,0.004,L22145
006002.000291,C,2,C II,2s.2p.(3P*).7p,2D,2.5,5/2,True,6.0,29.673,False,0.004,L22145
006002.000368,C,2,C II,2s.2p.(3P*).7d,4D*,0.5,1/2,True,2.0,29.737,False,0.003,L22145
006002.000352,C,2,C II,2s.2p.(3P*).7d,4D*,1.5,3/2,True,4.0,29.737,False,0.003,L22145
006002.000320,C,2,C II,2s.2p.(3P*).7d,4D*,2.5,5/2,True,6.0,29.738,False,0.003,L22145
006002.000283,C,2,C II,2s.2p.(3P*).7d,4D*,3.5,7/2,True,8.0,29.74,False,0.003,L22145
006002.000287,C,2,C II,2s.2p.(3P*).7d,4P*,2.5,5/2,True,6.0,29.737,False,0.003,L22145
006002.000276,C,2,C II,2s.2p.(3P*).7d,4P*,1.5,3/2,True,4.0,29.74,False,0.003,L22145
006002.000282,C,2,C II,2s.2p.(3P*).7d,4P*,0.5,1/2,True,2.0,29.741,False,0.003,L22145
006002.000294,C,2,C II,2s.2p.(3P*).8p,2P,0.5,1/2,True,2.0,29.927,False,0.004,L22145
006002.000295,C,2,C II,2s.2p.(3P*).8p,2P,1.5,3/2,True,4.0,29.93,False,0.004,L22145
006002.000296,C,2,C II,2s.2p.(3P*).8p,2D,1.5,3/2,True,4.0,29.958,False,0.004,L22145
006002.000297,C,2,C II,2s.2p.(3P*).8p,2D,2.5,5/2,True,6.0,29.963,False,0.004,L22145
006002.000371,C,2,C II,2s.2p.(3P*).8d,4D*,0.5,1/2,True,2.0,30.008,False,0.003,L22145
006002.000372,C,2,C II,2s.2p.(3P*).8d,4D*,1.5,3/2,True,4.0,30.009,False,0.003,L22145
006002.000373,C,2,C II,2s.2p.(3P*).8d,4D*,2.5,5/2,True,6.0,30.009,False,0.003,L22145
006002.000374,C,2,C II,2s.2p.(3P*).8d,4D*,3.5,7/2,True,8.0,30.012,False,0.003,L22145
006002.000292,C,2,C II,2s.2p.(3P*).8d,4P*,2.5,5/2,True,6.0,30.009,False,0.003,L22145
006002.000369,C,2,C II,2s.2p.(3P*).8d,4P*,1.5,3/2,True,4.0,30.011,False,0.003,L22145
006002.000370,C,2,C II,2s.2p.(3P*).8d,4P*,0.5,1/2,True,2.0,30.012,False,0.003,L22145
006002.000298,C,2,C II,2s.2p.(3P*).9p,2P,0.5,1/2,True,2.0,30.137,False,0.004,L22145
006002.000299,C,2,C II,2s.2p.(3P*).9p,2P,1.5,3/2,True,4.0,30.14,False,0.004,L22145
006002.000300,C,2,C II,2s.2p.(3P*).9p,2D,1.5,3/2,True,4.0,30.155,False,0.004,L22145
006002.000301,C,2,C II,2s.2p.(3P*).9p,2D,2.5,5/2,True,6.0,30.161,False,0.004,L22145
006002.000377,C,2,C II,2s.2p.(3P*).9d,4D*,0.5,1/2,True,2.0,30.195,False,0.004,L22145
006002.000378,C,2,C II,2s.2p.(3P*).9d,4D*,1.5,3/2,True,4.0,30.195,False,0.004,L22145
006002.000379,C,2,C II,2s.2p.(3P*).9d,4D*,2.5,5/2,True,6.0,30.196,False,0.004,L22145
006002.000380,C,2,C II,2s.2p.(3P*).9d,4D*,3.5,7/2,True,8.0,30.2,False,0.003,L22145
006002.000293,C,2,C II,2s.2p.(3P*).9d,4P*,2.5,5/2,True,6.0,30.196,False,0.004,L22145
006002.000375,C,2,C II,2s.2p.(3P*).9d,4P*,1.5,3/2,True,4.0,30.198,False,0.004,L22145
006002.000376,C,2,C II,2s.2p.(3P*).9d,4P*,0.5,1/2,True,2.0,30.199,False,0.004,L22145
006002.000302,C,2,C II,2p2.(3P).3s,2P,0.5,1/2,True,2.0,32.34,False,0.03,L22145
006002.000303,C,2,C II,2p2.(3P).3s,2P,1.5,3/2,True,4.0,32.35,False,0.03,L22145
006002.000309,C,2,C II,2p2.(3P).3p,4D*,0.5,1/2,True,2.0,33.184,False,0.003,L22145
006002.000310,C,2,C II,2p2.(3P).3p,4D*,1.5,3/2,True,4.0,33.186,False,0.003,L22145
006002.000311,C,2,C II,2p2.(3P).3p,4D*,2.5,5/2,True,6.0,33.189,False,0.003,L22145
006002.000312,C,2,C II,2p2.(3P).3p,4D*,3.5,7/2,True,8.0,33.193,False,0.003,L22145
006002.000313,C,2,C II,2p2.(3P).3p,4P*,0.5,1/2,True,2.0,33.428,False,0.003,L22145
006002.000314,C,2,C II,2p2.(3P).3p,4P*,1.5,3/2,True,4.0,33.43,False,0.003,L22145
006002.000315,C,2,C II,2p2.(3P).3p,4P*,2.5,5/2,True,6.0,33.433,False,0.003,L22145
006002.000316,C,2,C II,2p2.(1D).3s,2D,1.5,3/2,True,4.0,33.53,False,0.03,L22145
006002.000317,C,2,C II,2p2.(1D).3s,2D,2.5,5/2,True,6.0,33.53,False,0.03,L22145
006002.000321,C,2,C II,2s.2p.(1P*).5p,2D,1.5,3/2,True,4.0,34.485,False,0.016,L22145
006002.000322,C,2,C II,2s.2p.(1P*).5p,2D,2.5,5/2,True,6.0,34.485,False,0.015,L22145
006002.000086,C,2,C II,2s.2p.(1P*).5p,2S,0.5,1/2,True,2.0,34.556,False,0.016,L22145
006002.000325,C,2,C II,2p2.(3P).3d,2P,1.5,3/2,True,4.0,34.934,False,0.015,L22145
006002.000324,C,2,C II,2p2.(3P).3d,2P,0.5,1/2,True,2.0,34.939,False,0.015,L22145
006002.000327,C,2,C II,2s.2p.(1P*).6p,2D,1.5,3/2,True,4.0,35.345,False,0.016,L22145
006002.000328,C,2,C II,2s.2p.(1P*).6p,2D,2.5,5/2,True,6.0,35.345,False,0.016,L22145
006002.000238,C,2,C II,2s.2p.(1P*).6p,2S,0.5,1/2,True,2.0,35.35,False,0.05,L22145
006002.000329,C,2,C II,2p2.(3P).3d,2D,1.5,3/2,True,4.0,35.544,False,0.015,L22145
006002.000330,C,2,C II,2p2.(3P).3d,2D,2.5,5/2,True,6.0,35.546,False,0.015,L22145
006002.000332,C,2,C II,2s.2p.(1P*).7p,2D,1.5,3/2,True,4.0,35.805,False,0.016,L22145
006002.000333,C,2,C II,2s.2p.(1P*).7p,2D,2.5,5/2,True,6.0,35.805,False,0.016,L22145
006002.000244,C,2,C II,2s.2p.(1P*).7p,2S,0.5,1/2,True,2.0,35.81,False,0.05,L22145
006002.000334,C,2,C II,2s.2p.(1P*).8p,2D,1.5,3/2,True,4.0,36.115,False,0.016,L22145
006002.000251,C,2,C II,2s.2p.(1P*).8p,2D,2.5,5/2,True,6.0,36.115,False,0.016,L22145
006002.000248,C,2,C II,2s.2p.(1P*).8p,2S,0.5,1/2,True,2.0,36.12,False,0.04,L22145
006002.000339,C,2,C II,2p2.(3P).4d,2D,1.5,3/2,True,4.0,38.014,False,0.02,L22145
006002.000340,C,2,C II,2p2.(3P).4d,2D,2.5,5/2,True,6.0,38.016,False,0.02,L22145
006002.000341,C,2,C II,2p2.(3P).5s,2P,0.5,1/2,True,2.0,38.67,False,0.1,L22145
006002.000342,C,2,C II,2p2.(3P).5s,2P,1.5,3/2,True,4.0,38.68,False,0.1,L22145
006002.000343,C,2,C II,2p2.(3P).5d,2D,1.5,3/2,True,4.0,39.25,False,0.05,L22145
006002.000344,C,2,C II,2p2.(3P).5d,2D,2.5,5/2,True,6.0,39.26,False,0.05,L22145
006002.000345,C,2,C II,2p2.(1D).4d,2D,1.5,3/2,True,4.0,39.61,False,0.1,L22145
006002.000346,C,2,C II,2p2.(1D).4d,2D,2.5,5/2,True,6.0,39.61,False,0.1,L22145
006002.000347,C,2,C II,2p2.(1D).4d,2S,0.5,1/2,True,2.0,39.86,False,0.05,L22145
006002.000348,C,2,C II,2s.3p2.(3P),2P,0.5,1/2,True,2.0,46.36,False,0.14,L22145
006002.000349,C,2,C II,2s.3p2.(3P),2P,1.5,3/2,True,4.0,46.37,False,0.14,L22145
006002.000350,C,2,C II,2s.3s.(1S).3d,2D,1.5,3/2,True,4.0,46.37,False,0.14,L22145
006002.000351,C,2,C II,2s.3s.(1S).3d,2D,2.5,5/2,True,6.0,46.37,False,0.14,L22145
006002.000353,C,2,C II,2s.3p2.(1D),2D,1.5,3/2,True,4.0,47.76,False,0.1,L22145
006002.000354,C,2,C II,2s.3p2.(1D),2D,2.5,5/2,True,6.0,47.76,False,0.1,L22145
006002.000355,C,2,C II,1s.2s2.2p2,2D,1.5,3/2,True,4.0,287.94,False,0.03,L22145
006002.000356,C,2,C II,1s.2s2.2p2,2D,2.5,5/2,True,6.0,287.94,False,0.03,L22145
006002.000357,C,2,C II,1s.2s2.2p2,2P,0.5,1/2,True,2.0,288.41,False,0.03,L22145
006002.000358,C,2,C II,1s.2s2.2p2,2P,1.5,3/2,True,4.0,288.42,False,0.03,L22145
006002.000359,C,2,C II,1s.2s2.2p2,2S,0.5,1/2,True,2.0,289.91,False,0.03,L22145
006002.000360,C,2,C II,1s.2s.(3S). 2p3.(4S*),4S*,1.5,3/2,True,4.0,292.54,False,0.03,L22145
006002.000361,C,2,C II,1s.2s.(3S). 2p3.(2D*),4D*,0.5,1/2,True,2.0,292.67,False,0.03,L22145
006002.000362,C,2,C II,1s.2s.(3S). 2p3.(2D*),4D*,1.5,3/2,True,4.0,292.67,False,0.03,L22145
006002.000363,C,2,C II,1s.2s.(3S). 2p3.(2D*),4D*,2.5,5/2,True,6.0,292.67,False,0.03,L22145
006002.000364,C,2,C II,1s.2s.(3S). 2p3.(2D*),4D*,3.5,7/2,True,8.0,292.67,False,0.03,L22145
006002.000365,C,2,C II,1s.2s.(3S). 2p3.(2P*),4P*,0.5,1/2,True,2.0,294.77,False,0.03,L22145
006002.000366,C,2,C II,1s.2s.(3S). 2p3.(2P*),4P*,1.5,3/2,True,4.0,294.77,False,0.03,L22145
006002.000367,C,2,C II,1s.2s.(3S). 2p3.(2P*),4P*,2.5,5/2,True,6.0,294.77,False,0.03,L22145
007001.000001,N,1,N I,2s2.2p3,4S*,1.5,3/2,True,4.0,0.0,False,0.0,L7288
007001.000014,N,1,N I,2s2.2p3,2D*,2.5,5/2,True,6.0,2.3835298,False,,
007001.000015,N,1,N I,2s2.2p3,2D*,1.5,3/2,True,4.0,2.38461,False,,
007001.000016,N,1,N I,2s2.2p3,2P*,0.5,1/2,True,2.0,3.5755704,False,,
007001.000017,N,1,N I,2s2.2p3,2P*,1.5,3/2,True,4.0,3.5756182,False,,
007001.000018,N,1,N I,2s2.2p2.(3P).3s,4P,0.5,1/2,True,2.0,10.3259087,False,,
007001.000019,N,1,N I,2s2.2p2.(3P).3s,4P,1.5,3/2,True,4.0,10.3300944,False,,
007001.000020,N,1,N I,2s2.2p2.(3P).3s,4P,2.5,5/2,True,6.0,10.3358956,False,,
007001.000021,N,1,N I,2s2.2p2.(3P).3s,2P,0.5,1/2,True,2.0,10.6796703,False,,
007001.000022,N,1,N I,2s2.2p2.(3P).3s,2P,1.5,3/2,True,4.0,10.6899808,False,,
007001.000023,N,1,N I,2s.2p4,4P,2.5,5/2,True,6.0,10.923908,False,,
007001.000024,N,1,N I,2s.2p4,4P,1.5,3/2,True,4.0,10.9293522,False,,
007001.000025,N,1,N I,2s.2p4,4P,0.5,1/2,True,2.0,10.9317574,False,,
007001.000026,N,1,N I,2s2.2p2.(3P).3p,2S*,0.5,1/2,True,2.0,11.6026335,False,,
007001.000027,N,1,N I,2s2.2p2.(3P).3p,4D*,0.5,1/2,True,2.0,11.7500916,False,,
007001.000028,N,1,N I,2s2.2p2.(3P).3p,4D*,1.5,3/2,True,4.0,11.7528949,False,,
007001.000029,N,1,N I,2s2.2p2.(3P).3p,4D*,2.5,5/2,True,6.0,11.7575319,False,,
007001.000030,N,1,N I,2s2.2p2.(3P).3p,4D*,3.5,7/2,True,8.0,11.7638464,False,,
007001.000031,N,1,N I,2s2.2p2.(3P).3p,4P*,0.5,1/2,True,2.0,11.8374298,False,,
007001.000032,N,1,N I,2s2.2p2.(3P).3p,4P*,1.5,3/2,True,4.0,11.8397086,False,,
007001.000033,N,1,N I,2s2.2p2.(3P).3p,4P*,2.5,5/2,True,6.0,11.844477,False,,
007001.000034,N,1,N I,2s2.2p2.(3P).3p,4S*,1.5,3/2,True,4.0,11.9955753,False,,
007001.000035,N,1,N I,2s2.2p2.(3P).3p,2D*,1.5,3/2,True,4.0,12.0001429,False,,
007001.000036,N,1,N I,2s2.2p2.(3P).3p,2D*,2.5,5/2,True,6.0,12.0096116,False,,
007001.000037,N,1,N I,2s2.2p2.(3P).3p,2P*,0.5,1/2,True,2.0,12.1219574,False,,
007001.000038,N,1,N I,2s2.2p2.(3P).3p,2P*,1.5,3/2,True,4.0,12.1263787,False,,
007001.000039,N,1,N I,2s2.2p2.(1D).3s,2D,2.5,5/2,True,6.0,12.3566901,False,,
007001.000040,N,1,N I,2s2.2p2.(1D).3s,2D,1.5,3/2,True,4.0,12.3567502,False,,
007001.000041,N,1,N I,2s2.2p2.(3P).4s,4P,0.5,1/2,True,2.0,12.847554,False,,
007001.000042,N,1,N I,2s2.2p2.(3P).4s,4P,1.5,3/2,True,4.0,12.85309,False,,
007001.000043,N,1,N I,2s2.2p2.(3P).4s,4P,2.5,5/2,True,6.0,12.86156,False,,
007001.000044,N,1,N I,2s2.2p2.(3P).4s,2P,0.5,1/2,True,2.0,12.912312,False,,
007001.000045,N,1,N I,2s2.2p2.(3P).4s,2P,1.5,3/2,True,4.0,12.9218353,False,,
007001.000046,N,1,N I,2s2.2p2.(3P).3d,2P,1.5,3/2,True,4.0,12.9706652,False,,
007001.000047,N,1,N I,2s2.2p2.(3P).3d,2P,0.5,1/2,True,2.0,12.975446,False,,
007001.000048,N,1,N I,2s2.2p2.(3P).3d,4F,1.5,3/2,True,4.0,12.9766983,False,,
007001.000049,N,1,N I,2s2.2p2.(3P).3d,4F,2.5,5/2,True,6.0,12.9790453,False,,
007001.000050,N,1,N I,2s2.2p2.(3P).3d,4F,3.5,7/2,True,8.0,12.9832471,False,,
007001.000051,N,1,N I,2s2.2p2.(3P).3d,4F,4.5,9/2,True,10.0,12.9893,False,,
007001.000052,N,1,N I,2s2.2p2.(3P).3d,2F,2.5,5/2,True,6.0,12.9948285,False,,
007001.000055,N,1,N I,2s2.2p2.(3P).3d,2F,3.5,7/2,True,8.0,13.0036301,False,,
007001.000053,N,1,N I,2s2.2p2.(3P).3d,4P,2.5,5/2,True,6.0,12.9966572,False,,
007001.000054,N,1,N I,2s2.2p2.(3P).3d,4P,1.5,3/2,True,4.0,13.00095,False,,
007001.000056,N,1,N I,2s2.2p2.(3P).3d,4P,0.5,1/2,True,2.0,13.004219,False,,
007001.000057,N,1,N I,2s2.2p2.(3P).3d,4D,0.5,1/2,True,2.0,13.016403,False,,
007001.000058,N,1,N I,2s2.2p2.(3P).3d,4D,1.5,3/2,True,4.0,13.017878,False,,
007001.000059,N,1,N I,2s2.2p2.(3P).3d,4D,2.5,5/2,True,6.0,13.019401,False,,
007001.000060,N,1,N I,2s2.2p2.(3P).3d,4D,3.5,7/2,True,8.0,13.020523,False,,
007001.000061,N,1,N I,2s2.2p2.(3P).3d,2D,1.5,3/2,True,4.0,13.0332041,False,,
007001.000062,N,1,N I,2s2.2p2.(3P).3d,2D,2.5,5/2,True,6.0,13.0361586,False,,
007001.000063,N,1,N I,2s2.2p2.(3P).4p,2S*,0.5,1/2,True,2.0,13.2015647,False,,
007001.000064,N,1,N I,2s2.2p2.(3P).4p,4D*,0.5,1/2,True,2.0,13.2363957,False,,
007001.000065,N,1,N I,2s2.2p2.(3P).4p,4D*,1.5,3/2,True,4.0,13.2388265,False,,
007001.000066,N,1,N I,2s2.2p2.(3P).4p,4D*,2.5,5/2,True,6.0,13.2433051,False,,
007001.000067,N,1,N I,2s2.2p2.(3P).4p,4D*,3.5,7/2,True,8.0,13.250022,False,,
007001.000068,N,1,N I,2s2.2p2.(3P).4p,4P*,0.5,1/2,True,2.0,13.2638891,False,,
007001.000069,N,1,N I,2s2.2p2.(3P).4p,4P*,1.5,3/2,True,4.0,13.2658173,False,,
007001.000070,N,1,N I,2s2.2p2.(3P).4p,4P*,2.5,5/2,True,6.0,13.2709052,False,,
007001.000071,N,1,N I,2s2.2p2.(3P).4p,2D*,1.5,3/2,True,4.0,13.2889721,False,,
007001.000072,N,1,N I,2s2.2p2.(3P).4p,2D*,2.5,5/2,True,6.0,13.2976904,False,,
007001.000073,N,1,N I,2s2.2p2.(3P).4p,4S*,1.5,3/2,True,4.0,13.3215593,False,,
007001.000074,N,1,N I,2s2.2p2.(3P).4p,2P*,0.5,1/2,True,2.0,13.3392701,False,,
007001.000075,N,1,N I,2s2.2p2.(3P).4p,2P*,1.5,3/2,True,4.0,13.3442064,False,,
007001.000076,N,1,N I,2s2.2p2.(3P).5s,4P,0.5,1/2,True,2.0,13.6149817,False,,
007001.000077,N,1,N I,2s2.2p2.(3P).5s,4P,1.5,3/2,True,4.0,13.6204726,False,,
007001.000078,N,1,N I,2s2.2p2.(3P).5s,4P,2.5,5/2,True,6.0,13.629169,False,,
007001.000079,N,1,N I,2s2.2p2.(3P).5s,2P,0.5,1/2,True,2.0,13.6426905,False,,
007001.000080,N,1,N I,2s2.2p2.(3P).5s,2P,1.5,3/2,True,4.0,13.6511356,False,,
007001.000081,N,1,N I,2s2.2p2.(3P).4d,4F,1.5,3/2,True,4.0,13.6623958,False,,
007001.000082,N,1,N I,2s2.2p2.(3P).4d,4F,2.5,5/2,True,6.0,13.6645956,False,,
007001.000085,N,1,N I,2s2.2p2.(3P).4d,4F,3.5,7/2,True,8.0,13.6689216,False,,
007001.000088,N,1,N I,2s2.2p2.(3P).4d,4F,4.5,9/2,True,10.0,13.6758579,False,,
007001.000083,N,1,N I,2s2.2p2.(3P).4d,2P,1.5,3/2,True,4.0,13.6655516,False,,
007001.000084,N,1,N I,2s2.2p2.(3P).4d,2P,0.5,1/2,True,2.0,13.6686606,False,,
007001.000086,N,1,N I,2s2.2p2.(3P).4d,2F,2.5,5/2,True,6.0,13.6737591,False,,
007001.000093,N,1,N I,2s2.2p2.(3P).4d,2F,3.5,7/2,True,8.0,13.6832014,False,,
007001.000087,N,1,N I,2s2.2p2.(3P).4d,4P,2.5,5/2,True,6.0,13.6754539,False,,
007001.000089,N,1,N I,2s2.2p2.(3P).4d,4P,1.5,3/2,True,4.0,13.6782741,False,,
007001.000092,N,1,N I,2s2.2p2.(3P).4d,4P,0.5,1/2,True,2.0,13.681658,False,,
007001.000090,N,1,N I,2s2.2p2.(3P).4f D,2[3]*,2.5,5/2,True,6.0,13.681543,False,,
007001.000091,N,1,N I,2s2.2p2.(3P).4f D,2[3]*,3.5,7/2,True,8.0,13.681553,False,,
007001.000094,N,1,N I,2s2.2p2.(3P).4f G,2[3]*,2.5,5/2,True,6.0,13.686032,False,,
007001.000095,N,1,N I,2s2.2p2.(3P).4f G,2[3]*,3.5,7/2,True,8.0,13.68604,False,,
007001.000096,N,1,N I,2s2.2p2.(3P).4d,4D,0.5,1/2,True,2.0,13.6860943,False,,
007001.000097,N,1,N I,2s2.2p2.(3P).4d,4D,1.5,3/2,True,4.0,13.687293,False,,
007001.000098,N,1,N I,2s2.2p2.(3P).4d,4D,2.5,5/2,True,6.0,13.6880236,False,,
007001.000101,N,1,N I,2s2.2p2.(3P).4d,4D,3.5,7/2,True,8.0,13.6882547,False,,
007001.000099,N,1,N I,2s2.2p2.(3P).4f G,2[4]*,4.5,9/2,True,10.0,13.688115,False,,
007001.000100,N,1,N I,2s2.2p2.(3P).4f G,2[4]*,3.5,7/2,True,8.0,13.688126,False,,
007001.000102,N,1,N I,2s2.2p2.(3P).4f D,2[2]*,1.5,3/2,True,4.0,13.688413,False,,
007001.000103,N,1,N I,2s2.2p2.(3P).4f D,2[2]*,2.5,5/2,True,6.0,13.68842,False,,
007001.000104,N,1,N I,2s2.2p2.(3P).4d,2D,1.5,3/2,True,4.0,13.6936867,False,,
007001.000107,N,1,N I,2s2.2p2.(3P).4d,2D,2.5,5/2,True,6.0,13.6965647,False,,
007001.000105,N,1,N I,2s2.2p2.(3P).4f D,2[1]*,0.5,1/2,True,2.0,13.695269,False,,
007001.000106,N,1,N I,2s2.2p2.(3P).4f D,2[1]*,1.5,3/2,True,4.0,13.695269,False,,
007001.000108,N,1,N I,2s2.2p2.(3P).4f G,2[5]*,5.5,11/2,True,12.0,13.696918,False,,
007001.000109,N,1,N I,2s2.2p2.(3P).4f G,2[5]*,4.5,9/2,True,10.0,13.696936,False,,
007001.000110,N,1,N I,2s2.2p2.(3P).4f F,2[2]*,1.5,3/2,True,4.0,13.698513,False,,
007001.000111,N,1,N I,2s2.2p2.(3P).4f F,2[2]*,2.5,5/2,True,6.0,13.698523,False,,
007001.000112,N,1,N I,2s2.2p2.(3P).4f F,2[3]*,3.5,7/2,True,8.0,13.700058,False,,
007001.000113,N,1,N I,2s2.2p2.(3P).4f F,2[3]*,2.5,5/2,True,6.0,13.700059,False,,
007001.000114,N,1,N I,2s2.2p2.(3P).4f F,2[4]*,4.5,9/2,True,10.0,13.700462,False,,
007001.000115,N,1,N I,2s2.2p2.(3P).4f F,2[4]*,3.5,7/2,True,8.0,13.700481,False,,
007001.000116,N,1,N I,2s2.2p2.(1D).3p,2D*,1.5,3/2,True,4.0,13.7028638,False,,
007001.000117,N,1,N I,2s2.2p2.(1D).3p,2D*,2.5,5/2,True,6.0,13.7058146,False,,
007001.000118,N,1,N I,2s2.2p2.(1D).3p,2F*,2.5,5/2,True,6.0,13.7263822,False,,
007001.000119,N,1,N I,2s2.2p2.(1D).3p,2F*,3.5,7/2,True,8.0,13.7269294,False,,
007001.000120,N,1,N I,2s2.2p2.(3P).5p,2S*,0.5,1/2,True,2.0,13.7697973,False,,
007001.000121,N,1,N I,2s2.2p2.(3P).5p,4D*,0.5,1/2,True,2.0,13.7800461,False,,
007001.000122,N,1,N I,2s2.2p2.(3P).5p,4D*,1.5,3/2,True,4.0,13.782723,False,,
007001.000124,N,1,N I,2s2.2p2.(3P).5p,4D*,2.5,5/2,True,6.0,13.7875408,False,,
007001.000126,N,1,N I,2s2.2p2.(3P).5p,4D*,3.5,7/2,True,8.0,13.7945902,False,,
007001.000123,N,1,N I,2s2.2p2.(3P).5p,2P*,0.5,1/2,True,2.0,13.7869,False,,
007001.000125,N,1,N I,2s2.2p2.(3P).5p,2P*,1.5,3/2,True,4.0,13.7886883,False,,
007001.000127,N,1,N I,2s2.2p2.(3P).5p,4P*,0.5,1/2,True,2.0,13.7959196,False,,
007001.000128,N,1,N I,2s2.2p2.(3P).5p,4P*,1.5,3/2,True,4.0,13.7976614,False,,
007001.000129,N,1,N I,2s2.2p2.(3P).5p,4P*,2.5,5/2,True,6.0,13.8027638,False,,
007001.000130,N,1,N I,2s2.2p2.(3P).5p,4S*,1.5,3/2,True,4.0,13.8244077,False,,
007001.000131,N,1,N I,2s2.2p2.(3P).5p,2D*,1.5,3/2,True,4.0,13.8680121,False,,
007001.000132,N,1,N I,2s2.2p2.(3P).5p,2D*,2.5,5/2,True,6.0,13.8745272,False,,
007001.000133,N,1,N I,2s2.2p2.(1D).3p,2P*,0.5,1/2,True,2.0,13.9226824,False,,
007001.000134,N,1,N I,2s2.2p2.(1D).3p,2P*,1.5,3/2,True,4.0,13.925881,False,,
007001.000135,N,1,N I,2s2.2p2.(3P).6s,4P,0.5,1/2,True,2.0,13.9563396,False,,
007001.000136,N,1,N I,2s2.2p2.(3P).6s,4P,1.5,3/2,True,4.0,13.9618125,False,,
007001.000137,N,1,N I,2s2.2p2.(3P).6s,4P,2.5,5/2,True,6.0,13.9707117,False,,
007001.000138,N,1,N I,2s2.2p2.(3P).6s,2P,0.5,1/2,True,2.0,13.972022,False,,
007001.000139,N,1,N I,2s2.2p2.(3P).6s,2P,1.5,3/2,True,4.0,13.9776017,False,,
007001.000140,N,1,N I,2s2.2p2.(3P).5d,4F,1.5,3/2,True,4.0,13.980454,False,,
007001.000141,N,1,N I,2s2.2p2.(3P).5d,4F,2.5,5/2,True,6.0,13.9804985,False,,
007001.000142,N,1,N I,2s2.2p2.(3P).5d,4F,3.5,7/2,True,8.0,13.9851355,False,,
007001.000150,N,1,N I,2s2.2p2.(3P).5d,4F,4.5,9/2,True,10.0,13.9930238,False,,
007001.000143,N,1,N I,2s2.2p2.(3P).5d,2P,1.5,3/2,True,4.0,13.9855454,False,,
007001.000144,N,1,N I,2s2.2p2.(3P).5d,2P,0.5,1/2,True,2.0,13.9863558,False,,
007001.000145,N,1,N I,2s2.2p2.(3P).5d,2F,2.5,5/2,True,6.0,13.9869696,False,,
007001.000157,N,1,N I,2s2.2p2.(3P).5d,2F,3.5,7/2,True,8.0,13.9967297,False,,
007001.000146,N,1,N I,2s2.2p2.(3P).5d,4P,2.5,5/2,True,6.0,13.9884501,False,,
007001.000149,N,1,N I,2s2.2p2.(3P).5d,4P,1.5,3/2,True,4.0,13.990131,False,,
007001.000152,N,1,N I,2s2.2p2.(3P).5d,4P,0.5,1/2,True,2.0,13.99413,False,,
007001.000147,N,1,N I,2s2.2p2.(3P<0>).5f,2[3]*,2.5,5/2,True,6.0,13.988758,True,,
007001.000148,N,1,N I,2s2.2p2.(3P<0>).5f,2[3]*,3.5,7/2,True,8.0,13.988758,True,,
007001.000002,N,1,N I,2s2.2p2.(3P<1>).5f,2[3]*,2.5,5/2,True,6.0,,False,,
007001.000151,N,1,N I,2s2.2p2.(3P<1>).5f,2[3]*,3.5,7/2,True,8.0,13.993939,False,,
007001.000153,N,1,N I,2s2.2p2.(3P<1>).5f,2[4]*,4.5,9/2,True,10.0,13.995077,False,,
007001.000154,N,1,N I,2s2.2p2.(3P<1>).5f,2[4]*,3.5,7/2,True,8.0,13.995078,False,,
007001.000155,N,1,N I,2s2.2p2.(3P<1>).5f,2[2]*,1.5,3/2,True,4.0,13.99535,False,,
007001.000156,N,1,N I,2s2.2p2.(3P<1>).5f,2[2]*,2.5,5/2,True,6.0,13.995402,False,,
007001.000158,N,1,N I,2s2.2p2.(3P).5d,4D,0.5,1/2,True,2.0,13.99837,False,,
007001.000159,N,1,N I,2s2.2p2.(3P).5d,4D,1.5,3/2,True,4.0,13.9989413,False,,
007001.000160,N,1,N I,2s2.2p2.(3P).5d,4D,2.5,5/2,True,6.0,13.999134,False,,
007001.000161,N,1,N I,2s2.2p2.(3P).5d,4D,3.5,7/2,True,8.0,13.9991896,False,,
007001.000162,N,1,N I,2s2.2p2.(3P).5d,2D,1.5,3/2,True,4.0,14.0011704,False,,
007001.000163,N,1,N I,2s2.2p2.(3P).5d,2D,2.5,5/2,True,6.0,14.0034956,False,,
007001.000164,N,1,N I,2s2.2p2.(3P<2>).5f,2[1]*,0.5,1/2,True,2.0,14.003596,False,,
007001.000165,N,1,N I,2s2.2p2.(3P<2>).5f,2[1]*,1.5,3/2,True,4.0,14.003596,False,,
007001.000166,N,1,N I,2s2.2p2.(3P<2>).5f,2[5]*,5.5,11/2,True,12.0,14.00444,False,,
007001.000167,N,1,N I,2s2.2p2.(3P<2>).5f,2[5]*,4.5,9/2,True,10.0,14.004453,False,,
007001.000168,N,1,N I,2s2.2p2.(3P<2>).5f,2[2]*,1.5,3/2,True,4.0,14.004979,True,,
007001.000169,N,1,N I,2s2.2p2.(3P<2>).5f,2[2]*,2.5,5/2,True,6.0,14.004979,True,,
007001.000003,N,1,N I,2s2.2p2.(3P<2>).5f,2[3]*,2.5,5/2,True,6.0,,False,,
007001.000170,N,1,N I,2s2.2p2.(3P<2>).5f,2[3]*,3.5,7/2,True,8.0,14.00592,False,,
007001.000171,N,1,N I,2s2.2p2.(3P<2>).5f,2[4]*,4.5,9/2,True,10.0,14.006134,False,,
007001.000172,N,1,N I,2s2.2p2.(3P<2>).5f,2[4]*,3.5,7/2,True,8.0,14.006148,False,,
007001.000004,N,1,N I,2s2.2p2.(3P).6p,4D*,0.5,1/2,True,2.0,,False,,
007001.000005,N,1,N I,2s2.2p2.(3P).6p,4D*,1.5,3/2,True,4.0,,False,,
007001.000173,N,1,N I,2s2.2p2.(3P).6p,4D*,2.5,5/2,True,6.0,14.04834,False,,
007001.000175,N,1,N I,2s2.2p2.(3P).6p,4D*,3.5,7/2,True,8.0,14.05615,False,,
007001.000006,N,1,N I,2s2.2p2.(3P).6p,4P*,0.5,1/2,True,2.0,,False,,
007001.000174,N,1,N I,2s2.2p2.(3P).6p,4P*,1.5,3/2,True,4.0,14.05358,False,,
007001.000176,N,1,N I,2s2.2p2.(3P).6p,4P*,2.5,5/2,True,6.0,14.06011,False,,
007001.000177,N,1,N I,2s2.2p2.(3P).7s,4P,0.5,1/2,True,2.0,14.1375033,False,,
007001.000178,N,1,N I,2s2.2p2.(3P).7s,4P,1.5,3/2,True,4.0,14.1430205,False,,
007001.000182,N,1,N I,2s2.2p2.(3P).7s,4P,2.5,5/2,True,6.0,14.1523654,False,,
007001.000179,N,1,N I,2s2.2p2.(3P).7s,2P,0.5,1/2,True,2.0,14.1481,False,,
007001.000191,N,1,N I,2s2.2p2.(3P).7s,2P,1.5,3/2,True,4.0,14.15975,False,,
007001.000180,N,1,N I,2s2.2p2.(3P).6d,4F,1.5,3/2,True,4.0,14.1496,False,,
007001.000181,N,1,N I,2s2.2p2.(3P).6d,4F,2.5,5/2,True,6.0,14.15065,False,,
007001.000186,N,1,N I,2s2.2p2.(3P).6d,4F,3.5,7/2,True,8.0,14.1559871,False,,
007001.000198,N,1,N I,2s2.2p2.(3P).6d,4F,4.5,9/2,True,10.0,14.1646131,False,,
007001.000183,N,1,N I,2s2.2p2.(3P).6d,2P,1.5,3/2,True,4.0,14.15533,False,,
007001.000188,N,1,N I,2s2.2p2.(3P).6d,2P,0.5,1/2,True,2.0,14.15695,False,,
007001.000184,N,1,N I,2s2.2p2.(3P<0>).6f,2[3]*,2.5,5/2,True,6.0,14.155521,False,,
007001.000185,N,1,N I,2s2.2p2.(3P<0>).6f,2[3]*,3.5,7/2,True,8.0,14.155521,False,,
007001.000187,N,1,N I,2s2.2p2.(3P).6d,2F,2.5,5/2,True,6.0,14.15685,False,,
007001.000200,N,1,N I,2s2.2p2.(3P).6d,2F,3.5,7/2,True,8.0,14.16669,False,,
007001.000189,N,1,N I,2s2.2p2.(3P).6d,4P,2.5,5/2,True,6.0,14.15795,False,,
007001.000190,N,1,N I,2s2.2p2.(3P).6d,4P,1.5,3/2,True,4.0,14.159,False,,
007001.000199,N,1,N I,2s2.2p2.(3P).6d,4P,0.5,1/2,True,2.0,14.16513,False,,
007001.000192,N,1,N I,2s2.2p2.(3P<1>).6f,2[3]*,2.5,5/2,True,6.0,14.161066,False,,
007001.000193,N,1,N I,2s2.2p2.(3P<1>).6f,2[3]*,3.5,7/2,True,8.0,14.161066,False,,
007001.000194,N,1,N I,2s2.2p2.(3P<1>).6f,2[4]*,3.5,7/2,True,8.0,14.161733,False,,
007001.000195,N,1,N I,2s2.2p2.(3P<1>).6f,2[4]*,4.5,9/2,True,10.0,14.161733,False,,
007001.000196,N,1,N I,2s2.2p2.(3P<1>).6f,2[2]*,1.5,3/2,True,4.0,14.161956,False,,
007001.000197,N,1,N I,2s2.2p2.(3P<1>).6f,2[2]*,2.5,5/2,True,6.0,14.161956,False,,
007001.000201,N,1,N I,2s2.2p2.(3P).6d,4D,0.5,1/2,True,2.0,14.1679,False,,
007001.000202,N,1,N I,2s2.2p2.(3P).6d,4D,1.5,3/2,True,4.0,14.168,False,,
007001.000203,N,1,N I,2s2.2p2.(3P).6d,4D,2.5,5/2,True,6.0,14.16817,False,,
007001.000204,N,1,N I,2s2.2p2.(3P).6d,4D,3.5,7/2,True,8.0,14.16818,False,,
007001.000205,N,1,N I,2s2.2p2.(3P).6d,2D,1.5,3/2,True,4.0,14.16854,False,,
007001.000206,N,1,N I,2s2.2p2.(3P).6d,2D,2.5,5/2,True,6.0,14.17059,False,,
007001.000207,N,1,N I,2s2.2p2.(3P<2>).6f,2[1]*,0.5,1/2,True,2.0,14.170922,True,,
007001.000208,N,1,N I,2s2.2p2.(3P<2>).6f,2[1]*,1.5,3/2,True,4.0,14.170922,True,,
007001.000209,N,1,N I,2s2.2p2.(3P<2>).6f,2[5]*,4.5,9/2,True,10.0,14.1714075,False,,
007001.000210,N,1,N I,2s2.2p2.(3P<2>).6f,2[5]*,5.5,11/2,True,12.0,14.1714075,False,,
007001.000211,N,1,N I,2s2.2p2.(3P<2>).6f,2[2]*,1.5,3/2,True,4.0,14.171644,False,,
007001.000212,N,1,N I,2s2.2p2.(3P<2>).6f,2[2]*,2.5,5/2,True,6.0,14.171644,False,,
007001.000213,N,1,N I,2s2.2p2.(3P<2>).6f,2[3]*,2.5,5/2,True,6.0,14.172223,False,,
007001.000214,N,1,N I,2s2.2p2.(3P<2>).6f,2[3]*,3.5,7/2,True,8.0,14.172223,False,,
007001.000215,N,1,N I,2s2.2p2.(3P<2>).6f,2[4]*,3.5,7/2,True,8.0,14.17236,False,,
007001.000216,N,1,N I,2s2.2p2.(3P<2>).6f,2[4]*,4.5,9/2,True,10.0,14.17236,False,,
007001.000007,N,1,N I,2s2.2p2.(3P).7p,4D*,0.5,1/2,True,2.0,,False,,
007001.000008,N,1,N I,2s2.2p2.(3P).7p,4D*,1.5,3/2,True,4.0,,False,,
007001.000009,N,1,N I,2s2.2p2.(3P).7p,4D*,2.5,5/2,True,6.0,,False,,
007001.000217,N,1,N I,2s2.2p2.(3P).7p,4D*,3.5,7/2,True,8.0,14.20184,False,,
007001.000218,N,1,N I,2s2.2p2.(3P).8s,4P,0.5,1/2,True,2.0,14.24504,False,,
007001.000219,N,1,N I,2s2.2p2.(3P).8s,4P,1.5,3/2,True,4.0,14.25063,False,,
007001.000229,N,1,N I,2s2.2p2.(3P).8s,4P,2.5,5/2,True,6.0,14.26082,False,,
007001.000220,N,1,N I,2s2.2p2.(3P).7d,4F,1.5,3/2,True,4.0,14.25229,False,,
007001.000221,N,1,N I,2s2.2p2.(3P).7d,4F,2.5,5/2,True,6.0,14.2531,False,,
007001.000225,N,1,N I,2s2.2p2.(3P).7d,4F,3.5,7/2,True,8.0,14.25863,False,,
007001.000231,N,1,N I,2s2.2p2.(3P).7d,4F,4.5,9/2,True,10.0,14.26775,False,,
007001.000222,N,1,N I,2s2.2p2.(3P).8s,2P,0.5,1/2,True,2.0,14.25361,False,,
007001.000230,N,1,N I,2s2.2p2.(3P).8s,2P,1.5,3/2,True,4.0,14.26232,False,,
007001.000223,N,1,N I,2s2.2p2.(3P).7d,2P,1.5,3/2,True,4.0,14.25729,False,,
007001.000226,N,1,N I,2s2.2p2.(3P).7d,2P,0.5,1/2,True,2.0,14.25941,False,,
007001.000224,N,1,N I,2s2.2p2.(3P).7d,2F,2.5,5/2,True,6.0,14.25855,False,,
007001.000232,N,1,N I,2s2.2p2.(3P).7d,2F,3.5,7/2,True,8.0,14.26896,False,,
007001.000010,N,1,N I,2s2.2p2.(3P).7d,4P,0.5,1/2,True,2.0,,False,,
007001.000227,N,1,N I,2s2.2p2.(3P).7d,4P,2.5,5/2,True,6.0,14.25955,False,,
007001.000228,N,1,N I,2s2.2p2.(3P).7d,4P,1.5,3/2,True,4.0,14.2605,False,,
007001.000233,N,1,N I,2s2.2p2.(3P).7d,4D,0.5,1/2,True,2.0,14.26975,False,,
007001.000234,N,1,N I,2s2.2p2.(3P).7d,4D,3.5,7/2,True,8.0,14.26989,False,,
007001.000235,N,1,N I,2s2.2p2.(3P).7d,4D,1.5,3/2,True,4.0,14.2699,False,,
007001.000236,N,1,N I,2s2.2p2.(3P).7d,4D,2.5,5/2,True,6.0,14.26991,False,,
007001.000237,N,1,N I,2s2.2p2.(3P).7d,2D,1.5,3/2,True,4.0,14.27058,False,,
007001.000238,N,1,N I,2s2.2p2.(3P).7d,2D,2.5,5/2,True,6.0,14.27135,False,,
007001.000239,N,1,N I,2s2.2p2.(3P).9s,4P,0.5,1/2,True,2.0,14.31391,False,,
007001.000242,N,1,N I,2s2.2p2.(3P).9s,4P,1.5,3/2,True,4.0,14.31962,False,,
007001.000248,N,1,N I,2s2.2p2.(3P).9s,4P,2.5,5/2,True,6.0,14.32967,False,,
007001.000240,N,1,N I,2s2.2p2.(3P).9s,2P,0.5,1/2,True,2.0,14.318,False,,
007001.000241,N,1,N I,2s2.2p2.(3P).9s,2P,1.5,3/2,True,4.0,14.318,False,,
007001.000011,N,1,N I,2s2.2p2.(3P).8d,4F,1.5,3/2,True,4.0,,False,,
007001.000243,N,1,N I,2s2.2p2.(3P).8d,4F,2.5,5/2,True,6.0,14.31962,False,,
007001.000246,N,1,N I,2s2.2p2.(3P).8d,4F,3.5,7/2,True,8.0,14.32486,False,,
007001.000250,N,1,N I,2s2.2p2.(3P).8d,4F,4.5,9/2,True,10.0,14.33422,False,,
007001.000244,N,1,N I,2s2.2p2.(3P).8d,2P,0.5,1/2,True,2.0,14.324,False,,
007001.000245,N,1,N I,2s2.2p2.(3P).8d,2P,1.5,3/2,True,4.0,14.32456,False,,
007001.000247,N,1,N I,2s2.2p2.(3P).8d,2F,2.5,5/2,True,6.0,14.32494,False,,
007001.000254,N,1,N I,2s2.2p2.(3P).8d,2F,3.5,7/2,True,8.0,14.33513,False,,
007001.000249,N,1,N I,2s2.2p2.(3P).8d,2D,1.5,3/2,True,4.0,14.3322,False,,
007001.000259,N,1,N I,2s2.2p2.(3P).8d,2D,2.5,5/2,True,6.0,14.33673,False,,
007001.000251,N,1,N I,2s2.2p2.(3P).8d,4P,0.5,1/2,True,2.0,14.3348,False,,
007001.000252,N,1,N I,2s2.2p2.(3P).8d,4P,1.5,3/2,True,4.0,14.3348,False,,
007001.000253,N,1,N I,2s2.2p2.(3P).8d,4P,2.5,5/2,True,6.0,14.3348,False,,
007001.000255,N,1,N I,2s2.2p2.(3P).8d,4D,0.5,1/2,True,2.0,14.33561,False,,
007001.000256,N,1,N I,2s2.2p2.(3P).8d,4D,1.5,3/2,True,4.0,14.33591,False,,
007001.000257,N,1,N I,2s2.2p2.(3P).8d,4D,2.5,5/2,True,6.0,14.33591,False,,
007001.000258,N,1,N I,2s2.2p2.(3P).8d,4D,3.5,7/2,True,8.0,14.33601,False,,
007001.000260,N,1,N I,2s2.2p2.(3P).10s,4P,0.5,1/2,True,2.0,14.361,False,,
007001.000263,N,1,N I,2s2.2p2.(3P).10s,4P,1.5,3/2,True,4.0,14.36685,False,,
007001.000272,N,1,N I,2s2.2p2.(3P).10s,4P,2.5,5/2,True,6.0,14.37661,False,,
007001.000261,N,1,N I,2s2.2p2.(3P).10s,2P,0.5,1/2,True,2.0,14.3626,False,,
007001.000262,N,1,N I,2s2.2p2.(3P).10s,2P,1.5,3/2,True,4.0,14.3626,False,,
007001.000264,N,1,N I,2s2.2p2.(3P).9d,4D,0.5,1/2,True,2.0,14.3682,False,,
007001.000265,N,1,N I,2s2.2p2.(3P).9d,4D,1.5,3/2,True,4.0,14.3682,False,,
007001.000266,N,1,N I,2s2.2p2.(3P).9d,4D,2.5,5/2,True,6.0,14.3682,False,,
007001.000267,N,1,N I,2s2.2p2.(3P).9d,4D,3.5,7/2,True,8.0,14.3682,False,,
007001.000268,N,1,N I,2s2.2p2.(3P).9d,2P,0.5,1/2,True,2.0,14.3684,False,,
007001.000269,N,1,N I,2s2.2p2.(3P).9d,2P,1.5,3/2,True,4.0,14.3684,False,,
007001.000270,N,1,N I,2s2.2p2.(3P).9d,2F,2.5,5/2,True,6.0,14.37,False,,
007001.000271,N,1,N I,2s2.2p2.(3P).9d,2F,3.5,7/2,True,8.0,14.37,False,,
007001.000273,N,1,N I,2s2.2p2.(3P).9d,2D,1.5,3/2,True,4.0,14.3788,False,,
007001.000277,N,1,N I,2s2.2p2.(3P).9d,2D,2.5,5/2,True,6.0,14.3811,False,,
007001.000274,N,1,N I,2s2.2p2.(3P).9d,4P,0.5,1/2,True,2.0,14.381,False,,
007001.000275,N,1,N I,2s2.2p2.(3P).9d,4P,1.5,3/2,True,4.0,14.381,False,,
007001.000276,N,1,N I,2s2.2p2.(3P).9d,4P,2.5,5/2,True,6.0,14.381,False,,
007001.000278,N,1,N I,2s2.2p2.(3P).11s,2P,0.5,1/2,True,2.0,14.3954,False,,
007001.000279,N,1,N I,2s2.2p2.(3P).11s,2P,1.5,3/2,True,4.0,14.3954,False,,
007001.000280,N,1,N I,2s2.2p2.(3P).11s,4P,0.5,1/2,True,2.0,14.3975,False,,
007001.000281,N,1,N I,2s2.2p2.(3P).11s,4P,1.5,3/2,True,4.0,14.3975,False,,
007001.000282,N,1,N I,2s2.2p2.(3P).11s,4P,2.5,5/2,True,6.0,14.3975,False,,
007001.000283,N,1,N I,2s2.2p2.(3P).10d,2P,0.5,1/2,True,2.0,14.4014,False,,
007001.000284,N,1,N I,2s2.2p2.(3P).10d,2P,1.5,3/2,True,4.0,14.4014,False,,
007001.000285,N,1,N I,2s2.2p2.(3P).10d,2F,2.5,5/2,True,6.0,14.4019,False,,
007001.000286,N,1,N I,2s2.2p2.(3P).10d,2F,3.5,7/2,True,8.0,14.4019,False,,
007001.000287,N,1,N I,2s2.2p2.(3P).10d,4D,0.5,1/2,True,2.0,14.4025,False,,
007001.000288,N,1,N I,2s2.2p2.(3P).10d,4D,1.5,3/2,True,4.0,14.4025,False,,
007001.000289,N,1,N I,2s2.2p2.(3P).10d,4D,2.5,5/2,True,6.0,14.4025,False,,
007001.000290,N,1,N I,2s2.2p2.(3P).10d,4D,3.5,7/2,True,8.0,14.4025,False,,
007001.000291,N,1,N I,2s2.2p2.(3P).10d,2D,1.5,3/2,True,4.0,14.412,False,,
007001.000292,N,1,N I,2s2.2p2.(3P).10d,2D,2.5,5/2,True,6.0,14.412,False,,
007001.000293,N,1,N I,2s2.2p2.(3P).10d,4P,0.5,1/2,True,2.0,14.4143,False,,
007001.000294,N,1,N I,2s2.2p2.(3P).10d,4P,1.5,3/2,True,4.0,14.4143,False,,
007001.000295,N,1,N I,2s2.2p2.(3P).10d,4P,2.5,5/2,True,6.0,14.4143,False,,
007001.000296,N,1,N I,2s2.2p2.(1S).3s,2S,0.5,1/2,True,2.0,14.4167038,False,,
007001.000297,N,1,N I,2s2.2p2.(3P).12s,2P,0.5,1/2,True,2.0,14.42,False,,
007001.000298,N,1,N I,2s2.2p2.(3P).12s,2P,1.5,3/2,True,4.0,14.42,False,,
007001.000299,N,1,N I,2s2.2p2.(3P).12s,4P,0.5,1/2,True,2.0,14.4209,False,,
007001.000300,N,1,N I,2s2.2p2.(3P).12s,4P,1.5,3/2,True,4.0,14.4209,False,,
007001.000301,N,1,N I,2s2.2p2.(3P).12s,4P,2.5,5/2,True,6.0,14.4209,False,,
007001.000302,N,1,N I,2s2.2p2.(3P).11d,2P,0.5,1/2,True,2.0,14.4257,False,,
007001.000303,N,1,N I,2s2.2p2.(3P).11d,2P,1.5,3/2,True,4.0,14.4257,False,,
007001.000304,N,1,N I,2s2.2p2.(3P).11d,2F,2.5,5/2,True,6.0,14.4267,False,,
007001.000305,N,1,N I,2s2.2p2.(3P).11d,2F,3.5,7/2,True,8.0,14.4267,False,,
007001.000306,N,1,N I,2s2.2p2.(3P).11d,4D,0.5,1/2,True,2.0,14.4277,False,,
007001.000307,N,1,N I,2s2.2p2.(3P).11d,4D,1.5,3/2,True,4.0,14.4277,False,,
007001.000308,N,1,N I,2s2.2p2.(3P).11d,4D,2.5,5/2,True,6.0,14.4277,False,,
007001.000309,N,1,N I,2s2.2p2.(3P).11d,4D,3.5,7/2,True,8.0,14.4277,False,,
007001.000310,N,1,N I,2s2.2p2.(3P).11d,2D,1.5,3/2,True,4.0,14.4362,False,,
007001.000311,N,1,N I,2s2.2p2.(3P).11d,2D,2.5,5/2,True,6.0,14.4362,False,,
007001.000312,N,1,N I,2s2.2p2.(3P).11d,4P,0.5,1/2,True,2.0,14.4368,False,,
007001.000313,N,1,N I,2s2.2p2.(3P).11d,4P,1.5,3/2,True,4.0,14.4368,False,,
007001.000314,N,1,N I,2s2.2p2.(3P).11d,4P,2.5,5/2,True,6.0,14.4368,False,,
007001.000315,N,1,N I,2s2.2p2.(3P).13s,2P,0.5,1/2,True,2.0,14.4401,False,,
007001.000316,N,1,N I,2s2.2p2.(3P).13s,2P,1.5,3/2,True,4.0,14.4401,False,,
007001.000317,N,1,N I,2s2.2p2.(3P).12d,2P,0.5,1/2,True,2.0,14.4444,False,,
007001.000318,N,1,N I,2s2.2p2.(3P).12d,2P,1.5,3/2,True,4.0,14.4444,False,,
007001.000319,N,1,N I,2s2.2p2.(3P).12d,4P,0.5,1/2,True,2.0,14.4542,False,,
007001.000320,N,1,N I,2s2.2p2.(3P).12d,4P,1.5,3/2,True,4.0,14.4542,False,,
007001.000321,N,1,N I,2s2.2p2.(3P).12d,4P,2.5,5/2,True,6.0,14.4542,False,,
007001.000322,N,1,N I,2s2.2p2.(3P).12d,2D,1.5,3/2,True,4.0,14.4597,False,,
007001.000323,N,1,N I,2s2.2p2.(3P).12d,2D,2.5,5/2,True,6.0,14.4597,False,,
007001.Lim001,N,1,N I,N II (2p2 3P<0>),Limit,,---,False,,14.53413,False,4e-05,L1411
007001.Lim002,N,1,N I,N II (2p2 3P<1>),Limit,,---,False,,14.54017,False,,
007001.Lim003,N,1,N I,N II (2p2 3P<2>),Limit,,---,False,,14.550347,False,,
007001.000327,N,1,N I,2s2.2p2.(1D).4s,2D,1.5,3/2,True,4.0,14.78016,False,,
007001.000328,N,1,N I,2s2.2p2.(1D).4s,2D,2.5,5/2,True,6.0,14.78016,False,,
007001.000012,N,1,N I,2s2.2p2.(1D).3d,2F,2.5,5/2,True,6.0,,False,,
007001.000329,N,1,N I,2s2.2p2.(1D).3d,2F,3.5,7/2,True,8.0,14.85491,False,,
007001.000330,N,1,N I,2s2.2p2.(1D).3d,2G,4.5,9/2,True,10.0,14.896607,False,,
007001.000331,N,1,N I,2s2.2p2.(1D).3d,2G,3.5,7/2,True,8.0,14.8966178,False,,
007001.000332,N,1,N I,2s2.2p2.(1D).3d,2D,2.5,5/2,True,6.0,14.89671,False,,
007001.000333,N,1,N I,2s2.2p2.(1D).3d,2D,1.5,3/2,True,4.0,14.89742,False,,
007001.000334,N,1,N I,2s2.2p2.(1D).3d,2P,1.5,3/2,True,4.0,14.91649,False,,
007001.000335,N,1,N I,2s2.2p2.(1D).3d,2P,0.5,1/2,True,2.0,14.91669,False,,
007001.000336,N,1,N I,2s2.2p2.(1D).3d,2S,0.5,1/2,True,2.0,14.94828,False,,
007001.000013,N,1,N I,2s.2p4,2D,1.5,3/2,True,4.0,,False,,
007001.000337,N,1,N I,2s.2p4,2D,2.5,5/2,True,6.0,15.02695,False,,
007001.000338,N,1,N I,2s2.2p2.(1D).4p,2F*,2.5,5/2,True,6.0,15.15662,False,,
007001.000339,N,1,N I,2s2.2p2.(1D).4p,2F*,3.5,7/2,True,8.0,15.15662,False,,
007001.000340,N,1,N I,2s2.2p2.(1D).4f H,2[5]*,4.5,9/2,True,10.0,15.583335,False,,
007001.000341,N,1,N I,2s2.2p2.(1D).4f H,2[5]*,5.5,11/2,True,12.0,15.583335,False,,
007001.000342,N,1,N I,2s.2p3.(5S*).3s,6S*,2.5,5/2,True,6.0,16.24193,True,,
007001.000343,N,1,N I,2s.2p3.(5S*).3p,6P,1.5,3/2,True,4.0,17.615768,False,,
007001.000344,N,1,N I,2s.2p3.(5S*).3p,6P,2.5,5/2,True,6.0,17.615912,False,,
007001.000345,N,1,N I,2s.2p3.(5S*).3p,6P,3.5,7/2,True,8.0,17.616187,False,,
007001.000346,N,1,N I,2s.2p3.(5S*).3p,4P,0.5,1/2,True,2.0,17.898,False,,
007001.000347,N,1,N I,2s.2p3.(5S*).3p,4P,1.5,3/2,True,4.0,17.898,False,,
007001.000348,N,1,N I,2s.2p3.(5S*).3p,4P,2.5,5/2,True,6.0,17.898,False,,
007001.000349,N,1,N I,2s.2p3.(5S*).4p,4P,0.5,1/2,True,2.0,19.148,False,,
007001.000350,N,1,N I,2s.2p3.(5S*).4p,4P,1.5,3/2,True,4.0,19.148,False,,
007001.000351,N,1,N I,2s.2p3.(5S*).4p,4P,2.5,5/2,True,6.0,19.148,False,,
007001.000352,N,1,N I,2s.2p3.(5S*).5p,4P,0.5,1/2,True,2.0,19.6294,False,,
007001.000353,N,1,N I,2s.2p3.(5S*).5p,4P,1.5,3/2,True,4.0,19.6294,False,,
007001.000354,N,1,N I,2s.2p3.(5S*).5p,4P,2.5,5/2,True,6.0,19.6294,False,,
007001.000355,N,1,N I,2s.2p3.(5S*).6p,4P,0.5,1/2,True,2.0,19.8674,False,,
007001.000356,N,1,N I,2s.2p3.(5S*).6p,4P,1.5,3/2,True,4.0,19.8674,False,,
007001.000357,N,1,N I,2s.2p3.(5S*).6p,4P,2.5,5/2,True,6.0,19.8674,False,,
007001.000358,N,1,N I,2s.2p3.(5S*).7p,4P,0.5,1/2,True,2.0,20.002,False,,
007001.000359,N,1,N I,2s.2p3.(5S*).7p,4P,1.5,3/2,True,4.0,20.002,False,,
007001.000360,N,1,N I,2s.2p3.(5S*).7p,4P,2.5,5/2,True,6.0,20.002,False,,
007001.000361,N,1,N I,2s.2p3.(5S*).8p,4P,0.5,1/2,True,2.0,20.0861,False,,
007001.000362,N,1,N I,2s.2p3.(5S*).8p,4P,1.5,3/2,True,4.0,20.0861,False,,
007001.000363,N,1,N I,2s.2p3.(5S*).8p,4P,2.5,5/2,True,6.0,20.0861,False,,
007001.000364,N,1,N I,2s.2p3.(5S*).9p,4P,0.5,1/2,True,2.0,20.1395,True,,
007001.000365,N,1,N I,2s.2p3.(5S*).9p,4P,1.5,3/2,True,4.0,20.1395,True,,
007001.000366,N,1,N I,2s.2p3.(5S*).9p,4P,2.5,5/2,True,6.0,20.1395,True,,
007001.000367,N,1,N I,2s.2p3.(5S*).10p,4P,0.5,1/2,True,2.0,20.181,False,,
007001.000368,N,1,N I,2s.2p3.(5S*).10p,4P,1.5,3/2,True,4.0,20.181,False,,
007001.000369,N,1,N I,2s.2p3.(5S*).10p,4P,2.5,5/2,True,6.0,20.181,False,,
007001.000370,N,1,N I,2s.2p3.(5S*).11p,4P,0.5,1/2,True,2.0,20.2093,False,,
007001.000371,N,1,N I,2s.2p3.(5S*).11p,4P,1.5,3/2,True,4.0,20.2093,False,,
007001.000372,N,1,N I,2s.2p3.(5S*).11p,4P,2.5,5/2,True,6.0,20.2093,False,,
007001.000373,N,1,N I,2s.2p3.(5S*).12p,4P,0.5,1/2,True,2.0,20.2296,False,,
007001.000374,N,1,N I,2s.2p3.(5S*).12p,4P,1.5,3/2,True,4.0,20.2296,False,,
007001.000375,N,1,N I,2s.2p3.(5S*).12p,4P,2.5,5/2,True,6.0,20.2296,False,,
007001.000376,N,1,N I,2s.2p3.(5S*).13p,4P,0.5,1/2,True,2.0,20.2464,False,,
007001.000377,N,1,N I,2s.2p3.(5S*).13p,4P,1.5,3/2,True,4.0,20.2464,False,,
007001.000378,N,1,N I,2s.2p3.(5S*).13p,4P,2.5,5/2,True,6.0,20.2464,False,,
007001.000379,N,1,N I,2s.2p3.(5S*).14p,4P,0.5,1/2,True,2.0,20.2589,False,,
007001.000380,N,1,N I,2s.2p3.(5S*).14p,4P,1.5,3/2,True,4.0,20.2589,False,,
007001.000381,N,1,N I,2s.2p3.(5S*).14p,4P,2.5,5/2,True,6.0,20.2589,False,,
007002.000001,N,2,N II,2s2.2p2,3P,0.0,0,True,1.0,0.0,False,0.0,L7288
007002.000016,N,2,N II,2s2.2p2,3P,1.0,1,True,3.0,0.00604,False,,
007002.000017,N,2,N II,2s2.2p2,3P,2.0,2,True,5.0,0.01622,False,,
007002.000018,N,2,N II,2s2.2p2,1D,2.0,2,True,5.0,1.89897,False,,
007002.000019,N,2,N II,2s2.2p2,1S,0.0,0,True,1.0,4.05289,False,,
007002.000020,N,2,N II,2s.2p3,5S*,2.0,2,True,5.0,5.80055,False,,
007002.000021,N,2,N II,2s.2p3,3D*,3.0,3,True,7.0,11.43596,False,,
007002.000022,N,2,N II,2s.2p3,3D*,2.0,2,True,5.0,11.43758,False,,
007002.000023,N,2,N II,2s.2p3,3D*,1.0,1,True,3.0,11.43777,False,,
007002.000024,N,2,N II,2s.2p3,3P*,1.0,1,True,3.0,13.54113,False,,
007002.000025,N,2,N II,2s.2p3,3P*,2.0,2,True,5.0,13.54126,False,,
007002.000026,N,2,N II,2s.2p3,3P*,0.0,0,True,1.0,13.54199,False,,
007002.000027,N,2,N II,2s.2p3,1D*,2.0,2,True,5.0,17.877026,False,,
007002.000028,N,2,N II,2s2.2p.3s,3P*,0.0,0,True,1.0,18.462312,False,,
007002.000029,N,2,N II,2s2.2p.3s,3P*,1.0,1,True,3.0,18.466228,False,,
007002.000030,N,2,N II,2s2.2p.3s,3P*,2.0,2,True,5.0,18.483133,False,,
007002.000031,N,2,N II,2s2.2p.3s,1P*,1.0,1,True,3.0,18.49693,False,,
007002.000032,N,2,N II,2s.2p3,3S*,1.0,1,True,3.0,19.233263,False,,
007002.000033,N,2,N II,2s2.2p.3p,1P,1.0,1,True,3.0,20.409133,False,,
007002.000034,N,2,N II,2s2.2p.3p,3D,1.0,1,True,3.0,20.646058,False,,
007002.000035,N,2,N II,2s2.2p.3p,3D,2.0,2,True,5.0,20.653592,False,,
007002.000036,N,2,N II,2s2.2p.3p,3D,3.0,3,True,7.0,20.665518,False,,
007002.000037,N,2,N II,2s.2p3,1P*,1.0,1,True,3.0,20.676307,False,,
007002.000038,N,2,N II,2s2.2p.3p,3S,1.0,1,True,3.0,20.939965,False,,
007002.000039,N,2,N II,2s2.2p.3p,3P,0.0,0,True,1.0,21.148308,False,,
007002.000040,N,2,N II,2s2.2p.3p,3P,1.0,1,True,3.0,21.152682,False,,
007002.000041,N,2,N II,2s2.2p.3p,3P,2.0,2,True,5.0,21.159916,False,,
007002.000042,N,2,N II,2s2.2p.3p,1D,2.0,2,True,5.0,21.599539,False,,
007002.000043,N,2,N II,2s2.2p.3p,1S,0.0,0,True,1.0,22.103082,False,,
007002.000044,N,2,N II,2s2.2p.3d,3F*,2.0,2,True,5.0,23.124489,False,,
007002.000045,N,2,N II,2s2.2p.3d,3F*,3.0,3,True,7.0,23.131853,False,,
007002.000046,N,2,N II,2s2.2p.3d,3F*,4.0,4,True,9.0,23.141959,False,,
007002.000047,N,2,N II,2s2.2p.3d,1D*,2.0,2,True,5.0,23.196374,False,,
007002.000048,N,2,N II,2s2.2p.3d,3D*,1.0,1,True,3.0,23.239296,False,,
007002.000049,N,2,N II,2s2.2p.3d,3D*,2.0,2,True,5.0,23.242271,False,,
007002.000050,N,2,N II,2s2.2p.3d,3D*,3.0,3,True,7.0,23.246033,False,,
007002.000051,N,2,N II,2s2.2p.3d,3P*,2.0,2,True,5.0,23.41533,False,,
007002.000052,N,2,N II,2s2.2p.3d,3P*,1.0,1,True,3.0,23.421752,False,,
007002.000053,N,2,N II,2s2.2p.3d,3P*,0.0,0,True,1.0,23.425232,False,,
007002.000054,N,2,N II,2s2.2p.3d,1F*,3.0,3,True,7.0,23.474568,False,,
007002.000055,N,2,N II,2s2.2p.3d,1P*,1.0,1,True,3.0,23.571906,False,,
007002.000056,N,2,N II,2s2.2p.4s,3P*,0.0,0,True,1.0,24.367883,False,,
007002.000057,N,2,N II,2s2.2p.4s,3P*,1.0,1,True,3.0,24.37431,False,,
007002.000058,N,2,N II,2s2.2p.4s,3P*,2.0,2,True,5.0,24.389123,False,,
007002.000059,N,2,N II,2s2.2p.4s,1P*,1.0,1,True,3.0,24.531351,False,,
007002.000060,N,2,N II,2s2.2p.4p,1P,1.0,1,True,3.0,25.065964,False,,
007002.000061,N,2,N II,2s2.2p.4p,3D,1.0,1,True,3.0,25.133348,False,,
007002.000062,N,2,N II,2s2.2p.4p,3D,2.0,2,True,5.0,25.139688,False,,
007002.000063,N,2,N II,2s2.2p.4p,3D,3.0,3,True,7.0,25.151603,False,,
007002.000064,N,2,N II,2s2.2p.4p,3P,0.0,0,True,1.0,25.188937,False,,
007002.000065,N,2,N II,2s2.2p.4p,3P,1.0,1,True,3.0,25.192229,False,,
007002.000066,N,2,N II,2s2.2p.4p,3P,2.0,2,True,5.0,25.200902,False,,
007002.000067,N,2,N II,2s2.2p.4p,3S,1.0,1,True,3.0,25.235454,False,,
007002.000068,N,2,N II,2s2.2p.4p,1D,2.0,2,True,5.0,25.460177,False,,
007002.000069,N,2,N II,2s.2p2.(4P).3s,5P,1.0,1,True,3.0,25.4909,False,,
007002.000070,N,2,N II,2s.2p2.(4P).3s,5P,2.0,2,True,5.0,25.497874,False,,
007002.000071,N,2,N II,2s.2p2.(4P).3s,5P,3.0,3,True,7.0,25.506626,False,,
007002.000072,N,2,N II,2s2.2p.4p,1S,0.0,0,True,1.0,25.6536,False,,
007002.000073,N,2,N II,2s2.2p.4d,3F*,2.0,2,True,5.0,25.996219,False,,
007002.000074,N,2,N II,2s2.2p.4d,3F*,3.0,3,True,7.0,26.004194,False,,
007002.000075,N,2,N II,2s2.2p.4d,3F*,4.0,4,True,9.0,26.014849,False,,
007002.000076,N,2,N II,2s2.2p.4d,1D*,2.0,2,True,5.0,26.027477,False,,
007002.000077,N,2,N II,2s2.2p.4d,3D*,1.0,1,True,3.0,26.066417,False,,
007002.000078,N,2,N II,2s2.2p.4d,3D*,2.0,2,True,5.0,26.069666,False,,
007002.000079,N,2,N II,2s2.2p.4d,3D*,3.0,3,True,7.0,26.074085,False,,
007002.000080,N,2,N II,2s2.2p.4d,3P*,2.0,2,True,5.0,26.124123,False,,
007002.000081,N,2,N II,2s2.2p.4d,3P*,1.0,1,True,3.0,26.129847,False,,
007002.000082,N,2,N II,2s2.2p.4d,3P*,0.0,0,True,1.0,26.132949,False,,
007002.000083,N,2,N II,2s2.2p.(2P*<1/2>).4f,2[5/2],3.0,3,True,7.0,26.164394,False,,
007002.000084,N,2,N II,2s2.2p.(2P*<1/2>).4f,2[5/2],2.0,2,True,5.0,26.164749,False,,
007002.000085,N,2,N II,2s2.2p.(2P*<1/2>).4f,2[7/2],3.0,3,True,7.0,26.167641,False,,
007002.000086,N,2,N II,2s2.2p.(2P*<1/2>).4f,2[7/2],4.0,4,True,9.0,26.168135,False,,
007002.000087,N,2,N II,2s2.2p.4d,1F*,3.0,3,True,7.0,26.173514,False,,
007002.000088,N,2,N II,2s2.2p.(2P*<3/2>).4f,2[7/2],3.0,3,True,7.0,26.196278,False,,
007002.000089,N,2,N II,2s2.2p.(2P*<3/2>).4f,2[7/2],4.0,4,True,9.0,26.197223,False,,
007002.000090,N,2,N II,2s2.2p.4d,1P*,1.0,1,True,3.0,26.202344,False,,
007002.000091,N,2,N II,2s2.2p.(2P*<3/2>).4f,2[9/2],5.0,5,True,11.0,26.209014,False,,
007002.000092,N,2,N II,2s2.2p.(2P*<3/2>).4f,2[9/2],4.0,4,True,9.0,26.210511,False,,
007002.000093,N,2,N II,2s2.2p.(2P*<3/2>).4f,2[5/2],3.0,3,True,7.0,26.211558,False,,
007002.000094,N,2,N II,2s2.2p.(2P*<3/2>).4f,2[5/2],2.0,2,True,5.0,26.212139,False,,
007002.000095,N,2,N II,2s2.2p.(2P*<3/2>).4f,2[3/2],1.0,1,True,3.0,26.220994,False,,
007002.000096,N,2,N II,2s2.2p.(2P*<3/2>).4f,2[3/2],2.0,2,True,5.0,26.221455,False,,
007002.000097,N,2,N II,2s.2p2.(4P).3s,3P,0.0,0,True,1.0,26.253573,False,,
007002.000098,N,2,N II,2s.2p2.(4P).3s,3P,1.0,1,True,3.0,26.257305,False,,
007002.000099,N,2,N II,2s.2p2.(4P).3s,3P,2.0,2,True,5.0,26.263284,False,,
007002.000100,N,2,N II,2s2.2p.5s,3P*,0.0,0,True,1.0,26.558898,False,,
007002.000101,N,2,N II,2s2.2p.5s,3P*,1.0,1,True,3.0,26.564568,False,,
007002.000102,N,2,N II,2s2.2p.5s,3P*,2.0,2,True,5.0,26.580245,False,,
007002.000103,N,2,N II,2s2.2p.5s,1P*,1.0,1,True,3.0,26.635424,False,,
007002.000104,N,2,N II,2p4,3P,2.0,2,True,5.0,27.312,False,,
007002.000105,N,2,N II,2p4,3P,1.0,1,True,3.0,27.31,False,,
007002.000106,N,2,N II,2p4,3P,0.0,0,True,1.0,27.315,False,,
007002.000107,N,2,N II,2s2.2p.5d,1D*,2.0,2,True,5.0,27.33794,False,,
007002.000002,N,2,N II,2s2.2p.5d,3D*,1.0,1,True,3.0,,False,,
007002.000108,N,2,N II,2s2.2p.5d,3D*,2.0,2,True,5.0,27.3601,False,,
007002.000109,N,2,N II,2s2.2p.5d,3D*,3.0,3,True,7.0,27.3653,False,,
007002.000110,N,2,N II,2s2.2p.(2P*<1/2>).5f,2[5/2],3.0,3,True,7.0,27.407265,False,,
007002.000111,N,2,N II,2s2.2p.(2P*<1/2>).5f,2[5/2],2.0,2,True,5.0,27.407576,False,,
007002.000112,N,2,N II,2s2.2p.(2P*<1/2>).5f,2[7/2],3.0,3,True,7.0,27.40909,False,,
007002.000113,N,2,N II,2s2.2p.(2P*<1/2>).5f,2[7/2],4.0,4,True,9.0,27.409602,False,,
007002.000114,N,2,N II,2s2.2p.5d,1F*,3.0,3,True,7.0,27.418065,False,,
007002.000115,N,2,N II,2s2.2p.(2P*<1/2>).5g,2[7/2]*,3.0,3,True,7.0,27.420805,False,,
007002.000116,N,2,N II,2s2.2p.(2P*<1/2>).5g,2[7/2]*,4.0,4,True,9.0,27.420805,False,,
007002.000117,N,2,N II,2s2.2p.(2P*<1/2>).5g,2[9/2]*,4.0,4,True,9.0,27.42126,False,,
007002.000118,N,2,N II,2s2.2p.(2P*<1/2>).5g,2[9/2]*,5.0,5,True,11.0,27.421284,False,,
007002.000119,N,2,N II,2s2.2p.(2P*<3/2>).5f,2[7/2],3.0,3,True,7.0,27.428609,False,,
007002.000120,N,2,N II,2s2.2p.(2P*<3/2>).5f,2[7/2],4.0,4,True,9.0,27.429262,False,,
007002.000121,N,2,N II,2s2.2p.5d,1P*,1.0,1,True,3.0,27.431029,False,,
007002.000122,N,2,N II,2s2.2p.(2P*<3/2>).5f,2[5/2],3.0,3,True,7.0,27.43675,False,,
007002.000123,N,2,N II,2s2.2p.(2P*<3/2>).5f,2[5/2],2.0,2,True,5.0,27.437237,False,,
007002.000124,N,2,N II,2s2.2p.(2P*<3/2>).5f,2[9/2],5.0,5,True,11.0,27.437839,False,,
007002.000125,N,2,N II,2s2.2p.(2P*<3/2>).5f,2[9/2],4.0,4,True,9.0,27.439081,False,,
007002.000126,N,2,N II,2s2.2p.(2P*<3/2>).5g,2[9/2]*,4.0,4,True,9.0,27.440525,False,,
007002.000127,N,2,N II,2s2.2p.(2P*<3/2>).5g,2[9/2]*,5.0,5,True,11.0,27.440537,False,,
007002.000128,N,2,N II,2s2.2p.(2P*<3/2>).5g,2[7/2]*,3.0,3,True,7.0,27.443011,False,,
007002.000129,N,2,N II,2s2.2p.(2P*<3/2>).5g,2[7/2]*,4.0,4,True,9.0,27.443034,False,,
007002.000130,N,2,N II,2s2.2p.(2P*<3/2>).5f,2[3/2],1.0,1,True,3.0,27.444104,False,,
007002.000131,N,2,N II,2s2.2p.(2P*<3/2>).5f,2[3/2],2.0,2,True,5.0,27.444457,False,,
007002.000132,N,2,N II,2s2.2p.(2P*<3/2>).5g,2[11/2]*,5.0,5,True,11.0,27.445636,False,,
007002.000133,N,2,N II,2s2.2p.(2P*<3/2>).5g,2[11/2]*,6.0,6,True,13.0,27.445638,False,,
007002.000134,N,2,N II,2s2.2p.(2P*<3/2>).5g,2[5/2]*,2.0,2,True,5.0,27.44766,True,,
007002.000135,N,2,N II,2s2.2p.(2P*<3/2>).5g,2[5/2]*,3.0,3,True,7.0,27.44766,True,,
007002.000003,N,2,N II,2s2.2p.6s,3P*,0.0,0,True,1.0,,False,,
007002.000136,N,2,N II,2s2.2p.6s,3P*,1.0,1,True,3.0,27.616756,False,,
007002.000137,N,2,N II,2s2.2p.6s,3P*,2.0,2,True,5.0,27.633399,False,,
007002.000138,N,2,N II,2s.2p2.(4P).3p,3S*,1.0,1,True,3.0,27.657034,False,,
007002.000139,N,2,N II,2s2.2p.6s,1P*,1.0,1,True,3.0,27.6611,False,,
007002.000140,N,2,N II,2s.2p2.(4P).3p,5D*,0.0,0,True,1.0,27.728235,False,,
007002.000141,N,2,N II,2s.2p2.(4P).3p,5D*,1.0,1,True,3.0,27.730126,False,,
007002.000142,N,2,N II,2s.2p2.(4P).3p,5D*,2.0,2,True,5.0,27.733833,False,,
007002.000143,N,2,N II,2s.2p2.(4P).3p,5D*,3.0,3,True,7.0,27.739182,False,,
007002.000144,N,2,N II,2s.2p2.(4P).3p,5D*,4.0,4,True,9.0,27.745867,False,,
007002.000145,N,2,N II,2s.2p2.(4P).3p,5P*,1.0,1,True,3.0,27.971269,False,,
007002.000146,N,2,N II,2s.2p2.(4P).3p,5P*,2.0,2,True,5.0,27.974241,False,,
007002.000147,N,2,N II,2s.2p2.(4P).3p,5P*,3.0,3,True,7.0,27.979665,False,,
007002.000148,N,2,N II,2s2.2p.(2P*<1/2>).6f,2[5/2],3.0,3,True,7.0,28.080274,False,,
007002.000149,N,2,N II,2s2.2p.(2P*<1/2>).6f,2[5/2],2.0,2,True,5.0,28.080517,False,,
007002.000150,N,2,N II,2s2.2p.(2P*<1/2>).6f,2[7/2],3.0,3,True,7.0,28.081031,False,,
007002.000151,N,2,N II,2s2.2p.(2P*<1/2>).6f,2[7/2],4.0,4,True,9.0,28.08144,False,,
007002.000152,N,2,N II,2s2.2p.(2P*<3/2>).6f,2[7/2],3.0,3,True,7.0,28.099806,False,,
007002.000153,N,2,N II,2s2.2p.(2P*<3/2>).6f,2[7/2],4.0,4,True,9.0,28.100182,False,,
007002.000154,N,2,N II,2s2.2p.(2P*<3/2>).6f,2[5/2],3.0,3,True,7.0,28.104241,False,,
007002.000155,N,2,N II,2s2.2p.(2P*<3/2>).6f,2[5/2],2.0,2,True,5.0,28.10454,False,,
007002.000156,N,2,N II,2s2.2p.(2P*<3/2>).6f,2[9/2],5.0,5,True,11.0,28.10584,False,,
007002.000157,N,2,N II,2s2.2p.(2P*<3/2>).6f,2[9/2],4.0,4,True,9.0,28.10675,False,,
007002.000158,N,2,N II,2s2.2p.(2P*<3/2>).6f,2[3/2],1.0,1,True,3.0,28.10952,False,,
007002.000159,N,2,N II,2s2.2p.(2P*<3/2>).6f,2[3/2],2.0,2,True,5.0,28.1098,False,,
007002.000160,N,2,N II,2s.2p2.(4P).3p,3D*,1.0,1,True,3.0,28.354479,False,,
007002.000161,N,2,N II,2s.2p2.(4P).3p,3D*,2.0,2,True,5.0,28.35913,False,,
007002.000162,N,2,N II,2s.2p2.(4P).3p,3D*,3.0,3,True,7.0,28.366572,False,,
007002.000163,N,2,N II,2s2.2p.(2P*<1/2>).7f,2[7/2],3.0,3,True,7.0,28.48523,False,,
007002.000164,N,2,N II,2s2.2p.(2P*<1/2>).7f,2[7/2],4.0,4,True,9.0,28.48533,False,,
007002.000165,N,2,N II,2s.2p2.(4P).3p,5S*,2.0,2,True,5.0,28.496399,False,,
007002.000166,N,2,N II,2s2.2p.(2P*<3/2>).7f,2[7/2],4.0,4,True,9.0,28.5049,False,,
007002.000167,N,2,N II,2s2.2p.(2P*<3/2>).7f,2[9/2],5.0,5,True,11.0,28.50869,False,,
007002.000168,N,2,N II,2s2.2p.(2P*<3/2>).7f,2[9/2],4.0,4,True,9.0,28.50931,False,,
007002.000005,N,2,N II,2s.2p2.(4P).3p,3P*,1.0,1,True,3.0,,False,,
007002.000004,N,2,N II,2s.2p2.(4P).3p,3P*,0.0,0,True,1.0,,False,,
007002.000169,N,2,N II,2s.2p2.(4P).3p,3P*,2.0,2,True,5.0,28.619488,False,,
007002.Lim001,N,2,N II,N III (2p 2P*<1/2>),Limit,,---,False,,29.60125,True,9e-05,L11770
007002.Lim002,N,2,N II,N III (2p 2P*<3/2>),Limit,,---,False,,29.622907,False,,
007002.000172,N,2,N II,2s.2p2.(4P).3d,5F,1.0,1,True,3.0,30.124337,False,,
007002.000173,N,2,N II,2s.2p2.(4P).3d,5F,2.0,2,True,5.0,30.126519,False,,
007002.000174,N,2,N II,2s.2p2.(4P).3d,5F,3.0,3,True,7.0,30.129743,False,,
007002.000175,N,2,N II,2s.2p2.(4P).3d,5F,4.0,4,True,9.0,30.133933,False,,
007002.000176,N,2,N II,2s.2p2.(4P).3d,5F,5.0,5,True,11.0,30.138939,False,,
007002.000177,N,2,N II,2s.2p2.(4P).3d,5P,3.0,3,True,7.0,30.295949,False,,
007002.000178,N,2,N II,2s.2p2.(4P).3d,5P,2.0,2,True,5.0,30.300731,False,,
007002.000179,N,2,N II,2s.2p2.(4P).3d,5P,1.0,1,True,3.0,30.304034,False,,
007002.000180,N,2,N II,2s.2p2.(4P).3d,5D,0.0,0,True,1.0,30.368161,False,,
007002.000181,N,2,N II,2s.2p2.(4P).3d,5D,1.0,1,True,3.0,30.368676,False,,
007002.000182,N,2,N II,2s.2p2.(4P).3d,5D,2.0,2,True,5.0,30.369653,False,,
007002.000183,N,2,N II,2s.2p2.(4P).3d,5D,3.0,3,True,7.0,30.371039,False,,
007002.000184,N,2,N II,2s.2p2.(4P).3d,5D,4.0,4,True,9.0,30.372819,False,,
007002.000006,N,2,N II,2s.2p2.(4P).4f,5G*,2.0,2,True,5.0,,False,,
007002.000007,N,2,N II,2s.2p2.(4P).4f,5G*,3.0,3,True,7.0,,False,,
007002.000185,N,2,N II,2s.2p2.(4P).4f,5G*,4.0,4,True,9.0,33.274675,False,,
007002.000187,N,2,N II,2s.2p2.(4P).4f,5G*,5.0,5,True,11.0,33.279324,False,,
007002.000188,N,2,N II,2s.2p2.(4P).4f,5G*,6.0,6,True,13.0,33.285202,False,,
007002.000008,N,2,N II,2s.2p2.(4P).4f,5D*,0.0,0,True,1.0,,False,,
007002.000009,N,2,N II,2s.2p2.(4P).4f,5D*,1.0,1,True,3.0,,False,,
007002.000010,N,2,N II,2s.2p2.(4P).4f,5D*,2.0,2,True,5.0,,False,,
007002.000011,N,2,N II,2s.2p2.(4P).4f,5D*,3.0,3,True,7.0,,False,,
007002.000186,N,2,N II,2s.2p2.(4P).4f,5D*,4.0,4,True,9.0,33.279252,False,,
007002.000012,N,2,N II,2s.2p2.(4P).4f,5F*,1.0,1,True,3.0,,False,,
007002.000013,N,2,N II,2s.2p2.(4P).4f,5F*,2.0,2,True,5.0,,False,,
007002.000189,N,2,N II,2s.2p2.(4P).4f,5F*,3.0,3,True,7.0,33.31654,False,,
007002.000190,N,2,N II,2s.2p2.(4P).4f,5F*,4.0,4,True,9.0,33.317643,False,,
007002.000191,N,2,N II,2s.2p2.(4P).4f,5F*,5.0,5,True,11.0,33.318735,False,,
007002.000014,N,2,N II,2s.2p2.(4P).5f,5G*,2.0,2,True,5.0,,False,,
007002.000015,N,2,N II,2s.2p2.(4P).5f,5G*,3.0,3,True,7.0,,False,,
007002.000192,N,2,N II,2s.2p2.(4P).5f,5G*,4.0,4,True,9.0,34.50896,False,,
007002.000193,N,2,N II,2s.2p2.(4P).5f,5G*,5.0,5,True,11.0,34.51315,False,,
007002.000194,N,2,N II,2s.2p2.(4P).5f,5G*,6.0,6,True,13.0,34.519713,False,,
007002.Lim003,N,2,N II,N III (2s.2p2 4P*<1/2>),Limit,,---,False,,36.69159,False,,
007002.Lim004,N,2,N II,N III (2s.2p2 4P*<3/2>),Limit,,---,False,,36.69899,False,,
007002.Lim005,N,2,N II,N III (2s.2p2 4P*<5/2>),Limit,,---,False,,36.70904,False,,
008001.000001,O,1,O I,2s2.2p4,3P,2.0,2,True,5.0,0.0,False,0.0,L7288
008001.000035,O,1,O I,2s2.2p4,3P,1.0,1,True,3.0,0.0196224,False,,
008001.000036,O,1,O I,2s2.2p4,3P,0.0,0,True,1.0,0.0281416,False,,
008001.000037,O,1,O I,2s2.2p4,1D,2.0,2,True,5.0,1.9673642,False,,
008001.000038,O,1,O I,2s2.2p4,1S,0.0,0,True,1.0,4.1897463,False,,
008001.000039,O,1,O I,2s2.2p3.(4S*).3s,5S*,2.0,2,True,5.0,9.1460911,False,,
008001.000040,O,1,O I,2s2.2p3.(4S*).3s,3S*,1.0,1,True,3.0,9.5213638,False,,
008001.000041,O,1,O I,2s2.2p3.(4S*).3p,5P,1.0,1,True,3.0,10.740225,False,,
008001.000042,O,1,O I,2s2.2p3.(4S*).3p,5P,2.0,2,True,5.0,10.7404756,False,,
008001.000043,O,1,O I,2s2.2p3.(4S*).3p,5P,3.0,3,True,7.0,10.7409314,False,,
008001.000044,O,1,O I,2s2.2p3.(4S*).3p,3P,1.0,1,True,3.0,10.9887923,False,,
008001.000045,O,1,O I,2s2.2p3.(4S*).3p,3P,2.0,2,True,5.0,10.9888616,False,,
008001.000046,O,1,O I,2s2.2p3.(4S*).3p,3P,0.0,0,True,1.0,10.9888811,False,,
008001.000047,O,1,O I,2s2.2p3.(4S*).4s,5S*,2.0,2,True,5.0,11.8376056,False,,
008001.000048,O,1,O I,2s2.2p3.(4S*).4s,3S*,1.0,1,True,3.0,11.9303856,False,,
008001.000049,O,1,O I,2s2.2p3.(4S*).3d,5D*,4.0,4,True,9.0,12.0786187,False,,
008001.000050,O,1,O I,2s2.2p3.(4S*).3d,5D*,3.0,3,True,7.0,12.0786294,False,,
008001.000051,O,1,O I,2s2.2p3.(4S*).3d,5D*,2.0,2,True,5.0,12.0786446,False,,
008001.000052,O,1,O I,2s2.2p3.(4S*).3d,5D*,1.0,1,True,3.0,12.0786574,False,,
008001.000053,O,1,O I,2s2.2p3.(4S*).3d,5D*,0.0,0,True,1.0,12.0786635,False,,
008001.000054,O,1,O I,2s2.2p3.(4S*).3d,3D*,1.0,1,True,3.0,12.0870184,False,,
008001.000055,O,1,O I,2s2.2p3.(4S*).3d,3D*,2.0,2,True,5.0,12.0870271,False,,
008001.000056,O,1,O I,2s2.2p3.(4S*).3d,3D*,3.0,3,True,7.0,12.0870382,False,,
008001.000057,O,1,O I,2s2.2p3.(4S*).4p,5P,1.0,1,True,3.0,12.2859622,False,,
008001.000058,O,1,O I,2s2.2p3.(4S*).4p,5P,2.0,2,True,5.0,12.2860456,False,,
008001.000059,O,1,O I,2s2.2p3.(4S*).4p,5P,3.0,3,True,7.0,12.2861939,False,,
008001.000060,O,1,O I,2s2.2p3.(4S*).4p,3P,1.0,1,True,3.0,12.3588649,False,,
008001.000061,O,1,O I,2s2.2p3.(4S*).4p,3P,2.0,2,True,5.0,12.358875,False,,
008001.000062,O,1,O I,2s2.2p3.(4S*).4p,3P,0.0,0,True,1.0,12.3589072,False,,
008001.000063,O,1,O I,2s2.2p3.(2D*).3s,3D*,3.0,3,True,7.0,12.5391924,False,,
008001.000064,O,1,O I,2s2.2p3.(2D*).3s,3D*,2.0,2,True,5.0,12.5406949,False,,
008001.000065,O,1,O I,2s2.2p3.(2D*).3s,3D*,1.0,1,True,3.0,12.5416739,False,,
008001.000066,O,1,O I,2s2.2p3.(4S*).5s,5S*,2.0,2,True,5.0,12.6608569,False,,
008001.000067,O,1,O I,2s2.2p3.(4S*).5s,3S*,1.0,1,True,3.0,12.6974691,False,,
008001.000068,O,1,O I,2s2.2p3.(2D*).3s,1D*,2.0,2,True,5.0,12.728469,False,,
008001.000069,O,1,O I,2s2.2p3.(4S*).4d,5D*,4.0,4,True,9.0,12.7536973,False,,
008001.000070,O,1,O I,2s2.2p3.(4S*).4d,5D*,3.0,3,True,7.0,12.7537024,False,,
008001.000071,O,1,O I,2s2.2p3.(4S*).4d,5D*,2.0,2,True,5.0,12.7537097,False,,
008001.000072,O,1,O I,2s2.2p3.(4S*).4d,5D*,1.0,1,True,3.0,12.7537158,False,,
008001.000073,O,1,O I,2s2.2p3.(4S*).4d,5D*,0.0,0,True,1.0,12.7537188,False,,
008001.000074,O,1,O I,2s2.2p3.(4S*).4d,3D*,3.0,3,True,7.0,12.7590123,False,,
008001.000075,O,1,O I,2s2.2p3.(4S*).4d,3D*,2.0,2,True,5.0,12.7590208,False,,
008001.000076,O,1,O I,2s2.2p3.(4S*).4d,3D*,1.0,1,True,3.0,12.7590265,False,,
008001.000077,O,1,O I,2s2.2p3.(4S*).4f,5F,5.0,5,True,11.0,12.7664358,False,,
008001.000078,O,1,O I,2s2.2p3.(4S*).4f,5F,4.0,4,True,9.0,12.7664358,False,,
008001.000079,O,1,O I,2s2.2p3.(4S*).4f,5F,3.0,3,True,7.0,12.7664358,False,,
008001.000080,O,1,O I,2s2.2p3.(4S*).4f,5F,2.0,2,True,5.0,12.7664358,False,,
008001.000081,O,1,O I,2s2.2p3.(4S*).4f,5F,1.0,1,True,3.0,12.7664358,False,,
008001.000082,O,1,O I,2s2.2p3.(4S*).4f,3F,4.0,4,True,9.0,12.7664475,False,,
008001.000083,O,1,O I,2s2.2p3.(4S*).4f,3F,3.0,3,True,7.0,12.7664475,False,,
008001.000084,O,1,O I,2s2.2p3.(4S*).4f,3F,2.0,2,True,5.0,12.7664475,False,,
008001.000085,O,1,O I,2s2.2p3.(4S*).5p,5P,1.0,1,True,3.0,12.847956,False,,
008001.000086,O,1,O I,2s2.2p3.(4S*).5p,5P,2.0,2,True,5.0,12.8480003,False,,
008001.000087,O,1,O I,2s2.2p3.(4S*).5p,5P,3.0,3,True,7.0,12.8480623,False,,
008001.000088,O,1,O I,2s2.2p3.(4S*).5p,3P,2.0,2,True,5.0,12.8782347,False,,
008001.000089,O,1,O I,2s2.2p3.(4S*).5p,3P,1.0,1,True,3.0,12.8782422,False,,
008001.000090,O,1,O I,2s2.2p3.(4S*).5p,3P,0.0,0,True,1.0,12.8782699,False,,
008001.000091,O,1,O I,2s2.2p3.(4S*).6s,5S*,2.0,2,True,5.0,13.0207346,False,,
008001.000092,O,1,O I,2s2.2p3.(4S*).6s,3S*,1.0,1,True,3.0,13.038827,False,,
008001.000093,O,1,O I,2s2.2p3.(4S*).5d,5D*,4.0,4,True,9.0,13.0661186,False,,
008001.000094,O,1,O I,2s2.2p3.(4S*).5d,5D*,3.0,3,True,7.0,13.0661215,False,,
008001.000095,O,1,O I,2s2.2p3.(4S*).5d,5D*,2.0,2,True,5.0,13.0661255,False,,
008001.000096,O,1,O I,2s2.2p3.(4S*).5d,5D*,1.0,1,True,3.0,13.0661288,False,,
008001.000097,O,1,O I,2s2.2p3.(4S*).5d,5D*,0.0,0,True,1.0,13.0661304,False,,
008001.000098,O,1,O I,2s2.2p3.(4S*).5d,3D*,3.0,3,True,7.0,13.0690514,False,,
008001.000099,O,1,O I,2s2.2p3.(4S*).5d,3D*,2.0,2,True,5.0,13.0690514,False,,
008001.000100,O,1,O I,2s2.2p3.(4S*).5d,3D*,1.0,1,True,3.0,13.0690514,False,,
008001.000101,O,1,O I,2s2.2p3.(4S*).5f,5F,5.0,5,True,11.0,13.0730978,False,,
008001.000102,O,1,O I,2s2.2p3.(4S*).5f,5F,4.0,4,True,9.0,13.0730978,False,,
008001.000103,O,1,O I,2s2.2p3.(4S*).5f,5F,3.0,3,True,7.0,13.0730978,False,,
008001.000104,O,1,O I,2s2.2p3.(4S*).5f,5F,2.0,2,True,5.0,13.0730978,False,,
008001.000105,O,1,O I,2s2.2p3.(4S*).5f,5F,1.0,1,True,3.0,13.0730978,False,,
008001.000106,O,1,O I,2s2.2p3.(4S*).5f,3F,4.0,4,True,9.0,13.0731076,False,,
008001.000107,O,1,O I,2s2.2p3.(4S*).5f,3F,3.0,3,True,7.0,13.0731076,False,,
008001.000108,O,1,O I,2s2.2p3.(4S*).5f,3F,2.0,2,True,5.0,13.0731076,False,,
008001.000109,O,1,O I,2s2.2p3.(4S*).6p,5P,1.0,1,True,3.0,13.1160938,False,,
008001.000110,O,1,O I,2s2.2p3.(4S*).6p,5P,2.0,2,True,5.0,13.1161142,False,,
008001.000111,O,1,O I,2s2.2p3.(4S*).6p,5P,3.0,3,True,7.0,13.1161465,False,,
008001.000112,O,1,O I,2s2.2p3.(4S*).6p,3P,2.0,2,True,5.0,13.1314183,False,,
008001.000113,O,1,O I,2s2.2p3.(4S*).6p,3P,1.0,1,True,3.0,13.1314183,False,,
008001.000114,O,1,O I,2s2.2p3.(4S*).6p,3P,0.0,0,True,1.0,13.1314183,False,,
008001.000115,O,1,O I,2s2.2p3.(4S*).7s,5S*,2.0,2,True,5.0,13.2099403,False,,
008001.000116,O,1,O I,2s2.2p3.(4S*).7s,3S*,1.0,1,True,3.0,13.2201789,False,,
008001.000117,O,1,O I,2s2.2p3.(4S*).6d,5D*,4.0,4,True,9.0,13.2354926,False,,
008001.000118,O,1,O I,2s2.2p3.(4S*).6d,5D*,3.0,3,True,7.0,13.235494,False,,
008001.000119,O,1,O I,2s2.2p3.(4S*).6d,5D*,2.0,2,True,5.0,13.2354959,False,,
008001.000120,O,1,O I,2s2.2p3.(4S*).6d,5D*,1.0,1,True,3.0,13.2354975,False,,
008001.000121,O,1,O I,2s2.2p3.(4S*).6d,5D*,0.0,0,True,1.0,13.2354984,False,,
008001.000122,O,1,O I,2s2.2p3.(4S*).6d,3D*,3.0,3,True,7.0,13.2372725,False,,
008001.000123,O,1,O I,2s2.2p3.(4S*).6d,3D*,2.0,2,True,5.0,13.2372725,False,,
008001.000124,O,1,O I,2s2.2p3.(4S*).6d,3D*,1.0,1,True,3.0,13.2372725,False,,
008001.000125,O,1,O I,2s2.2p3.(4S*).6f,5F,5.0,5,True,11.0,13.2396725,False,,
008001.000126,O,1,O I,2s2.2p3.(4S*).6f,5F,4.0,4,True,9.0,13.2396725,False,,
008001.000127,O,1,O I,2s2.2p3.(4S*).6f,5F,3.0,3,True,7.0,13.2396725,False,,
008001.000128,O,1,O I,2s2.2p3.(4S*).6f,5F,2.0,2,True,5.0,13.2396725,False,,
008001.000129,O,1,O I,2s2.2p3.(4S*).6f,5F,1.0,1,True,3.0,13.2396725,False,,
008001.000130,O,1,O I,2s2.2p3.(4S*).6f,3F,4.0,4,True,9.0,13.2396776,False,,
008001.000131,O,1,O I,2s2.2p3.(4S*).6f,3F,3.0,3,True,7.0,13.2396776,False,,
008001.000132,O,1,O I,2s2.2p3.(4S*).6f,3F,2.0,2,True,5.0,13.2396776,False,,
008001.000133,O,1,O I,2s2.2p3.(4S*).6g,3G*,5.0,5,True,11.0,13.2400126,False,,
008001.000135,O,1,O I,2s2.2p3.(4S*).6g,3G*,4.0,4,True,9.0,13.2400126,False,,
008001.000136,O,1,O I,2s2.2p3.(4S*).6g,3G*,3.0,3,True,7.0,13.2400126,False,,
008001.000134,O,1,O I,2s2.2p3.(4S*).6g,5G*,6.0,6,True,13.0,13.2400126,False,,
008001.000137,O,1,O I,2s2.2p3.(4S*).6g,5G*,5.0,5,True,11.0,13.2400126,False,,
008001.000138,O,1,O I,2s2.2p3.(4S*).6g,5G*,4.0,4,True,9.0,13.2400126,False,,
008001.000139,O,1,O I,2s2.2p3.(4S*).6g,5G*,3.0,3,True,7.0,13.2400126,False,,
008001.000140,O,1,O I,2s2.2p3.(4S*).6g,5G*,2.0,2,True,5.0,13.2400126,False,,
008001.000141,O,1,O I,2s2.2p3.(4S*).8s,5S*,2.0,2,True,5.0,13.3216106,False,,
008001.000142,O,1,O I,2s2.2p3.(4S*).8s,3S*,1.0,1,True,3.0,13.3279572,False,,
008001.000143,O,1,O I,2s2.2p3.(4S*).7d,5D*,4.0,4,True,9.0,13.3374112,False,,
008001.000144,O,1,O I,2s2.2p3.(4S*).7d,5D*,3.0,3,True,7.0,13.3374122,False,,
008001.000145,O,1,O I,2s2.2p3.(4S*).7d,5D*,2.0,2,True,5.0,13.3374136,False,,
008001.000146,O,1,O I,2s2.2p3.(4S*).7d,5D*,1.0,1,True,3.0,13.3374147,False,,
008001.000147,O,1,O I,2s2.2p3.(4S*).7d,5D*,0.0,0,True,1.0,13.3374152,False,,
008001.000148,O,1,O I,2s2.2p3.(4S*).7d,3D*,3.0,3,True,7.0,13.3385644,False,,
008001.000149,O,1,O I,2s2.2p3.(4S*).7d,3D*,2.0,2,True,5.0,13.3385644,False,,
008001.000150,O,1,O I,2s2.2p3.(4S*).7d,3D*,1.0,1,True,3.0,13.3385644,False,,
008001.000151,O,1,O I,2s2.2p3.(4S*).7f,5F,5.0,5,True,11.0,13.3400972,False,,
008001.000152,O,1,O I,2s2.2p3.(4S*).7f,5F,4.0,4,True,9.0,13.3400972,False,,
008001.000153,O,1,O I,2s2.2p3.(4S*).7f,5F,3.0,3,True,7.0,13.3400972,False,,
008001.000154,O,1,O I,2s2.2p3.(4S*).7f,5F,2.0,2,True,5.0,13.3400972,False,,
008001.000155,O,1,O I,2s2.2p3.(4S*).7f,5F,1.0,1,True,3.0,13.3400972,False,,
008001.000156,O,1,O I,2s2.2p3.(4S*).7f,3F,4.0,4,True,9.0,13.3400981,False,,
008001.000157,O,1,O I,2s2.2p3.(4S*).7f,3F,3.0,3,True,7.0,13.3400981,False,,
008001.000158,O,1,O I,2s2.2p3.(4S*).7f,3F,2.0,2,True,5.0,13.3400981,False,,
008001.000159,O,1,O I,2s2.2p3.(4S*).9s,5S*,2.0,2,True,5.0,13.3929467,False,,
008001.000160,O,1,O I,2s2.2p3.(4S*).9s,3S*,1.0,1,True,3.0,13.3972365,False,,
008001.000161,O,1,O I,2s2.2p3.(4S*).8d,5D*,4.0,4,True,9.0,13.4034447,False,,
008001.000162,O,1,O I,2s2.2p3.(4S*).8d,5D*,3.0,3,True,7.0,13.4034453,False,,
008001.000163,O,1,O I,2s2.2p3.(4S*).8d,5D*,2.0,2,True,5.0,13.4034463,False,,
008001.000164,O,1,O I,2s2.2p3.(4S*).8d,5D*,1.0,1,True,3.0,13.403447,False,,
008001.000165,O,1,O I,2s2.2p3.(4S*).8d,5D*,0.0,0,True,1.0,13.4034474,False,,
008001.000166,O,1,O I,2s2.2p3.(4S*).8d,3D*,3.0,3,True,7.0,13.40443,False,,
008001.000167,O,1,O I,2s2.2p3.(4S*).8d,3D*,2.0,2,True,5.0,13.40443,False,,
008001.000168,O,1,O I,2s2.2p3.(4S*).8d,3D*,1.0,1,True,3.0,13.40443,False,,
008001.000169,O,1,O I,2s2.2p3.(4S*).10s,5S*,2.0,2,True,5.0,13.44137,False,,
008001.000170,O,1,O I,2s2.2p3.(4S*).10s,3S*,1.0,1,True,3.0,13.44439,False,,
008001.000171,O,1,O I,2s2.2p3.(4S*).9d,5D*,4.0,4,True,9.0,13.448595,False,,
008001.000172,O,1,O I,2s2.2p3.(4S*).9d,5D*,3.0,3,True,7.0,13.448595,False,,
008001.000173,O,1,O I,2s2.2p3.(4S*).9d,5D*,2.0,2,True,5.0,13.448595,False,,
008001.000174,O,1,O I,2s2.2p3.(4S*).9d,5D*,1.0,1,True,3.0,13.448595,False,,
008001.000175,O,1,O I,2s2.2p3.(4S*).9d,5D*,0.0,0,True,1.0,13.448595,False,,
008001.000176,O,1,O I,2s2.2p3.(4S*).9d,3D*,3.0,3,True,7.0,13.4494,False,,
008001.000177,O,1,O I,2s2.2p3.(4S*).9d,3D*,2.0,2,True,5.0,13.4494,False,,
008001.000178,O,1,O I,2s2.2p3.(4S*).9d,3D*,1.0,1,True,3.0,13.4494,False,,
008001.000179,O,1,O I,2s2.2p3.(4S*).11s,3S*,1.0,1,True,3.0,13.47776,False,,
008001.000180,O,1,O I,2s2.2p3.(4S*).10d,5D*,4.0,4,True,9.0,13.480992,False,,
008001.000181,O,1,O I,2s2.2p3.(4S*).10d,5D*,3.0,3,True,7.0,13.480992,False,,
008001.000182,O,1,O I,2s2.2p3.(4S*).10d,5D*,2.0,2,True,5.0,13.480992,False,,
008001.000183,O,1,O I,2s2.2p3.(4S*).10d,5D*,1.0,1,True,3.0,13.480992,False,,
008001.000184,O,1,O I,2s2.2p3.(4S*).10d,5D*,0.0,0,True,1.0,13.480992,False,,
008001.000185,O,1,O I,2s2.2p3.(4S*).10d,3D*,3.0,3,True,7.0,13.48156,False,,
008001.000186,O,1,O I,2s2.2p3.(4S*).10d,3D*,2.0,2,True,5.0,13.48156,False,,
008001.000187,O,1,O I,2s2.2p3.(4S*).10d,3D*,1.0,1,True,3.0,13.48156,False,,
008001.000188,O,1,O I,2s2.2p3.(4S*).12s,3S*,1.0,1,True,3.0,13.50264,False,,
008001.000189,O,1,O I,2s2.2p3.(4S*).11d,3D*,3.0,3,True,7.0,13.50525,False,,
008001.000190,O,1,O I,2s2.2p3.(4S*).11d,3D*,2.0,2,True,5.0,13.50525,False,,
008001.000191,O,1,O I,2s2.2p3.(4S*).11d,3D*,1.0,1,True,3.0,13.50525,False,,
008001.000192,O,1,O I,2s2.2p3.(4S*).13s,3S*,1.0,1,True,3.0,13.52122,False,,
008001.000193,O,1,O I,2s2.2p3.(4S*).12d,3D*,3.0,3,True,7.0,13.52337,False,,
008001.000194,O,1,O I,2s2.2p3.(4S*).12d,3D*,2.0,2,True,5.0,13.52337,False,,
008001.000195,O,1,O I,2s2.2p3.(4S*).12d,3D*,1.0,1,True,3.0,13.52337,False,,
008001.000196,O,1,O I,2s2.2p3.(4S*).14s,3S*,1.0,1,True,3.0,13.53557,False,,
008001.000197,O,1,O I,2s2.2p3.(4S*).13d,3D*,3.0,3,True,7.0,13.53738,False,,
008001.000198,O,1,O I,2s2.2p3.(4S*).13d,3D*,2.0,2,True,5.0,13.53738,False,,
008001.000199,O,1,O I,2s2.2p3.(4S*).13d,3D*,1.0,1,True,3.0,13.53738,False,,
008001.000200,O,1,O I,2s2.2p3.(4S*).15s,3S*,1.0,1,True,3.0,13.54725,False,,
008001.000201,O,1,O I,2s2.2p3.(4S*).14d,3D*,3.0,3,True,7.0,13.54877,False,,
008001.000202,O,1,O I,2s2.2p3.(4S*).14d,3D*,2.0,2,True,5.0,13.54877,False,,
008001.000203,O,1,O I,2s2.2p3.(4S*).14d,3D*,1.0,1,True,3.0,13.54937,False,,
008001.000204,O,1,O I,2s2.2p3.(4S*).16s,3S*,1.0,1,True,3.0,13.55656,False,,
008001.000205,O,1,O I,2s2.2p3.(4S*).15d,3D*,3.0,3,True,7.0,13.55754,False,,
008001.000206,O,1,O I,2s2.2p3.(4S*).15d,3D*,2.0,2,True,5.0,13.55754,False,,
008001.000207,O,1,O I,2s2.2p3.(4S*).15d,3D*,1.0,1,True,3.0,13.55754,False,,
008001.000208,O,1,O I,2s2.2p3.(4S*).17s,3S*,1.0,1,True,3.0,13.56417,False,,
008001.000209,O,1,O I,2s2.2p3.(4S*).16d,3D*,3.0,3,True,7.0,13.56505,False,,
008001.000210,O,1,O I,2s2.2p3.(4S*).16d,3D*,2.0,2,True,5.0,13.56505,False,,
008001.000211,O,1,O I,2s2.2p3.(4S*).16d,3D*,1.0,1,True,3.0,13.56505,False,,
008001.000212,O,1,O I,2s2.2p3.(4S*).18s,3S*,1.0,1,True,3.0,13.57065,False,,
008001.000213,O,1,O I,2s2.2p3.(4S*).17d,3D*,3.0,3,True,7.0,13.57101,False,,
008001.000214,O,1,O I,2s2.2p3.(4S*).17d,3D*,2.0,2,True,5.0,13.57101,False,,
008001.000215,O,1,O I,2s2.2p3.(4S*).17d,3D*,1.0,1,True,3.0,13.57101,False,,
008001.000216,O,1,O I,2s2.2p3.(4S*).18d,3D*,1.0,1,True,3.0,13.57539,False,,
008001.000217,O,1,O I,2s2.2p3.(4S*).18d,3D*,2.0,2,True,5.0,13.57602,False,,
008001.000218,O,1,O I,2s2.2p3.(4S*).18d,3D*,3.0,3,True,7.0,13.57615,False,,
008001.000219,O,1,O I,2s2.2p3.(4S*).19s,3S*,1.0,1,True,3.0,13.57615,False,,
008001.000220,O,1,O I,2s2.2p3.(4S*).19d,3D*,3.0,3,True,7.0,13.58039,False,,
008001.000221,O,1,O I,2s2.2p3.(4S*).19d,3D*,2.0,2,True,5.0,13.58039,False,,
008001.000222,O,1,O I,2s2.2p3.(4S*).19d,3D*,1.0,1,True,3.0,13.58039,False,,
008001.000223,O,1,O I,2s2.2p3.(4S*).20s,3S*,1.0,1,True,3.0,13.5804,False,,
008001.000224,O,1,O I,2s2.2p3.(4S*).20d,3D*,3.0,3,True,7.0,13.58389,False,,
008001.000225,O,1,O I,2s2.2p3.(4S*).20d,3D*,2.0,2,True,5.0,13.58389,False,,
008001.000226,O,1,O I,2s2.2p3.(4S*).20d,3D*,1.0,1,True,3.0,13.58389,False,,
008001.000227,O,1,O I,2s2.2p3.(4S*).21s,3S*,1.0,1,True,3.0,13.58399,False,,
008001.000228,O,1,O I,2s2.2p3.(4S*).22s,3S*,1.0,1,True,3.0,13.5873,False,,
008001.000229,O,1,O I,2s2.2p3.(4S*).21d,3D*,3.0,3,True,7.0,13.58734,False,,
008001.000230,O,1,O I,2s2.2p3.(4S*).21d,3D*,2.0,2,True,5.0,13.58734,False,,
008001.000231,O,1,O I,2s2.2p3.(4S*).21d,3D*,1.0,1,True,3.0,13.58734,False,,
008001.000232,O,1,O I,2s2.2p3.(4S*).23s,3S*,1.0,1,True,3.0,13.58997,False,,
008001.000233,O,1,O I,2s2.2p3.(4S*).22d,3D*,3.0,3,True,7.0,13.58997,False,,
008001.000234,O,1,O I,2s2.2p3.(4S*).22d,3D*,2.0,2,True,5.0,13.58997,False,,
008001.000235,O,1,O I,2s2.2p3.(4S*).22d,3D*,1.0,1,True,3.0,13.58997,False,,
008001.000236,O,1,O I,2s2.2p3.(4S*).24s,3S*,1.0,1,True,3.0,13.59239,False,,
008001.000237,O,1,O I,2s2.2p3.(4S*).23d,3D*,3.0,3,True,7.0,13.59239,False,,
008001.000238,O,1,O I,2s2.2p3.(4S*).23d,3D*,2.0,2,True,5.0,13.59239,False,,
008001.000239,O,1,O I,2s2.2p3.(4S*).23d,3D*,1.0,1,True,3.0,13.59239,False,,
008001.000240,O,1,O I,2s2.2p3.(4S*).25s,3S*,1.0,1,True,3.0,13.59458,False,,
008001.000241,O,1,O I,2s2.2p3.(4S*).24d,3D*,3.0,3,True,7.0,13.59458,False,,
008001.000242,O,1,O I,2s2.2p3.(4S*).24d,3D*,2.0,2,True,5.0,13.59458,False,,
008001.000243,O,1,O I,2s2.2p3.(4S*).24d,3D*,1.0,1,True,3.0,13.59458,False,,
008001.000244,O,1,O I,2s2.2p3.(4S*).26s,3S*,1.0,1,True,3.0,13.59628,False,,
008001.000245,O,1,O I,2s2.2p3.(4S*).25d,3D*,3.0,3,True,7.0,13.59628,False,,
008001.000246,O,1,O I,2s2.2p3.(4S*).25d,3D*,2.0,2,True,5.0,13.59628,False,,
008001.000247,O,1,O I,2s2.2p3.(4S*).25d,3D*,1.0,1,True,3.0,13.59628,False,,
008001.000248,O,1,O I,2s2.2p3.(4S*).27s,3S*,1.0,1,True,3.0,13.59778,False,,
008001.000249,O,1,O I,2s2.2p3.(4S*).26d,3D*,3.0,3,True,7.0,13.59778,False,,
008001.000250,O,1,O I,2s2.2p3.(4S*).26d,3D*,2.0,2,True,5.0,13.59778,False,,
008001.000251,O,1,O I,2s2.2p3.(4S*).26d,3D*,1.0,1,True,3.0,13.59778,False,,
008001.000252,O,1,O I,2s2.2p3.(4S*).28s,3S*,1.0,1,True,3.0,13.59936,False,,
008001.000253,O,1,O I,2s2.2p3.(4S*).27d,3D*,3.0,3,True,7.0,13.59936,False,,
008001.000254,O,1,O I,2s2.2p3.(4S*).27d,3D*,2.0,2,True,5.0,13.59936,False,,
008001.000255,O,1,O I,2s2.2p3.(4S*).27d,3D*,1.0,1,True,3.0,13.59936,False,,
008001.000256,O,1,O I,2s2.2p3.(4S*).29s,3S*,1.0,1,True,3.0,13.60056,False,,
008001.000257,O,1,O I,2s2.2p3.(4S*).28d,3D*,3.0,3,True,7.0,13.60056,False,,
008001.000258,O,1,O I,2s2.2p3.(4S*).28d,3D*,2.0,2,True,5.0,13.60056,False,,
008001.000259,O,1,O I,2s2.2p3.(4S*).28d,3D*,1.0,1,True,3.0,13.60056,False,,
008001.000260,O,1,O I,2s2.2p3.(4S*).30s,3S*,1.0,1,True,3.0,13.60174,False,,
008001.000261,O,1,O I,2s2.2p3.(4S*).29d,3D*,3.0,3,True,7.0,13.60174,False,,
008001.000262,O,1,O I,2s2.2p3.(4S*).29d,3D*,2.0,2,True,5.0,13.60174,False,,
008001.000263,O,1,O I,2s2.2p3.(4S*).29d,3D*,1.0,1,True,3.0,13.60174,False,,
008001.000264,O,1,O I,2s2.2p3.(4S*).31s,3S*,1.0,1,True,3.0,13.60277,False,,
008001.000265,O,1,O I,2s2.2p3.(4S*).30d,3D*,3.0,3,True,7.0,13.60277,False,,
008001.000266,O,1,O I,2s2.2p3.(4S*).30d,3D*,2.0,2,True,5.0,13.60277,False,,
008001.000267,O,1,O I,2s2.2p3.(4S*).30d,3D*,1.0,1,True,3.0,13.60277,False,,
008001.Lim001,O,1,O I,O II (2p3 4S*<3/2>),Limit,,---,False,,13.618055,False,7e-06,"L74,L3760"
008001.000269,O,1,O I,2s2.2p3.(2D*).3p,1P,1.0,1,True,3.0,14.0355624,False,,
008001.000270,O,1,O I,2s2.2p3.(2D*).3p,3D,3.0,3,True,7.0,14.0467669,False,,
008001.000271,O,1,O I,2s2.2p3.(2D*).3p,3D,2.0,2,True,5.0,14.0467717,False,,
008001.000272,O,1,O I,2s2.2p3.(2D*).3p,3D,1.0,1,True,3.0,14.0472014,False,,
008001.000273,O,1,O I,2s2.2p3.(2D*).3p,3F,4.0,4,True,9.0,14.0987942,False,,
008001.000274,O,1,O I,2s2.2p3.(2D*).3p,3F,3.0,3,True,7.0,14.0996582,False,,
008001.000275,O,1,O I,2s2.2p3.(2D*).3p,3F,2.0,2,True,5.0,14.1003714,False,,
008001.000276,O,1,O I,2s2.2p3.(2P*).3s,3P*,2.0,2,True,5.0,14.1231587,False,,
008001.000277,O,1,O I,2s2.2p3.(2P*).3s,3P*,1.0,1,True,3.0,14.1244523,False,,
008001.000278,O,1,O I,2s2.2p3.(2P*).3s,3P*,0.0,0,True,1.0,14.125214,False,,
008001.000279,O,1,O I,2s2.2p3.(2D*).3p,1F,3.0,3,True,7.0,14.1337323,False,,
008001.000280,O,1,O I,2s2.2p3.(2P*).3s,1P*,1.0,1,True,3.0,14.372018,False,,
008001.000281,O,1,O I,2s2.2p3.(2D*).3p,1D,2.0,2,True,5.0,14.4604127,False,,
008001.000282,O,1,O I,2s2.2p3.(2D*).4s,3D*,3.0,3,True,7.0,15.17811,False,,
008001.000283,O,1,O I,2s2.2p3.(2D*).4s,3D*,2.0,2,True,5.0,15.17978,False,,
008001.000284,O,1,O I,2s2.2p3.(2D*).4s,3D*,1.0,1,True,3.0,15.18075,False,,
008001.000285,O,1,O I,2s2.2p3.(2D*<3/2>).4s,1D*,2.0,2,True,5.0,15.2249696,False,,
008001.000286,O,1,O I,2s2.2p3.(2D*<3/2>).3d,3P*,2.0,2,True,5.0,15.2868521,False,,
008001.000287,O,1,O I,2s2.2p3.(2D*<3/2>).3d,3P*,1.0,1,True,3.0,15.2941343,False,,
008001.000288,O,1,O I,2s2.2p3.(2D*<3/2>).3d,3P*,0.0,0,True,1.0,15.2980803,False,,
008001.000289,O,1,O I,2s2.2p3.(2D*<5/2>).3d,3F*,4.0,4,True,9.0,15.4005245,False,,
008001.000290,O,1,O I,2s2.2p3.(2D*<5/2>).3d,3F*,3.0,3,True,7.0,15.4011962,False,,
008001.000291,O,1,O I,2s2.2p3.(2D*<5/2>).3d,3F*,2.0,2,True,5.0,15.4018277,False,,
008001.000292,O,1,O I,2s2.2p3.(2D*).3d,3G*,4.0,4,True,9.0,15.4036294,False,,
008001.000293,O,1,O I,2s2.2p3.(2D*).3d,3G*,5.0,5,True,11.0,15.4038114,False,,
008001.000296,O,1,O I,2s2.2p3.(2D*).3d,3G*,3.0,3,True,7.0,15.4053994,False,,
008001.000294,O,1,O I,2s2.2p3.(2D*<5/2>).3d,1S*,0.0,0,True,1.0,15.4041162,False,,
008001.000295,O,1,O I,2s2.2p3.(2D*<5/2>).3d,3D*,3.0,3,True,7.0,15.40468,False,,
008001.000297,O,1,O I,2s2.2p3.(2D*<5/2>).3d,3D*,2.0,2,True,5.0,15.40599,False,,
008001.000299,O,1,O I,2s2.2p3.(2D*<5/2>).3d,3D*,1.0,1,True,3.0,15.40677,False,,
008001.000298,O,1,O I,2s2.2p3.(2D*<3/2>).3d,1G*,4.0,4,True,9.0,15.4061252,False,,
008001.000300,O,1,O I,2s2.2p3.(2D*<5/2>).3d,1P*,1.0,1,True,3.0,15.408,False,,
008001.000301,O,1,O I,2s2.2p3.(2D*<3/2>).3d,1D*,2.0,2,True,5.0,15.4136133,False,,
008001.000302,O,1,O I,2s2.2p3.(2D*<3/2>).3d,1F*,3.0,3,True,7.0,15.414556,False,,
008001.000303,O,1,O I,2s2.2p3.(2D*<3/2>).3d,3S*,1.0,1,True,3.0,15.41574,False,,
008001.000304,O,1,O I,2s2.2p3.(2D*).4p,3D,3.0,3,True,7.0,15.5941737,False,,
008001.000306,O,1,O I,2s2.2p3.(2D*).4p,3D,2.0,2,True,5.0,15.5950907,False,,
008001.000305,O,1,O I,2s2.2p3.(2D*).4p,3D,1.0,1,True,3.0,15.5957253,False,,
008001.000307,O,1,O I,2s.2p5,3P*,2.0,2,True,5.0,15.6550999,False,,
008001.000308,O,1,O I,2s.2p5,3P*,1.0,1,True,3.0,15.6641915,False,,
008001.000309,O,1,O I,2s.2p5,3P*,0.0,0,True,1.0,15.6695881,False,,
008001.000310,O,1,O I,2s2.2p3.(2P*).3p,3D,3.0,3,True,7.0,15.7810344,False,,
008001.000311,O,1,O I,2s2.2p3.(2P*).3p,3D,2.0,2,True,5.0,15.7817439,False,,
008001.000312,O,1,O I,2s2.2p3.(2P*).3p,3D,1.0,1,True,3.0,15.7821517,False,,
008001.000313,O,1,O I,2s2.2p3.(2P*).3p,1P,1.0,1,True,3.0,15.8287841,False,,
008001.000314,O,1,O I,2s2.2p3.(2P*).3p,1D,2.0,2,True,5.0,15.9437376,False,,
008001.000315,O,1,O I,2s2.2p3.(2D*).5s,3D*,3.0,3,True,7.0,15.99133,False,,
008001.000316,O,1,O I,2s2.2p3.(2D*).5s,3D*,2.0,2,True,5.0,15.99275,False,,
008001.000317,O,1,O I,2s2.2p3.(2D*).5s,3D*,1.0,1,True,3.0,15.99374,False,,
008001.000318,O,1,O I,2s2.2p3.(2D*<3/2>).5s,1D*,2.0,2,True,5.0,16.0103676,False,,
008001.000002,O,1,O I,2s2.2p3.(2D*<5/2>).4d,3F*,3.0,3,True,7.0,,False,,
008001.000003,O,1,O I,2s2.2p3.(2D*<5/2>).4d,3F*,2.0,2,True,5.0,,False,,
008001.000319,O,1,O I,2s2.2p3.(2D*<5/2>).4d,3F*,4.0,4,True,9.0,16.0766475,False,,
008001.000320,O,1,O I,2s2.2p3.(2D*).4d,3G*,4.0,4,True,9.0,16.0782511,False,,
008001.000321,O,1,O I,2s2.2p3.(2D*).4d,3G*,5.0,5,True,11.0,16.0783356,False,,
008001.000325,O,1,O I,2s2.2p3.(2D*).4d,3G*,3.0,3,True,7.0,16.0799432,False,,
008001.000322,O,1,O I,2s2.2p3.(2D*<5/2>).4d,1S*,0.0,0,True,1.0,16.0785843,False,,
008001.000323,O,1,O I,2s2.2p3.(2D*<5/2>).4d,1P*,1.0,1,True,3.0,16.0786,False,,
008001.000324,O,1,O I,2s2.2p3.(2D*<5/2>).4d,3D*,3.0,3,True,7.0,16.0798,False,,
008001.000326,O,1,O I,2s2.2p3.(2D*<5/2>).4d,3D*,2.0,2,True,5.0,16.08044,False,,
008001.000328,O,1,O I,2s2.2p3.(2D*<5/2>).4d,3D*,1.0,1,True,3.0,16.08112,False,,
008001.000327,O,1,O I,2s2.2p3.(2D*<3/2>).4d,1G*,4.0,4,True,9.0,16.0806911,False,,
008001.000329,O,1,O I,2s2.2p3.(2D*<3/2>).4d,1D*,2.0,2,True,5.0,16.0846,False,,
008001.000330,O,1,O I,2s2.2p3.(2D*<3/2>).4d,3S*,1.0,1,True,3.0,16.08529,False,,
008001.000331,O,1,O I,2s2.2p3.(2D*<3/2>).4d,1F*,3.0,3,True,7.0,16.0853444,False,,
008001.000004,O,1,O I,2s2.2p3.(2D*).4f,3G,4.0,4,True,9.0,,False,,
008001.000005,O,1,O I,2s2.2p3.(2D*).4f,3G,3.0,3,True,7.0,,False,,
008001.000332,O,1,O I,2s2.2p3.(2D*).4f,3G,5.0,5,True,11.0,16.0904139,False,,
008001.000006,O,1,O I,2s2.2p3.(2D*).4f,3H,4.0,4,True,9.0,,False,,
008001.000333,O,1,O I,2s2.2p3.(2D*).4f,3H,5.0,5,True,11.0,16.0906592,False,,
008001.000334,O,1,O I,2s2.2p3.(2D*).4f,3H,6.0,6,True,13.0,16.0906605,False,,
008001.000335,O,1,O I,2s2.2p3.(2D*).4f,1H,5.0,5,True,11.0,16.093128,False,,
008001.000336,O,1,O I,2s2.2p3.(2D*<3/2>).4d,3P*,2.0,2,True,5.0,16.1142263,False,,
008001.000337,O,1,O I,2s2.2p3.(2D*<3/2>).4d,3P*,1.0,1,True,3.0,16.1153897,False,,
008001.000338,O,1,O I,2s2.2p3.(2D*<3/2>).4d,3P*,0.0,0,True,1.0,16.1160306,False,,
008001.000339,O,1,O I,2s2.2p3.(2P*).3p,1S,0.0,0,True,1.0,16.2348533,False,,
008001.000340,O,1,O I,2s2.2p3.(2D*).6s,3D*,3.0,3,True,7.0,16.34787,False,,
008001.000341,O,1,O I,2s2.2p3.(2D*).6s,3D*,2.0,2,True,5.0,16.34924,False,,
008001.000342,O,1,O I,2s2.2p3.(2D*).6s,3D*,1.0,1,True,3.0,16.35055,False,,
008001.000343,O,1,O I,2s2.2p3.(2D*<3/2>).6s,1D*,2.0,2,True,5.0,16.358,False,,
008001.000007,O,1,O I,2s2.2p3.(2D*<5/2>).5d,3F*,3.0,3,True,7.0,,False,,
008001.000008,O,1,O I,2s2.2p3.(2D*<5/2>).5d,3F*,2.0,2,True,5.0,,False,,
008001.000344,O,1,O I,2s2.2p3.(2D*<5/2>).5d,3F*,4.0,4,True,9.0,16.3895544,False,,
008001.000009,O,1,O I,2s2.2p3.(2D*).5d,3G*,3.0,3,True,7.0,,False,,
008001.000345,O,1,O I,2s2.2p3.(2D*).5d,3G*,4.0,4,True,9.0,16.3904688,False,,
008001.000346,O,1,O I,2s2.2p3.(2D*).5d,3G*,5.0,5,True,11.0,16.3905122,False,,
008001.000347,O,1,O I,2s2.2p3.(2D*<5/2>).5d,1P*,1.0,1,True,3.0,16.3911,False,,
008001.000348,O,1,O I,2s2.2p3.(2D*<5/2>).5d,3D*,3.0,3,True,7.0,16.39113,False,,
008001.000349,O,1,O I,2s2.2p3.(2D*<5/2>).5d,3D*,2.0,2,True,5.0,16.39242,False,,
008001.000351,O,1,O I,2s2.2p3.(2D*<5/2>).5d,3D*,1.0,1,True,3.0,16.39296,False,,
008001.000350,O,1,O I,2s2.2p3.(2D*<3/2>).5d,1G*,4.0,4,True,9.0,16.3929029,False,,
008001.000352,O,1,O I,2s2.2p3.(2D*<3/2>).5d,3S*,1.0,1,True,3.0,16.39475,False,,
008001.000353,O,1,O I,2s2.2p3.(2D*<3/2>).5d,1D*,2.0,2,True,5.0,16.3951,False,,
008001.000354,O,1,O I,2s2.2p3.(2D*<3/2>).5d,1F*,3.0,3,True,7.0,16.396,False,,
008001.000010,O,1,O I,2s2.2p3.(2D*<3/2>).5d,3P*,0.0,0,True,1.0,,False,,
008001.000355,O,1,O I,2s2.2p3.(2D*<3/2>).5d,3P*,2.0,2,True,5.0,16.40449,False,,
008001.000356,O,1,O I,2s2.2p3.(2D*<3/2>).5d,3P*,1.0,1,True,3.0,16.40512,False,,
008001.000357,O,1,O I,2s2.2p3.(2D*).7s,3D*,3.0,3,True,7.0,16.53575,False,,
008001.000358,O,1,O I,2s2.2p3.(2D*).7s,3D*,2.0,2,True,5.0,16.53686,False,,
008001.000359,O,1,O I,2s2.2p3.(2D*).7s,3D*,1.0,1,True,3.0,16.53828,False,,
008001.000360,O,1,O I,2s2.2p3.(2D*<3/2>).7s,1D*,2.0,2,True,5.0,16.5421,False,,
008001.000361,O,1,O I,2s2.2p3.(2D*<5/2>).6d,3D*,3.0,3,True,7.0,16.56017,False,,
008001.000362,O,1,O I,2s2.2p3.(2D*<5/2>).6d,3D*,2.0,2,True,5.0,16.56017,False,,
008001.000363,O,1,O I,2s2.2p3.(2D*<5/2>).6d,3D*,1.0,1,True,3.0,16.56017,False,,
008001.000364,O,1,O I,2s2.2p3.(2D*<5/2>).6d,1P*,1.0,1,True,3.0,16.5604,False,,
008001.000365,O,1,O I,2s2.2p3.(2D*<3/2>).6d,3S*,1.0,1,True,3.0,16.56155,False,,
008001.000366,O,1,O I,2s2.2p3.(2D*<3/2>).6d,1D*,2.0,2,True,5.0,16.5627,False,,
008001.000367,O,1,O I,2s2.2p3.(2D*<3/2>).6d,1F*,3.0,3,True,7.0,16.5632,False,,
008001.000011,O,1,O I,2s2.2p3.(2D*<3/2>).6d,3P*,0.0,0,True,1.0,,False,,
008001.000368,O,1,O I,2s2.2p3.(2D*<3/2>).6d,3P*,2.0,2,True,5.0,16.56702,False,,
008001.000369,O,1,O I,2s2.2p3.(2D*<3/2>).6d,3P*,1.0,1,True,3.0,16.56757,False,,
008001.000370,O,1,O I,2s2.2p3.(2D*).8s,3D*,3.0,3,True,7.0,16.64678,False,,
008001.000371,O,1,O I,2s2.2p3.(2D*).8s,3D*,2.0,2,True,5.0,16.64778,False,,
008001.000372,O,1,O I,2s2.2p3.(2D*).8s,3D*,1.0,1,True,3.0,16.64923,False,,
008001.000373,O,1,O I,2s2.2p3.(2D*<3/2>).8s,1D*,2.0,2,True,5.0,16.6517,False,,
008001.000374,O,1,O I,2s2.2p3.(2D*<5/2>).7d,3D*,3.0,3,True,7.0,16.66162,False,,
008001.000375,O,1,O I,2s2.2p3.(2D*<5/2>).7d,3D*,2.0,2,True,5.0,16.66162,False,,
008001.000376,O,1,O I,2s2.2p3.(2D*<5/2>).7d,3D*,1.0,1,True,3.0,16.66162,False,,
008001.000377,O,1,O I,2s2.2p3.(2D*<5/2>).7d,1P*,1.0,1,True,3.0,16.6619,False,,
008001.000378,O,1,O I,2s2.2p3.(2D*<3/2>).7d,3S*,1.0,1,True,3.0,16.66379,False,,
008001.000379,O,1,O I,2s2.2p3.(2D*<3/2>).7d,1D*,2.0,2,True,5.0,16.6646,False,,
008001.000380,O,1,O I,2s2.2p3.(2D*<3/2>).7d,1F*,3.0,3,True,7.0,16.6646,False,,
008001.000012,O,1,O I,2s2.2p3.(2D*<3/2>).7d,3P*,0.0,0,True,1.0,,False,,
008001.000381,O,1,O I,2s2.2p3.(2D*<3/2>).7d,3P*,2.0,2,True,5.0,16.66613,False,,
008001.000382,O,1,O I,2s2.2p3.(2D*<3/2>).7d,3P*,1.0,1,True,3.0,16.66676,False,,
008001.000013,O,1,O I,2s2.2p3.(2D*).9s,3D*,1.0,1,True,3.0,,False,,
008001.000383,O,1,O I,2s2.2p3.(2D*).9s,3D*,3.0,3,True,7.0,16.71791,False,,
008001.000384,O,1,O I,2s2.2p3.(2D*).9s,3D*,2.0,2,True,5.0,16.71849,False,,
008001.000385,O,1,O I,2s2.2p3.(2D*<3/2>).9s,1D*,2.0,2,True,5.0,16.7216,False,,
008001.000386,O,1,O I,2s2.2p3.(2D*<5/2>).8d,3D*,3.0,3,True,7.0,16.72785,False,,
008001.000388,O,1,O I,2s2.2p3.(2D*<5/2>).8d,3D*,2.0,2,True,5.0,16.72785,False,,
008001.000389,O,1,O I,2s2.2p3.(2D*<5/2>).8d,3D*,1.0,1,True,3.0,16.72785,False,,
008001.000387,O,1,O I,2s2.2p3.(2D*<3/2>).8d,3S*,1.0,1,True,3.0,16.72785,False,,
008001.000390,O,1,O I,2s2.2p3.(2D*<5/2>).8d,1P*,1.0,1,True,3.0,16.7281,False,,
008001.000391,O,1,O I,2s2.2p3.(2D*<3/2>).8d,1D*,2.0,2,True,5.0,16.73,False,,
008001.000392,O,1,O I,2s2.2p3.(2D*<3/2>).8d,1F*,3.0,3,True,7.0,16.73,False,,
008001.000014,O,1,O I,2s2.2p3.(2D*<3/2>).8d,3P*,0.0,0,True,1.0,,False,,
008001.000393,O,1,O I,2s2.2p3.(2D*<3/2>).8d,3P*,2.0,2,True,5.0,16.7309,False,,
008001.000394,O,1,O I,2s2.2p3.(2D*<3/2>).8d,3P*,1.0,1,True,3.0,16.73131,False,,
008001.000015,O,1,O I,2s2.2p3.(2D*).10s,3D*,1.0,1,True,3.0,,False,,
008001.000395,O,1,O I,2s2.2p3.(2D*).10s,3D*,3.0,3,True,7.0,16.76597,False,,
008001.000396,O,1,O I,2s2.2p3.(2D*).10s,3D*,2.0,2,True,5.0,16.76597,False,,
008001.000397,O,1,O I,2s2.2p3.(2D*<3/2>).10s,1D*,2.0,2,True,5.0,16.7691,False,,
008001.000398,O,1,O I,2s2.2p3.(2D*<5/2>).9d,3D*,3.0,3,True,7.0,16.77304,False,,
008001.000400,O,1,O I,2s2.2p3.(2D*<5/2>).9d,3D*,2.0,2,True,5.0,16.77304,False,,
008001.000401,O,1,O I,2s2.2p3.(2D*<5/2>).9d,3D*,1.0,1,True,3.0,16.77304,False,,
008001.000399,O,1,O I,2s2.2p3.(2D*<3/2>).9d,3S*,1.0,1,True,3.0,16.77304,False,,
008001.000402,O,1,O I,2s2.2p3.(2D*<5/2>).9d,1P*,1.0,1,True,3.0,16.7732,False,,
008001.000016,O,1,O I,2s2.2p3.(2D*<3/2>).9d,3P*,0.0,0,True,1.0,,False,,
008001.000403,O,1,O I,2s2.2p3.(2D*<3/2>).9d,3P*,2.0,2,True,5.0,16.7755,False,,
008001.000406,O,1,O I,2s2.2p3.(2D*<3/2>).9d,3P*,1.0,1,True,3.0,16.77568,False,,
008001.000404,O,1,O I,2s2.2p3.(2D*<3/2>).9d,1D*,2.0,2,True,5.0,16.7756,False,,
008001.000405,O,1,O I,2s2.2p3.(2D*<3/2>).9d,1F*,3.0,3,True,7.0,16.7756,False,,
008001.000017,O,1,O I,2s2.2p3.(2D*).11s,3D*,2.0,2,True,5.0,,False,,
008001.000018,O,1,O I,2s2.2p3.(2D*).11s,3D*,1.0,1,True,3.0,,False,,
008001.000407,O,1,O I,2s2.2p3.(2D*).11s,3D*,3.0,3,True,7.0,16.80014,False,,
008001.000408,O,1,O I,2s2.2p3.(2D*<5/2>).10d,3D*,3.0,3,True,7.0,16.80503,False,,
008001.000410,O,1,O I,2s2.2p3.(2D*<5/2>).10d,3D*,2.0,2,True,5.0,16.80503,False,,
008001.000411,O,1,O I,2s2.2p3.(2D*<5/2>).10d,3D*,1.0,1,True,3.0,16.80503,False,,
008001.000409,O,1,O I,2s2.2p3.(2D*<3/2>).10d,3S*,1.0,1,True,3.0,16.80503,False,,
008001.000412,O,1,O I,2s2.2p3.(2D*<5/2>).10d,1P*,1.0,1,True,3.0,16.8051,False,,
008001.000413,O,1,O I,2s2.2p3.(2D*<3/2>).10d,3P*,2.0,2,True,5.0,16.80734,False,,
008001.000414,O,1,O I,2s2.2p3.(2D*<3/2>).10d,3P*,1.0,1,True,3.0,16.80757,False,,
008001.000415,O,1,O I,2s2.2p3.(2D*<3/2>).10d,1D*,2.0,2,True,5.0,16.8079,False,,
008001.000416,O,1,O I,2s2.2p3.(2D*<3/2>).10d,1F*,3.0,3,True,7.0,16.8079,False,,
008001.000019,O,1,O I,2s2.2p3.(2P*).4s,3P*,2.0,2,True,5.0,16.82239,True,,
008001.000033,O,1,O I,2s2.2p3.(2P*).4s,3P*,1.0,1,True,3.0,16.82239,True,,
008001.000034,O,1,O I,2s2.2p3.(2P*).4s,3P*,0.0,0,True,1.0,16.82239,True,,
008001.000020,O,1,O I,2s2.2p3.(2D*).12s,3D*,2.0,2,True,5.0,,False,,
008001.000021,O,1,O I,2s2.2p3.(2D*).12s,3D*,1.0,1,True,3.0,,False,,
008001.000417,O,1,O I,2s2.2p3.(2D*).12s,3D*,3.0,3,True,7.0,16.82488,False,,
008001.000418,O,1,O I,2s2.2p3.(2D*<3/2>).12s,1D*,2.0,2,True,5.0,16.8275,False,,
008001.000419,O,1,O I,2s2.2p3.(2D*<5/2>).11d,3D*,3.0,3,True,7.0,16.82867,False,,
008001.000421,O,1,O I,2s2.2p3.(2D*<5/2>).11d,3D*,2.0,2,True,5.0,16.82867,False,,
008001.000422,O,1,O I,2s2.2p3.(2D*<5/2>).11d,3D*,1.0,1,True,3.0,16.82867,False,,
008001.000420,O,1,O I,2s2.2p3.(2D*<3/2>).11d,3S*,1.0,1,True,3.0,16.82867,False,,
008001.000423,O,1,O I,2s2.2p3.(2D*<5/2>).11d,1P*,1.0,1,True,3.0,16.8291,False,,
008001.000022,O,1,O I,2s2.2p3.(2D*<3/2>).11d,3P*,0.0,0,True,1.0,,False,,
008001.000424,O,1,O I,2s2.2p3.(2D*<3/2>).11d,3P*,1.0,1,True,3.0,16.83107,False,,
008001.000425,O,1,O I,2s2.2p3.(2D*<3/2>).11d,3P*,2.0,2,True,5.0,16.83121,False,,
008001.000426,O,1,O I,2s2.2p3.(2D*<3/2>).11d,1D*,2.0,2,True,5.0,16.8315,False,,
008001.000427,O,1,O I,2s2.2p3.(2D*<3/2>).11d,1F*,3.0,3,True,7.0,16.8315,False,,
008001.000023,O,1,O I,2s2.2p3.(2D*).13d,3D*,2.0,2,True,5.0,,False,,
008001.000024,O,1,O I,2s2.2p3.(2D*).13d,3D*,1.0,1,True,3.0,,False,,
008001.000428,O,1,O I,2s2.2p3.(2D*).13d,3D*,3.0,3,True,7.0,16.84358,False,,
008001.000429,O,1,O I,2s2.2p3.(2D*<5/2>).12d,3D*,3.0,3,True,7.0,16.84653,False,,
008001.000431,O,1,O I,2s2.2p3.(2D*<5/2>).12d,3D*,2.0,2,True,5.0,16.84653,False,,
008001.000432,O,1,O I,2s2.2p3.(2D*<5/2>).12d,3D*,1.0,1,True,3.0,16.84653,False,,
008001.000430,O,1,O I,2s2.2p3.(2D*<3/2>).12d,3S*,1.0,1,True,3.0,16.84653,False,,
008001.000433,O,1,O I,2s2.2p3.(2D*<5/2>).12d,1P*,1.0,1,True,3.0,16.8478,False,,
008001.000025,O,1,O I,2s2.2p3.(2D*<3/2>).12d,3P*,0.0,0,True,1.0,,False,,
008001.000434,O,1,O I,2s2.2p3.(2D*<3/2>).12d,3P*,1.0,1,True,3.0,16.84907,False,,
008001.000435,O,1,O I,2s2.2p3.(2D*<3/2>).12d,3P*,2.0,2,True,5.0,16.84934,False,,
008001.000436,O,1,O I,2s2.2p3.(2D*<3/2>).12d,1D*,2.0,2,True,5.0,16.8497,False,,
008001.000437,O,1,O I,2s2.2p3.(2D*<3/2>).12d,1F*,3.0,3,True,7.0,16.8497,False,,
008001.000438,O,1,O I,2s2.2p3.(2D*<5/2>).13d,3D*,3.0,3,True,7.0,16.86016,False,,
008001.000440,O,1,O I,2s2.2p3.(2D*<5/2>).13d,3D*,2.0,2,True,5.0,16.86016,False,,
008001.000441,O,1,O I,2s2.2p3.(2D*<5/2>).13d,3D*,1.0,1,True,3.0,16.86016,False,,
008001.000439,O,1,O I,2s2.2p3.(2D*<3/2>).13d,3S*,1.0,1,True,3.0,16.86016,False,,
008001.000026,O,1,O I,2s2.2p3.(2D*<3/2>).13d,3P*,0.0,0,True,1.0,,False,,
008001.000444,O,1,O I,2s2.2p3.(2D*<3/2>).13d,3P*,2.0,2,True,5.0,16.86321,False,,
008001.000445,O,1,O I,2s2.2p3.(2D*<3/2>).13d,3P*,1.0,1,True,3.0,16.8633,False,,
008001.000446,O,1,O I,2s2.2p3.(2D*<5/2>).14d,3D*,3.0,3,True,7.0,16.87069,False,,
008001.000448,O,1,O I,2s2.2p3.(2D*<5/2>).14d,3D*,2.0,2,True,5.0,16.87069,False,,
008001.000449,O,1,O I,2s2.2p3.(2D*<5/2>).14d,3D*,1.0,1,True,3.0,16.87069,False,,
008001.000447,O,1,O I,2s2.2p3.(2D*<3/2>).14d,3S*,1.0,1,True,3.0,16.87069,False,,
008001.000450,O,1,O I,2s2.2p3.(2D*<5/2>).14d,1P*,1.0,1,True,3.0,16.8724,False,,
008001.000027,O,1,O I,2s2.2p3.(2D*<3/2>).14d,3P*,1.0,1,True,3.0,,False,,
008001.000028,O,1,O I,2s2.2p3.(2D*<3/2>).14d,3P*,0.0,0,True,1.0,,False,,
008001.000451,O,1,O I,2s2.2p3.(2D*<3/2>).14d,3P*,2.0,2,True,5.0,16.87426,False,,
008001.000452,O,1,O I,2s2.2p3.(2D*<5/2>).15d,3D*,3.0,3,True,7.0,16.87907,False,,
008001.000454,O,1,O I,2s2.2p3.(2D*<5/2>).15d,3D*,2.0,2,True,5.0,16.87907,False,,
008001.000455,O,1,O I,2s2.2p3.(2D*<5/2>).15d,3D*,1.0,1,True,3.0,16.87907,False,,
008001.000453,O,1,O I,2s2.2p3.(2D*<3/2>).15d,3S*,1.0,1,True,3.0,16.87907,False,,
008001.000029,O,1,O I,2s2.2p3.(2D*<3/2>).15d,3P*,1.0,1,True,3.0,,False,,
008001.000030,O,1,O I,2s2.2p3.(2D*<3/2>).15d,3P*,0.0,0,True,1.0,,False,,
008001.000456,O,1,O I,2s2.2p3.(2D*<3/2>).15d,3P*,2.0,2,True,5.0,16.88311,False,,
008001.000457,O,1,O I,2s2.2p3.(2D*<5/2>).16d,3D*,3.0,3,True,7.0,16.88595,False,,
008001.000459,O,1,O I,2s2.2p3.(2D*<5/2>).16d,3D*,2.0,2,True,5.0,16.88595,False,,
008001.000460,O,1,O I,2s2.2p3.(2D*<5/2>).16d,3D*,1.0,1,True,3.0,16.88595,False,,
008001.000458,O,1,O I,2s2.2p3.(2D*<3/2>).16d,3S*,1.0,1,True,3.0,16.88595,False,,
008001.000031,O,1,O I,2s2.2p3.(2D*<3/2>).16d,3P*,1.0,1,True,3.0,,False,,
008001.000032,O,1,O I,2s2.2p3.(2D*<3/2>).16d,3P*,0.0,0,True,1.0,,False,,
008001.000461,O,1,O I,2s2.2p3.(2D*<3/2>).16d,3P*,2.0,2,True,5.0,16.89188,False,,
008001.000442,O,1,O I,2s2.2p3.(2D*<3/2>).14s,1D*,2.0,2,True,5.0,16.9,False,,
008001.000443,O,1,O I,2s2.2p3.(2D*<5/2>).13d,1P*,1.0,1,True,3.0,16.9,False,,
008001.000462,O,1,O I,2s2.2p3.(2P*).4s,1P*,1.0,1,True,3.0,16.9056,False,,
008001.Lim002,O,1,O I,O II (2p3 2D*<5/2>),Limit,,---,False,,16.942152,False,,
008001.Lim003,O,1,O I,O II (2p3 2D*<3/2>),Limit,,---,False,,16.944605,False,,
008001.000465,O,1,O I,2s2.2p3.(2P*).3d,1D*,2.0,2,True,5.0,17.1009,False,,
008001.000466,O,1,O I,2s2.2p3.(2P*).3d,3P*,2.0,2,True,5.0,17.10319,False,,
008001.000467,O,1,O I,2s2.2p3.(2P*).3d,3P*,1.0,1,True,3.0,17.10319,False,,
008001.000468,O,1,O I,2s2.2p3.(2P*).3d,3P*,0.0,0,True,1.0,17.10319,False,,
008001.000469,O,1,O I,2s2.2p3.(2P*).3d,3D*,3.0,3,True,7.0,17.10517,False,,
008001.000470,O,1,O I,2s2.2p3.(2P*).3d,3D*,2.0,2,True,5.0,17.10517,False,,
008001.000471,O,1,O I,2s2.2p3.(2P*).3d,3D*,1.0,1,True,3.0,17.10517,False,,
008001.000472,O,1,O I,2s2.2p3.(2P*).3d,1P*,1.0,1,True,3.0,17.1075,False,,
008001.000473,O,1,O I,2s2.2p3.(2P*).5s,3P*,2.0,2,True,5.0,17.68641,False,,
008001.000474,O,1,O I,2s2.2p3.(2P*).5s,3P*,1.0,1,True,3.0,17.68641,False,,
008001.000475,O,1,O I,2s2.2p3.(2P*).5s,3P*,0.0,0,True,1.0,17.68641,False,,
008001.000476,O,1,O I,2s2.2p3.(2P*).5s,1P*,1.0,1,True,3.0,17.6979,False,,
008001.000477,O,1,O I,2s2.2p3.(2P*).4d,1D*,2.0,2,True,5.0,17.7743,False,,
008001.000478,O,1,O I,2s2.2p3.(2P*).4d,3P*,2.0,2,True,5.0,17.7748,False,,
008001.000480,O,1,O I,2s2.2p3.(2P*).4d,3P*,1.0,1,True,3.0,17.7748,False,,
008001.000481,O,1,O I,2s2.2p3.(2P*).4d,3P*,0.0,0,True,1.0,17.7748,False,,
008001.000479,O,1,O I,2s2.2p3.(2P*).4d,3D*,3.0,3,True,7.0,17.7748,False,,
008001.000482,O,1,O I,2s2.2p3.(2P*).4d,3D*,2.0,2,True,5.0,17.7748,False,,
008001.000483,O,1,O I,2s2.2p3.(2P*).4d,3D*,1.0,1,True,3.0,17.7748,False,,
008001.000484,O,1,O I,2s2.2p3.(2P*).4d,1P*,1.0,1,True,3.0,17.7774,False,,
008001.000485,O,1,O I,2s2.2p3.(2P*).6s,3P*,2.0,2,True,5.0,18.04175,False,,
008001.000486,O,1,O I,2s2.2p3.(2P*).6s,3P*,1.0,1,True,3.0,18.04175,False,,
008001.000487,O,1,O I,2s2.2p3.(2P*).6s,3P*,0.0,0,True,1.0,18.04175,False,,
008001.000488,O,1,O I,2s2.2p3.(2P*).6s,1P*,1.0,1,True,3.0,18.055,False,,
008001.000489,O,1,O I,2s2.2p3.(2P*).5d,1D*,2.0,2,True,5.0,18.0853,False,,
008001.000490,O,1,O I,2s2.2p3.(2P*).5d,3P*,2.0,2,True,5.0,18.08564,False,,
008001.000492,O,1,O I,2s2.2p3.(2P*).5d,3P*,1.0,1,True,3.0,18.08564,False,,
008001.000493,O,1,O I,2s2.2p3.(2P*).5d,3P*,0.0,0,True,1.0,18.08564,False,,
008001.000491,O,1,O I,2s2.2p3.(2P*).5d,3D*,3.0,3,True,7.0,18.08564,False,,
008001.000494,O,1,O I,2s2.2p3.(2P*).5d,3D*,2.0,2,True,5.0,18.08564,False,,
008001.000495,O,1,O I,2s2.2p3.(2P*).5d,3D*,1.0,1,True,3.0,18.08564,False,,
008001.000496,O,1,O I,2s2.2p3.(2P*).5d,1P*,1.0,1,True,3.0,18.0877,False,,
008001.000497,O,1,O I,2s2.2p3.(2P*).7s,3P*,2.0,2,True,5.0,18.22924,False,,
008001.000498,O,1,O I,2s2.2p3.(2P*).7s,3P*,1.0,1,True,3.0,18.22924,False,,
008001.000499,O,1,O I,2s2.2p3.(2P*).7s,3P*,0.0,0,True,1.0,18.22924,False,,
008001.000500,O,1,O I,2s2.2p3.(2P*).7s,1P*,1.0,1,True,3.0,18.2327,False,,
008001.000501,O,1,O I,2s2.2p3.(2P*).6d,1D*,2.0,2,True,5.0,18.2541,False,,
008001.000502,O,1,O I,2s2.2p3.(2P*).6d,3P*,2.0,2,True,5.0,18.25421,False,,
008001.000504,O,1,O I,2s2.2p3.(2P*).6d,3P*,1.0,1,True,3.0,18.25421,False,,
008001.000505,O,1,O I,2s2.2p3.(2P*).6d,3P*,0.0,0,True,1.0,18.25421,False,,
008001.000503,O,1,O I,2s2.2p3.(2P*).6d,3D*,3.0,3,True,7.0,18.25421,False,,
008001.000506,O,1,O I,2s2.2p3.(2P*).6d,3D*,2.0,2,True,5.0,18.25421,False,,
008001.000507,O,1,O I,2s2.2p3.(2P*).6d,3D*,1.0,1,True,3.0,18.25421,False,,
008001.000508,O,1,O I,2s2.2p3.(2P*).6d,1P*,1.0,1,True,3.0,18.255,False,,
008001.000509,O,1,O I,2s2.2p3.(2P*).8s,3P*,2.0,2,True,5.0,18.33988,False,,
008001.000510,O,1,O I,2s2.2p3.(2P*).8s,3P*,1.0,1,True,3.0,18.33988,False,,
008001.000511,O,1,O I,2s2.2p3.(2P*).8s,3P*,0.0,0,True,1.0,18.33988,False,,
008001.000512,O,1,O I,2s2.2p3.(2P*).8s,1P*,1.0,1,True,3.0,18.3425,False,,
008001.000513,O,1,O I,2s2.2p3.(2P*).7d,1D*,2.0,2,True,5.0,18.3552,False,,
008001.000514,O,1,O I,2s2.2p3.(2P*).7d,3P*,2.0,2,True,5.0,18.35558,False,,
008001.000516,O,1,O I,2s2.2p3.(2P*).7d,3P*,1.0,1,True,3.0,18.35558,False,,
008001.000517,O,1,O I,2s2.2p3.(2P*).7d,3P*,0.0,0,True,1.0,18.35558,False,,
008001.000515,O,1,O I,2s2.2p3.(2P*).7d,3D*,3.0,3,True,7.0,18.35558,False,,
008001.000518,O,1,O I,2s2.2p3.(2P*).7d,3D*,2.0,2,True,5.0,18.35558,False,,
008001.000519,O,1,O I,2s2.2p3.(2P*).7d,3D*,1.0,1,True,3.0,18.35558,False,,
008001.000520,O,1,O I,2s2.2p3.(2P*).7d,1P*,1.0,1,True,3.0,18.3569,False,,
008001.000521,O,1,O I,2s2.2p3.(2P*).9s,3P*,2.0,2,True,5.0,18.4111,False,,
008001.000522,O,1,O I,2s2.2p3.(2P*).9s,3P*,1.0,1,True,3.0,18.4111,False,,
008001.000523,O,1,O I,2s2.2p3.(2P*).9s,3P*,0.0,0,True,1.0,18.4111,False,,
008001.000524,O,1,O I,2s2.2p3.(2P*).9s,1P*,1.0,1,True,3.0,18.4123,False,,
008001.000525,O,1,O I,2s2.2p3.(2P*).8d,3P*,2.0,2,True,5.0,18.42119,False,,
008001.000527,O,1,O I,2s2.2p3.(2P*).8d,3P*,1.0,1,True,3.0,18.42119,False,,
008001.000528,O,1,O I,2s2.2p3.(2P*).8d,3P*,0.0,0,True,1.0,18.42119,False,,
008001.000526,O,1,O I,2s2.2p3.(2P*).8d,3D*,3.0,3,True,7.0,18.42119,False,,
008001.000529,O,1,O I,2s2.2p3.(2P*).8d,3D*,2.0,2,True,5.0,18.42119,False,,
008001.000530,O,1,O I,2s2.2p3.(2P*).8d,3D*,1.0,1,True,3.0,18.42119,False,,
008001.000531,O,1,O I,2s2.2p3.(2P*).8d,1D*,2.0,2,True,5.0,18.4213,False,,
008001.000532,O,1,O I,2s2.2p3.(2P*).8d,1P*,1.0,1,True,3.0,18.4218,False,,
008001.000533,O,1,O I,2s2.2p3.(2P*).10s,3P*,2.0,2,True,5.0,18.45913,False,,
008001.000534,O,1,O I,2s2.2p3.(2P*).10s,3P*,1.0,1,True,3.0,18.45913,False,,
008001.000535,O,1,O I,2s2.2p3.(2P*).10s,3P*,0.0,0,True,1.0,18.45913,False,,
008001.000536,O,1,O I,2s2.2p3.(2P*).10s,1P*,1.0,1,True,3.0,18.4601,False,,
008001.000537,O,1,O I,2s2.2p3.(2P*).9d,1D*,2.0,2,True,5.0,18.4663,False,,
008001.000538,O,1,O I,2s2.2p3.(2P*).9d,3P*,2.0,2,True,5.0,18.46688,False,,
008001.000540,O,1,O I,2s2.2p3.(2P*).9d,3P*,1.0,1,True,3.0,18.46688,False,,
008001.000541,O,1,O I,2s2.2p3.(2P*).9d,3P*,0.0,0,True,1.0,18.46688,False,,
008001.000539,O,1,O I,2s2.2p3.(2P*).9d,3D*,3.0,3,True,7.0,18.46688,False,,
008001.000542,O,1,O I,2s2.2p3.(2P*).9d,3D*,2.0,2,True,5.0,18.46688,False,,
008001.000543,O,1,O I,2s2.2p3.(2P*).9d,3D*,1.0,1,True,3.0,18.46688,False,,
008001.000544,O,1,O I,2s2.2p3.(2P*).9d,1P*,1.0,1,True,3.0,18.467,False,,
008001.000545,O,1,O I,2s2.2p3.(2P*).11s,3P*,2.0,2,True,5.0,18.49337,False,,
008001.000546,O,1,O I,2s2.2p3.(2P*).11s,3P*,1.0,1,True,3.0,18.49337,False,,
008001.000547,O,1,O I,2s2.2p3.(2P*).11s,3P*,0.0,0,True,1.0,18.49337,False,,
008001.000548,O,1,O I,2s2.2p3.(2P*).11s,1P*,1.0,1,True,3.0,18.4945,False,,
008001.000549,O,1,O I,2s2.2p3.(2P*).10d,3P*,2.0,2,True,5.0,18.49852,False,,
008001.000551,O,1,O I,2s2.2p3.(2P*).10d,3P*,1.0,1,True,3.0,18.49852,False,,
008001.000552,O,1,O I,2s2.2p3.(2P*).10d,3P*,0.0,0,True,1.0,18.49852,False,,
008001.000550,O,1,O I,2s2.2p3.(2P*).10d,3D*,3.0,3,True,7.0,18.49852,False,,
008001.000553,O,1,O I,2s2.2p3.(2P*).10d,3D*,2.0,2,True,5.0,18.49852,False,,
008001.000554,O,1,O I,2s2.2p3.(2P*).10d,3D*,1.0,1,True,3.0,18.49852,False,,
008001.000555,O,1,O I,2s2.2p3.(2P*).10d,1D*,2.0,2,True,5.0,18.4988,False,,
008001.000556,O,1,O I,2s2.2p3.(2P*).12s,3P*,2.0,2,True,5.0,18.51821,False,,
008001.000557,O,1,O I,2s2.2p3.(2P*).12s,3P*,1.0,1,True,3.0,18.51821,False,,
008001.000558,O,1,O I,2s2.2p3.(2P*).12s,3P*,0.0,0,True,1.0,18.51821,False,,
008001.000559,O,1,O I,2s2.2p3.(2P*).11d,3P*,2.0,2,True,5.0,18.52207,False,,
008001.000561,O,1,O I,2s2.2p3.(2P*).11d,3P*,1.0,1,True,3.0,18.52207,False,,
008001.000562,O,1,O I,2s2.2p3.(2P*).11d,3P*,0.0,0,True,1.0,18.52207,False,,
008001.000560,O,1,O I,2s2.2p3.(2P*).11d,3D*,3.0,3,True,7.0,18.52207,False,,
008001.000563,O,1,O I,2s2.2p3.(2P*).11d,3D*,2.0,2,True,5.0,18.52207,False,,
008001.000564,O,1,O I,2s2.2p3.(2P*).11d,3D*,1.0,1,True,3.0,18.52207,False,,
008001.000565,O,1,O I,2s2.2p3.(2P*).11d,1D*,2.0,2,True,5.0,18.5222,False,,
008001.000566,O,1,O I,2s2.2p3.(2P*).13s,3P*,2.0,2,True,5.0,18.53742,False,,
008001.000567,O,1,O I,2s2.2p3.(2P*).13s,3P*,1.0,1,True,3.0,18.53742,False,,
008001.000568,O,1,O I,2s2.2p3.(2P*).13s,3P*,0.0,0,True,1.0,18.53742,False,,
008001.000569,O,1,O I,2s2.2p3.(2P*).12d,3P*,2.0,2,True,5.0,18.54052,False,,
008001.000571,O,1,O I,2s2.2p3.(2P*).12d,3P*,1.0,1,True,3.0,18.54052,False,,
008001.000572,O,1,O I,2s2.2p3.(2P*).12d,3P*,0.0,0,True,1.0,18.54052,False,,
008001.000570,O,1,O I,2s2.2p3.(2P*).12d,3D*,3.0,3,True,7.0,18.54052,False,,
008001.000573,O,1,O I,2s2.2p3.(2P*).12d,3D*,2.0,2,True,5.0,18.54052,False,,
008001.000574,O,1,O I,2s2.2p3.(2P*).12d,3D*,1.0,1,True,3.0,18.54052,False,,
008001.000575,O,1,O I,2s2.2p3.(2P*).14s,3P*,2.0,2,True,5.0,18.55198,False,,
008001.000576,O,1,O I,2s2.2p3.(2P*).14s,3P*,1.0,1,True,3.0,18.55198,False,,
008001.000577,O,1,O I,2s2.2p3.(2P*).14s,3P*,0.0,0,True,1.0,18.55198,False,,
008001.000578,O,1,O I,2s2.2p3.(2P*).13d,3P*,2.0,2,True,5.0,18.55451,False,,
008001.000580,O,1,O I,2s2.2p3.(2P*).13d,3P*,1.0,1,True,3.0,18.55451,False,,
008001.000581,O,1,O I,2s2.2p3.(2P*).13d,3P*,0.0,0,True,1.0,18.55451,False,,
008001.000579,O,1,O I,2s2.2p3.(2P*).13d,3D*,3.0,3,True,7.0,18.55451,False,,
008001.000582,O,1,O I,2s2.2p3.(2P*).13d,3D*,2.0,2,True,5.0,18.55451,False,,
008001.000583,O,1,O I,2s2.2p3.(2P*).13d,3D*,1.0,1,True,3.0,18.55451,False,,
008001.000584,O,1,O I,2s2.2p3.(2P*).14d,3P*,2.0,2,True,5.0,18.566,False,,
008001.000586,O,1,O I,2s2.2p3.(2P*).14d,3P*,1.0,1,True,3.0,18.566,False,,
008001.000587,O,1,O I,2s2.2p3.(2P*).14d,3P*,0.0,0,True,1.0,18.566,False,,
008001.000585,O,1,O I,2s2.2p3.(2P*).14d,3D*,3.0,3,True,7.0,18.566,False,,
008001.000588,O,1,O I,2s2.2p3.(2P*).14d,3D*,2.0,2,True,5.0,18.566,False,,
008001.000589,O,1,O I,2s2.2p3.(2P*).14d,3D*,1.0,1,True,3.0,18.566,False,,
008001.000590,O,1,O I,2s2.2p3.(2P*).15d,3P*,2.0,2,True,5.0,18.57477,False,,
008001.000592,O,1,O I,2s2.2p3.(2P*).15d,3P*,1.0,1,True,3.0,18.57477,False,,
008001.000593,O,1,O I,2s2.2p3.(2P*).15d,3P*,0.0,0,True,1.0,18.57477,False,,
008001.000591,O,1,O I,2s2.2p3.(2P*).15d,3D*,3.0,3,True,7.0,18.57477,False,,
008001.000594,O,1,O I,2s2.2p3.(2P*).15d,3D*,2.0,2,True,5.0,18.57477,False,,
008001.000595,O,1,O I,2s2.2p3.(2P*).15d,3D*,1.0,1,True,3.0,18.57477,False,,
008001.000596,O,1,O I,2s2.2p3.(2P*).17d,3P*,2.0,2,True,5.0,18.58817,False,,
008001.000598,O,1,O I,2s2.2p3.(2P*).17d,3P*,1.0,1,True,3.0,18.58817,False,,
008001.000599,O,1,O I,2s2.2p3.(2P*).17d,3P*,0.0,0,True,1.0,18.58817,False,,
008001.000597,O,1,O I,2s2.2p3.(2P*).17d,3D*,3.0,3,True,7.0,18.58817,False,,
008001.000600,O,1,O I,2s2.2p3.(2P*).17d,3D*,2.0,2,True,5.0,18.58817,False,,
008001.000601,O,1,O I,2s2.2p3.(2P*).17d,3D*,1.0,1,True,3.0,18.58817,False,,
008001.000602,O,1,O I,2s2.2p3.(2P*).18d,3P*,2.0,2,True,5.0,18.59286,False,,
008001.000604,O,1,O I,2s2.2p3.(2P*).18d,3P*,1.0,1,True,3.0,18.59286,False,,
008001.000605,O,1,O I,2s2.2p3.(2P*).18d,3P*,0.0,0,True,1.0,18.59286,False,,
008001.000603,O,1,O I,2s2.2p3.(2P*).18d,3D*,3.0,3,True,7.0,18.59286,False,,
008001.000606,O,1,O I,2s2.2p3.(2P*).18d,3D*,2.0,2,True,5.0,18.59286,False,,
008001.000607,O,1,O I,2s2.2p3.(2P*).18d,3D*,1.0,1,True,3.0,18.59286,False,,
008001.000608,O,1,O I,2s2.2p3.(2P*).19d,3P*,2.0,2,True,5.0,18.59773,False,,
008001.000610,O,1,O I,2s2.2p3.(2P*).19d,3P*,1.0,1,True,3.0,18.59773,False,,
008001.000611,O,1,O I,2s2.2p3.(2P*).19d,3P*,0.0,0,True,1.0,18.59773,False,,
008001.000609,O,1,O I,2s2.2p3.(2P*).19d,3D*,3.0,3,True,7.0,18.59773,False,,
008001.000612,O,1,O I,2s2.2p3.(2P*).19d,3D*,2.0,2,True,5.0,18.59773,False,,
008001.000613,O,1,O I,2s2.2p3.(2P*).19d,3D*,1.0,1,True,3.0,18.59773,False,,
008001.Lim004,O,1,O I,O II (2p3 2P*),Limit,,---,False,,18.63552,False,,
008002.000001,O,2,O II,2s2.2p3,4S*,1.5,3/2,True,4.0,0.0,False,0.0,L11267
008002.000009,O,2,O II,2s2.2p3,2D*,2.5,5/2,True,6.0,3.324085,False,,
008002.000010,O,2,O II,2s2.2p3,2D*,1.5,3/2,True,4.0,3.326567,False,,
008002.000011,O,2,O II,2s2.2p3,2P*,1.5,3/2,True,4.0,5.017394,False,,
008002.000012,O,2,O II,2s2.2p3,2P*,0.5,1/2,True,2.0,5.017641,False,,
008002.000013,O,2,O II,2s.2p4,4P,2.5,5/2,True,6.0,14.85792,False,,
008002.000014,O,2,O II,2s.2p4,4P,1.5,3/2,True,4.0,14.878157,False,,
008002.000015,O,2,O II,2s.2p4,4P,0.5,1/2,True,2.0,14.888377,False,,
008002.000016,O,2,O II,2s.2p4,2D,2.5,5/2,True,6.0,20.579946,False,,
008002.000017,O,2,O II,2s.2p4,2D,1.5,3/2,True,4.0,20.580943,False,,
008002.000018,O,2,O II,2s2.2p2.(3P).3s,4P,0.5,1/2,True,2.0,22.9662478,False,,
008002.000019,O,2,O II,2s2.2p2.(3P).3s,4P,1.5,3/2,True,4.0,22.9793029,False,,
008002.000020,O,2,O II,2s2.2p2.(3P).3s,4P,2.5,5/2,True,6.0,22.9989602,False,,
008002.000021,O,2,O II,2s2.2p2.(3P).3s,2P,0.5,1/2,True,2.0,23.4191946,False,,
008002.000022,O,2,O II,2s2.2p2.(3P).3s,2P,1.5,3/2,True,4.0,23.4415082,False,,
008002.000023,O,2,O II,2s.2p4,2S,0.5,1/2,True,2.0,24.265006,False,,
008002.000024,O,2,O II,2s2.2p2.(3P).3p,2S*,0.5,1/2,True,2.0,25.2856211,False,,
008002.000025,O,2,O II,2s2.2p2.(3P).3p,4D*,0.5,1/2,True,2.0,25.6313478,False,,
008002.000026,O,2,O II,2s2.2p2.(3P).3p,4D*,1.5,3/2,True,4.0,25.6382319,False,,
008002.000027,O,2,O II,2s2.2p2.(3P).3p,4D*,2.5,5/2,True,6.0,25.6495863,False,,
008002.000030,O,2,O II,2s2.2p2.(3P).3p,4D*,3.5,7/2,True,8.0,25.6650368,False,,
008002.000028,O,2,O II,2s2.2p2.(1D).3s,2D,2.5,5/2,True,6.0,25.661218,False,,
008002.000029,O,2,O II,2s2.2p2.(1D).3s,2D,1.5,3/2,True,4.0,25.661347,False,,
008002.000031,O,2,O II,2s2.2p2.(3P).3p,4P*,0.5,1/2,True,2.0,25.8316247,False,,
008002.000032,O,2,O II,2s2.2p2.(3P).3p,4P*,1.5,3/2,True,4.0,25.8373471,False,,
008002.000033,O,2,O II,2s2.2p2.(3P).3p,4P*,2.5,5/2,True,6.0,25.8487467,False,,
008002.000034,O,2,O II,2s2.2p2.(3P).3p,2D*,1.5,3/2,True,4.0,26.2254001,False,,
008002.000035,O,2,O II,2s2.2p2.(3P).3p,2D*,2.5,5/2,True,6.0,26.2490334,False,,
008002.000036,O,2,O II,2s2.2p2.(3P).3p,4S*,1.5,3/2,True,4.0,26.3047208,False,,
008002.000037,O,2,O II,2s.2p4,2P,1.5,3/2,True,4.0,26.358274,False,,
008002.000038,O,2,O II,2s.2p4,2P,0.5,1/2,True,2.0,26.379157,False,,
008002.000039,O,2,O II,2s2.2p2.(3P).3p,2P*,0.5,1/2,True,2.0,26.5536859,False,,
008002.000040,O,2,O II,2s2.2p2.(3P).3p,2P*,1.5,3/2,True,4.0,26.561094,False,,
008002.000041,O,2,O II,2s2.2p2.(1D).3p,2F*,2.5,5/2,True,6.0,28.358142,False,,
008002.000042,O,2,O II,2s2.2p2.(1D).3p,2F*,3.5,7/2,True,8.0,28.361069,False,,
008002.000043,O,2,O II,2s2.2p2.(1D).3p,2D*,2.5,5/2,True,6.0,28.509803,False,,
008002.000044,O,2,O II,2s2.2p2.(1D).3p,2D*,1.5,3/2,True,4.0,28.512453,False,,
008002.000045,O,2,O II,2s2.2p2.(1S).3s,2S,0.5,1/2,True,2.0,28.591928,False,,
008002.000046,O,2,O II,2s2.2p2.(3P).3d,4F,1.5,3/2,True,4.0,28.6770648,False,,
008002.000047,O,2,O II,2s2.2p2.(3P).3d,4F,2.5,5/2,True,6.0,28.6837551,False,,
008002.000048,O,2,O II,2s2.2p2.(3P).3d,4F,3.5,7/2,True,8.0,28.6934114,False,,
008002.000049,O,2,O II,2s2.2p2.(3P).3d,4F,4.5,9/2,True,10.0,28.706092,False,,
008002.000050,O,2,O II,2s2.2p2.(3P).3d,4P,2.5,5/2,True,6.0,28.8217045,False,,
008002.000053,O,2,O II,2s2.2p2.(3P).3d,4P,1.5,3/2,True,4.0,28.8307832,False,,
008002.000054,O,2,O II,2s2.2p2.(3P).3d,4P,0.5,1/2,True,2.0,28.8390335,False,,
008002.000051,O,2,O II,2s2.2p2.(1D).3p,2P*,0.5,1/2,True,2.0,28.823901,False,,
008002.000052,O,2,O II,2s2.2p2.(1D).3p,2P*,1.5,3/2,True,4.0,28.829685,False,,
008002.000055,O,2,O II,2s2.2p2.(3P).3d,4D,0.5,1/2,True,2.0,28.8525664,False,,
008002.000056,O,2,O II,2s2.2p2.(3P).3d,4D,1.5,3/2,True,4.0,28.8568239,False,,
008002.000057,O,2,O II,2s2.2p2.(3P).3d,4D,2.5,5/2,True,6.0,28.8570199,False,,
008002.000058,O,2,O II,2s2.2p2.(3P).3d,4D,3.5,7/2,True,8.0,28.8577953,False,,
008002.000059,O,2,O II,2s2.2p2.(3P).3d,2F,2.5,5/2,True,6.0,28.8630624,False,,
008002.000060,O,2,O II,2s2.2p2.(3P).3d,2F,3.5,7/2,True,8.0,28.8832609,False,,
008002.000061,O,2,O II,2s2.2p2.(3P).3d,2P,1.5,3/2,True,4.0,28.941697,False,,
008002.000062,O,2,O II,2s2.2p2.(3P).3d,2P,0.5,1/2,True,2.0,28.955839,False,,
008002.000063,O,2,O II,2s2.2p2.(3P).3d,2D,1.5,3/2,True,4.0,29.0622429,False,,
008002.000064,O,2,O II,2s2.2p2.(3P).3d,2D,2.5,5/2,True,6.0,29.0686699,False,,
008002.000065,O,2,O II,2s2.2p2.(3P).4s,4P,0.5,1/2,True,2.0,29.586034,False,,
008002.000066,O,2,O II,2s2.2p2.(3P).4s,4P,1.5,3/2,True,4.0,29.599076,False,,
008002.000067,O,2,O II,2s2.2p2.(3P).4s,4P,2.5,5/2,True,6.0,29.619076,False,,
008002.000068,O,2,O II,2s2.2p2.(3P).4s,2P,0.5,1/2,True,2.0,29.797124,False,,
008002.000069,O,2,O II,2s2.2p2.(3P).4s,2P,1.5,3/2,True,4.0,29.820351,False,,
008002.000070,O,2,O II,2s2.2p2.(3P).4p,2S*,0.5,1/2,True,2.0,30.380752,False,,
008002.000071,O,2,O II,2s.2p3.(5S*).3s,6S*,2.5,5/2,True,6.0,30.425722,False,,
008002.000072,O,2,O II,2s2.2p2.(3P).4p,4D*,0.5,1/2,True,2.0,30.471394,False,,
008002.000073,O,2,O II,2s2.2p2.(3P).4p,4D*,1.5,3/2,True,4.0,30.477387,False,,
008002.000074,O,2,O II,2s2.2p2.(3P).4p,4D*,2.5,5/2,True,6.0,30.4881141,False,,
008002.000075,O,2,O II,2s2.2p2.(3P).4p,4D*,3.5,7/2,True,8.0,30.5037449,False,,
008002.000076,O,2,O II,2s2.2p2.(3P).4p,4S*,1.5,3/2,True,4.0,30.5362941,False,,
008002.000077,O,2,O II,2s2.2p2.(3P).4p,4P*,0.5,1/2,True,2.0,30.5397984,False,,
008002.000078,O,2,O II,2s2.2p2.(3P).4p,4P*,2.5,5/2,True,6.0,30.5566036,False,,
008002.000079,O,2,O II,2s2.2p2.(3P).4p,4P*,1.5,3/2,True,4.0,30.5600365,False,,
008002.000080,O,2,O II,2s2.2p2.(3P).4p,2D*,1.5,3/2,True,4.0,30.74935,False,,
008002.000081,O,2,O II,2s2.2p2.(3P).4p,2D*,2.5,5/2,True,6.0,30.771222,False,,
008002.000082,O,2,O II,2s2.2p2.(3P).4p,2P*,0.5,1/2,True,2.0,30.800949,False,,
008002.000083,O,2,O II,2s2.2p2.(3P).4p,2P*,1.5,3/2,True,4.0,30.81197,False,,
008002.000084,O,2,O II,2s2.2p2.(1D).3d,2F,3.5,7/2,True,8.0,31.147582,False,,
008002.000085,O,2,O II,2s2.2p2.(1D).3d,2F,2.5,5/2,True,6.0,31.147904,False,,
008002.000086,O,2,O II,2s2.2p2.(1D).3d,2G,4.5,9/2,True,10.0,31.319435,False,,
008002.000087,O,2,O II,2s2.2p2.(1D).3d,2G,3.5,7/2,True,8.0,31.319581,False,,
008002.000088,O,2,O II,2s2.2p2.(1S).3p,2P*,0.5,1/2,True,2.0,31.366419,False,,
008002.000089,O,2,O II,2s2.2p2.(1S).3p,2P*,1.5,3/2,True,4.0,31.367183,False,,
008002.000090,O,2,O II,2s2.2p2.(1D).3d,2D,1.5,3/2,True,4.0,31.373797,False,,
008002.000091,O,2,O II,2s2.2p2.(1D).3d,2D,2.5,5/2,True,6.0,31.374055,False,,
008002.000092,O,2,O II,2s2.2p2.(1D).3d,2P,0.5,1/2,True,2.0,31.465948,False,,
008002.000093,O,2,O II,2s2.2p2.(1D).3d,2P,1.5,3/2,True,4.0,31.466247,False,,
008002.000094,O,2,O II,2s2.2p2.(3P).4d,4F,1.5,3/2,True,4.0,31.533845,False,,
008002.000095,O,2,O II,2s2.2p2.(3P).4d,4F,2.5,5/2,True,6.0,31.540144,False,,
008002.000096,O,2,O II,2s2.2p2.(3P).4d,4F,3.5,7/2,True,8.0,31.551524,False,,
008002.000097,O,2,O II,2s2.2p2.(3P).4d,4F,4.5,9/2,True,10.0,31.565137,False,,
008002.000098,O,2,O II,2s2.2p2.(3P).4d,4D,0.5,1/2,True,2.0,31.596961,False,,
008002.000099,O,2,O II,2s2.2p2.(3P).4d,4D,1.5,3/2,True,4.0,31.601262,False,,
008002.000100,O,2,O II,2s2.2p2.(3P).4d,4D,2.5,5/2,True,6.0,31.603128,False,,
008002.000102,O,2,O II,2s2.2p2.(3P).4d,4D,3.5,7/2,True,8.0,31.618417,False,,
008002.000101,O,2,O II,2s.2p3.(5S*).3s,4S*,1.5,3/2,True,4.0,31.613683,False,,
008002.000103,O,2,O II,2s2.2p2.(3P).4d,4P,2.5,5/2,True,6.0,31.62899,False,,
008002.000104,O,2,O II,2s2.2p2.(3P).4d,4P,1.5,3/2,True,4.0,31.633627,False,,
008002.000105,O,2,O II,2s2.2p2.(3P).4d,4P,0.5,1/2,True,2.0,31.63619,False,,
008002.000106,O,2,O II,2s2.2p2.(3P).4d,2P,1.5,3/2,True,4.0,31.637492,False,,
008002.000107,O,2,O II,2s2.2p2.(3P).4d,2P,0.5,1/2,True,2.0,31.650925,False,,
008002.000108,O,2,O II,2s2.2p2.(3P).4d,2F,2.5,5/2,True,6.0,31.653427,False,,
008002.000109,O,2,O II,2s2.2p2.(3P).4d,2F,3.5,7/2,True,8.0,31.67376,False,,
008002.000110,O,2,O II,2s2.2p2.(1D).3d,2S,0.5,1/2,True,2.0,31.693188,False,,
008002.000111,O,2,O II,2s2.2p2.(3P).4f D,2[3]*,2.5,5/2,True,6.0,31.7015121,False,,
008002.000112,O,2,O II,2s2.2p2.(3P).4f D,2[3]*,3.5,7/2,True,8.0,31.7016866,False,,
008002.000113,O,2,O II,2s2.2p2.(3P).4f G,2[3]*,2.5,5/2,True,6.0,31.7097189,False,,
008002.000114,O,2,O II,2s2.2p2.(3P).4f G,2[3]*,3.5,7/2,True,8.0,31.7101222,False,,
008002.000115,O,2,O II,2s2.2p2.(3P).4f D,2[2]*,1.5,3/2,True,4.0,31.716736,False,,
008002.000116,O,2,O II,2s2.2p2.(3P).4f D,2[2]*,2.5,5/2,True,6.0,31.7168283,False,,
008002.000117,O,2,O II,2s2.2p2.(3P).4f G,2[4]*,4.5,9/2,True,10.0,31.718587,False,,
008002.000118,O,2,O II,2s2.2p2.(3P).4f G,2[4]*,3.5,7/2,True,8.0,31.718825,False,,
008002.000119,O,2,O II,2s2.2p2.(3P).4d,2D,1.5,3/2,True,4.0,31.720478,False,,
008002.000120,O,2,O II,2s2.2p2.(3P).4d,2D,2.5,5/2,True,6.0,31.727258,False,,
008002.000121,O,2,O II,2s2.2p2.(3P).4f D,2[1]*,1.5,3/2,True,4.0,31.729084,False,,
008002.000122,O,2,O II,2s2.2p2.(3P).4f D,2[1]*,0.5,1/2,True,2.0,31.72909,False,,
008002.000123,O,2,O II,2s2.2p2.(3P).4f G,2[5]*,5.5,11/2,True,12.0,31.7371628,False,,
008002.000124,O,2,O II,2s2.2p2.(3P).4f G,2[5]*,4.5,9/2,True,10.0,31.7379195,False,,
008002.000125,O,2,O II,2s2.2p2.(3P).4f F,2[2]*,1.5,3/2,True,4.0,31.7503204,False,,
008002.000126,O,2,O II,2s2.2p2.(3P).4f F,2[2]*,2.5,5/2,True,6.0,31.7508339,False,,
008002.000127,O,2,O II,2s2.2p2.(3P).4f F,2[3]*,3.5,7/2,True,8.0,31.7552335,False,,
008002.000128,O,2,O II,2s2.2p2.(3P).4f F,2[3]*,2.5,5/2,True,6.0,31.7555502,False,,
008002.000129,O,2,O II,2s2.2p2.(3P).4f F,2[4]*,4.5,9/2,True,10.0,31.7568211,False,,
008002.000130,O,2,O II,2s2.2p2.(3P).4f F,2[4]*,3.5,7/2,True,8.0,31.7577077,False,,
008002.000131,O,2,O II,2s2.2p2.(3P).5s,4P,0.5,1/2,True,2.0,31.9502,False,,
008002.000132,O,2,O II,2s2.2p2.(3P).5s,4P,1.5,3/2,True,4.0,31.963118,False,,
008002.000133,O,2,O II,2s2.2p2.(3P).5s,4P,2.5,5/2,True,6.0,31.983597,False,,
008002.000134,O,2,O II,2s2.2p2.(3P).5s,2P,0.5,1/2,True,2.0,32.038913,False,,
008002.000135,O,2,O II,2s2.2p2.(3P).5s,2P,1.5,3/2,True,4.0,32.063101,False,,
008002.000136,O,2,O II,2s2.2p2.(1D).4s,2D,2.5,5/2,True,6.0,32.147566,False,,
008002.000137,O,2,O II,2s2.2p2.(1D).4s,2D,1.5,3/2,True,4.0,32.147624,False,,
008002.000138,O,2,O II,2s2.2p2.(3P).5p,2S*,0.5,1/2,True,2.0,32.320978,False,,
008002.000139,O,2,O II,2s2.2p2.(3P).5p,4D*,0.5,1/2,True,2.0,32.34896,False,,
008002.000140,O,2,O II,2s2.2p2.(3P).5p,4D*,1.5,3/2,True,4.0,32.354745,False,,
008002.000141,O,2,O II,2s2.2p2.(3P).5p,4D*,2.5,5/2,True,6.0,32.365335,False,,
008002.000142,O,2,O II,2s2.2p2.(3P).5p,4D*,3.5,7/2,True,8.0,32.382266,False,,
008002.000143,O,2,O II,2s2.2p2.(3P).5p,4P*,0.5,1/2,True,2.0,32.386467,False,,
008002.000144,O,2,O II,2s2.2p2.(3P).5p,4P*,1.5,3/2,True,4.0,32.392272,False,,
008002.000145,O,2,O II,2s2.2p2.(3P).5p,4P*,2.5,5/2,True,6.0,32.404017,False,,
008002.000146,O,2,O II,2s2.2p2.(3P).5p,4S*,1.5,3/2,True,4.0,32.436939,False,,
008002.000147,O,2,O II,2s2.2p2.(3P).5p,2D*,1.5,3/2,True,4.0,32.44651,False,,
008002.000148,O,2,O II,2s2.2p2.(3P).5p,2D*,2.5,5/2,True,6.0,32.467735,False,,
008002.000149,O,2,O II,2s2.2p2.(3P).5p,2P*,0.5,1/2,True,2.0,32.519421,False,,
008002.000150,O,2,O II,2s2.2p2.(3P).5p,2P*,1.5,3/2,True,4.0,32.529492,False,,
008002.000151,O,2,O II,2s2.2p2.(3P).5d,4D,2.5,5/2,True,6.0,32.88313,False,,
008002.000152,O,2,O II,2s2.2p2.(3P).5d,4D,1.5,3/2,True,4.0,32.88313,False,,
008002.000153,O,2,O II,2s2.2p2.(3P).5d,4P,2.5,5/2,True,6.0,32.90931,False,,
008002.000154,O,2,O II,2s2.2p2.(3P).5d,4P,1.5,3/2,True,4.0,32.91386,False,,
008002.000155,O,2,O II,2s2.2p2.(3P).5d,2F,3.5,7/2,True,8.0,32.92787,False,,
008002.000156,O,2,O II,2s2.2p2.(3P).5f D,2[3]*,2.5,5/2,True,6.0,32.934803,False,,
008002.000157,O,2,O II,2s2.2p2.(3P).5f D,2[3]*,3.5,7/2,True,8.0,32.934988,False,,
008002.000158,O,2,O II,2s2.2p2.(3P<0>).5g,2[4],4.5,9/2,True,10.0,32.942246,False,,
008002.000159,O,2,O II,2s2.2p2.(3P<0>).5g,2[4],3.5,7/2,True,8.0,32.942246,False,,
008002.000160,O,2,O II,2s2.2p2.(3P).5f G,2[3]*,2.5,5/2,True,6.0,32.944893,False,,
008002.000161,O,2,O II,2s2.2p2.(3P).5f G,2[3]*,3.5,7/2,True,8.0,32.945128,False,,
008002.000162,O,2,O II,2s2.2p2.(3P).5f G,2[4]*,4.5,9/2,True,10.0,32.950201,False,,
008002.000163,O,2,O II,2s2.2p2.(3P).5f G,2[4]*,3.5,7/2,True,8.0,32.950457,False,,
008002.000164,O,2,O II,2s2.2p2.(3P).5f D,2[2]*,1.5,3/2,True,4.0,32.950819,False,,
008002.000165,O,2,O II,2s2.2p2.(3P).5f D,2[2]*,2.5,5/2,True,6.0,32.950977,False,,
008002.000166,O,2,O II,2s2.2p2.(3P<1>).5g,2[4],3.5,7/2,True,8.0,32.954266,False,,
008002.000167,O,2,O II,2s2.2p2.(3P<1>).5g,2[4],4.5,9/2,True,10.0,32.954273,False,,
008002.000168,O,2,O II,2s2.2p2.(3P<1>).5g,2[5],4.5,9/2,True,10.0,32.956981,False,,
008002.000169,O,2,O II,2s2.2p2.(3P<1>).5g,2[5],5.5,11/2,True,12.0,32.956991,False,,
008002.000170,O,2,O II,2s2.2p2.(3P<1>).5g,2[3],2.5,5/2,True,6.0,32.957513,False,,
008002.000171,O,2,O II,2s2.2p2.(3P<1>).5g,2[3],3.5,7/2,True,8.0,32.957537,False,,
008002.000172,O,2,O II,2s2.2p2.(3P).5d,2D,2.5,5/2,True,6.0,32.96184,False,,
008002.000173,O,2,O II,2s2.2p2.(3P).5f D,2[1]*,0.5,1/2,True,2.0,32.966538,False,,
008002.000174,O,2,O II,2s2.2p2.(3P).5f D,2[1]*,1.5,3/2,True,4.0,32.966607,False,,
008002.000175,O,2,O II,2s2.2p2.(3P).5f G,2[5]*,5.5,11/2,True,12.0,32.970522,False,,
008002.000176,O,2,O II,2s2.2p2.(3P).5f G,2[5]*,4.5,9/2,True,10.0,32.971156,False,,
008002.000177,O,2,O II,2s2.2p2.(3P).5f F,2[2]*,1.5,3/2,True,4.0,32.974511,False,,
008002.000178,O,2,O II,2s2.2p2.(3P).5f F,2[2]*,2.5,5/2,True,6.0,32.975276,False,,
008002.000179,O,2,O II,2s2.2p2.(3P<2>).5g,2[2],2.5,5/2,True,6.0,32.977331,False,,
008002.000180,O,2,O II,2s2.2p2.(3P<2>).5g,2[2],1.5,3/2,True,4.0,32.977331,False,,
008002.000181,O,2,O II,2s2.2p2.(3P).5f F,2[3]*,3.5,7/2,True,8.0,32.978843,False,,
008002.000184,O,2,O II,2s2.2p2.(3P).5f F,2[3]*,2.5,5/2,True,6.0,32.978851,False,,
008002.000182,O,2,O II,2s2.2p2.(3P<2>).5g,2[6],5.5,11/2,True,12.0,32.978843,False,,
008002.000183,O,2,O II,2s2.2p2.(3P<2>).5g,2[6],6.5,13/2,True,14.0,32.978847,False,,
008002.000185,O,2,O II,2s2.2p2.(3P).5f F,2[4]*,4.5,9/2,True,10.0,32.979766,False,,
008002.000186,O,2,O II,2s2.2p2.(3P).5f F,2[4]*,3.5,7/2,True,8.0,32.980404,False,,
008002.000187,O,2,O II,2s2.2p2.(3P<2>).5g,2[3],2.5,5/2,True,6.0,32.980739,False,,
008002.000188,O,2,O II,2s2.2p2.(3P<2>).5g,2[3],3.5,7/2,True,8.0,32.980754,False,,
008002.000189,O,2,O II,2s2.2p2.(3P<2>).5g,2[4],4.5,9/2,True,10.0,32.982636,False,,
008002.000190,O,2,O II,2s2.2p2.(3P<2>).5g,2[4],3.5,7/2,True,8.0,32.982636,False,,
008002.000191,O,2,O II,2s2.2p2.(3P<2>).5g,2[5],5.5,11/2,True,12.0,32.982792,False,,
008002.000192,O,2,O II,2s2.2p2.(3P<2>).5g,2[5],4.5,9/2,True,10.0,32.982792,False,,
008002.000193,O,2,O II,2s2.2p2.(1D).4p,2F*,2.5,5/2,True,6.0,33.051674,False,,
008002.000194,O,2,O II,2s2.2p2.(1D).4p,2F*,3.5,7/2,True,8.0,33.05274,False,,
008002.000195,O,2,O II,2s2.2p2.(1D).4p,2D*,1.5,3/2,True,4.0,33.057203,False,,
008002.000196,O,2,O II,2s2.2p2.(1D).4p,2D*,2.5,5/2,True,6.0,33.059219,False,,
008002.000197,O,2,O II,2s2.2p2.(3P).6s,4P,0.5,1/2,True,2.0,33.06634,False,,
008002.000198,O,2,O II,2s2.2p2.(3P).6s,4P,1.5,3/2,True,4.0,33.07923,False,,
008002.000199,O,2,O II,2s2.2p2.(3P).6s,4P,2.5,5/2,True,6.0,33.100214,False,,
008002.000200,O,2,O II,2s2.2p2.(3P).6s,2P,0.5,1/2,True,2.0,33.11632,False,,
008002.000201,O,2,O II,2s2.2p2.(3P).6s,2P,1.5,3/2,True,4.0,33.140757,False,,
008002.000202,O,2,O II,2s2.2p2.(1D).4p,2P*,0.5,1/2,True,2.0,33.160848,False,,
008002.000203,O,2,O II,2s2.2p2.(1D).4p,2P*,1.5,3/2,True,4.0,33.164631,False,,
008002.000204,O,2,O II,2s.2p3.(5S*).3p,6P,1.5,3/2,True,4.0,33.199026,False,,
008002.000205,O,2,O II,2s.2p3.(5S*).3p,6P,2.5,5/2,True,6.0,33.199928,False,,
008002.000206,O,2,O II,2s.2p3.(5S*).3p,6P,3.5,7/2,True,8.0,33.201492,False,,
008002.000207,O,2,O II,2s2.2p2.(3P).6p,2S*,0.5,1/2,True,2.0,33.27361,False,,
008002.000002,O,2,O II,2s2.2p2.(3P).6p,4D*,0.5,1/2,True,2.0,,False,,
008002.000208,O,2,O II,2s2.2p2.(3P).6p,4D*,1.5,3/2,True,4.0,33.28549,False,,
008002.000209,O,2,O II,2s2.2p2.(3P).6p,4D*,2.5,5/2,True,6.0,33.295647,False,,
008002.000210,O,2,O II,2s2.2p2.(3P).6p,4D*,3.5,7/2,True,8.0,33.31357,False,,
008002.000003,O,2,O II,2s2.2p2.(3P).6p,4P*,0.5,1/2,True,2.0,,False,,
008002.000004,O,2,O II,2s2.2p2.(3P).6p,4P*,1.5,3/2,True,4.0,,False,,
008002.000211,O,2,O II,2s2.2p2.(3P).6p,4P*,2.5,5/2,True,6.0,33.32478,False,,
008002.000212,O,2,O II,2s2.2p2.(3P<0>).6g,2[4],3.5,7/2,True,8.0,33.608192,False,,
008002.000213,O,2,O II,2s2.2p2.(3P<0>).6g,2[4],4.5,9/2,True,10.0,33.608197,False,,
008002.000214,O,2,O II,2s2.2p2.(3P<1>).6g,2[4],4.5,9/2,True,10.0,33.621024,False,,
008002.000215,O,2,O II,2s2.2p2.(3P<1>).6g,2[4],3.5,7/2,True,8.0,33.621024,False,,
008002.000216,O,2,O II,2s2.2p2.(3P<1>).6g,2[5],4.5,9/2,True,10.0,33.622639,False,,
008002.000217,O,2,O II,2s2.2p2.(3P<1>).6g,2[5],5.5,11/2,True,12.0,33.622665,False,,
008002.000218,O,2,O II,2s2.2p2.(3P<1>).6g,2[3],2.5,5/2,True,6.0,33.623017,False,,
008002.000219,O,2,O II,2s2.2p2.(3P<1>).6g,2[3],3.5,7/2,True,8.0,33.623032,False,,
008002.000220,O,2,O II,2s2.2p2.(3P<2>).6g,2[2],2.5,5/2,True,6.0,33.644428,False,,
008002.000221,O,2,O II,2s2.2p2.(3P<2>).6g,2[2],1.5,3/2,True,4.0,33.644428,False,,
008002.000222,O,2,O II,2s2.2p2.(3P<2>).6g,2[6],5.5,11/2,True,12.0,33.645307,False,,
008002.000223,O,2,O II,2s2.2p2.(3P<2>).6g,2[6],6.5,13/2,True,14.0,33.645318,False,,
008002.000224,O,2,O II,2s2.2p2.(3P<2>).6g,2[3],3.5,7/2,True,8.0,33.646271,False,,
008002.000225,O,2,O II,2s2.2p2.(3P<2>).6g,2[3],2.5,5/2,True,6.0,33.646287,False,,
008002.000226,O,2,O II,2s2.2p2.(3P<2>).6g,2[4],3.5,7/2,True,8.0,33.647408,False,,
008002.000227,O,2,O II,2s2.2p2.(3P<2>).6g,2[4],4.5,9/2,True,10.0,33.647427,False,,
008002.000228,O,2,O II,2s2.2p2.(3P<2>).6g,2[5],4.5,9/2,True,10.0,33.647459,False,,
008002.000229,O,2,O II,2s2.2p2.(3P<2>).6g,2[5],5.5,11/2,True,12.0,33.6475,False,,
008002.000005,O,2,O II,2s2.2p2.(3P).7p,4D*,0.5,1/2,True,2.0,,False,,
008002.000230,O,2,O II,2s2.2p2.(3P).7p,4D*,1.5,3/2,True,4.0,33.81401,False,,
008002.000231,O,2,O II,2s2.2p2.(3P).7p,4D*,2.5,5/2,True,6.0,33.82136,False,,
008002.000232,O,2,O II,2s2.2p2.(3P).7p,4D*,3.5,7/2,True,8.0,33.84377,False,,
008002.000006,O,2,O II,2s2.2p2.(3P).7p,4P*,0.5,1/2,True,2.0,,False,,
008002.000007,O,2,O II,2s2.2p2.(3P).7p,4P*,1.5,3/2,True,4.0,,False,,
008002.000233,O,2,O II,2s2.2p2.(3P).7p,4P*,2.5,5/2,True,6.0,33.85,False,,
008002.000234,O,2,O II,2s2.2p2.(1D).4d,2F,2.5,5/2,True,6.0,34.06351,False,,
008002.000235,O,2,O II,2s2.2p2.(1D).4d,2F,3.5,7/2,True,8.0,34.06856,False,,
008002.000236,O,2,O II,2s2.2p2.(1D).4d,2D,1.5,3/2,True,4.0,34.08524,False,,
008002.000237,O,2,O II,2s2.2p2.(1D).4d,2D,2.5,5/2,True,6.0,34.08673,False,,
008002.000008,O,2,O II,2s2.2p2.(1D).4d,2P,0.5,1/2,True,2.0,,False,,
008002.000238,O,2,O II,2s2.2p2.(1D).4d,2P,1.5,3/2,True,4.0,34.17142,False,,
008002.000239,O,2,O II,2s2.2p2.(1D).4f G,2[4]*,4.5,9/2,True,10.0,34.200067,False,,
008002.000240,O,2,O II,2s2.2p2.(1D).4f G,2[4]*,3.5,7/2,True,8.0,34.200067,False,,
008002.000241,O,2,O II,2s2.2p2.(1D).4f F,2[3]*,3.5,7/2,True,8.0,34.204965,False,,
008002.000242,O,2,O II,2s2.2p2.(1D).4f F,2[3]*,2.5,5/2,True,6.0,34.204965,False,,
008002.000243,O,2,O II,2s2.2p2.(1S).3d,2D,1.5,3/2,True,4.0,34.217649,False,,
008002.000247,O,2,O II,2s2.2p2.(1S).3d,2D,2.5,5/2,True,6.0,34.228977,False,,
008002.000244,O,2,O II,2s2.2p2.(1D).4d,2S,0.5,1/2,True,2.0,34.2192,False,,
008002.000245,O,2,O II,2s2.2p2.(1D).4f D,2[2]*,1.5,3/2,True,4.0,34.227922,False,,
008002.000246,O,2,O II,2s2.2p2.(1D).4f D,2[2]*,2.5,5/2,True,6.0,34.227931,False,,
008002.000248,O,2,O II,2s2.2p2.(1D).4f H,2[5]*,4.5,9/2,True,10.0,34.23321,False,,
008002.000249,O,2,O II,2s2.2p2.(1D).4f H,2[5]*,5.5,11/2,True,12.0,34.23322,False,,
008002.000250,O,2,O II,2s2.2p2.(1D).4f P,2[1]*,1.5,3/2,True,4.0,34.252347,False,,
008002.000251,O,2,O II,2s2.2p2.(1D).4f P,2[1]*,0.5,1/2,True,2.0,34.252347,False,,
008002.000252,O,2,O II,2s2.2p2.(1D).5s,2D,1.5,3/2,True,4.0,34.485502,False,,
008002.000253,O,2,O II,2s2.2p2.(1D).5s,2D,2.5,5/2,True,6.0,34.485538,False,,
008002.000254,O,2,O II,2s2.2p2.(1S).4s,2S,0.5,1/2,True,2.0,34.990808,False,,
008002.Lim001,O,2,O II,O III (2p2 3P<0>),Limit,,---,False,,35.12112,False,6e-05,"L11267,L10621"
008002.Lim002,O,2,O II,O III (2p2 3P<1>),Limit,,---,False,,35.13515,False,,
008002.Lim003,O,2,O II,O III (2p2 3P<2>),Limit,,---,False,,35.15908,False,,
008002.000258,O,2,O II,2s2.2p2.(1D).5f G,2[4]*,4.5,9/2,True,10.0,35.439459,False,,
008002.000259,O,2,O II,2s2.2p2.(1D).5f F,2[3]*,3.5,7/2,True,8.0,35.442339,False,,
008002.000260,O,2,O II,2s2.2p2.(1D<2>).5g,2[5],5.5,11/2,True,12.0,35.451924,False,,
008002.000261,O,2,O II,2s2.2p2.(1D<2>).5g,2[5],4.5,9/2,True,10.0,35.451924,False,,
008002.000262,O,2,O II,2s2.2p2.(1D<2>).5g,2[4],4.5,9/2,True,10.0,35.452208,False,,
008002.000263,O,2,O II,2s2.2p2.(1D<2>).5g,2[4],3.5,7/2,True,8.0,35.452208,False,,
008002.000264,O,2,O II,2s2.2p2.(1D).5f D,2[2]*,2.5,5/2,True,6.0,35.454483,False,,
008002.000265,O,2,O II,2s2.2p2.(1D).5f H,2[5]*,5.5,11/2,True,12.0,35.45682,False,,
008002.000266,O,2,O II,2s2.2p2.(1D).5f H,2[5]*,4.5,9/2,True,10.0,35.45682,False,,
008002.000267,O,2,O II,2s2.2p2.(1D<2>).5g,2[6],6.5,13/2,True,14.0,35.459519,False,,
008002.000268,O,2,O II,2s2.2p2.(1D<2>).5g,2[6],5.5,11/2,True,12.0,35.459519,False,,
008002.000269,O,2,O II,2s2.2p2.(1D).5f P,2[1]*,1.5,3/2,True,4.0,35.466335,False,,
008002.000270,O,2,O II,2s2.2p2.(1D).6s,2D,1.5,3/2,True,4.0,35.58912,False,,
008002.000271,O,2,O II,2s2.2p2.(1D).6s,2D,2.5,5/2,True,6.0,35.5893,False,,
008002.000272,O,2,O II,2s2.2p2.(1S).4p,2P*,0.5,1/2,True,2.0,35.95426,False,,
008002.000273,O,2,O II,2s2.2p2.(1S).4p,2P*,1.5,3/2,True,4.0,35.95545,False,,
008002.000274,O,2,O II,2s2.2p2.(1D<2>).6g,2[5],5.5,11/2,True,12.0,36.119449,False,,
008002.000275,O,2,O II,2s2.2p2.(1D<2>).6g,2[5],4.5,9/2,True,10.0,36.119449,False,,
008002.000276,O,2,O II,2s2.2p2.(1D<2>).6g,2[4],4.5,9/2,True,10.0,36.119578,False,,
008002.000277,O,2,O II,2s2.2p2.(1D<2>).6g,2[4],3.5,7/2,True,8.0,36.119578,False,,
008002.000278,O,2,O II,2s2.2p2.(1D<2>).6g,2[6],6.5,13/2,True,14.0,36.12383,False,,
008002.000279,O,2,O II,2s2.2p2.(1D<2>).6g,2[6],5.5,11/2,True,12.0,36.12383,False,,
008002.000280,O,2,O II,2s.2p3.(5S*).3d,6D*,4.5,9/2,True,10.0,36.191047,False,,
008002.000281,O,2,O II,2s.2p3.(5S*).3d,6D*,3.5,7/2,True,8.0,36.19117,False,,
008002.000282,O,2,O II,2s.2p3.(5S*).3d,6D*,2.5,5/2,True,6.0,36.191326,False,,
008002.000283,O,2,O II,2s.2p3.(5S*).3d,6D*,1.5,3/2,True,4.0,36.191472,False,,
008002.000284,O,2,O II,2s.2p3.(5S*).3d,6D*,0.5,1/2,True,2.0,36.191571,False,,
008002.000285,O,2,O II,2s.2p3.(5S*).4s,6S*,2.5,5/2,True,6.0,37.053303,False,,
008002.Lim004,O,2,O II,O III (2p2 1D<2>),Limit,,---,False,,37.63468,False,,
008002.Lim005,O,2,O II,O III (2p2 1S<0>),Limit,,---,False,,40.47546,False,,
009001.000001,F,1,F I,2s2.2p5,2P*,1.5,3/2,True,4.0,0.0,False,0.0,L3462
009001.000002,F,1,F I,2s2.2p5,2P*,0.5,1/2,True,2.0,0.0501071,False,2.5e-07,L5746
009001.000003,F,1,F I,2s2.2p4.(3P).3s,4P,2.5,5/2,True,6.0,12.69669,False,,
009001.000004,F,1,F I,2s2.2p4.(3P).3s,4P,1.5,3/2,True,4.0,12.730752,False,,
009001.000005,F,1,F I,2s2.2p4.(3P).3s,4P,0.5,1/2,True,2.0,12.750582,False,,
009001.000006,F,1,F I,2s2.2p4.(3P).3s,2P,1.5,3/2,True,4.0,12.984995,False,,
009001.000007,F,1,F I,2s2.2p4.(3P).3s,2P,0.5,1/2,True,2.0,13.025319,False,,
009001.000008,F,1,F I,2s2.2p4.(3P).3p,4P*,2.5,5/2,True,6.0,14.371989,False,,
009001.000009,F,1,F I,2s2.2p4.(3P).3p,4P*,1.5,3/2,True,4.0,14.387235,False,,
009001.000010,F,1,F I,2s2.2p4.(3P).3p,4P*,0.5,1/2,True,2.0,14.399969,False,,
009001.000011,F,1,F I,2s2.2p4.(3P).3p,4D*,3.5,7/2,True,8.0,14.504588,False,,
009001.000012,F,1,F I,2s2.2p4.(3P).3p,4D*,2.5,5/2,True,6.0,14.526486,False,,
009001.000013,F,1,F I,2s2.2p4.(3P).3p,4D*,1.5,3/2,True,4.0,14.544408,False,,
009001.000014,F,1,F I,2s2.2p4.(3P).3p,4D*,0.5,1/2,True,2.0,14.554747,False,,
009001.000015,F,1,F I,2s2.2p4.(3P).3p,2D*,2.5,5/2,True,6.0,14.583383,False,,
009001.000016,F,1,F I,2s2.2p4.(3P).3p,2D*,1.5,3/2,True,4.0,14.61438,False,,
009001.000017,F,1,F I,2s2.2p4.(3P).3p,2S*,0.5,1/2,True,2.0,14.680382,False,,
009001.000018,F,1,F I,2s2.2p4.(3P).3p,4S*,1.5,3/2,True,4.0,14.683178,False,,
009001.000019,F,1,F I,2s2.2p4.(3P).3p,2P*,1.5,3/2,True,4.0,14.746284,False,,
009001.000020,F,1,F I,2s2.2p4.(3P).3p,2P*,0.5,1/2,True,2.0,14.764264,False,,
009001.000021,F,1,F I,2s2.2p4.(1D).3s,2D,2.5,5/2,True,6.0,15.3641547,False,,"L484,L7481,L15138"
009001.000022,F,1,F I,2s2.2p4.(1D).3s,2D,1.5,3/2,True,4.0,15.3642647,False,,"L484,L7481,L477,L15138"
009001.000023,F,1,F I,2s2.2p4.(3P).4s,4P,2.5,5/2,True,6.0,15.577088,False,,
009001.000024,F,1,F I,2s2.2p4.(3P).4s,4P,1.5,3/2,True,4.0,15.606794,False,,
009001.000025,F,1,F I,2s2.2p4.(3P).4s,4P,0.5,1/2,True,2.0,15.630344,False,,
009001.000026,F,1,F I,2s2.2p4.(3P).4s,2P,1.5,3/2,True,4.0,15.657044,False,,
009001.000027,F,1,F I,2s2.2p4.(3P).4s,2P,0.5,1/2,True,2.0,15.694066,False,,
009001.000028,F,1,F I,2s2.2p4.(3P).3d,4D,3.5,7/2,True,8.0,15.877925,False,,
009001.000029,F,1,F I,2s2.2p4.(3P).3d,4D,2.5,5/2,True,6.0,15.880867,False,,
009001.000030,F,1,F I,2s2.2p4.(3P).3d,4D,1.5,3/2,True,4.0,15.885193,False,,
009001.000032,F,1,F I,2s2.2p4.(3P).3d,4D,0.5,1/2,True,2.0,15.892913,False,,
009001.000031,F,1,F I,2s2.2p4.(3P).3d,2D,2.5,5/2,True,6.0,15.887395,False,,
009001.000034,F,1,F I,2s2.2p4.(3P).3d,2D,1.5,3/2,True,4.0,15.897233,False,,
009001.000033,F,1,F I,2s2.2p4.(3P).3d,4F,4.5,9/2,True,10.0,15.897146,False,,
009001.000037,F,1,F I,2s2.2p4.(3P).3d,4F,3.5,7/2,True,8.0,15.933798,False,,
009001.000040,F,1,F I,2s2.2p4.(3P).3d,4F,2.5,5/2,True,6.0,15.935112,False,,
009001.000042,F,1,F I,2s2.2p4.(3P).3d,4F,1.5,3/2,True,4.0,15.945846,False,,
009001.000035,F,1,F I,2s2.2p4.(3P).3d,2F,3.5,7/2,True,8.0,15.897299,False,,
009001.000043,F,1,F I,2s2.2p4.(3P).3d,2F,2.5,5/2,True,6.0,15.956505,False,,
009001.000036,F,1,F I,2s2.2p4.(3P).3d,4P,0.5,1/2,True,2.0,15.911973,False,,
009001.000039,F,1,F I,2s2.2p4.(3P).3d,4P,1.5,3/2,True,4.0,15.934856,False,,
009001.000041,F,1,F I,2s2.2p4.(3P).3d,4P,2.5,5/2,True,6.0,15.945123,False,,
009001.000038,F,1,F I,2s2.2p4.(3P).3d,2P,0.5,1/2,True,2.0,15.934476,False,,
009001.000044,F,1,F I,2s2.2p4.(3P).3d,2P,1.5,3/2,True,4.0,15.958291,False,,
009001.000045,F,1,F I,2s2.2p4.(3P).4p,4P*,2.5,5/2,True,6.0,16.041306,False,,
009001.000046,F,1,F I,2s2.2p4.(3P).4p,4P*,1.5,3/2,True,4.0,16.054052,False,,
009001.000047,F,1,F I,2s2.2p4.(3P).4p,4P*,0.5,1/2,True,2.0,16.069229,False,,
009001.000048,F,1,F I,2s2.2p4.(3P).4p,4D*,3.5,7/2,True,8.0,16.075729,False,,
009001.000049,F,1,F I,2s2.2p4.(3P).4p,4D*,2.5,5/2,True,6.0,16.08978,False,,
009001.000050,F,1,F I,2s2.2p4.(3P).4p,4D*,1.5,3/2,True,4.0,16.110176,False,,
009001.000052,F,1,F I,2s2.2p4.(3P).4p,4D*,0.5,1/2,True,2.0,16.12531,False,,
009001.000051,F,1,F I,2s2.2p4.(3P).4p,2D*,2.5,5/2,True,6.0,16.119942,False,,
009001.000053,F,1,F I,2s2.2p4.(3P).4p,2D*,1.5,3/2,True,4.0,16.135508,False,,
009001.000054,F,1,F I,2s2.2p4.(3P).4p,2S*,0.5,1/2,True,2.0,16.136428,False,,
009001.000055,F,1,F I,2s2.2p4.(3P).4p,4S*,1.5,3/2,True,4.0,16.145361,False,,
009001.000056,F,1,F I,2s2.2p4.(3P).4p,2P*,1.5,3/2,True,4.0,16.164423,False,,
009001.000057,F,1,F I,2s2.2p4.(3P).4p,2P*,0.5,1/2,True,2.0,16.178689,False,,
009001.000058,F,1,F I,2s2.2p4.(3P).5s,4P,2.5,5/2,True,6.0,16.439747,False,,
009001.000059,F,1,F I,2s2.2p4.(3P).5s,4P,1.5,3/2,True,4.0,16.458279,False,,
009001.000061,F,1,F I,2s2.2p4.(3P).5s,4P,0.5,1/2,True,2.0,16.49103,False,,
009001.000060,F,1,F I,2s2.2p4.(3P).5s,2P,1.5,3/2,True,4.0,16.489698,False,,
009001.000062,F,1,F I,2s2.2p4.(3P).5s,2P,0.5,1/2,True,2.0,16.517578,False,,
009001.000063,F,1,F I,2s2.2p4.(3P).4d,4D,3.5,7/2,True,8.0,16.557413,False,,
009001.000064,F,1,F I,2s2.2p4.(3P).4d,4D,2.5,5/2,True,6.0,16.559011,False,,
009001.000065,F,1,F I,2s2.2p4.(3P).4d,4D,1.5,3/2,True,4.0,16.561487,False,,
009001.000069,F,1,F I,2s2.2p4.(3P).4d,4D,0.5,1/2,True,2.0,16.565952,False,,
009001.000066,F,1,F I,2s2.2p4.(3P).4d,2D,2.5,5/2,True,6.0,16.562252,False,,
009001.000070,F,1,F I,2s2.2p4.(3P).4d,2D,1.5,3/2,True,4.0,16.567246,False,,
009001.000067,F,1,F I,2s2.2p4.(3P).4d,4F,4.5,9/2,True,10.0,16.564984,False,,
009001.000074,F,1,F I,2s2.2p4.(3P).4d,4F,3.5,7/2,True,8.0,16.604344,False,,
009001.000075,F,1,F I,2s2.2p4.(3P).4d,4F,2.5,5/2,True,6.0,16.605428,False,,
009001.000077,F,1,F I,2s2.2p4.(3P).4d,4F,1.5,3/2,True,4.0,16.610334,False,,
009001.000068,F,1,F I,2s2.2p4.(3P).4d,2F,3.5,7/2,True,8.0,16.565096,False,,
009001.000078,F,1,F I,2s2.2p4.(3P).4d,2F,2.5,5/2,True,6.0,16.62439,False,,
009001.000071,F,1,F I,2s2.2p4.(3P).4d,4P,0.5,1/2,True,2.0,16.571619,False,,
009001.000073,F,1,F I,2s2.2p4.(3P).4d,4P,1.5,3/2,True,4.0,16.603901,False,,
009001.000076,F,1,F I,2s2.2p4.(3P).4d,4P,2.5,5/2,True,6.0,16.609627,False,,
009001.000072,F,1,F I,2s2.2p4.(3P).4d,2P,0.5,1/2,True,2.0,16.602772,False,,
009001.000079,F,1,F I,2s2.2p4.(3P).4d,2P,1.5,3/2,True,4.0,16.6252,False,,
009001.000080,F,1,F I,2s2.2p4.(3P).5p,4D*,3.5,7/2,True,8.0,16.645708,False,,
009001.000081,F,1,F I,2s2.2p4.(3P).6s,4P,2.5,5/2,True,6.0,16.812735,False,,
009001.000082,F,1,F I,2s2.2p4.(3P).6s,4P,1.5,3/2,True,4.0,16.822829,False,,
009001.000084,F,1,F I,2s2.2p4.(3P).6s,4P,0.5,1/2,True,2.0,16.861265,False,,
009001.000083,F,1,F I,2s2.2p4.(3P).6s,2P,1.5,3/2,True,4.0,16.857684,False,,
009001.000094,F,1,F I,2s2.2p4.(3P).6s,2P,0.5,1/2,True,2.0,16.880599,False,,
009001.000085,F,1,F I,2s2.2p4.(3P).5d,4D,3.5,7/2,True,8.0,16.870639,False,,
009001.000086,F,1,F I,2s2.2p4.(3P).5d,4D,2.5,5/2,True,6.0,16.871552,False,,
009001.000087,F,1,F I,2s2.2p4.(3P).5d,4D,1.5,3/2,True,4.0,16.87299,False,,
009001.000091,F,1,F I,2s2.2p4.(3P).5d,4D,0.5,1/2,True,2.0,16.875419,False,,
009001.000088,F,1,F I,2s2.2p4.(3P).5d,2D,2.5,5/2,True,6.0,16.873287,False,,
009001.000092,F,1,F I,2s2.2p4.(3P).5d,2D,1.5,3/2,True,4.0,16.875962,False,,
009001.000089,F,1,F I,2s2.2p4.(3P).5d,4F,4.5,9/2,True,10.0,16.874381,False,,
009001.000097,F,1,F I,2s2.2p4.(3P).5d,4F,3.5,7/2,True,8.0,16.915056,False,,
009001.000098,F,1,F I,2s2.2p4.(3P).5d,4F,2.5,5/2,True,6.0,16.915766,False,,
009001.000100,F,1,F I,2s2.2p4.(3P).5d,4F,1.5,3/2,True,4.0,16.918274,False,,
009001.000090,F,1,F I,2s2.2p4.(3P).5d,2F,3.5,7/2,True,8.0,16.874454,False,,
009001.000101,F,1,F I,2s2.2p4.(3P).5d,2F,2.5,5/2,True,6.0,16.934314,False,,
009001.000093,F,1,F I,2s2.2p4.(3P).5d,4P,0.5,1/2,True,2.0,16.877262,False,,
009001.000096,F,1,F I,2s2.2p4.(3P).5d,4P,1.5,3/2,True,4.0,16.914767,False,,
009001.000099,F,1,F I,2s2.2p4.(3P).5d,4P,2.5,5/2,True,6.0,16.917829,False,,
009001.000095,F,1,F I,2s2.2p4.(3P).5d,2P,0.5,1/2,True,2.0,16.913932,False,,
009001.000102,F,1,F I,2s2.2p4.(3P).5d,2P,1.5,3/2,True,4.0,16.934752,False,,
009001.000103,F,1,F I,2s2.2p4.(3P).7s,4P,2.5,5/2,True,6.0,17.007508,False,,
009001.000104,F,1,F I,2s2.2p4.(3P).7s,4P,1.5,3/2,True,4.0,17.013383,False,,
009001.000105,F,1,F I,2s2.2p4.(3P).6d,4D,3.5,7/2,True,8.0,17.040199,False,,
009001.000106,F,1,F I,2s2.2p4.(3P).6d,4D,2.5,5/2,True,6.0,17.040765,False,,
009001.000107,F,1,F I,2s2.2p4.(3P).6d,4D,1.5,3/2,True,4.0,17.041623,False,,
009001.000108,F,1,F I,2s2.2p4.(3P).6d,2D,2.5,5/2,True,6.0,17.041794,False,,
009001.000111,F,1,F I,2s2.2p4.(3P).6d,2D,1.5,3/2,True,4.0,17.043204,False,,
009001.000109,F,1,F I,2s2.2p4.(3P).6d,4F,4.5,9/2,True,10.0,17.042332,False,,
009001.000120,F,1,F I,2s2.2p4.(3P).6d,4F,3.5,7/2,True,8.0,17.083667,False,,
009001.000121,F,1,F I,2s2.2p4.(3P).6d,4F,2.5,5/2,True,6.0,17.08412,False,,
009001.000110,F,1,F I,2s2.2p4.(3P).6d,2F,3.5,7/2,True,8.0,17.042374,False,,
009001.000123,F,1,F I,2s2.2p4.(3P).6d,2F,2.5,5/2,True,6.0,17.102559,False,,
009001.000112,F,1,F I,2s2.2p4.(3P<1>).7s,2[1],1.5,3/2,True,4.0,17.05129,False,,
009001.000113,F,1,F I,2s2.2p4.(3P<1>).7s,2[1],0.5,1/2,True,2.0,17.05359,False,,
009001.000114,F,1,F I,2s2.2p4.(1D).3p,2P*,0.5,1/2,True,2.0,17.058685,False,,
009001.000117,F,1,F I,2s2.2p4.(1D).3p,2P*,1.5,3/2,True,4.0,17.060879,False,,
009001.000115,F,1,F I,2s2.2p4.(1D).3p,2F*,2.5,5/2,True,6.0,17.0588903,False,,"L484,L7481,L15138"
009001.000116,F,1,F I,2s2.2p4.(1D).3p,2F*,3.5,7/2,True,8.0,17.0600023,False,,"L484,L7481,L15138"
009001.000118,F,1,F I,2s2.2p4.(3P<0>).7s,2[0],0.5,1/2,True,2.0,17.07148,False,,
009001.000119,F,1,F I,2s2.2p4.(3P).6d,4P,1.5,3/2,True,4.0,17.083498,False,,
009001.000122,F,1,F I,2s2.2p4.(3P).6d,4P,2.5,5/2,True,6.0,17.085283,False,,
009001.000124,F,1,F I,2s2.2p4.(3P).8s,4P,2.5,5/2,True,6.0,17.121938,False,,
009001.000125,F,1,F I,2s2.2p4.(3P<2>).8s,2[2],1.5,3/2,True,4.0,17.12591,False,,
009001.000126,F,1,F I,2s2.2p4.(3P).7d,4F,4.5,9/2,True,10.0,17.143498,False,,
009001.000128,F,1,F I,2s2.2p4.(3P<2>).7d,2[2],1.5,3/2,True,4.0,17.14354,False,,
009001.000129,F,1,F I,2s2.2p4.(3P<2>).7d,2[2],2.5,5/2,True,6.0,17.14354,False,,
009001.000127,F,1,F I,2s2.2p4.(3P).7d,2F,3.5,7/2,True,8.0,17.143543,False,,
009001.000130,F,1,F I,2s2.2p4.(3P<2>).7d,2[0],0.5,1/2,True,2.0,17.14452,False,,
009001.000131,F,1,F I,2s2.2p4.(3P<1>).8s,2[1],1.5,3/2,True,4.0,17.16513,False,,
009001.000132,F,1,F I,2s2.2p4.(3P<1>).8s,2[1],0.5,1/2,True,2.0,17.16722,False,,
009001.000133,F,1,F I,2s2.2p4.(3P<0>).8s,2[0],0.5,1/2,True,2.0,17.18442,False,,
009001.000134,F,1,F I,2s2.2p4.(3P<1>).7d,2[2],1.5,3/2,True,4.0,17.18575,False,,
009001.000135,F,1,F I,2s2.2p4.(3P<1>).7d,2[2],2.5,5/2,True,6.0,17.18575,False,,
009001.000136,F,1,F I,2s2.2p4.(1D).3p,2D*,1.5,3/2,True,4.0,17.196058,False,,
009001.000137,F,1,F I,2s2.2p4.(1D).3p,2D*,2.5,5/2,True,6.0,17.197045,False,,
009001.000138,F,1,F I,2s2.2p4.(3P<2>).9s,2[2],1.5,3/2,True,4.0,17.1975,False,,
009001.000139,F,1,F I,2s2.2p4.(3P<0>).7d,2[2],1.5,3/2,True,4.0,17.20425,False,,
009001.000140,F,1,F I,2s2.2p4.(3P<0>).7d,2[2],2.5,5/2,True,6.0,17.20425,False,,
009001.000141,F,1,F I,2s2.2p4.(3P).8d,4F,4.5,9/2,True,10.0,17.209125,False,,
009001.000142,F,1,F I,2s2.2p4.(3P<2>).8d,2[2],1.5,3/2,True,4.0,17.20934,False,,
009001.000143,F,1,F I,2s2.2p4.(3P<2>).8d,2[2],2.5,5/2,True,6.0,17.20934,False,,
009001.000144,F,1,F I,2s2.2p4.(3P<2>).8d,2[0],0.5,1/2,True,2.0,17.21041,False,,
009001.000145,F,1,F I,2s2.2p4.(3P<1>).9s,2[1],1.5,3/2,True,4.0,17.23762,False,,
009001.000146,F,1,F I,2s2.2p4.(3P<2>).10s,2[2],1.5,3/2,True,4.0,17.24621,False,,
009001.000147,F,1,F I,2s2.2p4.(3P<1>).8d,2[2],1.5,3/2,True,4.0,17.25145,False,,
009001.000148,F,1,F I,2s2.2p4.(3P<1>).8d,2[2],2.5,5/2,True,6.0,17.25145,False,,
009001.000149,F,1,F I,2s2.2p4.(3P<2>).9d,2[2],1.5,3/2,True,4.0,17.2543,False,,
009001.000150,F,1,F I,2s2.2p4.(3P<2>).9d,2[2],2.5,5/2,True,6.0,17.2543,False,,
009001.000151,F,1,F I,2s2.2p4.(3P<2>).9d,2[0],0.5,1/2,True,2.0,17.25528,False,,
009001.000152,F,1,F I,2s2.2p4.(3P<0>).9s,2[0],0.5,1/2,True,2.0,17.25663,False,,
009001.000153,F,1,F I,2s2.2p4.(3P<0>).8d,2[2],1.5,3/2,True,4.0,17.26986,False,,
009001.000154,F,1,F I,2s2.2p4.(3P<0>).8d,2[2],2.5,5/2,True,6.0,17.26986,False,,
009001.000155,F,1,F I,2s2.2p4.(3P<2>).11s,2[2],1.5,3/2,True,4.0,17.2802,False,,
009001.000156,F,1,F I,2s2.2p4.(3P<2>).10d,2[2],1.5,3/2,True,4.0,17.28639,False,,
009001.000157,F,1,F I,2s2.2p4.(3P<2>).10d,2[2],2.5,5/2,True,6.0,17.28639,False,,
009001.000158,F,1,F I,2s2.2p4.(3P<2>).10d,2[0],0.5,1/2,True,2.0,17.28653,False,,
009001.000159,F,1,F I,2s2.2p4.(3P<1>).9d,2[2],1.5,3/2,True,4.0,17.29647,False,,
009001.000160,F,1,F I,2s2.2p4.(3P<1>).9d,2[2],2.5,5/2,True,6.0,17.29647,False,,
009001.000161,F,1,F I,2s2.2p4.(3P<2>).12s,2[2],1.5,3/2,True,4.0,17.30492,False,,
009001.000162,F,1,F I,2s2.2p4.(3P<0>).10s,2[0],0.5,1/2,True,2.0,17.30554,False,,
009001.000163,F,1,F I,2s2.2p4.(3P<2>).11d,2[2],1.5,3/2,True,4.0,17.31017,False,,
009001.000164,F,1,F I,2s2.2p4.(3P<2>).11d,2[2],2.5,5/2,True,6.0,17.31017,False,,
009001.000165,F,1,F I,2s2.2p4.(3P<0>).9d,2[2],1.5,3/2,True,4.0,17.31474,False,,
009001.000166,F,1,F I,2s2.2p4.(3P<0>).9d,2[2],2.5,5/2,True,6.0,17.31474,False,,
009001.000167,F,1,F I,2s2.2p4.(3P<2>).13s,2[2],1.5,3/2,True,4.0,17.32465,False,,
009001.000168,F,1,F I,2s2.2p4.(3P<2>).12d,2[2],1.5,3/2,True,4.0,17.32825,False,,
009001.000169,F,1,F I,2s2.2p4.(3P<2>).12d,2[2],2.5,5/2,True,6.0,17.32825,False,,
009001.000170,F,1,F I,2s2.2p4.(3P<1>).10d,2[2],1.5,3/2,True,4.0,17.32835,False,,
009001.000171,F,1,F I,2s2.2p4.(3P<1>).10d,2[2],2.5,5/2,True,6.0,17.32835,False,,
009001.000172,F,1,F I,2s2.2p4.(3P<2>).14s,2[2],1.5,3/2,True,4.0,17.33943,False,,
009001.000173,F,1,F I,2s2.2p4.(3P<0>).11s,2[0],0.5,1/2,True,2.0,17.33943,False,,
009001.000174,F,1,F I,2s2.2p4.(3P<2>).13d,2[2],1.5,3/2,True,4.0,17.34219,False,,
009001.000175,F,1,F I,2s2.2p4.(3P<2>).13d,2[2],2.5,5/2,True,6.0,17.34219,False,,
009001.000176,F,1,F I,2s2.2p4.(3P<0>).10d,2[2],1.5,3/2,True,4.0,17.34683,False,,
009001.000177,F,1,F I,2s2.2p4.(3P<0>).10d,2[2],2.5,5/2,True,6.0,17.34683,False,,
009001.000178,F,1,F I,2s2.2p4.(3P<2>).15s,2[2],1.5,3/2,True,4.0,17.35124,False,,
009001.000179,F,1,F I,2s2.2p4.(3P<1>).11d,2[2],1.5,3/2,True,4.0,17.35215,False,,
009001.000180,F,1,F I,2s2.2p4.(3P<1>).11d,2[2],2.5,5/2,True,6.0,17.35215,False,,
009001.000181,F,1,F I,2s2.2p4.(3P<2>).14d,2[2],1.5,3/2,True,4.0,17.35321,False,,
009001.000182,F,1,F I,2s2.2p4.(3P<2>).14d,2[2],2.5,5/2,True,6.0,17.35321,False,,
009001.000183,F,1,F I,2s2.2p4.(3P<2>).16s,2[2],1.5,3/2,True,4.0,17.3607,False,,
009001.000184,F,1,F I,2s2.2p4.(3P<2>).15d,2[2],1.5,3/2,True,4.0,17.3622,False,,
009001.000185,F,1,F I,2s2.2p4.(3P<2>).15d,2[2],2.5,5/2,True,6.0,17.3622,False,,
009001.000186,F,1,F I,2s2.2p4.(3P<0>).12s,2[0],0.5,1/2,True,2.0,17.36551,False,,
009001.000187,F,1,F I,2s2.2p4.(3P<2>).17s,2[2],1.5,3/2,True,4.0,17.36839,False,,
009001.000188,F,1,F I,2s2.2p4.(3P<2>).16d,2[2],1.5,3/2,True,4.0,17.36953,False,,
009001.000189,F,1,F I,2s2.2p4.(3P<2>).16d,2[2],2.5,5/2,True,6.0,17.36953,False,,
009001.000190,F,1,F I,2s2.2p4.(3P<1>).12d,2[2],1.5,3/2,True,4.0,17.37031,False,,
009001.000191,F,1,F I,2s2.2p4.(3P<1>).12d,2[2],2.5,5/2,True,6.0,17.37031,False,,
009001.000193,F,1,F I,2s2.2p4.(3P<0>).11d,2[2],2.5,5/2,True,6.0,17.37067,False,,
009001.000192,F,1,F I,2s2.2p4.(3P<0>).11d,2[2],1.5,3/2,True,4.0,17.37067,False,,
009001.000194,F,1,F I,2s2.2p4.(3P<2>).18s,2[2],1.5,3/2,True,4.0,17.37471,False,,
009001.000196,F,1,F I,2s2.2p4.(3P<2>).17d,2[2],2.5,5/2,True,6.0,17.37573,False,,
009001.000195,F,1,F I,2s2.2p4.(3P<2>).17d,2[2],1.5,3/2,True,4.0,17.37573,False,,
009001.000197,F,1,F I,2s2.2p4.(3P<2>).18d,2[2],1.5,3/2,True,4.0,17.38077,False,,
009001.000198,F,1,F I,2s2.2p4.(3P<2>).18d,2[2],2.5,5/2,True,6.0,17.38077,False,,
009001.000199,F,1,F I,2s2.2p4.(3P<1>).13d,2[2],1.5,3/2,True,4.0,17.38447,False,,
009001.000200,F,1,F I,2s2.2p4.(3P<1>).13d,2[2],2.5,5/2,True,6.0,17.38447,False,,
009001.000202,F,1,F I,2s2.2p4.(3P<2>).19d,2[2],1.5,3/2,True,4.0,17.38509,False,,
009001.000203,F,1,F I,2s2.2p4.(3P<2>).19d,2[2],2.5,5/2,True,6.0,17.38509,False,,
009001.000201,F,1,F I,2s2.2p4.(3P<0>).13s,2[0],0.5,1/2,True,2.0,17.38509,False,,
009001.000205,F,1,F I,2s2.2p4.(3P<2>).20d,2[2],2.5,5/2,True,6.0,17.38892,False,,
009001.000204,F,1,F I,2s2.2p4.(3P<2>).20d,2[2],1.5,3/2,True,4.0,17.38892,False,,
009001.000206,F,1,F I,2s2.2p4.(3P<0>).12d,2[2],1.5,3/2,True,4.0,17.38892,False,,
009001.000207,F,1,F I,2s2.2p4.(3P<0>).12d,2[2],2.5,5/2,True,6.0,17.38892,False,,
009001.000208,F,1,F I,2s2.2p4.(3P<2>).21d,2[2],1.5,3/2,True,4.0,17.39209,False,,
009001.000209,F,1,F I,2s2.2p4.(3P<2>).21d,2[2],2.5,5/2,True,6.0,17.39209,False,,
009001.000210,F,1,F I,2s2.2p4.(3P<2>).22d,2[2],1.5,3/2,True,4.0,17.39475,False,,
009001.000211,F,1,F I,2s2.2p4.(3P<2>).22d,2[2],2.5,5/2,True,6.0,17.39475,False,,
009001.000212,F,1,F I,2s2.2p4.(3P<1>).14d,2[2],1.5,3/2,True,4.0,17.39545,False,,
009001.000213,F,1,F I,2s2.2p4.(3P<1>).14d,2[2],2.5,5/2,True,6.0,17.39545,False,,
009001.000214,F,1,F I,2s2.2p4.(3P<0>).14s,2[0],0.5,1/2,True,2.0,17.39948,False,,
009001.000215,F,1,F I,2s2.2p4.(3P<0>).13d,2[2],1.5,3/2,True,4.0,17.40298,False,,
009001.000216,F,1,F I,2s2.2p4.(3P<0>).13d,2[2],2.5,5/2,True,6.0,17.40298,False,,
009001.000218,F,1,F I,2s2.2p4.(3P<1>).15d,2[2],2.5,5/2,True,6.0,17.40458,False,,
009001.000217,F,1,F I,2s2.2p4.(3P<1>).15d,2[2],1.5,3/2,True,4.0,17.40458,False,,
009001.000219,F,1,F I,2s2.2p4.(3P<0>).15s,2[0],0.5,1/2,True,2.0,17.41149,False,,
009001.000221,F,1,F I,2s2.2p4.(3P<1>).16d,2[2],2.5,5/2,True,6.0,17.41157,False,,
009001.000220,F,1,F I,2s2.2p4.(3P<1>).16d,2[2],1.5,3/2,True,4.0,17.41157,False,,
009001.000222,F,1,F I,2s2.2p4.(3P<0>).14d,2[2],1.5,3/2,True,4.0,17.41457,False,,
009001.000223,F,1,F I,2s2.2p4.(3P<0>).14d,2[2],2.5,5/2,True,6.0,17.41457,False,,
009001.000224,F,1,F I,2s2.2p4.(3P<1>).17d,2[2],1.5,3/2,True,4.0,17.41801,False,,
009001.000225,F,1,F I,2s2.2p4.(3P<1>).17d,2[2],2.5,5/2,True,6.0,17.41801,False,,
009001.Lim001,F,1,F I,F II (2p4 3P<2>),Limit,,---,False,,17.42282,False,5e-05,"L7481,L526"
009001.000227,F,1,F I,2s2.2p4.(3P<0>).15d,2[2],1.5,3/2,True,4.0,17.4234,False,,
009001.000228,F,1,F I,2s2.2p4.(3P<0>).15d,2[2],2.5,5/2,True,6.0,17.4234,False,,
009001.000230,F,1,F I,2s2.2p4.(3P<0>).16d,2[2],2.5,5/2,True,6.0,17.43059,False,,
009001.000229,F,1,F I,2s2.2p4.(3P<0>).16d,2[2],1.5,3/2,True,4.0,17.43059,False,,
009001.000231,F,1,F I,2s2.2p4.(1D<2>).4s,2[2],1.5,3/2,True,4.0,18.18398,False,,
009001.000232,F,1,F I,2s2.2p4.(1D<2>).4s,2[2],2.5,5/2,True,6.0,18.18398,False,,
009001.000233,F,1,F I,2s2.2p4.(1S).3s,2S,0.5,1/2,True,2.0,18.21427,False,,
009001.000234,F,1,F I,2s2.2p4.(1D<2>).3d,2[1],0.5,1/2,True,2.0,18.46617,False,,
009001.000235,F,1,F I,2s2.2p4.(1D<2>).3d,2[1],1.5,3/2,True,4.0,18.46617,False,,
009001.000236,F,1,F I,2s2.2p4.(1D<2>).3d,2[4],3.5,7/2,True,8.0,18.469704,False,,
009001.000237,F,1,F I,2s2.2p4.(1D<2>).3d,2[4],4.5,9/2,True,10.0,18.469705,False,,
009001.000239,F,1,F I,2s2.2p4.(1D<2>).3d,2[2],2.5,5/2,True,6.0,18.48935,False,,
009001.000238,F,1,F I,2s2.2p4.(1D<2>).3d,2[2],1.5,3/2,True,4.0,18.48935,False,,
009001.000240,F,1,F I,2s2.2p4.(1D<2>).3d,2[0],0.5,1/2,True,2.0,18.49641,False,,
009001.000241,F,1,F I,2s2.2p4.(1D<2>).3d,2[3],2.5,5/2,True,6.0,18.499267,False,,
009001.000242,F,1,F I,2s2.2p4.(1D<2>).3d,2[3],3.5,7/2,True,8.0,18.499283,False,,
009001.000243,F,1,F I,2s2.2p4.(1D<2>).5s,2[2],1.5,3/2,True,4.0,19.03512,False,,
009001.000244,F,1,F I,2s2.2p4.(1D<2>).5s,2[2],2.5,5/2,True,6.0,19.03512,False,,
009001.000245,F,1,F I,2s2.2p4.(1D<2>).4d,2[0],0.5,1/2,True,2.0,19.1271,False,,
009001.000246,F,1,F I,2s2.2p4.(1D<2>).4d,2[1],0.5,1/2,True,2.0,19.14552,False,,
009001.000247,F,1,F I,2s2.2p4.(1D<2>).4d,2[1],1.5,3/2,True,4.0,19.14552,False,,
009001.000248,F,1,F I,2s2.2p4.(1D<2>).4d,2[4],3.5,7/2,True,8.0,19.146432,False,,
009001.000249,F,1,F I,2s2.2p4.(1D<2>).4d,2[4],4.5,9/2,True,10.0,19.146433,False,,
009001.000251,F,1,F I,2s2.2p4.(1D<2>).4d,2[2],2.5,5/2,True,6.0,19.15514,False,,
009001.000250,F,1,F I,2s2.2p4.(1D<2>).4d,2[2],1.5,3/2,True,4.0,19.15514,False,,
009001.000252,F,1,F I,2s2.2p4.(1D<2>).4d,2[3],2.5,5/2,True,6.0,19.159557,False,,
009001.000253,F,1,F I,2s2.2p4.(1D<2>).4d,2[3],3.5,7/2,True,8.0,19.159578,False,,
009001.000254,F,1,F I,2s2.2p4.(1D<2>).6s,2[2],1.5,3/2,True,4.0,19.40433,False,,
009001.000255,F,1,F I,2s2.2p4.(1D<2>).6s,2[2],2.5,5/2,True,6.0,19.40433,False,,
009001.000256,F,1,F I,2s2.2p4.(1D<2>).5d,2[0],0.5,1/2,True,2.0,19.44682,False,,
009001.000257,F,1,F I,2s2.2p4.(1D<2>).5d,2[1],0.5,1/2,True,2.0,19.45885,False,,
009001.000258,F,1,F I,2s2.2p4.(1D<2>).5d,2[1],1.5,3/2,True,4.0,19.45885,False,,
009001.000259,F,1,F I,2s2.2p4.(1D<2>).5d,2[4],4.5,9/2,True,10.0,19.459119,False,,
009001.000261,F,1,F I,2s2.2p4.(1D<2>).5d,2[2],2.5,5/2,True,6.0,19.4637,False,,
009001.000260,F,1,F I,2s2.2p4.(1D<2>).5d,2[2],1.5,3/2,True,4.0,19.4637,False,,
009001.000262,F,1,F I,2s2.2p4.(1D<2>).7s,2[2],1.5,3/2,True,4.0,19.59755,False,,
009001.000263,F,1,F I,2s2.2p4.(1D<2>).7s,2[2],2.5,5/2,True,6.0,19.59755,False,,
009001.000264,F,1,F I,2s2.2p4.(1D<2>).6d,2[0],0.5,1/2,True,2.0,19.61583,False,,
009001.000265,F,1,F I,2s2.2p4.(1D<2>).6d,2[1],0.5,1/2,True,2.0,19.62838,False,,
009001.000266,F,1,F I,2s2.2p4.(1D<2>).6d,2[1],1.5,3/2,True,4.0,19.62838,False,,
009001.000268,F,1,F I,2s2.2p4.(1D<2>).6d,2[2],2.5,5/2,True,6.0,19.63106,False,,
009001.000267,F,1,F I,2s2.2p4.(1D<2>).6d,2[2],1.5,3/2,True,4.0,19.63106,False,,
009001.000269,F,1,F I,2s2.2p4.(1D<2>).8s,2[2],1.5,3/2,True,4.0,19.71122,False,,
009001.000270,F,1,F I,2s2.2p4.(1D<2>).8s,2[2],2.5,5/2,True,6.0,19.71122,False,,
009001.000271,F,1,F I,2s2.2p4.(1D<2>).7d,2[1],0.5,1/2,True,2.0,19.73036,False,,
009001.000272,F,1,F I,2s2.2p4.(1D<2>).7d,2[1],1.5,3/2,True,4.0,19.73036,False,,
009001.000274,F,1,F I,2s2.2p4.(1D<2>).7d,2[2],2.5,5/2,True,6.0,19.73209,False,,
009001.000273,F,1,F I,2s2.2p4.(1D<2>).7d,2[2],1.5,3/2,True,4.0,19.73209,False,,
009001.000275,F,1,F I,2s2.2p4.(1D<2>).9s,2[2],1.5,3/2,True,4.0,19.78348,False,,
009001.000276,F,1,F I,2s2.2p4.(1D<2>).9s,2[2],2.5,5/2,True,6.0,19.78348,False,,
009001.000277,F,1,F I,2s2.2p4.(1D<2>).8d,2[1],0.5,1/2,True,2.0,19.79673,False,,
009001.000278,F,1,F I,2s2.2p4.(1D<2>).8d,2[1],1.5,3/2,True,4.0,19.79673,False,,
009001.000280,F,1,F I,2s2.2p4.(1D<2>).8d,2[2],2.5,5/2,True,6.0,19.79766,False,,
009001.000279,F,1,F I,2s2.2p4.(1D<2>).8d,2[2],1.5,3/2,True,4.0,19.79766,False,,
009001.000281,F,1,F I,2s2.2p4.(1D<2>).10s,2[2],1.5,3/2,True,4.0,19.83252,False,,
009001.000282,F,1,F I,2s2.2p4.(1D<2>).10s,2[2],2.5,5/2,True,6.0,19.83252,False,,
009001.000283,F,1,F I,2s2.2p4.(1D<2>).9d,2[1],0.5,1/2,True,2.0,19.84203,False,,
009001.000284,F,1,F I,2s2.2p4.(1D<2>).9d,2[1],1.5,3/2,True,4.0,19.84203,False,,
009001.000286,F,1,F I,2s2.2p4.(1D<2>).11s,2[2],2.5,5/2,True,6.0,19.86748,False,,
009001.000285,F,1,F I,2s2.2p4.(1D<2>).11s,2[2],1.5,3/2,True,4.0,19.86748,False,,
009001.000287,F,1,F I,2s2.2p4.(1D<2>).10d,2[1],0.5,1/2,True,2.0,19.87399,False,,
009001.000288,F,1,F I,2s2.2p4.(1D<2>).10d,2[1],1.5,3/2,True,4.0,19.87399,False,,
009001.000289,F,1,F I,2s2.2p4.(1D<2>).12s,2[2],1.5,3/2,True,4.0,19.89298,False,,
009001.000290,F,1,F I,2s2.2p4.(1D<2>).12s,2[2],2.5,5/2,True,6.0,19.89298,False,,
009001.000291,F,1,F I,2s2.2p4.(1D<2>).11d,2[1],0.5,1/2,True,2.0,19.8979,False,,
009001.000292,F,1,F I,2s2.2p4.(1D<2>).11d,2[1],1.5,3/2,True,4.0,19.8979,False,,
009001.000293,F,1,F I,2s2.2p4.(1D<2>).13s,2[2],1.5,3/2,True,4.0,19.9122,False,,
009001.000294,F,1,F I,2s2.2p4.(1D<2>).13s,2[2],2.5,5/2,True,6.0,19.9122,False,,
009001.000296,F,1,F I,2s2.2p4.(1D<2>).12d,2[1],1.5,3/2,True,4.0,19.91599,False,,
009001.000295,F,1,F I,2s2.2p4.(1D<2>).12d,2[1],0.5,1/2,True,2.0,19.91599,False,,
009001.000297,F,1,F I,2s2.2p4.(1D<2>).14s,2[2],1.5,3/2,True,4.0,19.92704,False,,
009001.000298,F,1,F I,2s2.2p4.(1D<2>).14s,2[2],2.5,5/2,True,6.0,19.92704,False,,
009001.000299,F,1,F I,2s2.2p4.(1D<2>).13d,2[1],1.5,3/2,True,4.0,19.92973,False,,
009001.000300,F,1,F I,2s.2p6,2S,0.5,1/2,True,2.0,21.055555,False,,
009001.000301,F,1,F I,2s2.2p4.(1S).3d,2D,1.5,3/2,True,4.0,21.2013,False,,
009001.000302,F,1,F I,2s2.2p4.(1S).3d,2D,2.5,5/2,True,6.0,21.2013,False,,
009001.000303,F,1,F I,2s.2p5.3s,2P*,1.5,3/2,True,4.0,32.3599,False,,
009002.000001,F,2,F II,2s2.2p4,3P,2.0,2,True,5.0,0.0,False,0.0,L3462
009002.000002,F,2,F II,2s2.2p4,3P,1.0,1,True,3.0,0.04228,False,,
009002.000003,F,2,F II,2s2.2p4,3P,0.0,0,True,1.0,0.06074,False,,
009002.000004,F,2,F II,2s2.2p4,1D,2.0,2,True,5.0,2.58797,False,,
009002.000005,F,2,F II,2s2.2p4,1S,0.0,0,True,1.0,5.56913,False,,
009002.000006,F,2,F II,2s.2p5,3P*,2.0,2,True,5.0,20.432333,False,,
009002.000007,F,2,F II,2s.2p5,3P*,1.0,1,True,3.0,20.470617,False,,
009002.000008,F,2,F II,2s.2p5,3P*,0.0,0,True,1.0,20.492008,False,,
009002.000009,F,2,F II,2s2.2p3.(4S*).3s,5S*,2.0,2,True,5.0,21.882458,False,,
009002.000010,F,2,F II,2s2.2p3.(4S*).3s,3S*,1.0,1,True,3.0,22.672296,False,,
009002.000011,F,2,F II,2s2.2p3.(4S*).3p,5P,1.0,1,True,3.0,25.10052,False,,
009002.000012,F,2,F II,2s2.2p3.(4S*).3p,5P,2.0,2,True,5.0,25.101926,False,,
009002.000013,F,2,F II,2s2.2p3.(4S*).3p,5P,3.0,3,True,7.0,25.104353,False,,
009002.000014,F,2,F II,2s2.2p3.(4S*).3p,3P,1.0,1,True,3.0,25.751403,False,,
009002.000015,F,2,F II,2s2.2p3.(4S*).3p,3P,0.0,0,True,1.0,25.751771,False,,
009002.000016,F,2,F II,2s2.2p3.(4S*).3p,3P,2.0,2,True,5.0,25.751988,False,,
009002.000017,F,2,F II,2s2.2p3.(2D*).3s,3D*,3.0,3,True,7.0,26.268052,False,,
009002.000018,F,2,F II,2s2.2p3.(2D*).3s,3D*,2.0,2,True,5.0,26.270663,False,,
009002.000019,F,2,F II,2s2.2p3.(2D*).3s,3D*,1.0,1,True,3.0,26.272284,False,,
009002.000020,F,2,F II,2s2.2p3.(2D*).3s,1D*,2.0,2,True,5.0,26.665231,False,,
009002.000021,F,2,F II,2s2.2p3.(2P*).3s,1P*,1.0,1,True,3.0,28.172734,False,,
009002.000022,F,2,F II,2s2.2p3.(2P*).3s,3P*,2.0,2,True,5.0,28.460586,False,,
009002.000023,F,2,F II,2s2.2p3.(2P*).3s,3P*,1.0,1,True,3.0,28.460795,False,,
009002.000024,F,2,F II,2s2.2p3.(2P*).3s,3P*,0.0,0,True,1.0,28.461124,False,,
009002.000025,F,2,F II,2s2.2p3.(4S*).3d,5D*,4.0,4,True,9.0,28.64006,False,,
009002.000026,F,2,F II,2s2.2p3.(4S*).3d,5D*,3.0,3,True,7.0,28.640176,False,,
009002.000027,F,2,F II,2s2.2p3.(4S*).3d,5D*,2.0,2,True,5.0,28.640323,False,,
009002.000028,F,2,F II,2s2.2p3.(4S*).3d,5D*,1.0,1,True,3.0,28.640448,False,,
009002.000029,F,2,F II,2s2.2p3.(4S*).3d,5D*,0.0,0,True,1.0,28.640507,False,,
009002.000030,F,2,F II,2s2.2p3.(4S*).3d,3D*,1.0,1,True,3.0,28.772187,False,,
009002.000031,F,2,F II,2s2.2p3.(4S*).3d,3D*,2.0,2,True,5.0,28.772289,False,,
009002.000032,F,2,F II,2s2.2p3.(4S*).3d,3D*,3.0,3,True,7.0,28.772557,False,,
009002.000033,F,2,F II,2s2.2p3.(4S*).4s,5S*,2.0,2,True,5.0,29.154956,False,,
009002.000034,F,2,F II,2s2.2p3.(2D*).3p,1P,1.0,1,True,3.0,29.215944,False,,
009002.000035,F,2,F II,2s2.2p3.(2D*).3p,3D,1.0,1,True,3.0,29.281339,False,,
009002.000036,F,2,F II,2s2.2p3.(2D*).3p,3D,2.0,2,True,5.0,29.281672,False,,
009002.000037,F,2,F II,2s2.2p3.(2D*).3p,3D,3.0,3,True,7.0,29.284465,False,,
009002.000038,F,2,F II,2s2.2p3.(4S*).4s,3S*,1.0,1,True,3.0,29.379399,False,,
009002.000039,F,2,F II,2s2.2p3.(2D*).3p,3F,4.0,4,True,9.0,29.447196,False,,
009002.000040,F,2,F II,2s2.2p3.(2D*).3p,3F,3.0,3,True,7.0,29.447268,False,,
009002.000041,F,2,F II,2s2.2p3.(2D*).3p,3F,2.0,2,True,5.0,29.447353,False,,
009002.000042,F,2,F II,2s2.2p3.(2D*).3p,1F,3.0,3,True,7.0,29.548333,False,,
009002.000043,F,2,F II,2s.2p5,1P*,1.0,1,True,3.0,29.70727,False,,
009002.000044,F,2,F II,2s2.2p3.(2D*).3p,3P,2.0,2,True,5.0,29.767682,False,,
009002.000045,F,2,F II,2s2.2p3.(2D*).3p,3P,1.0,1,True,3.0,29.775141,False,,
009002.000046,F,2,F II,2s2.2p3.(2D*).3p,3P,0.0,0,True,1.0,29.778428,False,,
009002.000047,F,2,F II,2s2.2p3.(4S*).4p,5P,1.0,1,True,3.0,30.185057,False,,
009002.000048,F,2,F II,2s2.2p3.(4S*).4p,5P,2.0,2,True,5.0,30.185538,False,,
009002.000049,F,2,F II,2s2.2p3.(4S*).4p,5P,3.0,3,True,7.0,30.186342,False,,
009002.000050,F,2,F II,2s2.2p3.(2D*).3p,1D,2.0,2,True,5.0,30.535278,False,,
009002.000051,F,2,F II,2s2.2p3.(4S*).4p,3P,0.0,0,True,1.0,30.58129,False,,
009002.000052,F,2,F II,2s2.2p3.(4S*).4p,3P,1.0,1,True,3.0,30.582192,False,,
009002.000053,F,2,F II,2s2.2p3.(4S*).4p,3P,2.0,2,True,5.0,30.584682,False,,
009002.000054,F,2,F II,2s2.2p3.(2P*).3p,3S,1.0,1,True,3.0,31.406745,False,,
009002.000055,F,2,F II,2s2.2p3.(4S*).4d,5D*,4.0,4,True,9.0,31.426853,False,,
009002.000056,F,2,F II,2s2.2p3.(4S*).4d,5D*,3.0,3,True,7.0,31.426929,False,,
009002.000057,F,2,F II,2s2.2p3.(4S*).4d,5D*,2.0,2,True,5.0,31.427014,False,,
009002.000058,F,2,F II,2s2.2p3.(4S*).4d,5D*,1.0,1,True,3.0,31.427014,False,,
009002.000059,F,2,F II,2s2.2p3.(4S*).4d,5D*,0.0,0,True,1.0,31.427014,False,,
009002.000060,F,2,F II,2s2.2p3.(4S*).4d,3D*,1.0,1,True,3.0,31.493825,False,,
009002.000061,F,2,F II,2s2.2p3.(4S*).4d,3D*,2.0,2,True,5.0,31.493896,False,,
009002.000062,F,2,F II,2s2.2p3.(4S*).4d,3D*,3.0,3,True,7.0,31.49403,False,,
009002.000063,F,2,F II,2s2.2p3.(4S*).4f,5F,5.0,5,True,11.0,31.559105,False,,
009002.000064,F,2,F II,2s2.2p3.(4S*).4f,5F,4.0,4,True,9.0,31.559113,False,,
009002.000065,F,2,F II,2s2.2p3.(4S*).4f,5F,2.0,2,True,5.0,31.559118,False,,
009002.000066,F,2,F II,2s2.2p3.(4S*).4f,5F,3.0,3,True,7.0,31.559119,False,,
009002.000067,F,2,F II,2s2.2p3.(4S*).4f,5F,1.0,1,True,3.0,31.559129,False,,
009002.000068,F,2,F II,2s2.2p3.(4S*).4f,3F,4.0,4,True,9.0,31.559698,False,,
009002.000069,F,2,F II,2s2.2p3.(4S*).4f,3F,3.0,3,True,7.0,31.559723,False,,
009002.000070,F,2,F II,2s2.2p3.(4S*).4f,3F,2.0,2,True,5.0,31.559743,False,,
009002.000071,F,2,F II,2s2.2p3.(2P*).3p,3D,3.0,3,True,7.0,31.578976,False,,
009002.000072,F,2,F II,2s2.2p3.(2P*).3p,3D,2.0,2,True,5.0,31.580843,False,,
009002.000073,F,2,F II,2s2.2p3.(2P*).3p,3D,1.0,1,True,3.0,31.581662,False,,
009002.000074,F,2,F II,2s2.2p3.(4S*).5s,5S*,2.0,2,True,5.0,31.677789,False,,
009002.000075,F,2,F II,2s2.2p3.(2P*).3p,1P,1.0,1,True,3.0,31.691135,False,,
009002.000076,F,2,F II,2s2.2p3.(4S*).5s,3S*,1.0,1,True,3.0,31.772496,False,,
009002.000077,F,2,F II,2s2.2p3.(2P*).3p,3P,0.0,0,True,1.0,31.895287,False,,
009002.000078,F,2,F II,2s2.2p3.(2P*).3p,3P,1.0,1,True,3.0,31.89708,False,,
009002.000079,F,2,F II,2s2.2p3.(2P*).3p,3P,2.0,2,True,5.0,31.899999,False,,
009002.000080,F,2,F II,2s2.2p3.(2P*).3p,1D,2.0,2,True,5.0,32.103242,False,,
009002.000081,F,2,F II,2s2.2p3.(4S*).5p,5P,1.0,1,True,3.0,32.134179,False,,
009002.000082,F,2,F II,2s2.2p3.(4S*).5p,5P,2.0,2,True,5.0,32.134406,False,,
009002.000083,F,2,F II,2s2.2p3.(4S*).5p,5P,3.0,3,True,7.0,32.134771,False,,
009002.000084,F,2,F II,2s2.2p3.(4S*).5p,3P,2.0,2,True,5.0,32.297483,False,,
009002.000085,F,2,F II,2s2.2p3.(4S*).5p,3P,1.0,1,True,3.0,32.299391,False,,
009002.000086,F,2,F II,2s2.2p3.(4S*).5p,3P,0.0,0,True,1.0,32.300438,False,,
009002.000087,F,2,F II,2s2.2p3.(4S*).5d,5D*,4.0,4,True,9.0,32.716247,False,,
009002.000088,F,2,F II,2s2.2p3.(4S*).5d,5D*,3.0,3,True,7.0,32.716289,False,,
009002.000089,F,2,F II,2s2.2p3.(4S*).5d,5D*,2.0,2,True,5.0,32.716289,False,,
009002.000090,F,2,F II,2s2.2p3.(4S*).5d,5D*,1.0,1,True,3.0,32.71632,False,,
009002.000091,F,2,F II,2s2.2p3.(4S*).5d,5D*,0.0,0,True,1.0,32.71632,False,,
009002.000092,F,2,F II,2s2.2p3.(4S*).5d,3D*,3.0,3,True,7.0,32.740832,False,,
009002.000093,F,2,F II,2s2.2p3.(4S*).5d,3D*,2.0,2,True,5.0,32.741171,False,,
009002.000094,F,2,F II,2s2.2p3.(4S*).5d,3D*,1.0,1,True,3.0,32.741457,False,,
009002.000095,F,2,F II,2s2.2p3.(4S*).5f,5F,5.0,5,True,11.0,32.787745,False,,
009002.000096,F,2,F II,2s2.2p3.(4S*).5f,5F,4.0,4,True,9.0,32.787745,False,,
009002.000097,F,2,F II,2s2.2p3.(4S*).5f,5F,3.0,3,True,7.0,32.787758,False,,
009002.000098,F,2,F II,2s2.2p3.(4S*).5f,5F,2.0,2,True,5.0,32.787758,False,,
009002.000099,F,2,F II,2s2.2p3.(4S*).5f,5F,1.0,1,True,3.0,32.787758,False,,
009002.000100,F,2,F II,2s2.2p3.(4S*).5f,3F,4.0,4,True,9.0,32.78836,False,,
009002.000101,F,2,F II,2s2.2p3.(4S*).5f,3F,3.0,3,True,7.0,32.788389,False,,
009002.000102,F,2,F II,2s2.2p3.(4S*).5f,3F,2.0,2,True,5.0,32.788389,False,,
009002.000103,F,2,F II,2s2.2p3.(4S*).5g,5G*,2.0,2,True,5.0,32.792697,False,,
009002.000104,F,2,F II,2s2.2p3.(4S*).5g,5G*,3.0,3,True,7.0,32.792697,False,,
009002.000105,F,2,F II,2s2.2p3.(4S*).5g,5G*,4.0,4,True,9.0,32.792697,False,,
009002.000106,F,2,F II,2s2.2p3.(4S*).5g,5G*,5.0,5,True,11.0,32.792697,False,,
009002.000107,F,2,F II,2s2.2p3.(4S*).5g,5G*,6.0,6,True,13.0,32.792697,False,,
009002.000108,F,2,F II,2s2.2p3.(4S*).5g,3G*,3.0,3,True,7.0,32.792706,False,,
009002.000109,F,2,F II,2s2.2p3.(4S*).5g,3G*,4.0,4,True,9.0,32.792706,False,,
009002.000110,F,2,F II,2s2.2p3.(4S*).5g,3G*,5.0,5,True,11.0,32.792706,False,,
009002.000111,F,2,F II,2s2.2p3.(2D*).3d,3F*,2.0,2,True,5.0,32.849947,False,,
009002.000112,F,2,F II,2s2.2p3.(2D*).3d,3F*,3.0,3,True,7.0,32.850641,False,,
009002.000113,F,2,F II,2s2.2p3.(2D*).3d,3F*,4.0,4,True,9.0,32.851557,False,,
009002.000114,F,2,F II,2s2.2p3.(4S*).6s,5S*,2.0,2,True,5.0,32.852003,False,,
009002.000115,F,2,F II,2s2.2p3.(2D*).3d,1S*,0.0,0,True,1.0,32.855101,False,,
009002.000116,F,2,F II,2s2.2p3.(2D*).3d,3G*,5.0,5,True,11.0,32.887508,False,,
009002.000117,F,2,F II,2s2.2p3.(2D*).3d,3G*,4.0,4,True,9.0,32.888962,False,,
009002.000118,F,2,F II,2s2.2p3.(2D*).3d,3G*,3.0,3,True,7.0,32.891628,False,,
009002.000119,F,2,F II,2s2.2p3.(2D*).3d,1G*,4.0,4,True,9.0,32.894215,False,,
009002.000120,F,2,F II,2s2.2p3.(4S*).6s,3S*,1.0,1,True,3.0,32.900144,False,,
009002.000121,F,2,F II,2s2.2p3.(2D*).3d,3D*,3.0,3,True,7.0,32.914372,False,,
009002.000122,F,2,F II,2s2.2p3.(2D*).3d,3D*,2.0,2,True,5.0,32.917608,False,,
009002.000123,F,2,F II,2s2.2p3.(2D*).3d,3D*,1.0,1,True,3.0,32.919859,False,,
009002.000124,F,2,F II,2s2.2p3.(2D*).3d,1D*,2.0,2,True,5.0,33.013286,False,,
009002.000125,F,2,F II,2s2.2p3.(2P*).3p,1S,0.0,0,True,1.0,33.02179,False,,
009002.000126,F,2,F II,2s2.2p3.(2D*).3d,3S*,1.0,1,True,3.0,33.024505,False,,
009002.000127,F,2,F II,2s2.2p3.(2D*).3d,3P*,2.0,2,True,5.0,33.036071,False,,
009002.000128,F,2,F II,2s2.2p3.(2D*).3d,3P*,1.0,1,True,3.0,33.041633,False,,
009002.000129,F,2,F II,2s2.2p3.(2D*).3d,3P*,0.0,0,True,1.0,33.043826,False,,
009002.000130,F,2,F II,2s2.2p3.(2D*).3d,1F*,3.0,3,True,7.0,33.0478,False,,
009002.000131,F,2,F II,2s2.2p3.(4S*).6p,5P,1.0,1,True,3.0,33.092916,False,,
009002.000132,F,2,F II,2s2.2p3.(4S*).6p,5P,2.0,2,True,5.0,33.093038,False,,
009002.000133,F,2,F II,2s2.2p3.(4S*).6p,5P,3.0,3,True,7.0,33.093234,False,,
009002.000134,F,2,F II,2s2.2p3.(2D*).3d,1P*,1.0,1,True,3.0,33.153367,False,,
009002.000135,F,2,F II,2s2.2p3.(4S*).6p,3P,2.0,2,True,5.0,33.172029,False,,
009002.000136,F,2,F II,2s2.2p3.(4S*).6p,3P,1.0,1,True,3.0,33.172462,False,,
009002.000137,F,2,F II,2s2.2p3.(4S*).6d,5D*,4.0,4,True,9.0,33.41315,False,,
009002.000138,F,2,F II,2s2.2p3.(4S*).6d,5D*,3.0,3,True,7.0,33.41315,False,,
009002.000139,F,2,F II,2s2.2p3.(4S*).6d,5D*,2.0,2,True,5.0,33.41315,False,,
009002.000140,F,2,F II,2s2.2p3.(2D*).4s,3D*,3.0,3,True,7.0,33.419813,False,,
009002.000141,F,2,F II,2s2.2p3.(2D*).4s,3D*,2.0,2,True,5.0,33.421668,False,,
009002.000142,F,2,F II,2s2.2p3.(2D*).4s,3D*,1.0,1,True,3.0,33.422872,False,,
009002.000143,F,2,F II,2s2.2p3.(4S*).6d,3D*,3.0,3,True,7.0,33.442717,False,,
009002.000144,F,2,F II,2s2.2p3.(4S*).6d,3D*,2.0,2,True,5.0,33.442988,False,,
009002.000145,F,2,F II,2s2.2p3.(4S*).6d,3D*,1.0,1,True,3.0,33.4431,False,,
009002.000146,F,2,F II,2s2.2p3.(4S*).6f,5F,1.0,1,True,3.0,33.455237,False,,
009002.000147,F,2,F II,2s2.2p3.(4S*).6f,5F,2.0,2,True,5.0,33.455237,False,,
009002.000148,F,2,F II,2s2.2p3.(4S*).6f,5F,3.0,3,True,7.0,33.455237,False,,
009002.000149,F,2,F II,2s2.2p3.(4S*).6f,5F,4.0,4,True,9.0,33.455237,False,,
009002.000150,F,2,F II,2s2.2p3.(4S*).6f,5F,5.0,5,True,11.0,33.455237,False,,
009002.000151,F,2,F II,2s2.2p3.(4S*).6f,3F,2.0,2,True,5.0,33.455597,False,,
009002.000152,F,2,F II,2s2.2p3.(4S*).6f,3F,3.0,3,True,7.0,33.455597,False,,
009002.000153,F,2,F II,2s2.2p3.(4S*).6f,3F,4.0,4,True,9.0,33.455597,False,,
009002.000154,F,2,F II,2s2.2p3.(4S*).6g,5G*,2.0,2,True,5.0,33.458284,False,,
009002.000155,F,2,F II,2s2.2p3.(4S*).6g,5G*,3.0,3,True,7.0,33.458284,False,,
009002.000156,F,2,F II,2s2.2p3.(4S*).6g,5G*,4.0,4,True,9.0,33.458284,False,,
009002.000157,F,2,F II,2s2.2p3.(4S*).6g,5G*,5.0,5,True,11.0,33.458284,False,,
009002.000158,F,2,F II,2s2.2p3.(4S*).6g,5G*,6.0,6,True,13.0,33.458284,False,,
009002.000159,F,2,F II,2s2.2p3.(4S*).6g,3G*,3.0,3,True,7.0,33.458285,False,,
009002.000160,F,2,F II,2s2.2p3.(4S*).6g,3G*,4.0,4,True,9.0,33.458285,False,,
009002.000161,F,2,F II,2s2.2p3.(4S*).6g,3G*,5.0,5,True,11.0,33.458285,False,,
009002.000162,F,2,F II,2s2.2p3.(4S*).7s,5S*,2.0,2,True,5.0,33.49352,False,,
009002.000163,F,2,F II,2s2.2p3.(4S*).7s,3S*,1.0,1,True,3.0,33.522074,False,,
009002.000164,F,2,F II,2s2.2p3.(2D*).4s,1D*,2.0,2,True,5.0,33.538754,False,,
009002.000165,F,2,F II,2s2.2p3.(4S*).7p,5P,1.0,1,True,3.0,33.635828,False,,
009002.000166,F,2,F II,2s2.2p3.(4S*).7p,5P,2.0,2,True,5.0,33.635901,False,,
009002.000167,F,2,F II,2s2.2p3.(4S*).7p,5P,3.0,3,True,7.0,33.636019,False,,
009002.000168,F,2,F II,2s2.2p3.(4S*).7f,5F,1.0,1,True,3.0,33.857631,False,,
009002.000169,F,2,F II,2s2.2p3.(4S*).7f,5F,2.0,2,True,5.0,33.857631,False,,
009002.000170,F,2,F II,2s2.2p3.(4S*).7f,5F,3.0,3,True,7.0,33.857631,False,,
009002.000171,F,2,F II,2s2.2p3.(4S*).7f,5F,4.0,4,True,9.0,33.857631,False,,
009002.000172,F,2,F II,2s2.2p3.(4S*).7f,5F,5.0,5,True,11.0,33.857631,False,,
009002.000173,F,2,F II,2s2.2p3.(4S*).7f,3F,2.0,2,True,5.0,33.857766,False,,
009002.000174,F,2,F II,2s2.2p3.(4S*).7f,3F,3.0,3,True,7.0,33.857766,False,,
009002.000175,F,2,F II,2s2.2p3.(4S*).7f,3F,4.0,4,True,9.0,33.857766,False,,
009002.000176,F,2,F II,2s2.2p3.(4S*).7g,3G*,3.0,3,True,7.0,33.859573,False,,
009002.000177,F,2,F II,2s2.2p3.(4S*).7g,3G*,4.0,4,True,9.0,33.859573,False,,
009002.000178,F,2,F II,2s2.2p3.(4S*).7g,3G*,5.0,5,True,11.0,33.859573,False,,
009002.000179,F,2,F II,2s2.2p3.(4S*).7g,5G*,2.0,2,True,5.0,33.85962,False,,
009002.000180,F,2,F II,2s2.2p3.(4S*).7g,5G*,3.0,3,True,7.0,33.85962,False,,
009002.000181,F,2,F II,2s2.2p3.(4S*).7g,5G*,4.0,4,True,9.0,33.85962,False,,
009002.000182,F,2,F II,2s2.2p3.(4S*).7g,5G*,5.0,5,True,11.0,33.85962,False,,
009002.000183,F,2,F II,2s2.2p3.(4S*).7g,5G*,6.0,6,True,13.0,33.85962,False,,
009002.000184,F,2,F II,2s2.2p3.(4S*).8f,5F,1.0,1,True,3.0,34.118727,False,,
009002.000185,F,2,F II,2s2.2p3.(4S*).8f,5F,2.0,2,True,5.0,34.118727,False,,
009002.000186,F,2,F II,2s2.2p3.(4S*).8f,5F,3.0,3,True,7.0,34.118727,False,,
009002.000187,F,2,F II,2s2.2p3.(4S*).8f,5F,4.0,4,True,9.0,34.118727,False,,
009002.000188,F,2,F II,2s2.2p3.(4S*).8f,5F,5.0,5,True,11.0,34.118727,False,,
009002.000189,F,2,F II,2s2.2p3.(4S*).8g,5G*,2.0,2,True,5.0,34.120092,False,,
009002.000190,F,2,F II,2s2.2p3.(4S*).8g,5G*,3.0,3,True,7.0,34.120092,False,,
009002.000191,F,2,F II,2s2.2p3.(4S*).8g,5G*,4.0,4,True,9.0,34.120092,False,,
009002.000192,F,2,F II,2s2.2p3.(4S*).8g,5G*,5.0,5,True,11.0,34.120092,False,,
009002.000193,F,2,F II,2s2.2p3.(4S*).8g,5G*,6.0,6,True,13.0,34.120092,False,,
009002.000194,F,2,F II,2s2.2p3.(2D*).4p,1P,1.0,1,True,3.0,34.367039,False,,
009002.000195,F,2,F II,2s2.2p3.(2D*).4p,3D,3.0,3,True,7.0,34.407822,False,,
009002.000196,F,2,F II,2s2.2p3.(2D*).4p,3D,1.0,1,True,3.0,34.408142,False,,
009002.000197,F,2,F II,2s2.2p3.(2D*).4p,3D,2.0,2,True,5.0,34.408315,False,,
009002.000198,F,2,F II,2s2.2p3.(2D*).4p,3F,4.0,4,True,9.0,34.452934,False,,
009002.000199,F,2,F II,2s2.2p3.(2D*).4p,3F,3.0,3,True,7.0,34.454293,False,,
009002.000200,F,2,F II,2s2.2p3.(2D*).4p,3F,2.0,2,True,5.0,34.455555,False,,
009002.000201,F,2,F II,2s2.2p3.(2D*).4p,1F,3.0,3,True,7.0,34.487347,False,,
009002.000202,F,2,F II,2s2.2p3.(2D*).4p,3P,2.0,2,True,5.0,34.513235,False,,
009002.000203,F,2,F II,2s2.2p3.(2D*).4p,3P,1.0,1,True,3.0,34.516844,False,,
009002.000204,F,2,F II,2s2.2p3.(2D*).4p,3P,0.0,0,True,1.0,34.519206,False,,
009002.000205,F,2,F II,2s2.2p3.(2D*).4p,1D,2.0,2,True,5.0,34.746598,False,,
009002.Lim001,F,2,F II,F III (2p3 4S*<3/2>),Limit,,---,False,,34.97081,False,0.00012,L369
009002.000207,F,2,F II,2s2.2p3.(2P*).3d,3F*,4.0,4,True,9.0,35.031084,False,,
009002.000208,F,2,F II,2s2.2p3.(2P*).3d,3F*,3.0,3,True,7.0,35.034102,False,,
009002.000209,F,2,F II,2s2.2p3.(2P*).3d,3F*,2.0,2,True,5.0,35.036262,False,,
009002.000210,F,2,F II,2s2.2p3.(2P*).3d,1D*,2.0,2,True,5.0,35.05963,False,,
009002.000211,F,2,F II,2s2.2p3.(2P*).3d,3P*,0.0,0,True,1.0,35.074667,False,,
009002.000212,F,2,F II,2s2.2p3.(2P*).3d,3P*,1.0,1,True,3.0,35.076684,False,,
009002.000213,F,2,F II,2s2.2p3.(2P*).3d,3P*,2.0,2,True,5.0,35.080953,False,,
009002.000214,F,2,F II,2s2.2p3.(2P*).3d,3D*,1.0,1,True,3.0,35.131391,False,,
009002.000215,F,2,F II,2s2.2p3.(2P*).3d,3D*,2.0,2,True,5.0,35.131877,False,,
009002.000216,F,2,F II,2s2.2p3.(2P*).3d,3D*,3.0,3,True,7.0,35.133961,False,,
009002.000217,F,2,F II,2s2.2p3.(2P*).3d,1F*,3.0,3,True,7.0,35.138318,False,,
009002.000218,F,2,F II,2s2.2p3.(2P*).3d,1P*,1.0,1,True,3.0,35.239432,False,,
009002.000219,F,2,F II,2s2.2p3.(2P*).4s,3P*,2.0,2,True,5.0,35.546428,False,,
009002.000220,F,2,F II,2s2.2p3.(2P*).4s,3P*,1.0,1,True,3.0,35.547031,False,,
009002.000221,F,2,F II,2s2.2p3.(2P*).4s,3P*,0.0,0,True,1.0,35.547377,False,,
009002.000222,F,2,F II,2s2.2p3.(2D*).4d,3G*,5.0,5,True,11.0,35.663968,False,,
009002.000223,F,2,F II,2s2.2p3.(2D*).4d,3G*,4.0,4,True,9.0,35.665145,False,,
009002.000224,F,2,F II,2s2.2p3.(2D*).4d,3G*,3.0,3,True,7.0,35.665309,False,,
009002.000225,F,2,F II,2s2.2p3.(2D*).4d,1G*,4.0,4,True,9.0,35.669904,False,,
009002.000226,F,2,F II,2s2.2p3.(2D*).4f,2[9/2],5.0,5,True,11.0,35.785146,False,,
009002.000230,F,2,F II,2s2.2p3.(2D*).4f,2[9/2],4.0,4,True,9.0,35.785603,False,,
009002.000227,F,2,F II,2s2.2p3.(2D*).4f,2[7/2],4.0,4,True,9.0,35.785228,False,,
009002.000229,F,2,F II,2s2.2p3.(2D*).4f,2[7/2],3.0,3,True,7.0,35.78545,False,,
009002.000228,F,2,F II,2s2.2p3.(2D*).4f,2[3/2],2.0,2,True,5.0,35.785383,False,,
009002.000231,F,2,F II,2s2.2p3.(2D*).4f,2[3/2],1.0,1,True,3.0,35.785692,False,,
009002.000232,F,2,F II,2s2.2p3.(2D*).4f,2[5/2],2.0,2,True,5.0,35.786064,False,,
009002.000233,F,2,F II,2s2.2p3.(2D*).4f,2[5/2],3.0,3,True,7.0,35.786132,False,,
009002.000234,F,2,F II,2s2.2p3.(2D*).4f,2[11/2],5.0,5,True,11.0,35.786648,False,,
009002.000235,F,2,F II,2s2.2p3.(2D*).4f,2[11/2],6.0,6,True,13.0,35.786664,False,,
009002.000236,F,2,F II,2s2.2p3.(2D*).4f,2[1/2],1.0,1,True,3.0,35.786904,False,,
009002.000237,F,2,F II,2s2.2p3.(2D*).4f,2[1/2],0.0,0,True,1.0,35.787045,False,,
009002.000238,F,2,F II,2s2.2p3.(2D*).4f,2[7/2],3.0,3,True,7.0,35.788534,False,,
009002.000239,F,2,F II,2s2.2p3.(2D*).4f,2[7/2],4.0,4,True,9.0,35.788748,False,,
009002.000240,F,2,F II,2s2.2p3.(2D*).4f,2[5/2],2.0,2,True,5.0,35.789723,False,,
009002.000241,F,2,F II,2s2.2p3.(2D*).4f,2[5/2],3.0,3,True,7.0,35.789868,False,,
009002.000242,F,2,F II,2s2.2p3.(2D*).4f,2[9/2],5.0,5,True,11.0,35.790949,False,,
009002.000243,F,2,F II,2s2.2p3.(2D*).4f,2[9/2],4.0,4,True,9.0,35.790961,False,,
009002.000244,F,2,F II,2s2.2p3.(2D*).4f,2[3/2],1.0,1,True,3.0,35.79208,False,,
009002.000245,F,2,F II,2s2.2p3.(2D*).4f,2[3/2],2.0,2,True,5.0,35.792285,False,,
009002.000246,F,2,F II,2s2.2p3.(2P*).4s,1P*,1.0,1,True,3.0,35.859172,False,,
009002.000247,F,2,F II,2s2.2p3.(2D*).5s,3D*,3.0,3,True,7.0,35.919007,False,,
009002.000248,F,2,F II,2s2.2p3.(2D*).5s,3D*,2.0,2,True,5.0,35.91949,False,,
009002.000249,F,2,F II,2s2.2p3.(2D*).5s,1D*,2.0,2,True,5.0,35.97308,False,,
009002.000250,F,2,F II,2s2.2p3.(2P*).4p,3D,3.0,3,True,7.0,36.60892,False,,
009002.000251,F,2,F II,2s2.2p3.(2P*).4p,3D,2.0,2,True,5.0,36.609568,False,,
009002.000252,F,2,F II,2s2.2p3.(2P*).4p,3D,1.0,1,True,3.0,36.609816,False,,
009002.000253,F,2,F II,2s2.2p3.(2P*).4p,1P,1.0,1,True,3.0,36.648317,False,,
009002.000254,F,2,F II,2s2.2p3.(2P*).4p,1D,2.0,2,True,5.0,36.795689,False,,
009002.000255,F,2,F II,2s2.2p3.(2D*).5f,2[9/2],5.0,5,True,11.0,37.01391,False,,
009002.000256,F,2,F II,2s2.2p3.(2D*).5f,2[9/2],4.0,4,True,9.0,37.01398,False,,
009002.000257,F,2,F II,2s2.2p3.(2D*).5f,2[3/2],2.0,2,True,5.0,37.01404,False,,
009002.000259,F,2,F II,2s2.2p3.(2D*).5f,2[3/2],1.0,1,True,3.0,37.01429,False,,
009002.000258,F,2,F II,2s2.2p3.(2D*).5f,2[7/2],3.0,3,True,7.0,37.01409,False,,
009002.000260,F,2,F II,2s2.2p3.(2D*).5f,2[7/2],4.0,4,True,9.0,37.01465,False,,
009002.000261,F,2,F II,2s2.2p3.(2D*).5f,2[11/2],5.0,5,True,11.0,37.01499,False,,
009002.000262,F,2,F II,2s2.2p3.(2D*).5f,2[11/2],6.0,6,True,13.0,37.01501,False,,
009002.000263,F,2,F II,2s2.2p3.(2D*).5f,2[5/2],3.0,3,True,7.0,37.01504,False,,
009002.000264,F,2,F II,2s2.2p3.(2D*).5f,2[5/2],2.0,2,True,5.0,37.01506,False,,
009002.000265,F,2,F II,2s2.2p3.(2D*).5f,2[1/2],1.0,1,True,3.0,37.01532,False,,
009002.000266,F,2,F II,2s2.2p3.(2D*).5f,2[1/2],0.0,0,True,1.0,37.01537,False,,
009002.000267,F,2,F II,2s2.2p3.(2D*).5f,2[7/2],3.0,3,True,7.0,37.01763,False,,
009002.000268,F,2,F II,2s2.2p3.(2D*).5f,2[7/2],4.0,4,True,9.0,37.01778,False,,
009002.000269,F,2,F II,2s2.2p3.(2D*).5f,2[5/2],2.0,2,True,5.0,37.01863,False,,
009002.000270,F,2,F II,2s2.2p3.(2D*).5f,2[5/2],3.0,3,True,7.0,37.01873,False,,
009002.000271,F,2,F II,2s2.2p3.(2D*).5f,2[9/2],5.0,5,True,11.0,37.01916,False,,
009002.000272,F,2,F II,2s2.2p3.(2D*).5f,2[9/2],4.0,4,True,9.0,37.01918,False,,
009002.000273,F,2,F II,2s2.2p3.(2D*).5g,2[13/2]*,7.0,7,True,15.0,37.01926,False,,
009002.000274,F,2,F II,2s2.2p3.(2D*).5g,2[13/2]*,6.0,6,True,13.0,37.01926,False,,
009002.000275,F,2,F II,2s2.2p3.(2D*).5f,2[3/2],1.0,1,True,3.0,37.0205,False,,
009002.000276,F,2,F II,2s2.2p3.(2D*).5f,2[3/2],2.0,2,True,5.0,37.02059,False,,
009002.000277,F,2,F II,2s2.2p3.(2D*).5g,2[11/2]*,6.0,6,True,13.0,37.02355,False,,
009002.000278,F,2,F II,2s2.2p3.(2D*).5g,2[11/2]*,5.0,5,True,11.0,37.02355,False,,
009002.000279,F,2,F II,2s2.2p3.(2P*).4f,a,3.0,3,True,7.0,37.951302,False,,
009002.000280,F,2,F II,2s2.2p3.(2P*).4f,a,5.0,5,True,11.0,37.951577,False,,
009002.000281,F,2,F II,2s2.2p3.(2P*).4f,a,4.0,4,True,9.0,37.951776,False,,
009002.000282,F,2,F II,2s2.2p3.(2P*).4f,a,2.0,2,True,5.0,37.952416,False,,
009002.000287,F,2,F II,2s2.2p3.(2P*).4f,a,1.0,1,True,3.0,37.953908,False,,
009002.000283,F,2,F II,2s2.2p3.(2P*).4f,b,3.0,3,True,7.0,37.952518,False,,
009002.000284,F,2,F II,2s2.2p3.(2P*).4f,b,4.0,4,True,9.0,37.952774,False,,
009002.000285,F,2,F II,2s2.2p3.(2P*).4f,b,2.0,2,True,5.0,37.953484,False,,
009002.000286,F,2,F II,2s2.2p3.(2P*).4f,c,2.0,2,True,5.0,37.953632,False,,
009002.000288,F,2,F II,2s2.2p3.(2P*).4f,c,3.0,3,True,7.0,37.954296,False,,
009002.000290,F,2,F II,2s2.2p3.(2P*).4f,c,4.0,4,True,9.0,37.954936,False,,
009002.000289,F,2,F II,2s2.2p3.(2P*).4f,d,3.0,3,True,7.0,37.954742,False,,
009002.000291,F,2,F II,2p6,1S,0.0,0,True,1.0,48.1059,False,,
010001.000001,Ne,1,Ne I,2s2.2p6,1S,0.0,0,True,1.0,0.0,False,5e-06,L8826
010001.000002,Ne,1,Ne I,2s2.2p5.(2P*<3/2>).3s,2[3/2]*,2.0,2,True,5.0,16.61907009,False,1.2e-07,L8826c189
010001.000003,Ne,1,Ne I,2s2.2p5.(2P*<3/2>).3s,2[3/2]*,1.0,1,True,3.0,16.67082693,False,1.2e-07,L8826c189
010001.000004,Ne,1,Ne I,2s2.2p5.(2P*<1/2>).3s,2[1/2]*,0.0,0,True,1.0,16.71538108,False,1.2e-07,L8826c189
010001.000005,Ne,1,Ne I,2s2.2p5.(2P*<1/2>).3s,2[1/2]*,1.0,1,True,3.0,16.84805369,False,1.2e-07,L8826c189
010001.000006,Ne,1,Ne I,2s2.2p5.(2P*<3/2>).3p,2[1/2],1.0,1,True,3.0,18.38162323,False,1.2e-07,L8826c189
010001.000013,Ne,1,Ne I,2s2.2p5.(2P*<3/2>).3p,2[1/2],0.0,0,True,1.0,18.71137667,False,1.2e-07,L8826c189
010001.000007,Ne,1,Ne I,2s2.2p5.(2P*<3/2>).3p,2[5/2],3.0,3,True,7.0,18.55510805,False,1.2e-07,L8826
010001.000008,Ne,1,Ne I,2s2.2p5.(2P*<3/2>).3p,2[5/2],2.0,2,True,5.0,18.57583601,False,1.2e-07,L8826c189
010001.000009,Ne,1,Ne I,2s2.2p5.(2P*<3/2>).3p,2[3/2],1.0,1,True,3.0,18.61270528,False,1.2e-07,L8826c189
010001.000010,Ne,1,Ne I,2s2.2p5.(2P*<3/2>).3p,2[3/2],2.0,2,True,5.0,18.63679156,False,1.2e-07,L8826c189
010001.000011,Ne,1,Ne I,2s2.2p5.(2P*<1/2>).3p,2[3/2],1.0,1,True,3.0,18.69335943,False,1.2e-07,L8826c189
010001.000012,Ne,1,Ne I,2s2.2p5.(2P*<1/2>).3p,2[3/2],2.0,2,True,5.0,18.70407118,False,1.2e-07,L8826c189
010001.000014,Ne,1,Ne I,2s2.2p5.(2P*<1/2>).3p,2[1/2],1.0,1,True,3.0,18.72638145,False,1.2e-07,L8826c189
010001.000015,Ne,1,Ne I,2s2.2p5.(2P*<1/2>).3p,2[1/2],0.0,0,True,1.0,18.96595369,False,1.2e-07,L8826c189
010001.000016,Ne,1,Ne I,2s2.2p5.(2P*<3/2>).4s,2[3/2]*,2.0,2,True,5.0,19.66403214,False,1.2e-07,L8826c189
010001.000017,Ne,1,Ne I,2s2.2p5.(2P*<3/2>).4s,2[3/2]*,1.0,1,True,3.0,19.68819383,False,1.2e-07,L8826c189
010001.000018,Ne,1,Ne I,2s2.2p5.(2P*<1/2>).4s,2[1/2]*,0.0,0,True,1.0,19.76060074,False,1.2e-07,L8826c189
010001.000019,Ne,1,Ne I,2s2.2p5.(2P*<1/2>).4s,2[1/2]*,1.0,1,True,3.0,19.77977193,False,1.2e-07,L8826c189
010001.000020,Ne,1,Ne I,2s2.2p5.(2P*<3/2>).3d,2[1/2]*,0.0,0,True,1.0,20.02464208,False,1.2e-07,L8826c189
010001.000021,Ne,1,Ne I,2s2.2p5.(2P*<3/2>).3d,2[1/2]*,1.0,1,True,3.0,20.02644523,False,1.2e-07,L8826c189
010001.000022,Ne,1,Ne I,2s2.2p5.(2P*<3/2>).3d,2[7/2]*,4.0,4,True,9.0,20.03464893,False,1.2e-07,L8826
010001.000023,Ne,1,Ne I,2s2.2p5.(2P*<3/2>).3d,2[7/2]*,3.0,3,True,7.0,20.03486947,False,1.2e-07,L8826c189
010001.000024,Ne,1,Ne I,2s2.2p5.(2P*<3/2>).3d,2[3/2]*,2.0,2,True,5.0,20.0367467,False,1.2e-07,L8826c189
010001.000025,Ne,1,Ne I,2s2.2p5.(2P*<3/2>).3d,2[3/2]*,1.0,1,True,3.0,20.04038646,False,1.2e-07,L8826c189
010001.000026,Ne,1,Ne I,2s2.2p5.(2P*<3/2>).3d,2[5/2]*,2.0,2,True,5.0,20.04820289,False,1.2e-07,L8826c189
010001.000027,Ne,1,Ne I,2s2.2p5.(2P*<3/2>).3d,2[5/2]*,3.0,3,True,7.0,20.04842449,False,1.2e-07,L8826
010001.000028,Ne,1,Ne I,2s2.2p5.(2P*<1/2>).3d,2[5/2]*,2.0,2,True,5.0,20.13610672,False,1.2e-07,L8826
010001.000029,Ne,1,Ne I,2s2.2p5.(2P*<1/2>).3d,2[5/2]*,3.0,3,True,7.0,20.13629519,False,1.2e-07,L8826c189
010001.000030,Ne,1,Ne I,2s2.2p5.(2P*<1/2>).3d,2[3/2]*,2.0,2,True,5.0,20.13751125,False,1.2e-07,L8826c189
010001.000031,Ne,1,Ne I,2s2.2p5.(2P*<1/2>).3d,2[3/2]*,1.0,1,True,3.0,20.13945733,False,1.2e-07,L8826c189
010001.000032,Ne,1,Ne I,2s2.2p5.(2P*<3/2>).4p,2[1/2],1.0,1,True,3.0,20.14964852,False,1.2e-07,L8826
010001.000037,Ne,1,Ne I,2s2.2p5.(2P*<3/2>).4p,2[1/2],0.0,0,True,1.0,20.25917996,False,1.2e-07,L8826
010001.000033,Ne,1,Ne I,2s2.2p5.(2P*<3/2>).4p,2[5/2],3.0,3,True,7.0,20.18843472,False,1.2e-07,L8826
010001.000034,Ne,1,Ne I,2s2.2p5.(2P*<3/2>).4p,2[5/2],2.0,2,True,5.0,20.19691643,False,1.2e-07,L8826
010001.000035,Ne,1,Ne I,2s2.2p5.(2P*<3/2>).4p,2[3/2],1.0,1,True,3.0,20.21098961,False,1.2e-07,L8826
010001.000036,Ne,1,Ne I,2s2.2p5.(2P*<3/2>).4p,2[3/2],2.0,2,True,5.0,20.21417968,False,1.2e-07,L8826
010001.000038,Ne,1,Ne I,2s2.2p5.(2P*<1/2>).4p,2[3/2],1.0,1,True,3.0,20.29091576,False,1.2e-07,L8826
010001.000040,Ne,1,Ne I,2s2.2p5.(2P*<1/2>).4p,2[3/2],2.0,2,True,5.0,20.29727991,False,1.2e-07,L8826
010001.000039,Ne,1,Ne I,2s2.2p5.(2P*<1/2>).4p,2[1/2],1.0,1,True,3.0,20.2971712,False,1.2e-07,L8826
010001.000041,Ne,1,Ne I,2s2.2p5.(2P*<1/2>).4p,2[1/2],0.0,0,True,1.0,20.36885404,False,1.2e-07,L8826
010001.000042,Ne,1,Ne I,2s2.2p5.(2P*<3/2>).5s,2[3/2]*,2.0,2,True,5.0,20.56007355,False,1.2e-07,L8826
010001.000043,Ne,1,Ne I,2s2.2p5.(2P*<3/2>).5s,2[3/2]*,1.0,1,True,3.0,20.57056379,False,1.2e-07,L8826
010001.000044,Ne,1,Ne I,2s2.2p5.(2P*<1/2>).5s,2[1/2]*,0.0,0,True,1.0,20.65655315,False,1.2e-07,L8826
010001.000045,Ne,1,Ne I,2s2.2p5.(2P*<1/2>).5s,2[1/2]*,1.0,1,True,3.0,20.66277398,False,1.2e-07,L8826
010001.000046,Ne,1,Ne I,2s2.2p5.(2P*<3/2>).4d,2[1/2]*,0.0,0,True,1.0,20.70135337,False,1.2e-07,L8826
010001.000047,Ne,1,Ne I,2s2.2p5.(2P*<3/2>).4d,2[1/2]*,1.0,1,True,3.0,20.70230399,False,1.2e-07,L8826
010001.000048,Ne,1,Ne I,2s2.2p5.(2P*<3/2>).4d,2[7/2]*,4.0,4,True,9.0,20.70536507,False,1.2e-07,L8826
010001.000049,Ne,1,Ne I,2s2.2p5.(2P*<3/2>).4d,2[7/2]*,3.0,3,True,7.0,20.70550158,False,1.2e-07,L8826
010001.000050,Ne,1,Ne I,2s2.2p5.(2P*<3/2>).4d,2[3/2]*,2.0,2,True,5.0,20.70679493,False,1.2e-07,L8826
010001.000051,Ne,1,Ne I,2s2.2p5.(2P*<3/2>).4d,2[3/2]*,1.0,1,True,3.0,20.70870776,False,1.2e-07,L8826
010001.000052,Ne,1,Ne I,2s2.2p5.(2P*<3/2>).4d,2[5/2]*,2.0,2,True,5.0,20.7112638,False,1.2e-07,L8826
010001.000053,Ne,1,Ne I,2s2.2p5.(2P*<3/2>).4d,2[5/2]*,3.0,3,True,7.0,20.71139537,False,1.2e-07,L8826
010001.000054,Ne,1,Ne I,2s2.2p5.(2P*<3/2>).4f,2[3/2],1.0,1,True,3.0,20.71188785,False,1.2e-07,L8826
010001.000055,Ne,1,Ne I,2s2.2p5.(2P*<3/2>).4f,2[3/2],2.0,2,True,5.0,20.71189082,False,1.2e-07,L8826
010001.000056,Ne,1,Ne I,2s2.2p5.(2P*<3/2>).4f,2[9/2],4.0,4,True,9.0,20.71283793,False,1.2e-07,L8826
010001.000057,Ne,1,Ne I,2s2.2p5.(2P*<3/2>).4f,2[9/2],5.0,5,True,11.0,20.71283881,False,1.2e-07,L8826
010001.000058,Ne,1,Ne I,2s2.2p5.(2P*<3/2>).4f,2[5/2],3.0,3,True,7.0,20.71392409,False,1.2e-07,L8826
010001.000059,Ne,1,Ne I,2s2.2p5.(2P*<3/2>).4f,2[5/2],2.0,2,True,5.0,20.71392586,False,1.2e-07,L8826
010001.000060,Ne,1,Ne I,2s2.2p5.(2P*<3/2>).4f,2[7/2],3.0,3,True,7.0,20.7149059,False,1.2e-07,L8826
010001.000061,Ne,1,Ne I,2s2.2p5.(2P*<3/2>).4f,2[7/2],4.0,4,True,9.0,20.71490663,False,1.2e-07,L8826
010001.000062,Ne,1,Ne I,2s2.2p5.(2P*<3/2>).5p,2[1/2],1.0,1,True,3.0,20.76108829,False,1.2e-07,L8826
010001.000075,Ne,1,Ne I,2s2.2p5.(2P*<3/2>).5p,2[1/2],0.0,0,True,1.0,20.8128795,False,1.2e-07,L8826
010001.000063,Ne,1,Ne I,2s2.2p5.(2P*<3/2>).5p,2[5/2],3.0,3,True,7.0,20.77467615,False,1.2e-07,L8826
010001.000064,Ne,1,Ne I,2s2.2p5.(2P*<3/2>).5p,2[5/2],2.0,2,True,5.0,20.77866475,False,1.2e-07,L8826
010001.000065,Ne,1,Ne I,2s2.2p5.(2P*<3/2>).5p,2[3/2],1.0,1,True,3.0,20.78465767,False,1.2e-07,L8826
010001.000066,Ne,1,Ne I,2s2.2p5.(2P*<3/2>).5p,2[3/2],2.0,2,True,5.0,20.78578203,False,1.2e-07,L8826
010001.000067,Ne,1,Ne I,2s2.2p5.(2P*<1/2>).4d,2[5/2]*,2.0,2,True,5.0,20.80392497,False,1.2e-07,L8826
010001.000068,Ne,1,Ne I,2s2.2p5.(2P*<1/2>).4d,2[5/2]*,3.0,3,True,7.0,20.80403974,False,1.2e-07,L8826
010001.000069,Ne,1,Ne I,2s2.2p5.(2P*<1/2>).4d,2[3/2]*,2.0,2,True,5.0,20.80417004,False,1.2e-07,L8826
010001.000070,Ne,1,Ne I,2s2.2p5.(2P*<1/2>).4d,2[3/2]*,1.0,1,True,3.0,20.80551122,False,1.2e-07,L8826
010001.000071,Ne,1,Ne I,2s2.2p5.(2P*<1/2>).4f,2[7/2],3.0,3,True,7.0,20.81030596,False,1.2e-07,L8826
010001.000072,Ne,1,Ne I,2s2.2p5.(2P*<1/2>).4f,2[7/2],4.0,4,True,9.0,20.81030702,False,1.2e-07,L8826
010001.000073,Ne,1,Ne I,2s2.2p5.(2P*<1/2>).4f,2[5/2],3.0,3,True,7.0,20.81033531,False,1.2e-07,L8826
010001.000074,Ne,1,Ne I,2s2.2p5.(2P*<1/2>).4f,2[5/2],2.0,2,True,5.0,20.81033675,False,1.2e-07,L8826
010001.000076,Ne,1,Ne I,2s2.2p5.(2P*<1/2>).5p,2[3/2],1.0,1,True,3.0,20.87341655,False,1.2e-07,L8826
010001.000078,Ne,1,Ne I,2s2.2p5.(2P*<1/2>).5p,2[3/2],2.0,2,True,5.0,20.87629955,False,1.2e-07,L8826
010001.000077,Ne,1,Ne I,2s2.2p5.(2P*<1/2>).5p,2[1/2],1.0,1,True,3.0,20.87380857,False,1.2e-07,L8826
010001.000079,Ne,1,Ne I,2s2.2p5.(2P*<1/2>).5p,2[1/2],0.0,0,True,1.0,20.90210303,False,1.2e-07,L8826
010001.000080,Ne,1,Ne I,2s2.2p5.(2P*<3/2>).6s,2[3/2]*,2.0,2,True,5.0,20.94398733,False,1.2e-07,L8826
010001.000081,Ne,1,Ne I,2s2.2p5.(2P*<3/2>).6s,2[3/2]*,1.0,1,True,3.0,20.94928177,False,1.2e-07,L8826
010001.000082,Ne,1,Ne I,2s2.2p5.(2P*<3/2>).5d,2[1/2]*,0.0,0,True,1.0,21.01321219,False,1.2e-07,L8826
010001.000083,Ne,1,Ne I,2s2.2p5.(2P*<3/2>).5d,2[1/2]*,1.0,1,True,3.0,21.01388581,False,1.2e-07,L8826
010001.000084,Ne,1,Ne I,2s2.2p5.(2P*<3/2>).5d,2[7/2]*,4.0,4,True,9.0,21.01552439,False,1.4e-07,L8826
010001.000085,Ne,1,Ne I,2s2.2p5.(2P*<3/2>).5d,2[7/2]*,3.0,3,True,7.0,21.01560547,False,1.2e-07,L8826
010001.000086,Ne,1,Ne I,2s2.2p5.(2P*<3/2>).5d,2[3/2]*,2.0,2,True,5.0,21.01638327,False,1.2e-07,L8826
010001.000087,Ne,1,Ne I,2s2.2p5.(2P*<3/2>).5d,2[3/2]*,1.0,1,True,3.0,21.01742872,False,1.2e-07,L8826
010001.000088,Ne,1,Ne I,2s2.2p5.(2P*<3/2>).5d,2[5/2]*,2.0,2,True,5.0,21.0185788,False,1.2e-07,L8826
010001.000089,Ne,1,Ne I,2s2.2p5.(2P*<3/2>).5d,2[5/2]*,3.0,3,True,7.0,21.01865519,False,1.2e-07,L8826
010001.000090,Ne,1,Ne I,2s2.2p5.(2P*<3/2>).5f,2[3/2],1.0,1,True,3.0,21.0190991,False,1.2e-07,L8826
010001.000091,Ne,1,Ne I,2s2.2p5.(2P*<3/2>).5f,2[3/2],2.0,2,True,5.0,21.01910144,False,1.2e-07,L8826
010001.000092,Ne,1,Ne I,2s2.2p5.(2P*<3/2>).5f,2[9/2],4.0,4,True,9.0,21.01958453,False,1.2e-07,L8826
010001.000093,Ne,1,Ne I,2s2.2p5.(2P*<3/2>).5f,2[9/2],5.0,5,True,11.0,21.01958502,False,1.2e-07,L8826
010001.000094,Ne,1,Ne I,2s2.2p5.(2P*<3/2>).5g,2[5/2]*,2.0,2,True,5.0,21.01988918,False,1.2e-07,L8826
010001.000095,Ne,1,Ne I,2s2.2p5.(2P*<3/2>).5g,2[5/2]*,3.0,3,True,7.0,21.01988951,False,1.2e-07,L8826
010001.000096,Ne,1,Ne I,2s2.2p5.(2P*<3/2>).5g,2[11/2]*,5.0,5,True,11.0,21.02005903,False,1.2e-07,L8826
010001.000097,Ne,1,Ne I,2s2.2p5.(2P*<3/2>).5g,2[11/2]*,6.0,6,True,13.0,21.02005991,False,1.2e-07,L8826
010001.000098,Ne,1,Ne I,2s2.2p5.(2P*<3/2>).5f,2[5/2],3.0,3,True,7.0,21.0201529,False,1.2e-07,L8826
010001.000099,Ne,1,Ne I,2s2.2p5.(2P*<3/2>).5f,2[5/2],2.0,2,True,5.0,21.02015446,False,1.2e-07,L8826
010001.000100,Ne,1,Ne I,2s2.2p5.(2P*<3/2>).5g,2[7/2]*,3.0,3,True,7.0,21.02038133,False,1.2e-07,L8826
010001.000101,Ne,1,Ne I,2s2.2p5.(2P*<3/2>).5g,2[7/2]*,4.0,4,True,9.0,21.02038185,False,1.2e-07,L8826
010001.000102,Ne,1,Ne I,2s2.2p5.(2P*<3/2>).5g,2[9/2]*,4.0,4,True,9.0,21.02055343,False,1.2e-07,L8826
010001.000103,Ne,1,Ne I,2s2.2p5.(2P*<3/2>).5g,2[9/2]*,5.0,5,True,11.0,21.02055425,False,1.2e-07,L8826
010001.000104,Ne,1,Ne I,2s2.2p5.(2P*<3/2>).5f,2[7/2],3.0,3,True,7.0,21.02064976,False,1.2e-07,L8826
010001.000105,Ne,1,Ne I,2s2.2p5.(2P*<3/2>).5f,2[7/2],4.0,4,True,9.0,21.02065013,False,1.2e-07,L8826
010001.000106,Ne,1,Ne I,2s2.2p5.(2P*<1/2>).6s,2[1/2]*,0.0,0,True,1.0,21.04085339,False,1.2e-07,L8826
010001.000107,Ne,1,Ne I,2s2.2p5.(2P*<1/2>).6s,2[1/2]*,1.0,1,True,3.0,21.04354431,False,1.2e-07,L8826
010001.000108,Ne,1,Ne I,2s2.2p5.(2P*<3/2>).6p,2[1/2],1.0,1,True,3.0,21.04608736,False,1.6e-07,L8826
010001.000113,Ne,1,Ne I,2s2.2p5.(2P*<3/2>).6p,2[1/2],0.0,0,True,1.0,21.07442614,False,1.4e-07,L8826
010001.000109,Ne,1,Ne I,2s2.2p5.(2P*<3/2>).6p,2[5/2],3.0,3,True,7.0,21.05216837,False,1.2e-07,L8826
010001.000110,Ne,1,Ne I,2s2.2p5.(2P*<3/2>).6p,2[5/2],2.0,2,True,5.0,21.05433227,False,2.5e-07,L8826
010001.000111,Ne,1,Ne I,2s2.2p5.(2P*<3/2>).6p,2[3/2],1.0,1,True,3.0,21.05740907,False,1.2e-07,L8826
010001.000112,Ne,1,Ne I,2s2.2p5.(2P*<3/2>).6p,2[3/2],2.0,2,True,5.0,21.05794707,False,1.2e-07,L8826
010001.000114,Ne,1,Ne I,2s2.2p5.(2P*<1/2>).5d,2[3/2]*,2.0,2,True,5.0,21.11313791,False,1.2e-07,L8826
010001.000117,Ne,1,Ne I,2s2.2p5.(2P*<1/2>).5d,2[3/2]*,1.0,1,True,3.0,21.11401428,False,1.2e-07,L8826
010001.000115,Ne,1,Ne I,2s2.2p5.(2P*<1/2>).5d,2[5/2]*,2.0,2,True,5.0,21.11318538,False,1.5e-07,L8826
010001.000116,Ne,1,Ne I,2s2.2p5.(2P*<1/2>).5d,2[5/2]*,3.0,3,True,7.0,21.11322925,False,1.5e-07,L8826
010001.000118,Ne,1,Ne I,2s2.2p5.(2P*<1/2>).5f,2[7/2],3.0,3,True,7.0,21.11670139,False,1.2e-07,L8826
010001.000119,Ne,1,Ne I,2s2.2p5.(2P*<1/2>).5f,2[7/2],4.0,4,True,9.0,21.11670208,False,1.2e-07,L8826
010001.000120,Ne,1,Ne I,2s2.2p5.(2P*<1/2>).5f,2[5/2],3.0,3,True,7.0,21.11670928,False,1.2e-07,L8826
010001.000121,Ne,1,Ne I,2s2.2p5.(2P*<1/2>).5f,2[5/2],2.0,2,True,5.0,21.11671088,False,1.2e-07,L8826
010001.000122,Ne,1,Ne I,2s2.2p5.(2P*<1/2>).5g,2[9/2]*,5.0,5,True,11.0,21.1170015,False,1.2e-07,L8826
010001.000123,Ne,1,Ne I,2s2.2p5.(2P*<1/2>).5g,2[9/2]*,4.0,4,True,9.0,21.11700158,False,1.4e-07,L8826
010001.000124,Ne,1,Ne I,2s2.2p5.(2P*<1/2>).5g,2[7/2]*,4.0,4,True,9.0,21.11700337,False,1.4e-07,L8826
010001.000125,Ne,1,Ne I,2s2.2p5.(2P*<1/2>).5g,2[7/2]*,3.0,3,True,7.0,21.11700481,False,1.4e-07,L8826
010001.000126,Ne,1,Ne I,2s2.2p5.(2P*<3/2>).7s,2[3/2]*,2.0,2,True,5.0,21.14336221,False,1.2e-07,L8826
010001.000127,Ne,1,Ne I,2s2.2p5.(2P*<3/2>).7s,2[3/2]*,1.0,1,True,3.0,21.14637893,False,1.2e-07,L8826
010001.000128,Ne,1,Ne I,2s2.2p5.(2P*<1/2>).6p,2[1/2],1.0,1,True,3.0,21.14902003,False,1.2e-07,L8826
010001.000131,Ne,1,Ne I,2s2.2p5.(2P*<1/2>).6p,2[1/2],0.0,0,True,1.0,21.16278517,False,1.9e-07,L8826
010001.000129,Ne,1,Ne I,2s2.2p5.(2P*<1/2>).6p,2[3/2],1.0,1,True,3.0,21.149857,False,4e-06,L8826
010001.000130,Ne,1,Ne I,2s2.2p5.(2P*<1/2>).6p,2[3/2],2.0,2,True,5.0,21.15135738,False,1.4e-07,L8826
010001.000132,Ne,1,Ne I,2s2.2p5.(2P*<3/2>).6d,2[1/2]*,0.0,0,True,1.0,21.1824863,False,6e-07,L8826
010001.000133,Ne,1,Ne I,2s2.2p5.(2P*<3/2>).6d,2[1/2]*,1.0,1,True,3.0,21.18286278,False,1.5e-07,L8826
010001.000134,Ne,1,Ne I,2s2.2p5.(2P*<3/2>).6d,2[7/2]*,4.0,4,True,9.0,21.18375011,False,1.2e-07,L8826
010001.000135,Ne,1,Ne I,2s2.2p5.(2P*<3/2>).6d,2[7/2]*,3.0,3,True,7.0,21.1838004,False,1.6e-07,L8826
010001.000136,Ne,1,Ne I,2s2.2p5.(2P*<3/2>).6d,2[3/2]*,2.0,2,True,5.0,21.18431077,False,1.4e-07,L8826
010001.000137,Ne,1,Ne I,2s2.2p5.(2P*<3/2>).6d,2[3/2]*,1.0,1,True,3.0,21.18492247,False,2.5e-07,L8826
010001.000138,Ne,1,Ne I,2s2.2p5.(2P*<3/2>).6d,2[5/2]*,2.0,2,True,5.0,21.18553364,False,1.2e-07,L8826
010001.000139,Ne,1,Ne I,2s2.2p5.(2P*<3/2>).6d,2[5/2]*,3.0,3,True,7.0,21.18558079,False,1.2e-07,L8826
010001.000140,Ne,1,Ne I,2s2.2p5.(2P*<3/2>).6f,2[3/2],1.0,1,True,3.0,21.18589162,False,1.7e-07,L8826
010001.000141,Ne,1,Ne I,2s2.2p5.(2P*<3/2>).6f,2[3/2],2.0,2,True,5.0,21.18589309,False,1.2e-07,L8826
010001.000142,Ne,1,Ne I,2s2.2p5.(2P*<3/2>).6f,2[9/2],4.0,4,True,9.0,21.18617212,False,1.2e-07,L8826
010001.000143,Ne,1,Ne I,2s2.2p5.(2P*<3/2>).6f,2[9/2],5.0,5,True,11.0,21.18617244,False,1.6e-07,L8826
010001.000144,Ne,1,Ne I,2s2.2p5.(2P*<3/2>).6g,2[5/2]*,2.0,2,True,5.0,21.18635432,False,1.4e-07,L8826
010001.000145,Ne,1,Ne I,2s2.2p5.(2P*<3/2>).6g,2[5/2]*,3.0,3,True,7.0,21.1863566,False,6e-07,L8826
010001.000146,Ne,1,Ne I,2s2.2p5.(2P*<3/2>).6g,2[11/2]*,5.0,5,True,11.0,21.18645404,False,1.6e-07,L8826
010001.000147,Ne,1,Ne I,2s2.2p5.(2P*<3/2>).6g,2[11/2]*,6.0,6,True,13.0,21.18645492,False,1.6e-07,L8826
010001.000148,Ne,1,Ne I,2s2.2p5.(2P*<3/2>).6f,2[5/2],3.0,3,True,7.0,21.18650689,False,1.2e-07,L8826
010001.000149,Ne,1,Ne I,2s2.2p5.(2P*<3/2>).6f,2[5/2],2.0,2,True,5.0,21.18650803,False,1.2e-07,L8826
010001.000150,Ne,1,Ne I,2s2.2p5.(2P*<3/2>).6g,2[7/2]*,4.0,4,True,9.0,21.18663789,False,1.5e-07,L8826
010001.000151,Ne,1,Ne I,2s2.2p5.(2P*<3/2>).6g,2[7/2]*,3.0,3,True,7.0,21.18663968,False,1.4e-07,L8826
010001.000152,Ne,1,Ne I,2s2.2p5.(2P*<3/2>).6g,2[9/2]*,4.0,4,True,9.0,21.18674169,False,1.2e-07,L8826
010001.000153,Ne,1,Ne I,2s2.2p5.(2P*<3/2>).6g,2[9/2]*,5.0,5,True,11.0,21.18674247,False,1.2e-07,L8826
010001.000154,Ne,1,Ne I,2s2.2p5.(2P*<3/2>).6f,2[7/2],3.0,3,True,7.0,21.18679426,False,1.5e-07,L8826
010001.000155,Ne,1,Ne I,2s2.2p5.(2P*<3/2>).6f,2[7/2],4.0,4,True,9.0,21.18679463,False,1.6e-07,L8826
010001.000156,Ne,1,Ne I,2s2.2p5.(2P*<3/2>).7p,2[1/2],1.0,1,True,3.0,21.20244,False,2.2e-05,L8826
010001.000161,Ne,1,Ne I,2s2.2p5.(2P*<3/2>).7p,2[1/2],0.0,0,True,1.0,21.2197406,False,1.5e-06,L8826
010001.000157,Ne,1,Ne I,2s2.2p5.(2P*<3/2>).7p,2[5/2],3.0,3,True,7.0,21.2053672,False,1.7e-06,L8826
010001.000158,Ne,1,Ne I,2s2.2p5.(2P*<3/2>).7p,2[5/2],2.0,2,True,5.0,21.206715,False,2.1e-05,L8826
010001.000159,Ne,1,Ne I,2s2.2p5.(2P*<3/2>).7p,2[3/2],1.0,1,True,3.0,21.208489,False,2.5e-05,L8826
010001.000160,Ne,1,Ne I,2s2.2p5.(2P*<3/2>).7p,2[3/2],2.0,2,True,5.0,21.208761,False,1.6e-05,L8826
010001.000162,Ne,1,Ne I,2s2.2p5.(2P*<1/2>).7s,2[1/2]*,0.0,0,True,1.0,21.24008531,False,1.2e-07,L8826
010001.000163,Ne,1,Ne I,2s2.2p5.(2P*<1/2>).7s,2[1/2]*,1.0,1,True,3.0,21.24147014,False,1.2e-07,L8826
010001.000164,Ne,1,Ne I,2s2.2p5.(2P*<3/2>).8s,2[3/2]*,2.0,2,True,5.0,21.259981,False,5e-07,L8826
010001.000165,Ne,1,Ne I,2s2.2p5.(2P*<3/2>).8s,2[3/2]*,1.0,1,True,3.0,21.2619865,False,6e-07,L8826
010001.000166,Ne,1,Ne I,2s2.2p5.(2P*<1/2>).6d,2[3/2]*,2.0,2,True,5.0,21.28064461,False,1.2e-07,L8826
010001.000169,Ne,1,Ne I,2s2.2p5.(2P*<1/2>).6d,2[3/2]*,1.0,1,True,3.0,21.2812531,False,4e-07,L8826
010001.000167,Ne,1,Ne I,2s2.2p5.(2P*<1/2>).6d,2[5/2]*,2.0,2,True,5.0,21.28091538,False,1.6e-07,L8826
010001.000168,Ne,1,Ne I,2s2.2p5.(2P*<1/2>).6d,2[5/2]*,3.0,3,True,7.0,21.28095151,False,1.9e-07,L8826
010001.000170,Ne,1,Ne I,2s2.2p5.(2P*<1/2>).6f,2[5/2],3.0,3,True,7.0,21.28309635,False,1.4e-07,L8826
010001.000171,Ne,1,Ne I,2s2.2p5.(2P*<1/2>).6f,2[5/2],2.0,2,True,5.0,21.28309768,False,1.5e-07,L8826
010001.000172,Ne,1,Ne I,2s2.2p5.(2P*<1/2>).6f,2[7/2],3.0,3,True,7.0,21.28311928,False,1.4e-07,L8826
010001.000173,Ne,1,Ne I,2s2.2p5.(2P*<1/2>).6f,2[7/2],4.0,4,True,9.0,21.28311977,False,1.4e-07,L8826
010001.000174,Ne,1,Ne I,2s2.2p5.(2P*<1/2>).6g,2[7/2]*,4.0,4,True,9.0,21.28331166,False,1.4e-07,L8826
010001.000175,Ne,1,Ne I,2s2.2p5.(2P*<1/2>).6g,2[7/2]*,3.0,3,True,7.0,21.28331309,False,1.4e-07,L8826
010001.000176,Ne,1,Ne I,2s2.2p5.(2P*<1/2>).6g,2[9/2]*,4.0,4,True,9.0,21.28331405,False,1.4e-07,L8826
010001.000177,Ne,1,Ne I,2s2.2p5.(2P*<1/2>).6g,2[9/2]*,5.0,5,True,11.0,21.2833151,False,1.4e-07,L8826
010001.000178,Ne,1,Ne I,2s2.2p5.(2P*<3/2>).7d,2[1/2]*,0.0,0,True,1.0,21.2842647,False,1.4e-06,L8826
010001.000179,Ne,1,Ne I,2s2.2p5.(2P*<3/2>).7d,2[1/2]*,1.0,1,True,3.0,21.2846064,False,1.4e-06,L8826
010001.000180,Ne,1,Ne I,2s2.2p5.(2P*<3/2>).7d,2[7/2]*,4.0,4,True,9.0,21.2850442,False,5e-07,L8826
010001.000181,Ne,1,Ne I,2s2.2p5.(2P*<3/2>).7d,2[7/2]*,3.0,3,True,7.0,21.2850775,False,4e-07,L8826
010001.000182,Ne,1,Ne I,2s2.2p5.(2P*<3/2>).7d,2[3/2]*,2.0,2,True,5.0,21.2857743,False,7e-07,L8826
010001.000183,Ne,1,Ne I,2s2.2p5.(2P*<3/2>).7d,2[3/2]*,1.0,1,True,3.0,21.2859685,False,1.1e-06,L8826
010001.000184,Ne,1,Ne I,2s2.2p5.(2P*<3/2>).7d,2[5/2]*,2.0,2,True,5.0,21.2862629,False,4e-07,L8826
010001.000185,Ne,1,Ne I,2s2.2p5.(2P*<3/2>).7d,2[5/2]*,3.0,3,True,7.0,21.2862943,False,5e-07,L8826
010001.000186,Ne,1,Ne I,2s2.2p5.(2P*<3/2>).7f,2[3/2],2.0,2,True,5.0,21.2864214,False,5e-07,L8826
010001.000187,Ne,1,Ne I,2s2.2p5.(2P*<3/2>).7f,2[3/2],1.0,1,True,3.0,21.2864225,False,5e-07,L8826
010001.000188,Ne,1,Ne I,2s2.2p5.(2P*<3/2>).7f,2[9/2],5.0,5,True,11.0,21.2865968,False,4e-07,L8826
010001.000189,Ne,1,Ne I,2s2.2p5.(2P*<3/2>).7f,2[9/2],4.0,4,True,9.0,21.2865973,False,4e-07,L8826
010001.000190,Ne,1,Ne I,2s2.2p5.(2P*<3/2>).7g,2[5/2]*,2.0,2,True,5.0,21.2867159,False,1.4e-06,L8826
010001.000191,Ne,1,Ne I,2s2.2p5.(2P*<3/2>).7g,2[5/2]*,3.0,3,True,7.0,21.2867162,False,4e-07,L8826
010001.000192,Ne,1,Ne I,2s2.2p5.(2P*<3/2>).7g,2[11/2]*,5.0,5,True,11.0,21.2867765,False,4e-07,L8826
010001.000193,Ne,1,Ne I,2s2.2p5.(2P*<3/2>).7g,2[11/2]*,6.0,6,True,13.0,21.2867773,False,4e-07,L8826
010001.000194,Ne,1,Ne I,2s2.2p5.(2P*<3/2>).7f,2[5/2],3.0,3,True,7.0,21.2868505,False,6e-07,L8826
010001.000195,Ne,1,Ne I,2s2.2p5.(2P*<3/2>).7f,2[5/2],2.0,2,True,5.0,21.2868514,False,9e-07,L8826
010001.000196,Ne,1,Ne I,2s2.2p5.(2P*<3/2>).7g,2[7/2]*,4.0,4,True,9.0,21.2869046,False,4e-07,L8826
010001.000197,Ne,1,Ne I,2s2.2p5.(2P*<3/2>).7g,2[7/2]*,3.0,3,True,7.0,21.2869063,False,4e-07,L8826
010001.000198,Ne,1,Ne I,2s2.2p5.(2P*<3/2>).7g,2[9/2]*,4.0,4,True,9.0,21.2869664,False,4e-07,L8826
010001.000199,Ne,1,Ne I,2s2.2p5.(2P*<3/2>).7g,2[9/2]*,5.0,5,True,11.0,21.2869672,False,4e-07,L8826
010001.000200,Ne,1,Ne I,2s2.2p5.(2P*<3/2>).7f,2[7/2],3.0,3,True,7.0,21.2870099,False,7e-07,L8826
010001.000201,Ne,1,Ne I,2s2.2p5.(2P*<3/2>).7f,2[7/2],4.0,4,True,9.0,21.2870121,False,5e-07,L8826
010001.000202,Ne,1,Ne I,2s2.2p5.(2P*<3/2>).8p,2[1/2],1.0,1,True,3.0,21.294564,False,2.5e-05,L8826
010001.000210,Ne,1,Ne I,2s2.2p5.(2P*<3/2>).8p,2[1/2],0.0,0,True,1.0,21.30433,False,4e-05,L8826
010001.000203,Ne,1,Ne I,2s2.2p5.(2P*<3/2>).8p,2[5/2],3.0,3,True,7.0,21.29887,False,4e-05,L8826
010001.000204,Ne,1,Ne I,2s2.2p5.(2P*<3/2>).8p,2[5/2],2.0,2,True,5.0,21.29944,False,4e-05,L8826
010001.000205,Ne,1,Ne I,2s2.2p5.(2P*<3/2>).8p,2[3/2],1.0,1,True,3.0,21.3002391,False,1.7e-06,L8826
010001.000206,Ne,1,Ne I,2s2.2p5.(2P*<3/2>).8p,2[3/2],2.0,2,True,5.0,21.300882,False,2.5e-05,L8826
010001.000207,Ne,1,Ne I,2s2.2p5.(2P*<1/2>).7p,2[3/2],1.0,1,True,3.0,21.3032418,False,1.7e-06,L8826
010001.000208,Ne,1,Ne I,2s2.2p5.(2P*<1/2>).7p,2[3/2],2.0,2,True,5.0,21.303897,False,1.7e-06,L8826
010001.000209,Ne,1,Ne I,2s2.2p5.(2P*<1/2>).7p,2[1/2],1.0,1,True,3.0,21.30427,False,4e-05,L8826
010001.000211,Ne,1,Ne I,2s2.2p5.(2P*<1/2>).7p,2[1/2],0.0,0,True,1.0,21.3145513,False,2.5e-06,L8826
010001.000212,Ne,1,Ne I,2s2.2p5.(2P*<3/2>).9s,2[3/2]*,2.0,2,True,5.0,21.3341332,False,9e-07,L8826
010001.000213,Ne,1,Ne I,2s2.2p5.(2P*<3/2>).9s,2[3/2]*,1.0,1,True,3.0,21.3353143,False,6e-07,L8826
010001.000214,Ne,1,Ne I,2s2.2p5.(2P*<3/2>).8d,2[1/2]*,0.0,0,True,1.0,21.35012,False,7e-06,L8826
010001.000215,Ne,1,Ne I,2s2.2p5.(2P*<3/2>).8d,2[1/2]*,1.0,1,True,3.0,21.3503118,False,1.4e-06,L8826
010001.000216,Ne,1,Ne I,2s2.2p5.(2P*<3/2>).8d,2[7/2]*,4.0,4,True,9.0,21.3507129,False,2.5e-07,L8826
010001.000217,Ne,1,Ne I,2s2.2p5.(2P*<3/2>).8d,2[7/2]*,3.0,3,True,7.0,21.35073261,False,2.5e-07,L8826
010001.000218,Ne,1,Ne I,2s2.2p5.(2P*<3/2>).8d,2[3/2]*,2.0,2,True,5.0,21.3509183,False,1.4e-06,L8826
010001.000219,Ne,1,Ne I,2s2.2p5.(2P*<3/2>).8d,2[3/2]*,1.0,1,True,3.0,21.351213,False,6e-06,L8826
010001.000220,Ne,1,Ne I,2s2.2p5.(2P*<3/2>).8d,2[5/2]*,2.0,2,True,5.0,21.3514561,False,1.2e-06,L8826
010001.000221,Ne,1,Ne I,2s2.2p5.(2P*<3/2>).8d,2[5/2]*,3.0,3,True,7.0,21.3514758,False,7e-07,L8826
010001.000222,Ne,1,Ne I,2s2.2p5.(2P*<3/2>).8f,2[3/2],2.0,2,True,5.0,21.351649,False,1.4e-05,L8826
010001.000223,Ne,1,Ne I,2s2.2p5.(2P*<3/2>).8f,2[3/2],1.0,1,True,3.0,21.351661,False,1.4e-05,L8826
010001.000224,Ne,1,Ne I,2s2.2p5.(2P*<3/2>).8f,2[9/2],5.0,5,True,11.0,21.351761,False,1.4e-05,L8826
010001.000225,Ne,1,Ne I,2s2.2p5.(2P*<3/2>).8f,2[9/2],4.0,4,True,9.0,21.351763,False,1.4e-05,L8826
010001.000226,Ne,1,Ne I,2s2.2p5.(2P*<3/2>).8f,2[7/2],4.0,4,True,9.0,21.352011,False,1.4e-05,L8826
010001.000227,Ne,1,Ne I,2s2.2p5.(2P*<3/2>).8f,2[7/2],3.0,3,True,7.0,21.352038,False,1.4e-05,L8826
010001.000228,Ne,1,Ne I,2s2.2p5.(2P*<1/2>).8s,2[1/2]*,0.0,0,True,1.0,21.3568107,False,1.1e-06,L8826
010001.000229,Ne,1,Ne I,2s2.2p5.(2P*<1/2>).8s,2[1/2]*,1.0,1,True,3.0,21.3577339,False,5e-07,L8826
010001.000230,Ne,1,Ne I,2s2.2p5.(2P*<3/2>).9p,2[5/2],3.0,3,True,7.0,21.36027,False,4e-05,L8826
010001.000231,Ne,1,Ne I,2s2.2p5.(2P*<3/2>).9p,2[5/2],2.0,2,True,5.0,21.3608738,False,1.9e-06,L8826
010001.000232,Ne,1,Ne I,2s2.2p5.(2P*<3/2>).9p,2[3/2],1.0,1,True,3.0,21.361386,False,2.5e-05,L8826
010001.000233,Ne,1,Ne I,2s2.2p5.(2P*<3/2>).9p,2[3/2],2.0,2,True,5.0,21.36149,False,4e-05,L8826
010001.000234,Ne,1,Ne I,2s2.2p5.(2P*<3/2>).9p,2[1/2],0.0,0,True,1.0,21.3658693,False,1.2e-06,L8826
010001.000235,Ne,1,Ne I,2s2.2p5.(2P*<1/2>).7d,2[3/2]*,2.0,2,True,5.0,21.3820449,False,1e-06,L8826
010001.000238,Ne,1,Ne I,2s2.2p5.(2P*<1/2>).7d,2[3/2]*,1.0,1,True,3.0,21.3824346,False,1.4e-06,L8826
010001.000236,Ne,1,Ne I,2s2.2p5.(2P*<1/2>).7d,2[5/2]*,2.0,2,True,5.0,21.3821198,False,9e-07,L8826
010001.000237,Ne,1,Ne I,2s2.2p5.(2P*<1/2>).7d,2[5/2]*,3.0,3,True,7.0,21.3821429,False,4e-07,L8826
010001.000239,Ne,1,Ne I,2s2.2p5.(2P*<1/2>).7f,2[7/2],3.0,3,True,7.0,21.3834863,False,5e-07,L8826
010001.000240,Ne,1,Ne I,2s2.2p5.(2P*<1/2>).7f,2[7/2],4.0,4,True,9.0,21.3834865,False,5e-07,L8826
010001.000241,Ne,1,Ne I,2s2.2p5.(2P*<1/2>).7f,2[5/2],3.0,3,True,7.0,21.3834868,False,4e-07,L8826
010001.000242,Ne,1,Ne I,2s2.2p5.(2P*<1/2>).7f,2[5/2],2.0,2,True,5.0,21.3834871,False,7e-07,L8826
010001.000243,Ne,1,Ne I,2s2.2p5.(2P*<1/2>).7g,2[9/2]*,4.0,4,True,9.0,21.3835998,False,4e-07,L8826
010001.000244,Ne,1,Ne I,2s2.2p5.(2P*<1/2>).7g,2[9/2]*,5.0,5,True,11.0,21.3836009,False,4e-07,L8826
010001.000245,Ne,1,Ne I,2s2.2p5.(2P*<1/2>).7g,2[7/2]*,4.0,4,True,9.0,21.3836048,False,4e-07,L8826
010001.000246,Ne,1,Ne I,2s2.2p5.(2P*<1/2>).7g,2[7/2]*,3.0,3,True,7.0,21.3836063,False,4e-07,L8826
010001.000247,Ne,1,Ne I,2s2.2p5.(2P*<3/2>).10s,2[3/2]*,2.0,2,True,5.0,21.3842144,False,6e-07,L8826
010001.000248,Ne,1,Ne I,2s2.2p5.(2P*<3/2>).10s,2[3/2]*,1.0,1,True,3.0,21.38502238,False,2.4e-07,L8826
010001.000249,Ne,1,Ne I,2s2.2p5.(2P*<1/2>).8p,2[1/2],1.0,1,True,3.0,21.39506,False,4e-05,L8826
010001.000265,Ne,1,Ne I,2s2.2p5.(2P*<1/2>).8p,2[1/2],0.0,0,True,1.0,21.39965,False,4e-05,L8826
010001.000250,Ne,1,Ne I,2s2.2p5.(2P*<3/2>).9d,2[1/2]*,0.0,0,True,1.0,21.395318,False,1.5e-05,L8826
010001.000251,Ne,1,Ne I,2s2.2p5.(2P*<3/2>).9d,2[1/2]*,1.0,1,True,3.0,21.395449,False,6e-06,L8826
010001.000252,Ne,1,Ne I,2s2.2p5.(2P*<3/2>).9d,2[7/2]*,4.0,4,True,9.0,21.3956874,False,6e-07,L8826
010001.000253,Ne,1,Ne I,2s2.2p5.(2P*<3/2>).9d,2[7/2]*,3.0,3,True,7.0,21.3957154,False,6e-07,L8826
010001.000254,Ne,1,Ne I,2s2.2p5.(2P*<3/2>).9d,2[3/2]*,2.0,2,True,5.0,21.395879,False,5e-06,L8826
010001.000255,Ne,1,Ne I,2s2.2p5.(2P*<3/2>).9d,2[3/2]*,1.0,1,True,3.0,21.396056,False,6e-06,L8826
010001.000256,Ne,1,Ne I,2s2.2p5.(2P*<3/2>).9d,2[5/2]*,2.0,2,True,5.0,21.396216,False,7e-06,L8826
010001.000257,Ne,1,Ne I,2s2.2p5.(2P*<3/2>).9d,2[5/2]*,3.0,3,True,7.0,21.396228,False,7e-06,L8826
010001.000258,Ne,1,Ne I,2s2.2p5.(2P*<1/2>).8p,2[3/2],2.0,2,True,5.0,21.39634,False,6e-05,L8826
010001.000259,Ne,1,Ne I,2s2.2p5.(2P*<3/2>).9f,2[9/2],5.0,5,True,11.0,21.396424,False,1.5e-05,L8826
010001.000260,Ne,1,Ne I,2s2.2p5.(2P*<3/2>).9f,2[9/2],4.0,4,True,9.0,21.396432,False,1.5e-05,L8826
010001.000261,Ne,1,Ne I,2s2.2p5.(2P*<3/2>).9f,2[5/2],3.0,3,True,7.0,21.396551,False,1.5e-05,L8826
010001.000262,Ne,1,Ne I,2s2.2p5.(2P*<3/2>).9f,2[5/2],2.0,2,True,5.0,21.396551,False,1.5e-05,L8826
010001.000263,Ne,1,Ne I,2s2.2p5.(2P*<3/2>).9f,2[7/2],4.0,4,True,9.0,21.396618,False,1.5e-05,L8826
010001.000264,Ne,1,Ne I,2s2.2p5.(2P*<3/2>).9f,2[7/2],3.0,3,True,7.0,21.396618,False,1.5e-05,L8826
010001.000266,Ne,1,Ne I,2s2.2p5.(2P*<3/2>).10p,2[1/2],1.0,1,True,3.0,21.40205,False,4e-05,L8826
010001.000270,Ne,1,Ne I,2s2.2p5.(2P*<3/2>).10p,2[1/2],0.0,0,True,1.0,21.40774,False,4e-05,L8826
010001.000267,Ne,1,Ne I,2s2.2p5.(2P*<3/2>).10p,2[5/2],3.0,3,True,7.0,21.40255,False,4e-05,L8826
010001.000268,Ne,1,Ne I,2s2.2p5.(2P*<3/2>).10p,2[3/2],1.0,1,True,3.0,21.4034,False,4e-05,L8826
010001.000269,Ne,1,Ne I,2s2.2p5.(2P*<3/2>).10p,2[3/2],2.0,2,True,5.0,21.40344,False,4e-05,L8826
010001.000271,Ne,1,Ne I,2s2.2p5.(2P*<3/2>).11s,2[3/2]*,2.0,2,True,5.0,21.419488,False,7e-06,L8826
010001.000272,Ne,1,Ne I,2s2.2p5.(2P*<3/2>).11s,2[3/2]*,1.0,1,True,3.0,21.42008,False,6e-06,L8826
010001.000273,Ne,1,Ne I,2s2.2p5.(2P*<3/2>).10d,2[1/2]*,0.0,0,True,1.0,21.427516,False,1.5e-05,L8826
010001.000274,Ne,1,Ne I,2s2.2p5.(2P*<3/2>).10d,2[1/2]*,1.0,1,True,3.0,21.427636,False,1.6e-05,L8826
010001.000275,Ne,1,Ne I,2s2.2p5.(2P*<3/2>).10d,2[7/2]*,4.0,4,True,9.0,21.427833,False,1.4e-05,L8826
010001.000276,Ne,1,Ne I,2s2.2p5.(2P*<3/2>).10d,2[7/2]*,3.0,3,True,7.0,21.42786,False,1.2e-05,L8826
010001.000277,Ne,1,Ne I,2s2.2p5.(2P*<3/2>).10d,2[3/2]*,2.0,2,True,5.0,21.427932,False,1e-05,L8826
010001.000278,Ne,1,Ne I,2s2.2p5.(2P*<3/2>).10d,2[3/2]*,1.0,1,True,3.0,21.428102,False,9e-06,L8826
010001.000279,Ne,1,Ne I,2s2.2p5.(2P*<3/2>).10d,2[5/2]*,2.0,2,True,5.0,21.428214,False,1e-05,L8826
010001.000280,Ne,1,Ne I,2s2.2p5.(2P*<3/2>).10d,2[5/2]*,3.0,3,True,7.0,21.42822,False,1e-05,L8826
010001.000281,Ne,1,Ne I,2s2.2p5.(2P*<1/2>).9s,2[1/2]*,0.0,0,True,1.0,21.430933,False,7e-06,L8826
010001.000282,Ne,1,Ne I,2s2.2p5.(2P*<1/2>).9s,2[1/2]*,1.0,1,True,3.0,21.431537,False,6e-06,L8826
010001.000283,Ne,1,Ne I,2s2.2p5.(2P*<3/2>).11p,2[3/2],2.0,2,True,5.0,21.43338,False,4e-05,L8826
010001.000284,Ne,1,Ne I,2s2.2p5.(2P*<3/2>).11p,2[3/2],1.0,1,True,3.0,21.43338,False,4e-05,L8826
010001.000285,Ne,1,Ne I,2s2.2p5.(2P*<3/2>).12s,2[3/2]*,2.0,2,True,5.0,21.445362,False,1e-05,L8826
010001.000286,Ne,1,Ne I,2s2.2p5.(2P*<3/2>).12s,2[3/2]*,1.0,1,True,3.0,21.4458306,False,5e-07,L8826
010001.000287,Ne,1,Ne I,2s2.2p5.(2P*<1/2>).8d,2[3/2]*,2.0,2,True,5.0,21.447663,False,1e-05,L8826
010001.000290,Ne,1,Ne I,2s2.2p5.(2P*<1/2>).8d,2[3/2]*,1.0,1,True,3.0,21.447901,False,9e-06,L8826
010001.000288,Ne,1,Ne I,2s2.2p5.(2P*<1/2>).8d,2[5/2]*,2.0,2,True,5.0,21.4476798,False,6e-07,L8826
010001.000289,Ne,1,Ne I,2s2.2p5.(2P*<1/2>).8d,2[5/2]*,3.0,3,True,7.0,21.4476896,False,6e-07,L8826
010001.000291,Ne,1,Ne I,2s2.2p5.(2P*<1/2>).8f,2[7/2],4.0,4,True,9.0,21.448596,False,1.4e-05,L8826
010001.000294,Ne,1,Ne I,2s2.2p5.(2P*<1/2>).8f,2[7/2],3.0,3,True,7.0,21.44861,False,1.4e-05,L8826
010001.000292,Ne,1,Ne I,2s2.2p5.(2P*<1/2>).8f,2[5/2],3.0,3,True,7.0,21.448598,False,1.4e-05,L8826
010001.000293,Ne,1,Ne I,2s2.2p5.(2P*<1/2>).8f,2[5/2],2.0,2,True,5.0,21.448598,False,1.4e-05,L8826
010001.000295,Ne,1,Ne I,2s2.2p5.(2P*<3/2>).11d,2[1/2]*,0.0,0,True,1.0,21.451422,False,1.5e-05,L8826
010001.000296,Ne,1,Ne I,2s2.2p5.(2P*<3/2>).11d,2[1/2]*,1.0,1,True,3.0,21.451496,False,1.6e-05,L8826
010001.000297,Ne,1,Ne I,2s2.2p5.(2P*<3/2>).11d,2[7/2]*,3.0,3,True,7.0,21.451603,False,1.4e-05,L8826
010001.000298,Ne,1,Ne I,2s2.2p5.(2P*<3/2>).11d,2[7/2]*,4.0,4,True,9.0,21.451608,False,1.4e-05,L8826
010001.000299,Ne,1,Ne I,2s2.2p5.(2P*<3/2>).11d,2[3/2]*,2.0,2,True,5.0,21.451753,False,1.5e-05,L8826
010001.000300,Ne,1,Ne I,2s2.2p5.(2P*<3/2>).11d,2[3/2]*,1.0,1,True,3.0,21.451856,False,2.2e-05,L8826
010001.000301,Ne,1,Ne I,2s2.2p5.(2P*<3/2>).11d,2[5/2]*,2.0,2,True,5.0,21.451865,False,1.2e-05,L8826
010001.000302,Ne,1,Ne I,2s2.2p5.(2P*<3/2>).11d,2[5/2]*,3.0,3,True,7.0,21.451906,False,1.1e-05,L8826
010001.000303,Ne,1,Ne I,2s2.2p5.(2P*<1/2>).9p,2[3/2],2.0,2,True,5.0,21.457375,False,2.5e-05,L8826
010001.000304,Ne,1,Ne I,2s2.2p5.(2P*<1/2>).9p,2[1/2],0.0,0,True,1.0,21.4613508,False,1.7e-06,L8826
010001.000305,Ne,1,Ne I,2s2.2p5.(2P*<3/2>).13s,2[3/2]*,2.0,2,True,5.0,21.464903,False,1.1e-05,L8826
010001.000306,Ne,1,Ne I,2s2.2p5.(2P*<3/2>).13s,2[3/2]*,1.0,1,True,3.0,21.465242,False,1.5e-05,L8826
010001.000307,Ne,1,Ne I,2s2.2p5.(2P*<3/2>).12d,2[1/2]*,1.0,1,True,3.0,21.469565,False,2.1e-05,L8826
010001.000308,Ne,1,Ne I,2s2.2p5.(2P*<3/2>).12d,2[7/2]*,3.0,3,True,7.0,21.469657,False,1.4e-05,L8826
010001.000309,Ne,1,Ne I,2s2.2p5.(2P*<3/2>).12d,2[7/2]*,4.0,4,True,9.0,21.469659,False,1.4e-05,L8826
010001.000310,Ne,1,Ne I,2s2.2p5.(2P*<3/2>).12d,2[3/2]*,2.0,2,True,5.0,21.469735,False,1.5e-05,L8826
010001.000311,Ne,1,Ne I,2s2.2p5.(2P*<3/2>).12d,2[3/2]*,1.0,1,True,3.0,21.469858,False,2.2e-05,L8826
010001.000312,Ne,1,Ne I,2s2.2p5.(2P*<3/2>).12d,2[5/2]*,2.0,2,True,5.0,21.469866,False,1.4e-05,L8826
010001.000313,Ne,1,Ne I,2s2.2p5.(2P*<3/2>).12d,2[5/2]*,3.0,3,True,7.0,21.469903,False,1.4e-05,L8826
010001.000314,Ne,1,Ne I,2s2.2p5.(2P*<3/2>).14s,2[3/2]*,1.0,1,True,3.0,21.480194,False,2.2e-05,L8826
010001.000315,Ne,1,Ne I,2s2.2p5.(2P*<1/2>).10s,2[1/2]*,0.0,0,True,1.0,21.480912,False,7e-06,L8826
010001.000316,Ne,1,Ne I,2s2.2p5.(2P*<1/2>).10s,2[1/2]*,1.0,1,True,3.0,21.481435,False,7e-06,L8826
010001.000317,Ne,1,Ne I,2s2.2p5.(2P*<3/2>).13d,2[1/2]*,1.0,1,True,3.0,21.483683,False,1.7e-05,L8826
010001.000318,Ne,1,Ne I,2s2.2p5.(2P*<3/2>).13d,2[7/2]*,4.0,4,True,9.0,21.483743,False,1.4e-05,L8826
010001.000319,Ne,1,Ne I,2s2.2p5.(2P*<3/2>).13d,2[7/2]*,3.0,3,True,7.0,21.483753,False,1.4e-05,L8826
010001.000320,Ne,1,Ne I,2s2.2p5.(2P*<3/2>).13d,2[3/2]*,1.0,1,True,3.0,21.483879,False,2.2e-05,L8826
010001.000321,Ne,1,Ne I,2s2.2p5.(2P*<3/2>).13d,2[3/2]*,2.0,2,True,5.0,21.483999,False,1.6e-05,L8826
010001.000322,Ne,1,Ne I,2s2.2p5.(2P*<3/2>).15s,2[3/2]*,1.0,1,True,3.0,21.49214,False,2.2e-05,L8826
010001.000323,Ne,1,Ne I,2s2.2p5.(2P*<1/2>).9d,2[5/2]*,2.0,2,True,5.0,21.492594,False,1e-05,L8826
010001.000325,Ne,1,Ne I,2s2.2p5.(2P*<1/2>).9d,2[5/2]*,3.0,3,True,7.0,21.492601,False,7e-06,L8826
010001.000324,Ne,1,Ne I,2s2.2p5.(2P*<1/2>).9d,2[3/2]*,2.0,2,True,5.0,21.4926,False,1e-05,L8826
010001.000326,Ne,1,Ne I,2s2.2p5.(2P*<1/2>).9d,2[3/2]*,1.0,1,True,3.0,21.492758,False,1.1e-05,L8826
010001.000327,Ne,1,Ne I,2s2.2p5.(2P*<3/2>).14d,2[1/2]*,1.0,1,True,3.0,21.49487,False,2.2e-05,L8826
010001.000328,Ne,1,Ne I,2s2.2p5.(2P*<3/2>).14d,2[3/2]*,1.0,1,True,3.0,21.495002,False,2.2e-05,L8826
010001.000329,Ne,1,Ne I,2s2.2p5.(2P*<3/2>).16s,2[3/2]*,1.0,1,True,3.0,21.501658,False,2.2e-05,L8826
010001.000330,Ne,1,Ne I,2s2.2p5.(2P*<3/2>).15d,2[3/2]*,1.0,1,True,3.0,21.503911,False,2.2e-05,L8826
010001.000331,Ne,1,Ne I,2s2.2p5.(2P*<3/2>).15d,2[1/2]*,1.0,1,True,3.0,21.503959,False,2.2e-05,L8826
010001.000332,Ne,1,Ne I,2s2.2p5.(2P*<3/2>).17s,2[3/2]*,1.0,1,True,3.0,21.50941,False,2.2e-05,L8826
010001.000333,Ne,1,Ne I,2s2.2p5.(2P*<3/2>).16d,2[3/2]*,1.0,1,True,3.0,21.511272,False,2.2e-05,L8826
010001.000334,Ne,1,Ne I,2s2.2p5.(2P*<3/2>).18s,2[3/2]*,1.0,1,True,3.0,21.515766,False,2.2e-05,L8826
010001.000335,Ne,1,Ne I,2s2.2p5.(2P*<1/2>).11s,2[1/2]*,1.0,1,True,3.0,21.516611,False,2.2e-05,L8826
010001.000336,Ne,1,Ne I,2s2.2p5.(2P*<3/2>).17d,2[3/2]*,1.0,1,True,3.0,21.517383,False,2.2e-05,L8826
010001.000337,Ne,1,Ne I,2s2.2p5.(2P*<3/2>).19s,2[3/2]*,1.0,1,True,3.0,21.521178,False,2.2e-05,L8826
010001.000338,Ne,1,Ne I,2s2.2p5.(2P*<3/2>).18d,2[3/2]*,1.0,1,True,3.0,21.522479,False,2.2e-05,L8826
010001.000339,Ne,1,Ne I,2s2.2p5.(2P*<1/2>).10d,2[5/2]*,2.0,2,True,5.0,21.524712,False,6e-06,L8826
010001.000341,Ne,1,Ne I,2s2.2p5.(2P*<1/2>).10d,2[5/2]*,3.0,3,True,7.0,21.524716,False,9e-06,L8826
010001.000340,Ne,1,Ne I,2s2.2p5.(2P*<1/2>).10d,2[3/2]*,2.0,2,True,5.0,21.524712,False,1e-05,L8826
010001.000342,Ne,1,Ne I,2s2.2p5.(2P*<1/2>).10d,2[3/2]*,1.0,1,True,3.0,21.524846,False,1.4e-05,L8826
010001.000343,Ne,1,Ne I,2s2.2p5.(2P*<3/2>).20s,2[3/2]*,1.0,1,True,3.0,21.5257,False,2.2e-05,L8826
010001.000344,Ne,1,Ne I,2s2.2p5.(2P*<3/2>).19d,2[3/2]*,1.0,1,True,3.0,21.526791,False,2.2e-05,L8826
010001.000345,Ne,1,Ne I,2s2.2p5.(2P*<3/2>).20d,2[3/2]*,1.0,1,True,3.0,21.530477,False,2.2e-05,L8826
010001.000346,Ne,1,Ne I,2s2.2p5.(2P*<1/2>).12s,2[1/2]*,1.0,1,True,3.0,21.542437,False,2.2e-05,L8826
010001.000347,Ne,1,Ne I,2s2.2p5.(2P*<1/2>).11d,2[3/2]*,1.0,1,True,3.0,21.548593,False,2.2e-05,L8826
010001.000348,Ne,1,Ne I,2s2.2p5.(2P*<1/2>).13s,2[1/2]*,1.0,1,True,3.0,21.561876,False,2.2e-05,L8826
010001.Lim001,Ne,1,Ne I,Ne II (2p5 2P*<3/2>),Limit,,---,False,,21.564541,False,7e-06,"L8826,L1407"
010001.000350,Ne,1,Ne I,2s2.2p5.(2P*<1/2>).12d,2[3/2]*,1.0,1,True,3.0,21.56655,False,2.2e-05,L8826
010001.000351,Ne,1,Ne I,2s2.2p5.(2P*<1/2>).14s,2[1/2]*,1.0,1,True,3.0,21.576939,False,2.2e-05,L8826
010001.000352,Ne,1,Ne I,2s2.2p5.(2P*<1/2>).13d,2[3/2]*,1.0,1,True,3.0,21.580589,False,2.2e-05,L8826
010001.000353,Ne,1,Ne I,2s2.2p5.(2P*<1/2>).15s,2[1/2]*,1.0,1,True,3.0,21.588819,False,2.2e-05,L8826
010001.000354,Ne,1,Ne I,2s2.2p5.(2P*<1/2>).14d,2[3/2]*,1.0,1,True,3.0,21.591729,False,2.2e-05,L8826
010001.000355,Ne,1,Ne I,2s2.2p5.(2P*<1/2>).16s,2[1/2]*,1.0,1,True,3.0,21.598352,False,2.2e-05,L8826
010001.000356,Ne,1,Ne I,2s2.2p5.(2P*<1/2>).15d,2[3/2]*,1.0,1,True,3.0,21.600708,False,2.2e-05,L8826
010001.000357,Ne,1,Ne I,2s2.2p5.(2P*<1/2>).17s,2[1/2]*,1.0,1,True,3.0,21.606121,False,2.2e-05,L8826
010001.000358,Ne,1,Ne I,2s2.2p5.(2P*<1/2>).16d,2[3/2]*,1.0,1,True,3.0,21.608042,False,2.2e-05,L8826
010001.000359,Ne,1,Ne I,2s2.2p5.(2P*<1/2>).18s,2[1/2]*,1.0,1,True,3.0,21.612539,False,2.2e-05,L8826
010001.000360,Ne,1,Ne I,2s2.2p5.(2P*<1/2>).17d,2[3/2]*,1.0,1,True,3.0,21.614148,False,2.2e-05,L8826
010001.000361,Ne,1,Ne I,2s2.2p5.(2P*<1/2>).19s,2[1/2]*,1.0,1,True,3.0,21.617897,False,2.2e-05,L8826
010001.000362,Ne,1,Ne I,2s2.2p5.(2P*<1/2>).18d,2[3/2]*,1.0,1,True,3.0,21.619285,False,2.2e-05,L8826
010001.000363,Ne,1,Ne I,2s2.2p5.(2P*<1/2>).20s,2[1/2]*,1.0,1,True,3.0,21.622425,False,2.2e-05,L8826
010001.000364,Ne,1,Ne I,2s2.2p5.(2P*<1/2>).19d,2[3/2]*,1.0,1,True,3.0,21.623565,False,2.2e-05,L8826
010001.000365,Ne,1,Ne I,2s2.2p5.(2P*<1/2>).20d,2[3/2]*,1.0,1,True,3.0,21.627257,False,2.2e-05,L8826
010001.000366,Ne,1,Ne I,2s.2p6.3p,1P*,1.0,1,True,3.0,45.547,False,0.009,L8826
010001.000367,Ne,1,Ne I,2s.2p6.4p,1P*,1.0,1,True,3.0,47.123,False,0.005,L8826
010001.000368,Ne,1,Ne I,2s.2p6.5p,1P*,1.0,1,True,3.0,47.693,False,0.005,L8826
010001.000369,Ne,1,Ne I,2s.2p6.6p,1P*,1.0,1,True,3.0,47.967,False,0.005,L8826
010001.000370,Ne,1,Ne I,2s.2p6.7p,1P*,1.0,1,True,3.0,48.116,False,0.006,L8826
010001.000371,Ne,1,Ne I,2s.2p6.8p,1P*,1.0,1,True,3.0,48.208,False,0.006,L8826
010001.000372,Ne,1,Ne I,2s.2p6.9p,1P*,1.0,1,True,3.0,48.271,False,0.006,L8826
010001.000373,Ne,1,Ne I,2s.2p6.10p,1P*,1.0,1,True,3.0,48.313,False,0.006,L8826
010001.000374,Ne,1,Ne I,2s.2p6.11p,1P*,1.0,1,True,3.0,48.344,False,0.006,L8826
010001.000375,Ne,1,Ne I,2s.2p6.12p,1P*,1.0,1,True,3.0,48.365,False,0.006,L8826
010002.000001,Ne,2,Ne II,2s2.2p5,2P*,1.5,3/2,True,4.0,0.0,False,0.0,L9088
010002.000002,Ne,2,Ne II,2s2.2p5,2P*,0.5,1/2,True,2.0,0.09676024,False,2.5e-07,L9088
010002.000003,Ne,2,Ne II,2s.2p6,2S,0.5,1/2,True,2.0,26.910472,False,1.1e-05,L9088
010002.000004,Ne,2,Ne II,2s2.2p4.(3P).3s,4P,2.5,5/2,True,6.0,27.16875174,False,1.4e-07,L9088
010002.000005,Ne,2,Ne II,2s2.2p4.(3P).3s,4P,1.5,3/2,True,4.0,27.2329339,False,6e-07,L9088
010002.000006,Ne,2,Ne II,2s2.2p4.(3P).3s,4P,0.5,1/2,True,2.0,27.2700077,False,1.4e-07,L9088
010002.000007,Ne,2,Ne II,2s2.2p4.(3P).3s,2P,1.5,3/2,True,4.0,27.78324821,False,1.6e-07,L9088
010002.000008,Ne,2,Ne II,2s2.2p4.(3P).3s,2P,0.5,1/2,True,2.0,27.85915908,False,1.7e-07,L9088
010002.000009,Ne,2,Ne II,2s2.2p4.(3P).3p,4P*,2.5,5/2,True,6.0,30.52396899,False,1.7e-07,L9088
010002.000012,Ne,2,Ne II,2s2.2p4.(3P).3p,4P*,1.5,3/2,True,4.0,30.55156804,False,1.4e-07,L9088
010002.000013,Ne,2,Ne II,2s2.2p4.(3P).3p,4P*,0.5,1/2,True,2.0,30.57421575,False,1.5e-07,L9088
010002.000010,Ne,2,Ne II,2s2.2p4.(1D).3s,2D,2.5,5/2,True,6.0,30.54897749,False,1.9e-07,L9088
010002.000011,Ne,2,Ne II,2s2.2p4.(1D).3s,2D,1.5,3/2,True,4.0,30.54939418,False,2.5e-07,L9088
010002.000014,Ne,2,Ne II,2s2.2p4.(3P).3p,4D*,3.5,7/2,True,8.0,30.8855318,False,1.7e-07,L9088
010002.000015,Ne,2,Ne II,2s2.2p4.(3P).3p,4D*,2.5,5/2,True,6.0,30.9273578,False,1.5e-07,L9088
010002.000016,Ne,2,Ne II,2s2.2p4.(3P).3p,4D*,1.5,3/2,True,4.0,30.95829705,False,1.6e-07,L9088
010002.000017,Ne,2,Ne II,2s2.2p4.(3P).3p,4D*,0.5,1/2,True,2.0,30.97616485,False,1.7e-07,L9088
010002.000018,Ne,2,Ne II,2s2.2p4.(3P).3p,2D*,2.5,5/2,True,6.0,31.12141637,False,1.9e-07,L9088
010002.000019,Ne,2,Ne II,2s2.2p4.(3P).3p,2D*,1.5,3/2,True,4.0,31.18476555,False,1.9e-07,L9088
010002.000020,Ne,2,Ne II,2s2.2p4.(3P).3p,2S*,0.5,1/2,True,2.0,31.3430151,False,2.5e-07,L9088
010002.000021,Ne,2,Ne II,2s2.2p4.(3P).3p,4S*,1.5,3/2,True,4.0,31.36223939,False,1.6e-07,L9088
010002.000022,Ne,2,Ne II,2s2.2p4.(3P).3p,2P*,1.5,3/2,True,4.0,31.51244241,False,1.7e-07,L9088
010002.000023,Ne,2,Ne II,2s2.2p4.(3P).3p,2P*,0.5,1/2,True,2.0,31.52821065,False,1.9e-07,L9088
010002.000024,Ne,2,Ne II,2s2.2p4.(1D).3p,2F*,2.5,5/2,True,6.0,34.01687,False,2.5e-07,L9088
010002.000025,Ne,2,Ne II,2s2.2p4.(1D).3p,2F*,3.5,7/2,True,8.0,34.0223902,False,2.5e-07,L9088
010002.000026,Ne,2,Ne II,2s2.2p4.(1D).3p,2P*,1.5,3/2,True,4.0,34.25396207,False,2.5e-07,L9088
010002.000027,Ne,2,Ne II,2s2.2p4.(1D).3p,2P*,0.5,1/2,True,2.0,34.2830939,False,4e-07,L9088
010002.000028,Ne,2,Ne II,2s2.2p4.(1S).3s,2S,0.5,1/2,True,2.0,34.3035902,False,4e-07,L9088
010002.000029,Ne,2,Ne II,2s2.2p4.(1D).3p,2D*,1.5,3/2,True,4.0,34.3839892,False,4e-07,L9088
010002.000030,Ne,2,Ne II,2s2.2p4.(1D).3p,2D*,2.5,5/2,True,6.0,34.3863067,False,2.5e-07,L9088
010002.000031,Ne,2,Ne II,2s2.2p4.(3P).3d,4D,3.5,7/2,True,8.0,34.6086522,False,4e-07,L9088
010002.000032,Ne,2,Ne II,2s2.2p4.(3P).3d,4D,2.5,5/2,True,6.0,34.61869947,False,2.5e-07,L9088
010002.000033,Ne,2,Ne II,2s2.2p4.(3P).3d,4D,1.5,3/2,True,4.0,34.63187052,False,2.5e-07,L9088
010002.000034,Ne,2,Ne II,2s2.2p4.(3P).3d,4D,0.5,1/2,True,2.0,34.6440204,False,4e-07,L9088
010002.000035,Ne,2,Ne II,2s2.2p4.(3P).3d,4F,4.5,9/2,True,10.0,34.737023,False,4e-07,L9088
010002.000039,Ne,2,Ne II,2s2.2p4.(3P).3d,4F,3.5,7/2,True,8.0,34.80245657,False,2.5e-07,L9088
010002.000041,Ne,2,Ne II,2s2.2p4.(3P).3d,4F,2.5,5/2,True,6.0,34.81442056,False,2.5e-07,L9088
010002.000042,Ne,2,Ne II,2s2.2p4.(3P).3d,4F,1.5,3/2,True,4.0,34.83299812,False,2.5e-07,L9088
010002.000036,Ne,2,Ne II,2s2.2p4.(3P).3d,2F,3.5,7/2,True,8.0,34.7480986,False,4e-07,L9088
010002.000044,Ne,2,Ne II,2s2.2p4.(3P).3d,2F,2.5,5/2,True,6.0,34.84277499,False,2.5e-07,L9088
010002.000037,Ne,2,Ne II,2s2.2p4.(3P).3d,2D,2.5,5/2,True,6.0,34.7489205,False,4e-07,L9088
010002.000038,Ne,2,Ne II,2s2.2p4.(3P).3d,2D,1.5,3/2,True,4.0,34.7742889,False,2.5e-07,L9088
010002.000040,Ne,2,Ne II,2s2.2p4.(3P).3d,4P,0.5,1/2,True,2.0,34.81085841,False,2.5e-07,L9088
010002.000043,Ne,2,Ne II,2s2.2p4.(3P).3d,4P,1.5,3/2,True,4.0,34.83826076,False,2.5e-07,L9088
010002.000045,Ne,2,Ne II,2s2.2p4.(3P).3d,4P,2.5,5/2,True,6.0,34.86080527,False,2.5e-07,L9088
010002.000046,Ne,2,Ne II,2s2.2p4.(3P).3d,2P,0.5,1/2,True,2.0,34.8807871,False,4e-07,L9088
010002.000047,Ne,2,Ne II,2s2.2p4.(3P).3d,2P,1.5,3/2,True,4.0,34.92886254,False,2.5e-07,L9088
010002.000048,Ne,2,Ne II,2s2.2p4.(3P).4s,4P,2.5,5/2,True,6.0,34.96332866,False,2.5e-07,L9088
010002.000049,Ne,2,Ne II,2s2.2p4.(3P).4s,4P,1.5,3/2,True,4.0,35.01007584,False,2.5e-07,L9088
010002.000050,Ne,2,Ne II,2s2.2p4.(3P).4s,4P,0.5,1/2,True,2.0,35.04793112,False,2.5e-07,L9088
010002.000051,Ne,2,Ne II,2s2.2p4.(3P).4s,2P,1.5,3/2,True,4.0,35.12749222,False,2.5e-07,L9088
010002.000052,Ne,2,Ne II,2s2.2p4.(3P).4s,2P,0.5,1/2,True,2.0,35.19841919,False,2.5e-07,L9088
010002.000053,Ne,2,Ne II,2s2.2p4.(3P).4p,4P*,2.5,5/2,True,6.0,36.00153059,False,2.5e-07,L9088
010002.000054,Ne,2,Ne II,2s2.2p4.(3P).4p,4P*,1.5,3/2,True,4.0,36.02771897,False,2.5e-07,L9088
010002.000055,Ne,2,Ne II,2s2.2p4.(3P).4p,4P*,0.5,1/2,True,2.0,36.05507591,False,2.5e-07,L9088
010002.000056,Ne,2,Ne II,2s2.2p4.(3P).4p,4D*,3.5,7/2,True,8.0,36.1044477,False,4e-07,L9088
010002.000057,Ne,2,Ne II,2s2.2p4.(3P).4p,4D*,2.5,5/2,True,6.0,36.1407761,False,2.5e-07,L9088
010002.000058,Ne,2,Ne II,2s2.2p4.(3P).4p,4D*,1.5,3/2,True,4.0,36.1788195,False,4e-07,L9088
010002.000059,Ne,2,Ne II,2s2.2p4.(3P).4p,4D*,0.5,1/2,True,2.0,36.1994328,False,4e-07,L9088
010002.000060,Ne,2,Ne II,2s2.2p4.(3P).4p,2D*,2.5,5/2,True,6.0,36.2074931,False,4e-07,L9088
010002.000061,Ne,2,Ne II,2s2.2p4.(3P).4p,2D*,1.5,3/2,True,4.0,36.25939694,False,2.5e-07,L9088
010002.000062,Ne,2,Ne II,2s2.2p4.(3P).4p,2S*,0.5,1/2,True,2.0,36.2711665,False,4e-07,L9088
010002.000063,Ne,2,Ne II,2s2.2p4.(3P).4p,4S*,1.5,3/2,True,4.0,36.2841366,False,7e-07,L9088
010002.000064,Ne,2,Ne II,2s2.2p4.(3P).4p,2P*,1.5,3/2,True,4.0,36.46207411,False,2.5e-07,L9088
010002.000065,Ne,2,Ne II,2s2.2p4.(3P).4p,2P*,0.5,1/2,True,2.0,36.4926649,False,4e-07,L9088
010002.000066,Ne,2,Ne II,2s2.2p4.(3P).4d,4D,3.5,7/2,True,8.0,37.4185624,False,4e-07,L9088
010002.000067,Ne,2,Ne II,2s2.2p4.(3P).4d,4D,2.5,5/2,True,6.0,37.4253334,False,4e-07,L9088
010002.000068,Ne,2,Ne II,2s2.2p4.(3P).4d,4D,1.5,3/2,True,4.0,37.4367781,False,4e-07,L9088
010002.000069,Ne,2,Ne II,2s2.2p4.(3P).4d,4D,0.5,1/2,True,2.0,37.4503262,False,4e-07,L9088
010002.000070,Ne,2,Ne II,2s2.2p4.(3P).4d,4F,4.5,9/2,True,10.0,37.4671457,False,4e-07,L9088
010002.000075,Ne,2,Ne II,2s2.2p4.(3P).4d,4F,3.5,7/2,True,8.0,37.5363133,False,4e-07,L9088
010002.000080,Ne,2,Ne II,2s2.2p4.(3P).4d,4F,2.5,5/2,True,6.0,37.5472841,False,4e-07,L9088
010002.000088,Ne,2,Ne II,2s2.2p4.(3P).4d,4F,1.5,3/2,True,4.0,37.5623819,False,4e-07,L9088
010002.000071,Ne,2,Ne II,2s2.2p4.(3P).4d,2F,3.5,7/2,True,8.0,37.4739467,False,4e-07,L9088
010002.000083,Ne,2,Ne II,2s2.2p4.(3P).4d,2F,2.5,5/2,True,6.0,37.5536404,False,4e-07,L9088
010002.000072,Ne,2,Ne II,2s2.2p4.(3P).4d,2D,2.5,5/2,True,6.0,37.4813807,False,4e-07,L9088
010002.000073,Ne,2,Ne II,2s2.2p4.(3P).4d,2D,1.5,3/2,True,4.0,37.4960221,False,4e-07,L9088
010002.000074,Ne,2,Ne II,2s2.2p4.(3P).4d,4P,0.5,1/2,True,2.0,37.5021924,False,4e-07,L9088
010002.000076,Ne,2,Ne II,2s2.2p4.(3P).4d,4P,1.5,3/2,True,4.0,37.5445181,False,4e-07,L9088
010002.000091,Ne,2,Ne II,2s2.2p4.(3P).4d,4P,2.5,5/2,True,6.0,37.5761142,False,4e-07,L9088
010002.000077,Ne,2,Ne II,2s2.2p4.(3P<2>).4f,2[4]*,4.5,9/2,True,10.0,37.5460164,False,5e-07,L9088
010002.000078,Ne,2,Ne II,2s2.2p4.(3P<2>).4f,2[4]*,3.5,7/2,True,8.0,37.5462806,False,4e-07,L9088
010002.000079,Ne,2,Ne II,2s2.2p4.(3P).4d,2P,0.5,1/2,True,2.0,37.5463535,False,4e-07,L9088
010002.000092,Ne,2,Ne II,2s2.2p4.(3P).4d,2P,1.5,3/2,True,4.0,37.5967073,False,4e-07,L9088
010002.000081,Ne,2,Ne II,2s2.2p4.(3P<2>).4f,2[3]*,3.5,7/2,True,8.0,37.5478097,False,5e-07,L9088
010002.000082,Ne,2,Ne II,2s2.2p4.(3P<2>).4f,2[3]*,2.5,5/2,True,6.0,37.5478811,False,4e-07,L9088
010002.000084,Ne,2,Ne II,2s2.2p4.(3P<2>).4f,2[2]*,1.5,3/2,True,4.0,37.5551307,False,5e-07,L9088
010002.000085,Ne,2,Ne II,2s2.2p4.(3P<2>).4f,2[2]*,2.5,5/2,True,6.0,37.5552644,False,5e-07,L9088
010002.000086,Ne,2,Ne II,2s2.2p4.(3P<2>).4f,2[5]*,4.5,9/2,True,10.0,37.5591893,False,4e-07,L9088
010002.000087,Ne,2,Ne II,2s2.2p4.(3P<2>).4f,2[5]*,5.5,11/2,True,12.0,37.5591918,False,5e-07,L9088
010002.000089,Ne,2,Ne II,2s2.2p4.(3P<2>).4f,2[1]*,0.5,1/2,True,2.0,37.5658308,False,1.1e-06,L9088
010002.000090,Ne,2,Ne II,2s2.2p4.(3P<2>).4f,2[1]*,1.5,3/2,True,4.0,37.5659481,False,5e-07,L9088
010002.000093,Ne,2,Ne II,2s2.2p4.(3P).5s,4P,2.5,5/2,True,6.0,37.6019142,False,4e-07,L9088
010002.000096,Ne,2,Ne II,2s2.2p4.(3P).5s,4P,1.5,3/2,True,4.0,37.6314588,False,4e-07,L9088
010002.000103,Ne,2,Ne II,2s2.2p4.(3P).5s,4P,0.5,1/2,True,2.0,37.6822788,False,4e-07,L9088
010002.000094,Ne,2,Ne II,2s2.2p4.(3P<1>).4f,2[2]*,1.5,3/2,True,4.0,37.6302529,False,5e-07,L9088
010002.000095,Ne,2,Ne II,2s2.2p4.(3P<1>).4f,2[2]*,2.5,5/2,True,6.0,37.6303838,False,4e-07,L9088
010002.000097,Ne,2,Ne II,2s2.2p4.(3P<1>).4f,2[4]*,4.5,9/2,True,10.0,37.6326419,False,4e-07,L9088
010002.000098,Ne,2,Ne II,2s2.2p4.(3P<1>).4f,2[4]*,3.5,7/2,True,8.0,37.6327393,False,4e-07,L9088
010002.000099,Ne,2,Ne II,2s2.2p4.(3P<1>).4f,2[3]*,3.5,7/2,True,8.0,37.6415915,False,4e-07,L9088
010002.000100,Ne,2,Ne II,2s2.2p4.(3P<1>).4f,2[3]*,2.5,5/2,True,6.0,37.6416644,False,5e-07,L9088
010002.000101,Ne,2,Ne II,2s2.2p4.(3P<0>).4f,2[3]*,3.5,7/2,True,8.0,37.6694014,False,4e-07,L9088
010002.000102,Ne,2,Ne II,2s2.2p4.(3P<0>).4f,2[3]*,2.5,5/2,True,6.0,37.6694582,False,4e-07,L9088
010002.000104,Ne,2,Ne II,2s2.2p4.(3P).5s,2P,1.5,3/2,True,4.0,37.6880053,False,4e-07,L9088
010002.000105,Ne,2,Ne II,2s2.2p4.(3P).5s,2P,0.5,1/2,True,2.0,37.7457753,False,4e-07,L9088
010002.000106,Ne,2,Ne II,2s2.2p4.(1D).3d,2G,4.5,9/2,True,10.0,37.8603113,False,4e-07,L9088
010002.000107,Ne,2,Ne II,2s2.2p4.(1D).3d,2G,3.5,7/2,True,8.0,37.8604491,False,5e-07,L9088
010002.000108,Ne,2,Ne II,2s2.2p4.(1S).3p,2P*,1.5,3/2,True,4.0,37.8646002,False,4e-07,L9088
010002.000109,Ne,2,Ne II,2s2.2p4.(1S).3p,2P*,0.5,1/2,True,2.0,37.8658278,False,6e-07,L9088
010002.000110,Ne,2,Ne II,2s2.2p4.(1D).3d,2P,1.5,3/2,True,4.0,37.88547,False,4e-07,L9088
010002.000111,Ne,2,Ne II,2s2.2p4.(1D).3d,2P,0.5,1/2,True,2.0,37.8873702,False,6e-07,L9088
010002.000112,Ne,2,Ne II,2s2.2p4.(1D).3d,2S,0.5,1/2,True,2.0,37.9405355,False,4e-07,L9088
010002.000113,Ne,2,Ne II,2s2.2p4.(1D).3d,2D,2.5,5/2,True,6.0,37.9693434,False,4e-07,L9088
010002.000114,Ne,2,Ne II,2s2.2p4.(1D).3d,2D,1.5,3/2,True,4.0,37.9717422,False,5e-07,L9088
010002.000115,Ne,2,Ne II,2s2.2p4.(1D).3d,2F,2.5,5/2,True,6.0,38.0243755,False,4e-07,L9088
010002.000116,Ne,2,Ne II,2s2.2p4.(1D).3d,2F,3.5,7/2,True,8.0,38.024423,False,4e-07,L9088
010002.000117,Ne,2,Ne II,2s2.2p4.(3P).5p,4P*,2.5,5/2,True,6.0,38.0506625,False,4e-07,L9088
010002.000118,Ne,2,Ne II,2s2.2p4.(3P).5p,4P*,1.5,3/2,True,4.0,38.071804,False,4e-07,L9088
010002.000120,Ne,2,Ne II,2s2.2p4.(3P).5p,4P*,0.5,1/2,True,2.0,38.1015169,False,4e-07,L9088
010002.000119,Ne,2,Ne II,2s2.2p4.(3P).5p,4D*,3.5,7/2,True,8.0,38.0929919,False,4e-07,L9088
010002.000122,Ne,2,Ne II,2s2.2p4.(3P).5p,4D*,1.5,3/2,True,4.0,38.1591977,False,4e-07,L9088
010002.000123,Ne,2,Ne II,2s2.2p4.(3P).5p,4D*,2.5,5/2,True,6.0,38.1740924,False,4e-07,L9088
010002.000125,Ne,2,Ne II,2s2.2p4.(3P).5p,4D*,0.5,1/2,True,2.0,38.1899796,False,4e-07,L9088
010002.000121,Ne,2,Ne II,2s2.2p4.(3P).5p,2D*,2.5,5/2,True,6.0,38.1153245,False,4e-07,L9088
010002.000129,Ne,2,Ne II,2s2.2p4.(3P).5p,2D*,1.5,3/2,True,4.0,38.2091012,False,4e-07,L9088
010002.000124,Ne,2,Ne II,2s2.2p4.(3P).5p,2S*,0.5,1/2,True,2.0,38.1879819,False,4e-07,L9088
010002.000126,Ne,2,Ne II,2s2.2p4.(1D).4s,2D,2.5,5/2,True,6.0,38.1996861,False,4e-07,L9088
010002.000127,Ne,2,Ne II,2s2.2p4.(1D).4s,2D,1.5,3/2,True,4.0,38.1997309,False,4e-07,L9088
010002.000128,Ne,2,Ne II,2s2.2p4.(3P).5p,4S*,1.5,3/2,True,4.0,38.2041026,False,4e-07,L9088
010002.000130,Ne,2,Ne II,2s2.2p4.(3P).5p,2P*,1.5,3/2,True,4.0,38.2786348,False,4e-07,L9088
010002.000131,Ne,2,Ne II,2s2.2p4.(3P).5p,2P*,0.5,1/2,True,2.0,38.3082452,False,4e-07,L9088
010002.000132,Ne,2,Ne II,2s2.2p4.(3P).5d,4D,3.5,7/2,True,8.0,38.7107823,False,4e-07,L9088
010002.000133,Ne,2,Ne II,2s2.2p4.(3P).5d,4D,2.5,5/2,True,6.0,38.7150642,False,4e-07,L9088
010002.000134,Ne,2,Ne II,2s2.2p4.(3P).5d,4D,1.5,3/2,True,4.0,38.7234437,False,4e-07,L9088
010002.000136,Ne,2,Ne II,2s2.2p4.(3P).5d,4D,0.5,1/2,True,2.0,38.7345146,False,5e-07,L9088
010002.000135,Ne,2,Ne II,2s2.2p4.(3P).5d,4F,4.5,9/2,True,10.0,38.7336086,False,4e-07,L9088
010002.000162,Ne,2,Ne II,2s2.2p4.(3P).5d,4F,3.5,7/2,True,8.0,38.806355,False,4e-07,L9088
010002.000165,Ne,2,Ne II,2s2.2p4.(3P).5d,4F,2.5,5/2,True,6.0,38.8160168,False,4e-07,L9088
010002.000166,Ne,2,Ne II,2s2.2p4.(3P).5d,4F,1.5,3/2,True,4.0,38.8229897,False,4e-07,L9088
010002.000137,Ne,2,Ne II,2s2.2p4.(3P).5d,2F,3.5,7/2,True,8.0,38.7377045,False,4e-07,L9088
010002.000169,Ne,2,Ne II,2s2.2p4.(3P).5d,2F,2.5,5/2,True,6.0,38.8499635,False,4e-07,L9088
010002.000138,Ne,2,Ne II,2s2.2p4.(3P).5d,2D,2.5,5/2,True,6.0,38.745624,False,4e-07,L9088
010002.000139,Ne,2,Ne II,2s2.2p4.(3P).5d,2D,1.5,3/2,True,4.0,38.7542089,False,4e-07,L9088
010002.000140,Ne,2,Ne II,2s2.2p4.(3P).5d,4P,0.5,1/2,True,2.0,38.7556217,False,5e-07,L9088
010002.000164,Ne,2,Ne II,2s2.2p4.(3P).5d,4P,1.5,3/2,True,4.0,38.8097589,False,4e-07,L9088
010002.000167,Ne,2,Ne II,2s2.2p4.(3P).5d,4P,2.5,5/2,True,6.0,38.8242289,False,4e-07,L9088
010002.000141,Ne,2,Ne II,2s2.2p4.(3P<2>).5f,2[4]*,4.5,9/2,True,10.0,38.7777806,False,6e-07,L9088
010002.000142,Ne,2,Ne II,2s2.2p4.(3P<2>).5f,2[4]*,3.5,7/2,True,8.0,38.7779776,False,5e-07,L9088
010002.000143,Ne,2,Ne II,2s2.2p4.(3P<2>).5f,2[3]*,3.5,7/2,True,8.0,38.7787847,False,6e-07,L9088
010002.000144,Ne,2,Ne II,2s2.2p4.(3P<2>).5f,2[3]*,2.5,5/2,True,6.0,38.7788391,False,6e-07,L9088
010002.000145,Ne,2,Ne II,2s2.2p4.(3P<2>).5f,2[2]*,1.5,3/2,True,4.0,38.7827565,False,6e-07,L9088
010002.000146,Ne,2,Ne II,2s2.2p4.(3P<2>).5f,2[2]*,2.5,5/2,True,6.0,38.7828416,False,6e-07,L9088
010002.000147,Ne,2,Ne II,2s2.2p4.(3P<2>).5g,2[5],4.5,9/2,True,10.0,38.7835808,False,2.5e-06,L9088
010002.000148,Ne,2,Ne II,2s2.2p4.(3P<2>).5g,2[5],5.5,11/2,True,12.0,38.7835817,False,5e-07,L9088
010002.000149,Ne,2,Ne II,2s2.2p4.(3P<2>).5g,2[4],3.5,7/2,True,8.0,38.783693,False,6e-07,L9088
010002.000150,Ne,2,Ne II,2s2.2p4.(3P<2>).5g,2[4],4.5,9/2,True,10.0,38.783696,False,5e-07,L9088
010002.000151,Ne,2,Ne II,2s2.2p4.(3P<2>).5f,2[5]*,5.5,11/2,True,12.0,38.7843216,False,5e-07,L9088
010002.000152,Ne,2,Ne II,2s2.2p4.(3P<2>).5f,2[5]*,4.5,9/2,True,10.0,38.7843264,False,5e-07,L9088
010002.000153,Ne,2,Ne II,2s2.2p4.(3P<2>).5g,2[3],2.5,5/2,True,6.0,38.7853272,False,7e-07,L9088
010002.000154,Ne,2,Ne II,2s2.2p4.(3P<2>).5g,2[3],3.5,7/2,True,8.0,38.7853291,False,6e-07,L9088
010002.000155,Ne,2,Ne II,2s2.2p4.(3P<2>).5g,2[6],5.5,11/2,True,12.0,38.7864002,False,7e-07,L9088
010002.000156,Ne,2,Ne II,2s2.2p4.(3P<2>).5g,2[6],6.5,13/2,True,14.0,38.7864024,False,7e-07,L9088
010002.000157,Ne,2,Ne II,2s2.2p4.(3P<2>).5g,2[2],1.5,3/2,True,4.0,38.787601,False,4e-06,L9088
010002.000158,Ne,2,Ne II,2s2.2p4.(3P<2>).5g,2[2],2.5,5/2,True,6.0,38.7876037,False,1e-06,L9088
010002.000159,Ne,2,Ne II,2s2.2p4.(3P<2>).5f,2[1]*,0.5,1/2,True,2.0,38.7876635,False,1e-06,L9088
010002.000160,Ne,2,Ne II,2s2.2p4.(3P<2>).5f,2[1]*,1.5,3/2,True,4.0,38.7877813,False,9e-07,L9088
010002.000161,Ne,2,Ne II,2s2.2p4.(3P).6s,4P,2.5,5/2,True,6.0,38.7950853,False,4e-07,L9088
010002.000183,Ne,2,Ne II,2s2.2p4.(3P).6s,4P,1.5,3/2,True,4.0,38.8879095,False,4e-07,L9088
010002.000184,Ne,2,Ne II,2s2.2p4.(3P).6s,4P,0.5,1/2,True,2.0,38.8938561,False,4e-07,L9088
010002.000163,Ne,2,Ne II,2s2.2p4.(3P).5d,2P,0.5,1/2,True,2.0,38.8078231,False,5e-07,L9088
010002.000172,Ne,2,Ne II,2s2.2p4.(3P).5d,2P,1.5,3/2,True,4.0,38.8598104,False,4e-07,L9088
010002.000168,Ne,2,Ne II,2s2.2p4.(3P).6s,2P,1.5,3/2,True,4.0,38.8293979,False,4e-07,L9088
010002.000189,Ne,2,Ne II,2s2.2p4.(3P).6s,2P,0.5,1/2,True,2.0,38.9333832,False,4e-07,L9088
010002.000170,Ne,2,Ne II,2s2.2p4.(3P<1>).5f,2[2]*,1.5,3/2,True,4.0,38.8590081,False,2.5e-06,L9088
010002.000171,Ne,2,Ne II,2s2.2p4.(3P<1>).5f,2[2]*,2.5,5/2,True,6.0,38.859132,False,7e-07,L9088
010002.000173,Ne,2,Ne II,2s2.2p4.(3P<1>).5f,2[4]*,4.5,9/2,True,10.0,38.8605494,False,6e-07,L9088
010002.000174,Ne,2,Ne II,2s2.2p4.(3P<1>).5f,2[4]*,3.5,7/2,True,8.0,38.8606478,False,7e-07,L9088
010002.000175,Ne,2,Ne II,2s2.2p4.(3P<1>).5g,2[3],2.5,5/2,True,6.0,38.8637778,False,7e-07,L9088
010002.000176,Ne,2,Ne II,2s2.2p4.(3P<1>).5g,2[3],3.5,7/2,True,8.0,38.8637841,False,2.5e-06,L9088
010002.000177,Ne,2,Ne II,2s2.2p4.(3P<1>).5g,2[5],4.5,9/2,True,10.0,38.8643291,False,2.5e-06,L9088
010002.000178,Ne,2,Ne II,2s2.2p4.(3P<1>).5g,2[5],5.5,11/2,True,12.0,38.8643301,False,5e-07,L9088
010002.000179,Ne,2,Ne II,2s2.2p4.(3P<1>).5f,2[3]*,3.5,7/2,True,8.0,38.8653146,False,7e-07,L9088
010002.000180,Ne,2,Ne II,2s2.2p4.(3P<1>).5f,2[3]*,2.5,5/2,True,6.0,38.8653769,False,1e-06,L9088
010002.000181,Ne,2,Ne II,2s2.2p4.(3P<1>).5g,2[4],3.5,7/2,True,8.0,38.866589,False,6e-07,L9088
010002.000182,Ne,2,Ne II,2s2.2p4.(3P<1>).5g,2[4],4.5,9/2,True,10.0,38.8665929,False,5e-07,L9088
010002.000185,Ne,2,Ne II,2s2.2p4.(3P<0>).5f,2[3]*,3.5,7/2,True,8.0,38.8961927,False,9e-07,L9088
010002.000186,Ne,2,Ne II,2s2.2p4.(3P<0>).5f,2[3]*,2.5,5/2,True,6.0,38.8962421,False,1.6e-06,L9088
010002.000187,Ne,2,Ne II,2s2.2p4.(3P<0>).5g,2[4],3.5,7/2,True,8.0,38.8993595,False,5e-07,L9088
010002.000188,Ne,2,Ne II,2s2.2p4.(3P<0>).5g,2[4],4.5,9/2,True,10.0,38.899365,False,4e-06,L9088
010002.000190,Ne,2,Ne II,2s2.2p4.(3P).6p,4P*,2.5,5/2,True,6.0,39.0460582,False,5e-07,L9088
010002.000191,Ne,2,Ne II,2s2.2p4.(3P).6p,4P*,1.5,3/2,True,4.0,39.0599954,False,5e-07,L9088
010002.000195,Ne,2,Ne II,2s2.2p4.(3P).6p,4P*,0.5,1/2,True,2.0,39.1294269,False,6e-07,L9088
010002.000192,Ne,2,Ne II,2s2.2p4.(3P).6p,4D*,3.5,7/2,True,8.0,39.0674208,False,4e-07,L9088
010002.000196,Ne,2,Ne II,2s2.2p4.(3P).6p,4D*,2.5,5/2,True,6.0,39.1456464,False,5e-07,L9088
010002.000197,Ne,2,Ne II,2s2.2p4.(3P).6p,4D*,0.5,1/2,True,2.0,39.1568211,False,5e-07,L9088
010002.000193,Ne,2,Ne II,2s2.2p4.(3P).6p,2D*,2.5,5/2,True,6.0,39.0801608,False,5e-07,L9088
010002.000199,Ne,2,Ne II,2s2.2p4.(3P).6p,2D*,1.5,3/2,True,4.0,39.1855257,False,5e-07,L9088
010002.000194,Ne,2,Ne II,2s2.2p4.(3P).6p,2S*,0.5,1/2,True,2.0,39.0849488,False,5e-07,L9088
010002.000198,Ne,2,Ne II,2s2.2p4.(3P).6p,4S*,1.5,3/2,True,4.0,39.1609808,False,5e-07,L9088
010002.000200,Ne,2,Ne II,2s2.2p4.(1D).4p,2F*,2.5,5/2,True,6.0,39.2883828,False,4e-07,L9088
010002.000201,Ne,2,Ne II,2s2.2p4.(1D).4p,2F*,3.5,7/2,True,8.0,39.290241,False,4e-07,L9088
010002.000202,Ne,2,Ne II,2s2.2p4.(1D).4p,2P*,1.5,3/2,True,4.0,39.3852054,False,4e-07,L9088
010002.000205,Ne,2,Ne II,2s2.2p4.(1D).4p,2P*,0.5,1/2,True,2.0,39.4056886,False,4e-07,L9088
010002.000203,Ne,2,Ne II,2s2.2p4.(1D).4p,2D*,2.5,5/2,True,6.0,39.3998727,False,6e-07,L9088
010002.000204,Ne,2,Ne II,2s2.2p4.(1D).4p,2D*,1.5,3/2,True,4.0,39.3999177,False,7e-07,L9088
010002.000206,Ne,2,Ne II,2s2.2p4.(3P).6d,4D,3.5,7/2,True,8.0,39.4071606,False,5e-07,L9088
010002.000207,Ne,2,Ne II,2s2.2p4.(3P).6d,4D,2.5,5/2,True,6.0,39.4098958,False,6e-07,L9088
010002.000208,Ne,2,Ne II,2s2.2p4.(3P).6d,4D,1.5,3/2,True,4.0,39.4154511,False,6e-07,L9088
010002.000353,Ne,2,Ne II,2s2.2p4.(3P).6d,4D,0.5,1/2,True,2.0,39.4932,False,0.0004,L12157
010002.000209,Ne,2,Ne II,2s2.2p4.(3P).6d,4F,4.5,9/2,True,10.0,39.4196548,False,5e-07,L9088
010002.000238,Ne,2,Ne II,2s2.2p4.(3P).6d,4F,3.5,7/2,True,8.0,39.494793,False,2.5e-05,L9088
010002.000355,Ne,2,Ne II,2s2.2p4.(3P).6d,4F,2.5,5/2,True,6.0,39.50119,False,4e-05,L12157
010002.000356,Ne,2,Ne II,2s2.2p4.(3P).6d,4F,1.5,3/2,True,4.0,39.5078,False,0.0004,L12157
010002.000210,Ne,2,Ne II,2s2.2p4.(3P).6d,2F,3.5,7/2,True,8.0,39.422178,False,5e-07,L9088
010002.000357,Ne,2,Ne II,2s2.2p4.(3P).6d,2F,2.5,5/2,True,6.0,39.533962,False,1.7e-05,L12157
010002.000351,Ne,2,Ne II,2s2.2p4.(3P).6d,4P,0.5,1/2,True,2.0,39.4224,False,0.0012,L12157
010002.000354,Ne,2,Ne II,2s2.2p4.(3P).6d,4P,1.5,3/2,True,4.0,39.49788,False,5e-05,L12157
010002.000211,Ne,2,Ne II,2s2.2p4.(3P).6d,2D,2.5,5/2,True,6.0,39.4270009,False,9e-07,L9088
010002.000352,Ne,2,Ne II,2s2.2p4.(3P).6d,2D,1.5,3/2,True,4.0,39.4319,False,4e-05,L12157
010002.000212,Ne,2,Ne II,2s2.2p4.(3P<2>).6f,2[4]*,4.5,9/2,True,10.0,39.4463231,False,4e-07,L9088
010002.000213,Ne,2,Ne II,2s2.2p4.(3P<2>).6f,2[4]*,3.5,7/2,True,8.0,39.4464583,False,4e-07,L9088
010002.000214,Ne,2,Ne II,2s2.2p4.(3P<2>).6f,2[3]*,3.5,7/2,True,8.0,39.4469331,False,4e-07,L9088
010002.000215,Ne,2,Ne II,2s2.2p4.(3P<2>).6f,2[3]*,2.5,5/2,True,6.0,39.4469722,False,5e-07,L9088
010002.000216,Ne,2,Ne II,2s2.2p4.(3P<2>).6f,2[2]*,1.5,3/2,True,4.0,39.4492755,False,5e-07,L9088
010002.000217,Ne,2,Ne II,2s2.2p4.(3P<2>).6f,2[2]*,2.5,5/2,True,6.0,39.4493295,False,5e-07,L9088
010002.000218,Ne,2,Ne II,2s2.2p4.(3P<2>).6g,2[5],4.5,9/2,True,10.0,39.4497485,False,5e-07,L9088
010002.000219,Ne,2,Ne II,2s2.2p4.(3P<2>).6g,2[5],5.5,11/2,True,12.0,39.44975,False,6e-07,L9088
010002.000220,Ne,2,Ne II,2s2.2p4.(3P<2>).6g,2[4],3.5,7/2,True,8.0,39.4498152,False,6e-07,L9088
010002.000221,Ne,2,Ne II,2s2.2p4.(3P<2>).6g,2[4],4.5,9/2,True,10.0,39.4498165,False,6e-07,L9088
010002.000222,Ne,2,Ne II,2s2.2p4.(3P<2>).6f,2[5]*,5.5,11/2,True,12.0,39.450051,False,4e-07,L9088
010002.000223,Ne,2,Ne II,2s2.2p4.(3P<2>).6f,2[5]*,4.5,9/2,True,10.0,39.4500561,False,4e-07,L9088
010002.000224,Ne,2,Ne II,2s2.2p4.(3P<2>).6h,2[5]*,,,,22.0,39.450595,False,1.5e-06,L9088
010002.000225,Ne,2,Ne II,2s2.2p4.(3P<2>).6h,2[6]*,,,,26.0,39.4506178,False,1.7e-06,L9088
010002.000226,Ne,2,Ne II,2s2.2p4.(3P<2>).6g,2[3],2.5,5/2,True,6.0,39.4507713,False,6e-07,L9088
010002.000227,Ne,2,Ne II,2s2.2p4.(3P<2>).6g,2[3],3.5,7/2,True,8.0,39.450773,False,6e-07,L9088
010002.000228,Ne,2,Ne II,2s2.2p4.(3P<2>).6h,2[4]*,,,,18.0,39.451066,False,1.4e-06,L9088
010002.000229,Ne,2,Ne II,2s2.2p4.(3P<2>).6g,2[6],5.5,11/2,True,12.0,39.451365,False,5e-06,L9088
010002.000230,Ne,2,Ne II,2s2.2p4.(3P<2>).6g,2[6],6.5,13/2,True,14.0,39.4513718,False,5e-07,L9088
010002.000231,Ne,2,Ne II,2s2.2p4.(3P<2>).6h,2[7]*,,,,30.0,39.4514744,False,2.5e-06,L9088
010002.000232,Ne,2,Ne II,2s2.2p4.(3P<2>).6h,2[3]*,,,,14.0,39.4517801,False,1.9e-06,L9088
010002.000233,Ne,2,Ne II,2s2.2p4.(3P<2>).6f,2[1]*,0.5,1/2,True,2.0,39.451983,False,2.5e-05,L9088
010002.000234,Ne,2,Ne II,2s2.2p4.(3P<2>).6f,2[1]*,1.5,3/2,True,4.0,39.4520468,False,7e-07,L9088
010002.000235,Ne,2,Ne II,2s2.2p4.(3P<2>).6g,2[2],1.5,3/2,True,4.0,39.4520653,False,1e-06,L9088
010002.000236,Ne,2,Ne II,2s2.2p4.(3P<2>).6g,2[2],2.5,5/2,True,6.0,39.4520685,False,9e-07,L9088
010002.000237,Ne,2,Ne II,2s2.2p4.(3P).7s,4P,2.5,5/2,True,6.0,39.4587284,False,6e-07,L9088
010002.000256,Ne,2,Ne II,2s2.2p4.(3P).7s,4P,1.5,3/2,True,4.0,39.543526,False,7e-07,L9088
010002.000359,Ne,2,Ne II,2s2.2p4.(3P).7s,4P,0.5,1/2,True,2.0,39.549799,False,1.4e-05,L12157
010002.000239,Ne,2,Ne II,2s2.2p4.(3P).7s,2P,1.5,3/2,True,4.0,39.474869,False,1.1e-05,L9088
010002.000360,Ne,2,Ne II,2s2.2p4.(3P).7s,2P,0.5,1/2,True,2.0,39.583132,False,1.5e-05,L12157
010002.000240,Ne,2,Ne II,2s2.2p4.(3P<1>).6f,2[2]*,1.5,3/2,True,4.0,39.5266989,False,6e-07,L9088
010002.000241,Ne,2,Ne II,2s2.2p4.(3P<1>).6f,2[2]*,2.5,5/2,True,6.0,39.5267974,False,5e-07,L9088
010002.000242,Ne,2,Ne II,2s2.2p4.(3P<1>).6f,2[4]*,4.5,9/2,True,10.0,39.5276643,False,5e-07,L9088
010002.000243,Ne,2,Ne II,2s2.2p4.(3P<1>).6f,2[4]*,3.5,7/2,True,8.0,39.5277415,False,4e-07,L9088
010002.000244,Ne,2,Ne II,2s2.2p4.(3P<1>).6g,2[3],3.5,7/2,True,8.0,39.529695,False,7e-07,L9088
010002.000245,Ne,2,Ne II,2s2.2p4.(3P<1>).6g,2[3],2.5,5/2,True,6.0,39.5296956,False,2.5e-06,L9088
010002.000246,Ne,2,Ne II,2s2.2p4.(3P<1>).6g,2[5],4.5,9/2,True,10.0,39.5300254,False,7e-07,L9088
010002.000247,Ne,2,Ne II,2s2.2p4.(3P<1>).6g,2[5],5.5,11/2,True,12.0,39.530029,False,6e-07,L9088
010002.000248,Ne,2,Ne II,2s2.2p4.(3P<1>).6h,2[4]*,3.5,7/2,True,8.0,39.5304356,False,7e-07,L9088
010002.000249,Ne,2,Ne II,2s2.2p4.(3P<1>).6h,2[4]*,4.5,9/2,True,10.0,39.5304382,False,2.5e-06,L9088
010002.000250,Ne,2,Ne II,2s2.2p4.(3P<1>).6f,2[3]*,3.5,7/2,True,8.0,39.5304714,False,5e-07,L9088
010002.000251,Ne,2,Ne II,2s2.2p4.(3P<1>).6f,2[3]*,2.5,5/2,True,6.0,39.5305178,False,5e-07,L9088
010002.000252,Ne,2,Ne II,2s2.2p4.(3P<1>).6h,2[6]*,,,,26.0,39.5305813,False,2.5e-06,L9088
010002.000253,Ne,2,Ne II,2s2.2p4.(3P<1>).6h,2[5]*,,,,22.0,39.5313074,False,1.5e-06,L9088
010002.000254,Ne,2,Ne II,2s2.2p4.(3P<1>).6g,2[4],3.5,7/2,True,8.0,39.5313508,False,9e-07,L9088
010002.000255,Ne,2,Ne II,2s2.2p4.(3P<1>).6g,2[4],4.5,9/2,True,10.0,39.5313548,False,7e-07,L9088
010002.000358,Ne,2,Ne II,2s2.2p4.(3P).6d,2P,1.5,3/2,True,4.0,39.539463,False,1.5e-05,L12157
010002.000257,Ne,2,Ne II,2s2.2p4.(3P<0>).6f,2[3]*,3.5,7/2,True,8.0,39.5628013,False,4e-07,L9088
010002.000258,Ne,2,Ne II,2s2.2p4.(3P<0>).6f,2[3]*,2.5,5/2,True,6.0,39.5628381,False,4e-07,L9088
010002.000259,Ne,2,Ne II,2s2.2p4.(3P<0>).6g,2[4],3.5,7/2,True,8.0,39.5648071,False,1.6e-06,L9088
010002.000260,Ne,2,Ne II,2s2.2p4.(3P<0>).6g,2[4],4.5,9/2,True,10.0,39.5648093,False,9e-07,L9088
010002.000261,Ne,2,Ne II,2s2.2p4.(3P<0>).6h,2[5]*,,,,22.0,39.56521,False,2.5e-06,L9088
010002.000361,Ne,2,Ne II,2s2.2p4.(3P).7d,2D,2.5,5/2,True,6.0,39.8371,False,0.0004,L12157
010002.000362,Ne,2,Ne II,2s2.2p4.(3P).7d,2D,1.5,3/2,True,4.0,39.84074,False,5e-05,L12157
010002.000262,Ne,2,Ne II,2s2.2p4.(3P<2>).7f,2[4]*,4.5,9/2,True,10.0,39.8491698,False,2.5e-06,L9088
010002.000263,Ne,2,Ne II,2s2.2p4.(3P<2>).7f,2[4]*,3.5,7/2,True,8.0,39.849254,False,7e-06,L9088
010002.000264,Ne,2,Ne II,2s2.2p4.(3P<2>).7f,2[3]*,3.5,7/2,True,8.0,39.849565,False,1.4e-05,L9088
010002.000265,Ne,2,Ne II,2s2.2p4.(3P<2>).7f,2[3]*,2.5,5/2,True,6.0,39.849588,False,9e-06,L9088
010002.000266,Ne,2,Ne II,2s2.2p4.(3P<2>).7f,2[2]*,1.5,3/2,True,4.0,39.851058,False,1.7e-05,L9088
010002.000267,Ne,2,Ne II,2s2.2p4.(3P<2>).7f,2[2]*,2.5,5/2,True,6.0,39.851083,False,7e-06,L9088
010002.000268,Ne,2,Ne II,2s2.2p4.(3P<2>).7g,2[5],4.5,9/2,True,10.0,39.851352,False,1e-05,L9088
010002.000269,Ne,2,Ne II,2s2.2p4.(3P<2>).7g,2[5],5.5,11/2,True,12.0,39.851353,False,1e-05,L9088
010002.000270,Ne,2,Ne II,2s2.2p4.(3P<2>).7g,2[4],4.5,9/2,True,10.0,39.851399,False,1e-05,L9088
010002.000271,Ne,2,Ne II,2s2.2p4.(3P<2>).7g,2[4],3.5,7/2,True,8.0,39.8514,False,1e-05,L9088
010002.000272,Ne,2,Ne II,2s2.2p4.(3P<2>).7f,2[5]*,5.5,11/2,True,12.0,39.851492,False,1e-05,L9088
010002.000273,Ne,2,Ne II,2s2.2p4.(3P<2>).7f,2[5]*,4.5,9/2,True,10.0,39.851496,False,9e-06,L9088
010002.000275,Ne,2,Ne II,2s2.2p4.(3P<2>).7g,2[3],3.5,7/2,True,8.0,39.851999,False,1e-05,L9088
010002.000274,Ne,2,Ne II,2s2.2p4.(3P<2>).7g,2[3],2.5,5/2,True,6.0,39.851999,False,1.7e-05,L9088
010002.000276,Ne,2,Ne II,2s2.2p4.(3P<2>).7g,2[6],5.5,11/2,True,12.0,39.852367,False,1.4e-05,L9088
010002.000277,Ne,2,Ne II,2s2.2p4.(3P<2>).7g,2[6],6.5,13/2,True,14.0,39.85237,False,1.2e-05,L9088
010002.000278,Ne,2,Ne II,2s2.2p4.(3P<2>).7f,2[1]*,1.5,3/2,True,4.0,39.852733,False,1.2e-05,L9088
010002.000279,Ne,2,Ne II,2s2.2p4.(3P<2>).7g,2[2],2.5,5/2,True,6.0,39.852804,False,1.7e-05,L9088
010002.000363,Ne,2,Ne II,2s2.2p4.(3P).8s,2P,1.5,3/2,True,4.0,39.867692,False,1.7e-05,L12157
010002.000364,Ne,2,Ne II,2s2.2p4.(3P).7d,4D,1.5,3/2,True,4.0,39.91,False,0.0006,L12157
010002.000365,Ne,2,Ne II,2s2.2p4.(3P).7d,4F,2.5,5/2,True,6.0,39.9129,False,0.0004,L12157
010002.000366,Ne,2,Ne II,2s2.2p4.(3P).7d,4F,1.5,3/2,True,4.0,39.917,False,0.0004,L12157
010002.000280,Ne,2,Ne II,2s2.2p4.(3P<1>).7f,2[2]*,1.5,3/2,True,4.0,39.929226,False,1.9e-05,L9088
010002.000281,Ne,2,Ne II,2s2.2p4.(3P<1>).7f,2[2]*,2.5,5/2,True,6.0,39.929286,False,7e-06,L9088
010002.000282,Ne,2,Ne II,2s2.2p4.(3P<1>).7f,2[4]*,4.5,9/2,True,10.0,39.9298525,False,2.5e-06,L9088
010002.000283,Ne,2,Ne II,2s2.2p4.(3P<1>).7f,2[4]*,3.5,7/2,True,8.0,39.929903,False,5e-06,L9088
010002.000284,Ne,2,Ne II,2s2.2p4.(3P<1>).7g,2[3],3.5,7/2,True,8.0,39.931199,False,1e-05,L9088
010002.000285,Ne,2,Ne II,2s2.2p4.(3P<1>).7g,2[3],2.5,5/2,True,6.0,39.931201,False,1e-05,L9088
010002.000286,Ne,2,Ne II,2s2.2p4.(3P<1>).7g,2[5],4.5,9/2,True,10.0,39.931405,False,1e-05,L9088
010002.000287,Ne,2,Ne II,2s2.2p4.(3P<1>).7g,2[5],5.5,11/2,True,12.0,39.931412,False,1e-05,L9088
010002.000288,Ne,2,Ne II,2s2.2p4.(3P<1>).7f,2[3]*,3.5,7/2,True,8.0,39.931635,False,9e-06,L9088
010002.000289,Ne,2,Ne II,2s2.2p4.(3P<1>).7f,2[3]*,2.5,5/2,True,6.0,39.931665,False,7e-06,L9088
010002.000290,Ne,2,Ne II,2s2.2p4.(3P<1>).7g,2[4],3.5,7/2,True,8.0,39.932253,False,1e-05,L9088
010002.000291,Ne,2,Ne II,2s2.2p4.(3P<1>).7g,2[4],4.5,9/2,True,10.0,39.932255,False,1e-05,L9088
010002.000367,Ne,2,Ne II,2s2.2p4.(3P).7d,2F,2.5,5/2,True,6.0,39.9456,False,0.0004,L12157
010002.000368,Ne,2,Ne II,2s2.2p4.(3P).7d,2P,1.5,3/2,True,4.0,39.94839,False,7e-05,L12157
010002.000292,Ne,2,Ne II,2s2.2p4.(3P<0>).7f,2[3]*,3.5,7/2,True,8.0,39.964738,False,6e-06,L9088
010002.000293,Ne,2,Ne II,2s2.2p4.(3P<0>).7f,2[3]*,2.5,5/2,True,6.0,39.964802,False,1.1e-05,L9088
010002.000294,Ne,2,Ne II,2s2.2p4.(3P<0>).7g,2[4],3.5,7/2,True,8.0,39.966058,False,1e-05,L9088
010002.000295,Ne,2,Ne II,2s2.2p4.(3P<0>).7g,2[4],4.5,9/2,True,10.0,39.966058,False,1e-05,L9088
010002.000369,Ne,2,Ne II,2s2.2p4.(3P).8d,2D,2.5,5/2,True,6.0,40.103148,False,2.5e-05,L12157
010002.000370,Ne,2,Ne II,2s2.2p4.(3P).8d,2D,1.5,3/2,True,4.0,40.10377,False,5e-05,L12157
010002.000296,Ne,2,Ne II,2s2.2p4.(3P<2>).8f,2[4]*,4.5,9/2,True,10.0,40.1105,False,1e-05,L9088
010002.000297,Ne,2,Ne II,2s2.2p4.(3P<2>).8f,2[4]*,3.5,7/2,True,8.0,40.110558,False,1.7e-05,L9088
010002.000298,Ne,2,Ne II,2s2.2p4.(3P<2>).8f,2[3]*,3.5,7/2,True,8.0,40.110763,False,1.5e-05,L9088
010002.000299,Ne,2,Ne II,2s2.2p4.(3P<2>).8f,2[2]*,2.5,5/2,True,6.0,40.111787,False,1.7e-05,L9088
010002.000300,Ne,2,Ne II,2s2.2p4.(3P<2>).8f,2[5]*,5.5,11/2,True,12.0,40.112049,False,1.1e-05,L9088
010002.000301,Ne,2,Ne II,2s2.2p4.(3P<2>).8f,2[5]*,4.5,9/2,True,10.0,40.112051,False,1.1e-05,L9088
010002.000371,Ne,2,Ne II,2s2.2p4.(3P).8d,4F,1.5,3/2,True,4.0,40.18242,False,6e-05,L12157
010002.000302,Ne,2,Ne II,2s2.2p4.(3P<1>).8f,2[2]*,1.5,3/2,True,4.0,40.190395,False,2.5e-05,L9088
010002.000303,Ne,2,Ne II,2s2.2p4.(3P<1>).8f,2[2]*,2.5,5/2,True,6.0,40.190415,False,1.5e-05,L9088
010002.000304,Ne,2,Ne II,2s2.2p4.(3P<1>).8f,2[4]*,4.5,9/2,True,10.0,40.190836,False,1.1e-05,L9088
010002.000305,Ne,2,Ne II,2s2.2p4.(3P<1>).8f,2[4]*,3.5,7/2,True,8.0,40.190879,False,1.1e-05,L9088
010002.000306,Ne,2,Ne II,2s2.2p4.(3P<1>).8f,2[3]*,3.5,7/2,True,8.0,40.192056,False,1.1e-05,L9088
010002.000307,Ne,2,Ne II,2s2.2p4.(3P<1>).8f,2[3]*,2.5,5/2,True,6.0,40.192078,False,1e-05,L9088
010002.000372,Ne,2,Ne II,2s2.2p4.(3P).8d,2P,1.5,3/2,True,4.0,40.2144,False,0.0006,L12157
010002.000308,Ne,2,Ne II,2s2.2p4.(3P<0>).8f,2[3]*,3.5,7/2,True,8.0,40.225562,False,1e-05,L9088
010002.000309,Ne,2,Ne II,2s2.2p4.(3P<0>).8f,2[3]*,2.5,5/2,True,6.0,40.22558,False,1e-05,L9088
010002.000373,Ne,2,Ne II,2s2.2p4.(3P).9d,2D,2.5,5/2,True,6.0,40.2837,False,0.0007,L12157
010002.000374,Ne,2,Ne II,2s2.2p4.(3P).9d,2D,1.5,3/2,True,4.0,40.2846,False,0.0014,L12157
010002.000310,Ne,2,Ne II,2s2.2p4.(3P<2>).9f,2[4]*,4.5,9/2,True,10.0,40.289595,False,2.5e-05,L9088
010002.000312,Ne,2,Ne II,2s2.2p4.(3P<2>).9f,2[5]*,5.5,11/2,True,12.0,40.290661,False,2.5e-05,L9088
010002.000311,Ne,2,Ne II,2s2.2p4.(3P<2>).9f,2[5]*,4.5,9/2,True,10.0,40.290661,False,2.5e-05,L9088
010002.000375,Ne,2,Ne II,2s2.2p4.(3P).9d,2F,2.5,5/2,True,6.0,40.3627,False,0.0014,L12157
010002.000313,Ne,2,Ne II,2s2.2p4.(3P<1>).9f,2[4]*,4.5,9/2,True,10.0,40.369714,False,2.5e-05,L9088
010002.000314,Ne,2,Ne II,2s2.2p4.(3P<1>).9f,2[4]*,3.5,7/2,True,8.0,40.369739,False,2.5e-05,L9088
010002.000315,Ne,2,Ne II,2s2.2p4.(3P<1>).9f,2[3]*,3.5,7/2,True,8.0,40.370557,False,2.5e-05,L9088
010002.000376,Ne,2,Ne II,2s2.2p4.(3P).9d,4F,1.5,3/2,True,4.0,40.3954,False,0.0014,L12157
010002.000316,Ne,2,Ne II,2s2.2p4.(3P<0>).9f,2[3]*,3.5,7/2,True,8.0,40.404318,False,2.5e-05,L9088
010002.000317,Ne,2,Ne II,2s2.2p4.(1D).4d,2G,4.5,9/2,True,10.0,40.638851,False,4e-06,L9088
010002.000318,Ne,2,Ne II,2s2.2p4.(1D).4d,2G,3.5,7/2,True,8.0,40.638929,False,4e-06,L9088
010002.000377,Ne,2,Ne II,2s2.2p4.(1D).4d,2P,1.5,3/2,True,4.0,40.6531,False,0.0004,L12157
010002.000378,Ne,2,Ne II,2s2.2p4.(1D).4d,2S,0.5,1/2,True,2.0,40.666263,False,1.6e-05,L12157
010002.000379,Ne,2,Ne II,2s2.2p4.(1D).4d,2D,2.5,5/2,True,6.0,40.6775,False,0.0004,L12157
010002.000380,Ne,2,Ne II,2s2.2p4.(1D).4d,2D,1.5,3/2,True,4.0,40.6795,False,0.0004,L12157
010002.000381,Ne,2,Ne II,2s2.2p4.(3P).12d,2F,2.5,5/2,True,6.0,40.6869,False,0.0005,L12157
010002.000319,Ne,2,Ne II,2s2.2p4.(1D).4d,2F,2.5,5/2,True,6.0,40.706235,False,4e-06,L9088
010002.000320,Ne,2,Ne II,2s2.2p4.(1D).4d,2F,3.5,7/2,True,8.0,40.706258,False,4e-06,L9088
010002.000321,Ne,2,Ne II,2s2.2p4.(1D<2>).4f,2[1]*,1.5,3/2,True,4.0,40.7373472,False,1.7e-06,L9088
010002.000322,Ne,2,Ne II,2s2.2p4.(1D<2>).4f,2[1]*,0.5,1/2,True,2.0,40.737348,False,4e-06,L9088
010002.000323,Ne,2,Ne II,2s2.2p4.(1D<2>).4f,2[5]*,4.5,9/2,True,10.0,40.749305,False,4e-06,L9088
010002.000324,Ne,2,Ne II,2s2.2p4.(1D<2>).4f,2[5]*,5.5,11/2,True,12.0,40.749321,False,4e-06,L9088
010002.000325,Ne,2,Ne II,2s2.2p4.(1D<2>).4f,2[2]*,2.5,5/2,True,6.0,40.7530932,False,1.9e-06,L9088
010002.000326,Ne,2,Ne II,2s2.2p4.(1D<2>).4f,2[2]*,1.5,3/2,True,4.0,40.7530955,False,1.9e-06,L9088
010002.000327,Ne,2,Ne II,2s2.2p4.(1D<2>).4f,2[3]*,2.5,5/2,True,6.0,40.7682421,False,2.5e-06,L9088
010002.000328,Ne,2,Ne II,2s2.2p4.(1D<2>).4f,2[3]*,3.5,7/2,True,8.0,40.7682429,False,2.5e-06,L9088
010002.000329,Ne,2,Ne II,2s2.2p4.(1D<2>).4f,2[4]*,3.5,7/2,True,8.0,40.771835,False,2.5e-06,L9088
010002.000330,Ne,2,Ne II,2s2.2p4.(1D<2>).4f,2[4]*,4.5,9/2,True,10.0,40.7718471,False,2.5e-06,L9088
010002.000331,Ne,2,Ne II,2s2.2p4.(1D).5s,2D,2.5,5/2,True,6.0,40.809229,False,5e-06,L9088
010002.000332,Ne,2,Ne II,2s2.2p4.(1D).5s,2D,1.5,3/2,True,4.0,40.809246,False,5e-06,L9088
010002.Lim001,Ne,2,Ne II,Ne III (2p4 3P<2>),Limit,,---,False,,40.96297,False,4e-05,L1406
010002.Lim002,Ne,2,Ne II,Ne III (2s2.2p4 3P<1>),Limit,,---,False,,41.04268,False,4e-05,L9088
010002.Lim003,Ne,2,Ne II,Ne III (2s2.2p4 3P<0>),Limit,,---,False,,41.07711,False,4e-05,L9088
010002.000382,Ne,2,Ne II,2s2.2p4.(1D).5d,2S,0.5,1/2,True,2.0,41.839874,False,2.5e-05,L12157
010002.000333,Ne,2,Ne II,2s2.2p4.(1D<2>).5f,2[1]*,1.5,3/2,True,4.0,41.974911,False,1e-05,L9088
010002.000334,Ne,2,Ne II,2s2.2p4.(1D<2>).5f,2[5]*,4.5,9/2,True,10.0,41.981155,False,1.5e-05,L9088
010002.000335,Ne,2,Ne II,2s2.2p4.(1D<2>).5f,2[5]*,5.5,11/2,True,12.0,41.981156,False,1.5e-05,L9088
010002.000336,Ne,2,Ne II,2s2.2p4.(1D<2>).5f,2[3]*,2.5,5/2,True,6.0,41.990789,False,1e-05,L9088
010002.000337,Ne,2,Ne II,2s2.2p4.(1D<2>).5f,2[4]*,4.5,9/2,True,10.0,41.992663,False,1.2e-05,L9088
010002.000338,Ne,2,Ne II,2s2.2p4.(1D<2>).5f,2[4]*,3.5,7/2,True,8.0,41.992671,False,1.2e-05,L9088
010002.000339,Ne,2,Ne II,2s2.2p4.(1S).4s,2S,0.5,1/2,True,2.0,42.004452,False,1.1e-05,L9088
010002.000383,Ne,2,Ne II,2s2.2p4.(1D).6d,2S,0.5,1/2,True,2.0,42.6311,False,0.0005,L12157
010002.000341,Ne,2,Ne II,2s2.2p4.(1D<2>).6f,2[5]*,4.5,9/2,True,10.0,42.649824,False,2.5e-05,L9088
010002.000340,Ne,2,Ne II,2s2.2p4.(1D<2>).6f,2[5]*,5.5,11/2,True,12.0,42.649824,False,2.5e-05,L9088
010002.000342,Ne,2,Ne II,2s2.2p4.(1D<2>).6f,2[4]*,4.5,9/2,True,10.0,42.6565,False,4e-05,L9088
010002.000384,Ne,2,Ne II,2s2.2p4.(1D).7d,2S,0.5,1/2,True,2.0,43.0391,False,0.0005,L12157
010002.000344,Ne,2,Ne II,2s2.2p4.(1D<2>).7f,2[5]*,5.5,11/2,True,12.0,43.052781,False,2.5e-05,L9088
010002.000343,Ne,2,Ne II,2s2.2p4.(1D<2>).7f,2[5]*,4.5,9/2,True,10.0,43.052781,False,2.5e-05,L9088
010002.000385,Ne,2,Ne II,2s2.2p4.(1D).8d,2S,0.5,1/2,True,2.0,43.3045,False,0.0007,L12157
010002.000345,Ne,2,Ne II,2s2.2p4.(1D<2>).8f,2[5]*,5.5,11/2,True,12.0,43.314177,False,2.5e-05,L9088
010002.Lim004,Ne,2,Ne II,Ne III (2s2.2p4 1D<2>),Limit,,---,False,,44.1668,False,5e-05,L9088
010002.Lim005,Ne,2,Ne II,Ne III (2s2.2p4 1S<0>),Limit,,---,False,,47.87542,False,0.00012,L9088
