id_linea,codigo_referencia,rol
1,T9848LS,probabilidad
2,T9848LS,probabilidad
3,T9848LS,probabilidad
4,T9848LS,probabilidad
5,T9848LS,probabilidad
6,T9848LS,probabilidad
7,T9848LS,probabilidad
8,T9848LS,probabilidad
9,T9848LS,probabilidad
10,T9848LS,probabilidad
11,T9848LS,probabilidad
12,T9848LS,probabilidad
13,T9848LS,probabilidad
14,T9848LS,probabilidad
15,T9848LS,probabilidad
16,T9848LS,probabilidad
17,T9848LS,probabilidad
18,T9848LS,probabilidad
19,T9848LS,probabilidad
20,T9848LS,probabilidad
21,T9848LS,probabilidad
22,T9848LS,probabilidad
23,T9848LS,probabilidad
24,T9848LS,probabilidad
25,T9848LS,probabilidad
26,T9848LS,probabilidad
27,T9848LS,probabilidad
194,T8636c73,probabilidad
195,T8636c73,probabilidad
196,T7378,probabilidad
197,T5612,probabilidad
198,T8636c73,probabilidad
199,T7378,probabilidad
200,T5612,probabilidad
201,T8636c73,probabilidad
202,T7378,probabilidad
203,T5612,probabilidad
204,T8636c73,probabilidad
205,T7378,probabilidad
206,T5612,probabilidad
207,T8636c73,probabilidad
208,T1494,probabilidad
210,T1896,probabilidad
377,T2317LS,probabilidad
380,T2317LS,probabilidad
381,T2317LS,probabilidad
382,T2317LS,probabilidad
383,T2317LS,probabilidad
384,T2317LS,probabilidad
385,T2317LS,probabilidad
388,T2317LS,probabilidad
389,T2317LS,probabilidad
398,T2317LS,probabilidad
399,T2317LS,probabilidad
400,T2317LS,probabilidad
401,T2317LS,probabilidad
426,T2317LS,probabilidad
427,T2317LS,probabilidad
428,T2317LS,probabilidad
431,T2317LS,probabilidad
432,T2317LS,probabilidad
433,T2317LS,probabilidad
451,T5723LS,probabilidad
452,T5723LS,probabilidad
453,T5723LS,probabilidad
454,T5723LS,probabilidad
455,T5723LS,probabilidad
456,T5723LS,probabilidad
463,T5723LS,probabilidad
464,T5723LS,probabilidad
465,T5723LS,probabilidad
466,T5723LS,probabilidad
469,T5723LS,probabilidad
470,T5723LS,probabilidad
471,T5723LS,probabilidad
472,T5723LS,probabilidad
473,T5723LS,probabilidad
474,T5723LS,probabilidad
475,T5723LS,probabilidad
492,T2317LS,probabilidad
493,T2317LS,probabilidad
494,T2317LS,probabilidad
495,T2317LS,probabilidad
499,T2317LS,probabilidad
500,T2317LS,probabilidad
501,T2317LS,probabilidad
502,T2317LS,probabilidad
503,T2317LS,probabilidad
504,T2317LS,probabilidad
505,T2317LS,probabilidad
511,T2317LS,probabilidad
512,T2317LS,probabilidad
513,T2317LS,probabilidad
516,T5723LS,probabilidad
517,T2317LS,probabilidad
518,T2317LS,probabilidad
519,T2317LS,probabilidad
520,T2317LS,probabilidad
522,T5723LS,probabilidad
523,T5723LS,probabilidad
528,T2317LS,probabilidad
529,T2317LS,probabilidad
530,T2317LS,probabilidad
531,T5723LS,probabilidad
534,T5723LS,probabilidad
535,T5723LS,probabilidad
538,T2317LS,probabilidad
539,T2317LS,probabilidad
540,T2317LS,probabilidad
541,T2317LS,probabilidad
542,T2317LS,probabilidad
543,T2317LS,probabilidad
544,T6172,probabilidad
545,T5723LS,probabilidad
546,T5723LS,probabilidad
547,T5723LS,probabilidad
549,T2317LS,probabilidad
550,T2317LS,probabilidad
551,T2317LS,probabilidad
552,T6172,probabilidad
553,T6172,probabilidad
554,T6172,probabilidad
555,T6172,probabilidad
556,T6172,probabilidad
557,T6172n,probabilidad
558,T6172n,probabilidad
559,T2317LS,probabilidad
560,T2317LS,probabilidad
561,T2317LS,probabilidad
562,T2317LS,probabilidad
563,T5723LS,probabilidad
564,T5723LS,probabilidad
565,T6172n,probabilidad
566,T5723LS,probabilidad
567,T5723LS,probabilidad
569,T5723LS,probabilidad
570,T5723LS,probabilidad
572,T5723LS,probabilidad
575,T2317LS,probabilidad
576,T2317LS,probabilidad
577,T5723LS,probabilidad
578,T5723LS,probabilidad
579,T5723LS,probabilidad
580,T5723LS,probabilidad
581,T2317LS,probabilidad
582,T2317LS,probabilidad
583,T2317LS,probabilidad
584,T5520LS,probabilidad
585,T5520LS,probabilidad
586,T5520LS,probabilidad
587,T5723LS,probabilidad
588,T5520LS,probabilidad
589,T5520LS,probabilidad
590,T5520LS,probabilidad
591,T5723LS,probabilidad
592,T5723LS,probabilidad
593,T5723LS,probabilidad
594,T5723LS,probabilidad
595,T5723LS,probabilidad
596,T5109LS,probabilidad
597,T5109LS,probabilidad
598,T5109LS,probabilidad
599,T5109LS,probabilidad
600,T5723LS,probabilidad
601,T5723LS,probabilidad
602,T5723LS,probabilidad
607,T10528,probabilidad
608,T10528,probabilidad
609,T10528,probabilidad
610,T10528,probabilidad
611,T10528,probabilidad
612,T10528,probabilidad
613,T10528,probabilidad
614,T5723LS,probabilidad
615,T5723LS,probabilidad
616,T5723LS,probabilidad
617,T5723LS,probabilidad
621,T10528,probabilidad
622,T10528,probabilidad
623,T10528,probabilidad
624,T10528,probabilidad
625,T10528,probabilidad
626,T10528,probabilidad
627,T10528,probabilidad
628,T10528,probabilidad
629,T5723LS,probabilidad
630,T5723LS,probabilidad
631,T5723LS,probabilidad
640,T5723LS,probabilidad
641,T5723LS,probabilidad
642,T5723LS,probabilidad
644,T2317LS,probabilidad
645,T2317LS,probabilidad
646,T5723LS,probabilidad
647,T5723LS,probabilidad
648,T5723LS,probabilidad
649,T5723LS,probabilidad
650,c46,probabilidad
652,T2317LS,probabilidad
653,T2317LS,probabilidad
654,T2317LS,probabilidad
655,c46,probabilidad
656,T5723LS,probabilidad
657,T5723LS,probabilidad
658,T5723LS,probabilidad
659,T5723LS,probabilidad
660,T5723LS,probabilidad
661,T5723LS,probabilidad
662,T5723LS,probabilidad
663,T5723LS,probabilidad
664,T5723LS,probabilidad
665,T5109LS,probabilidad
666,T5109LS,probabilidad
667,T5109LS,probabilidad
668,T5109LS,probabilidad
669,T5723LS,probabilidad
670,T5723LS,probabilidad
671,T5723LS,probabilidad
672,T5723LS,probabilidad
673,T5723LS,probabilidad
674,T5723LS,probabilidad
675,T5723LS,probabilidad
676,T5723LS,probabilidad
677,T5723LS,probabilidad
678,T5723LS,probabilidad
686,T5520LS,probabilidad
687,T5520LS,probabilidad
691,T5520LS,probabilidad
692,T5520LS,probabilidad
693,T5520LS,probabilidad
694,T5520LS,probabilidad
695,T5520LS,probabilidad
696,T5520LS,probabilidad
697,T5520LS,probabilidad
698,T5520LS,probabilidad
699,T5520LS,probabilidad
700,T5520LS,probabilidad
710,T6172n,probabilidad
711,T6172n,probabilidad
712,T6172n,probabilidad
713,T6172n,probabilidad
714,T6172n,probabilidad
715,T6172n,probabilidad
719,T6172n,probabilidad
721,T6172n,probabilidad
722,T6172n,probabilidad
723,T6172n,probabilidad
724,T6172,probabilidad
725,T6172,probabilidad
726,T6172,probabilidad
727,T6172,probabilidad
729,T6172,probabilidad
730,T5520,probabilidad
731,T6172,probabilidad
732,T6172,probabilidad
733,T6172,probabilidad
734,T5520,probabilidad
736,T6172,probabilidad
737,T6172,probabilidad
762,T5723LS,probabilidad
763,T5723LS,probabilidad
764,T5723LS,probabilidad
765,T5723LS,probabilidad
784,T5520LS,probabilidad
785,T5520LS,probabilidad
786,T5520LS,probabilidad
789,T8636c73,probabilidad
791,T8636c73,probabilidad
807,T6385n,probabilidad
808,T8636c73,probabilidad
809,T6385n,probabilidad
810,T6385n,probabilidad
811,T6385n,probabilidad
812,T6385n,probabilidad
813,T6385n,probabilidad
814,T8636c73,probabilidad
815,T5612,probabilidad
816,T5520,probabilidad
818,T8636c73,probabilidad
819,T7378,probabilidad
820,T5612,probabilidad
832,T5520,probabilidad
840,T6172n,probabilidad
841,T8636c73,probabilidad
842,T6172n,probabilidad
843,T6172n,probabilidad
844,T7378,probabilidad
845,T5612,probabilidad
847,T2353LS,probabilidad
853,T2353LS,probabilidad
854,T2353LS,probabilidad
856,T2353LS,probabilidad
857,T2353LS,probabilidad
858,T2353LS,probabilidad
859,T2353LS,probabilidad
860,T2353LS,probabilidad
861,T2353LS,probabilidad
862,T2353LS,probabilidad
863,T2353LS,probabilidad
865,T6172n,probabilidad
866,T6172n,probabilidad
867,T6172n,probabilidad
868,T6172n,probabilidad
869,T2353LS,probabilidad
870,T2353LS,probabilidad
871,T2353LS,probabilidad
872,T6172,probabilidad
873,T6172,probabilidad
874,T6172,probabilidad
875,T6172,probabilidad
876,T6172,probabilidad
877,T2353LS,probabilidad
878,T2353LS,probabilidad
879,T2353LS,probabilidad
880,T6172,probabilidad
881,T6172,probabilidad
882,T6172,probabilidad
883,T8636c73,probabilidad
884,T7378,probabilidad
885,T5612,probabilidad
886,T2353LS,probabilidad
887,T2353LS,probabilidad
888,T2353LS,probabilidad
889,T5109LS,probabilidad
889,T2353LS,probabilidad
890,T5109LS,probabilidad
890,T2353LS,probabilidad
891,T5109LS,probabilidad
891,T2353LS,probabilidad
892,T5109LS,probabilidad
892,T2353LS,probabilidad
893,T5109LS,probabilidad
893,T2353LS,probabilidad
894,T5109LS,probabilidad
894,T2353LS,probabilidad
895,T5109LS,probabilidad
895,T2353LS,probabilidad
897,T6172n,probabilidad
898,T6172n,probabilidad
899,T7333,probabilidad
900,T7333,probabilidad
901,T7333,probabilidad
902,T2353LS,probabilidad
903,T2353LS,probabilidad
904,T2353LS,probabilidad
905,T7333,probabilidad
906,T7333,probabilidad
907,T7333,probabilidad
908,T7333,probabilidad
909,T7333,probabilidad
910,T7333,probabilidad
911,T7333,probabilidad
912,T5109LS,probabilidad
913,T5520,probabilidad
914,T5109LS,probabilidad
915,T5109LS,probabilidad
916,T5109LS,probabilidad
917,T5109LS,probabilidad
918,T5109LS,probabilidad
919,T5109LS,probabilidad
920,T5109LS,probabilidad
921,T5109LS,probabilidad
922,T5109LS,probabilidad
923,T2353LS,probabilidad
924,T2353LS,probabilidad
925,T2353LS,probabilidad
926,T2353LS,probabilidad
927,T2353LS,probabilidad
928,T2353LS,probabilidad
929,T2353LS,probabilidad
930,T2353LS,probabilidad
931,T7333,probabilidad
932,T7333,probabilidad
933,T7333,probabilidad
934,T7333,probabilidad
935,T10276,probabilidad
936,T7333,probabilidad
937,T7333,probabilidad
938,T10276,probabilidad
939,T10276,probabilidad
940,T7333,probabilidad
941,T7333,probabilidad
942,u27,probabilidad
943,T7333,probabilidad
944,T7333,probabilidad
945,T7333,probabilidad
946,T8636c73,probabilidad
947,T7378,probabilidad
948,T6172n,probabilidad
949,T6172n,probabilidad
950,T6172n,probabilidad
951,T10276,probabilidad
952,T10276,probabilidad
953,T5612,probabilidad
954,T6172n,probabilidad
955,T6172n,probabilidad
956,T6172n,probabilidad
957,T10276,probabilidad
958,T10276,probabilidad
959,T5109LS,probabilidad
960,T5109LS,probabilidad
961,T5109LS,probabilidad
966,T5109LS,probabilidad
967,T5109LS,probabilidad
968,T5109LS,probabilidad
969,T5109LS,probabilidad
970,T5109LS,probabilidad
971,T5109LS,probabilidad
972,T5109LS,probabilidad
973,T6385,probabilidad
980,T5109LS,probabilidad
981,T5109LS,probabilidad
982,T5109LS,probabilidad
983,T5109LS,probabilidad
984,u27,probabilidad
985,T5109LS,probabilidad
986,T5109LS,probabilidad
987,T6172n,probabilidad
988,T6172n,probabilidad
989,T6172n,probabilidad
990,T6172n,probabilidad
991,T5520,probabilidad
992,T5109LS,probabilidad
993,T10528,probabilidad
994,T10528,probabilidad
995,T5109LS,probabilidad
996,T5109LS,probabilidad
997,T5109LS,probabilidad
998,T5109LS,probabilidad
999,T5109LS,probabilidad
1000,T5109LS,probabilidad
1001,T5109LS,probabilidad
1002,T5109LS,probabilidad
1003,T5109LS,probabilidad
1004,T10528,probabilidad
1005,T10528,probabilidad
1006,T10528,probabilidad
1007,T5109LS,probabilidad
1008,T5109LS,probabilidad
1009,T5109LS,probabilidad
1010,T5109LS,probabilidad
1011,T5109LS,probabilidad
1012,T5109LS,probabilidad
1013,T5109LS,probabilidad
1014,T5109LS,probabilidad
1015,T10528,probabilidad
1016,T10528,probabilidad
1017,T10528,probabilidad
1018,T10528,probabilidad
1019,T10528,probabilidad
1020,T10528,probabilidad
1021,T7333,probabilidad
1037,T7333,probabilidad
1046,T7333,probabilidad
1051,T7333,probabilidad
1062,T5109LS,probabilidad
1065,T5109LS,probabilidad
1083,T6172n,probabilidad
1084,T6172n,probabilidad
1088,T7333,probabilidad
1089,T7333,probabilidad
1090,T6172n,probabilidad
1091,T6172n,probabilidad
1093,T7333,probabilidad
1099,T7333,probabilidad
1100,T7333,probabilidad
1101,T8636c73,probabilidad
1104,u27,probabilidad
1106,T5842,probabilidad
1107,T5842,probabilidad
1108,T5842n,probabilidad
1108,T6976,probabilidad
1109,T5842n,probabilidad
1109,T6976,probabilidad
1110,T3585,probabilidad
1111,T1494,probabilidad
1112,T6844,probabilidad
1113,T5109LS,probabilidad
1114,T5109LS,probabilidad
1115,T5109LS,probabilidad
1116,T6844,probabilidad
1117,T6844n,probabilidad
1117,T6976,probabilidad
1118,T6844n,probabilidad
1118,T6976,probabilidad
1119,T7333,probabilidad
1120,T7333,probabilidad
1121,T5842,probabilidad
1122,T7333,probabilidad
1123,T5109LS,probabilidad
1124,T5109LS,probabilidad
1125,T5109LS,probabilidad
1126,T5109LS,probabilidad
1127,T5109LS,probabilidad
1128,T5109LS,probabilidad
1129,T5109LS,probabilidad
1130,T6172n,probabilidad
1131,T6172n,probabilidad
1132,T6172n,probabilidad
1137,T6844,probabilidad
1148,T5520,probabilidad
1148,T6385,probabilidad
1149,T668LS,probabilidad
1150,T668LS,probabilidad
1151,T668LS,probabilidad
1152,T668LS,probabilidad
1153,T668LS,probabilidad
1154,T668LS,probabilidad
1163,T6385,probabilidad
1164,T6844,probabilidad
1165,T6172n,probabilidad
1166,T6172n,probabilidad
1167,T6172n,probabilidad
1169,T6844n,probabilidad
1169,T6976,probabilidad
1170,T6844n,probabilidad
1170,T6976,probabilidad
1179,T1896,probabilidad
1181,T6844,probabilidad
1182,T6385n,probabilidad
1183,T6385n,probabilidad
1184,T6385n,probabilidad
1185,T5842,probabilidad
1189,u27,probabilidad
1189,LS,probabilidad
1190,u27,probabilidad
1190,LS,probabilidad
1191,u27,probabilidad
1191,LS,probabilidad
1192,u27,probabilidad
1192,LS,probabilidad
1193,u27,probabilidad
1193,LS,probabilidad
1194,u27,probabilidad
1194,LS,probabilidad
1198,T7333,probabilidad
1199,T5109LS,probabilidad
1200,T5109LS,probabilidad
1201,T10528,probabilidad
1205,T7333,probabilidad
1206,T5109LS,probabilidad
1207,u27,probabilidad
1207,LS,probabilidad
1208,u27,probabilidad
1208,LS,probabilidad
1209,u27,probabilidad
1209,LS,probabilidad
1210,T5109LS,probabilidad
1211,T5109LS,probabilidad
1212,T5109LS,probabilidad
1213,T5109LS,probabilidad
1214,T5109LS,probabilidad
1215,T5109LS,probabilidad
1216,T10528,probabilidad
1217,T10528,probabilidad
1218,T10528,probabilidad
1219,T10528,probabilidad
1220,T10528,probabilidad
1221,T6172n,probabilidad
1222,T6172n,probabilidad
1223,T7333,probabilidad
1224,T7333,probabilidad
1225,T7333,probabilidad
1229,T7333,probabilidad
1231,u27,probabilidad
1231,LS,probabilidad
1232,u27,probabilidad
1232,LS,probabilidad
1233,u27,probabilidad
1233,LS,probabilidad
1234,u27,probabilidad
1234,LS,probabilidad
1235,u27,probabilidad
1235,LS,probabilidad
1236,u27,probabilidad
1236,LS,probabilidad
1237,T5109LS,probabilidad
1238,T5109LS,probabilidad
1239,T5109LS,probabilidad
1240,T5109LS,probabilidad
1241,T5109LS,probabilidad
1242,T5109LS,probabilidad
1243,T5109LS,probabilidad
1244,T5109LS,probabilidad
1248,T10528,probabilidad
1249,T10528,probabilidad
1250,T10528,probabilidad
1251,T10528,probabilidad
1252,T10528,probabilidad
1253,T10528,probabilidad
1255,T7333,probabilidad
1267,T7333,probabilidad
1268,T7333,probabilidad
1269,T7333,probabilidad
1270,T7333,probabilidad
1271,T7333,probabilidad
1272,T7333,probabilidad
1273,T7333,probabilidad
1274,T7333,probabilidad
1275,T7333,probabilidad
1276,T6172n,probabilidad
1277,T6172n,probabilidad
1278,T6172n,probabilidad
1279,T6172n,probabilidad
1280,u27,probabilidad
1280,LS,probabilidad
1281,u27,probabilidad
1281,LS,probabilidad
1282,u27,probabilidad
1282,LS,probabilidad
1283,u27,probabilidad
1283,LS,probabilidad
1284,u27,probabilidad
1284,LS,probabilidad
1285,u27,probabilidad
1285,LS,probabilidad
1286,T10528,probabilidad
1287,T10528,probabilidad
1288,T10528,probabilidad
1290,T5109LS,probabilidad
1291,T5109LS,probabilidad
1292,T5109LS,probabilidad
1293,T5109LS,probabilidad
1294,T7194,probabilidad
1296,T7194,probabilidad
1297,T7194,probabilidad
1299,T7333,probabilidad
1300,T7096,probabilidad
1301,T7333,probabilidad
1302,T7096,probabilidad
1303,u27,probabilidad
1303,LS,probabilidad
1304,u27,probabilidad
1304,LS,probabilidad
1305,u27,probabilidad
1305,LS,probabilidad
1306,T5803,probabilidad
1307,T5803,probabilidad
1308,T5803,probabilidad
1309,T5803,probabilidad
1310,T5803,probabilidad
1311,T5803,probabilidad
1313,T6989LS,probabilidad
1314,T6989LS,probabilidad
1330,T6989LS,probabilidad
1331,T6989LS,probabilidad
1340,T7333,probabilidad
1344,T6172n,probabilidad
1345,T6172n,probabilidad
1346,T6172n,probabilidad
1347,T6172n,probabilidad
1348,T5803,probabilidad
1349,T5803,probabilidad
1350,T5803,probabilidad
1351,T5803,probabilidad
1352,T5803,probabilidad
1353,T6989LS,probabilidad
1354,T6989LS,probabilidad
1355,T5803,probabilidad
1356,u27,probabilidad
1356,LS,probabilidad
1357,u27,probabilidad
1357,LS,probabilidad
1358,u27,probabilidad
1358,LS,probabilidad
1359,u27,probabilidad
1359,LS,probabilidad
1360,u27,probabilidad
1360,LS,probabilidad
1361,u27,probabilidad
1361,LS,probabilidad
1362,T6496,probabilidad
1371,T5723LS,probabilidad
1372,T5723LS,probabilidad
1373,T5723LS,probabilidad
1382,T6989LS,probabilidad
1383,T6989LS,probabilidad
1384,T6496,probabilidad
1389,T7333,probabilidad
1390,T7333,probabilidad
1391,T7333,probabilidad
1392,T7333,probabilidad
1405,T10276,probabilidad
1418,T5713LS,probabilidad
1419,T5713LS,probabilidad
1420,T5713LS,probabilidad
1421,T5713LS,probabilidad
1422,T5713LS,probabilidad
1423,T5713LS,probabilidad
1424,T5803,probabilidad
1426,T5803,probabilidad
1427,T5803,probabilidad
1428,T5803,probabilidad
1429,T5803,probabilidad
1430,T5803,probabilidad
1431,T5803,probabilidad
1432,T5803,probabilidad
1433,T5803,probabilidad
1434,u27,probabilidad
1434,LS,probabilidad
1435,u27,probabilidad
1435,LS,probabilidad
1436,u27,probabilidad
1436,LS,probabilidad
1438,T6989LS,probabilidad
1439,T6989LS,probabilidad
1440,T7333,probabilidad
1451,T5713LS,probabilidad
1453,T5713LS,probabilidad
1454,T5713LS,probabilidad
1455,T5713LS,probabilidad
1457,T5713LS,probabilidad
1458,T5713LS,probabilidad
1462,T10528,probabilidad
1463,T6172n,probabilidad
1464,T6172n,probabilidad
1465,T6172n,probabilidad
1466,T10528,probabilidad
1468,T10528,probabilidad
1484,T5803,probabilidad
1485,T5803,probabilidad
1486,T5803,probabilidad
1487,T5803,probabilidad
1488,T5803,probabilidad
1492,T5803,probabilidad
1493,T5803,probabilidad
1494,T5803,probabilidad
1495,T5803,probabilidad
1496,T7194,probabilidad
1497,T7194,probabilidad
1498,T7194,probabilidad
1499,T7194,probabilidad
1500,T7194,probabilidad
1501,T7194,probabilidad
1502,T7194,probabilidad
1504,T7663,probabilidad
1504,T2177,probabilidad
1505,u27,probabilidad
1506,T7663,probabilidad
1506,T2177,probabilidad
1507,T5109LS,probabilidad
1508,T5109LS,probabilidad
1509,T5109LS,probabilidad
1510,T5109LS,probabilidad
1511,T5713LS,probabilidad
1512,T5713LS,probabilidad
1513,T5713LS,probabilidad
1514,T5713LS,probabilidad
1515,T5713LS,probabilidad
1516,T5713LS,probabilidad
1521,T5803,probabilidad
1522,T7333,probabilidad
1523,T5803,probabilidad
1524,T5803,probabilidad
1525,T5803,probabilidad
1526,T5803,probabilidad
1527,T5803,probabilidad
1528,T8636c73,probabilidad
1529,T8636c73,probabilidad
1530,T8636c73,probabilidad
1531,T6172n,probabilidad
1532,T6172n,probabilidad
1533,T7333,probabilidad
1534,T6172n,probabilidad
1535,T7333,probabilidad
1536,T7333,probabilidad
1537,T6385n,probabilidad
1538,T6385n,probabilidad
1539,T6385n,probabilidad
1541,T6385n,probabilidad
1542,T6385n,probabilidad
1543,T10276,probabilidad
1544,T10276,probabilidad
1545,T6385n,probabilidad
1546,T10276,probabilidad
1547,T10276,probabilidad
1548,T5713,probabilidad
1549,T5713,probabilidad
1550,T6989LS,probabilidad
1551,T6989LS,probabilidad
1552,T5713,probabilidad
1553,T5713,probabilidad
1554,T5713,probabilidad
1555,T5713,probabilidad
1556,T5713,probabilidad
1557,T5713,probabilidad
1558,T7096,probabilidad
1559,T7096,probabilidad
1562,T7194,probabilidad
1563,T7333,probabilidad
1564,T7194,probabilidad
1565,T5713,probabilidad
1566,T5713,probabilidad
1567,T5713,probabilidad
1568,T7333,probabilidad
1569,T8636c73,probabilidad
1570,T8636c73,probabilidad
1571,T8636c73,probabilidad
1572,T5713,probabilidad
1573,u27,probabilidad
1574,T5723LS,probabilidad
1575,T5723LS,probabilidad
1576,T5723LS,probabilidad
1592,T5723LS,probabilidad
1593,T5723LS,probabilidad
1594,T5723LS,probabilidad
1595,T5723LS,probabilidad
1596,T5723LS,probabilidad
1597,T5723LS,probabilidad
1598,T5723LS,probabilidad
1599,T5723LS,probabilidad
1600,T5723LS,probabilidad
1605,T5713LS,probabilidad
1606,T5713LS,probabilidad
1607,T5713,probabilidad
1608,T5713,probabilidad
1609,T5713,probabilidad
1610,T5713LS,probabilidad
1611,T5713LS,probabilidad
1612,T5713LS,probabilidad
1613,T5713LS,probabilidad
1614,T7096,probabilidad
1615,T7096,probabilidad
1616,T7096,probabilidad
1617,T7096,probabilidad
1618,T7096,probabilidad
1619,T7096,probabilidad
1620,T5713,probabilidad
1622,T5723LS,probabilidad
1623,T5723LS,probabilidad
1624,T5723LS,probabilidad
1625,T10276,probabilidad
1626,T10276,probabilidad
1627,T10276,probabilidad
1628,T5723LS,probabilidad
1629,T5723LS,probabilidad
1630,T5723LS,probabilidad
1631,u27,probabilidad
1632,T10528,probabilidad
1633,T10528,probabilidad
1634,T10528,probabilidad
1635,T10528,probabilidad
1636,T6385,probabilidad
1637,T6385,probabilidad
1638,T6385n,probabilidad
1639,T6385n,probabilidad
1640,T6385n,probabilidad
1641,T6385n,probabilidad
1642,T6385n,probabilidad
1643,T6385n,probabilidad
1644,T10528,probabilidad
1645,T7194,probabilidad
1646,T7194,probabilidad
1647,T6385,probabilidad
1648,T6385,probabilidad
1649,T7194,probabilidad
1650,T7194,probabilidad
1651,T6385,probabilidad
1652,T6385,probabilidad
1653,T6385,probabilidad
1654,T6385,probabilidad
1655,T6385,probabilidad
1657,T5723LS,probabilidad
1658,T5723LS,probabilidad
1659,T5723LS,probabilidad
1660,T5109LS,probabilidad
1661,T5109LS,probabilidad
1662,T5109LS,probabilidad
1663,T5723LS,probabilidad
1667,T6385,probabilidad
1668,T5723LS,probabilidad
1669,T5723LS,probabilidad
1670,T8636c73,probabilidad
1671,T8637,probabilidad
1672,T8637,probabilidad
1673,T8637,probabilidad
1674,T8637,probabilidad
1675,T8637,probabilidad
1676,T8637,probabilidad
1677,T8637,probabilidad
1678,T8637,probabilidad
1679,T8637,probabilidad
1680,T8637,probabilidad
1681,T8637,probabilidad
1682,T8637,probabilidad
1683,T8637,probabilidad
1684,T6962LS,probabilidad
1685,T8637,probabilidad
1686,T6962LS,probabilidad
1687,T6962LS,probabilidad
1688,T8637,probabilidad
1689,T8637,probabilidad
1690,T8637,probabilidad
1691,T8637,probabilidad
1692,T8637,probabilidad
1693,T10276,probabilidad
1694,T10276,probabilidad
1695,T10276,probabilidad
1696,T8637,probabilidad
1697,T8637,probabilidad
1698,T8637,probabilidad
1699,T8637,probabilidad
1700,T8637,probabilidad
1701,T8637,probabilidad
1702,T7333,probabilidad
1703,T8637,probabilidad
1704,T7333,probabilidad
1705,T7333,probabilidad
1706,T7333,probabilidad
1707,T8637,probabilidad
1708,T7333,probabilidad
1709,T7333,probabilidad
1710,T8637,probabilidad
1717,T8637,probabilidad
1719,T7771,probabilidad
1720,T7771,probabilidad
1721,T8637,probabilidad
1722,T7771,probabilidad
1723,T7771,probabilidad
1726,T8637,probabilidad
1728,T7771,probabilidad
1729,T7771,probabilidad
1730,T5713,probabilidad
1731,T5713,probabilidad
1732,T5713,probabilidad
1733,T8637,probabilidad
1736,T7771,probabilidad
1737,T7771,probabilidad
1741,u27,probabilidad
1742,T5713LS,probabilidad
1743,T5713LS,probabilidad
1744,T5713LS,probabilidad
1745,T6962LS,probabilidad
1746,T6962LS,probabilidad
1747,T6962LS,probabilidad
1748,T10528,probabilidad
1749,T10528,probabilidad
1750,T10528,probabilidad
1752,T7771,probabilidad
1753,T7771,probabilidad
1754,T8637,probabilidad
1755,T5713LS,probabilidad
1756,T5713LS,probabilidad
1757,T5713LS,probabilidad
1758,T5713LS,probabilidad
1759,T5713LS,probabilidad
1760,T5713LS,probabilidad
1761,T5713LS,probabilidad
1764,T7771,probabilidad
1765,T7771,probabilidad
1766,T8637,probabilidad
1767,T5713LS,probabilidad
1768,T5713LS,probabilidad
1769,T5713LS,probabilidad
1770,T5713LS,probabilidad
1771,T5713LS,probabilidad
1772,T5713,probabilidad
1773,T8636c73,probabilidad
1774,T8636c73,probabilidad
1775,T8636c73,probabilidad
1776,T8636c73,probabilidad
1777,T8636c73,probabilidad
1778,T8636c73,probabilidad
1779,T5713LS,probabilidad
1780,T5713LS,probabilidad
1781,T5713LS,probabilidad
1782,T7771,probabilidad
1783,T7771,probabilidad
1785,T8637,probabilidad
1786,T5713LS,probabilidad
1787,T5713LS,probabilidad
1788,T5713LS,probabilidad
1789,T5713LS,probabilidad
1790,T7378,probabilidad
1791,T5713LS,probabilidad
1792,T8636c73,probabilidad
1793,T5713LS,probabilidad
1794,T8636c73,probabilidad
1795,T8636c73,probabilidad
1796,T8636c73,probabilidad
1800,T6962LS,probabilidad
1801,T6962LS,probabilidad
1802,T6962LS,probabilidad
1804,T8636c73,probabilidad
1805,T8636c73,probabilidad
1806,T8636c73,probabilidad
1807,T5520LS,probabilidad
1808,T5520LS,probabilidad
1809,T5520LS,probabilidad
1810,T10528,probabilidad
1811,T10528,probabilidad
1813,T5713LS,probabilidad
1814,T5713LS,probabilidad
1815,T5713LS,probabilidad
1816,T7771,probabilidad
1817,T8637,probabilidad
1818,T7771,probabilidad
1821,T5118LS,probabilidad
1822,T5118LS,probabilidad
1823,T5713LS,probabilidad
1824,T5713LS,probabilidad
1825,T5713LS,probabilidad
1826,T5713LS,probabilidad
1827,T7370,probabilidad
1828,T7370,probabilidad
1830,T7663,probabilidad
1830,T7574,probabilidad
1831,T7370,probabilidad
1832,T5713LS,probabilidad
1833,T7370,probabilidad
1834,T7370,probabilidad
1835,T5713LS,probabilidad
1836,T7370,probabilidad
1837,T7370,probabilidad
1838,T7370,probabilidad
1839,T7370,probabilidad
1840,T7663,probabilidad
1840,T7574,probabilidad
1841,T7370,probabilidad
1842,T7370,probabilidad
1843,T7370,probabilidad
1844,T7663,probabilidad
1844,T7574,probabilidad
1845,T7370,probabilidad
1847,T7663,probabilidad
1847,T7574,probabilidad
1848,T7370,probabilidad
1857,T7370,probabilidad
1858,T10276,probabilidad
1859,T10276,probabilidad
1860,T10276,probabilidad
1861,T7370,probabilidad
1862,T7370,probabilidad
1863,T8636c73,probabilidad
1864,T8636c73,probabilidad
1865,T8636c73,probabilidad
1866,T8636c73,probabilidad
1867,T8636c73,probabilidad
1868,T8636c73,probabilidad
1869,T7370,probabilidad
1871,T5803,probabilidad
1871,LS,probabilidad
1872,T5803,probabilidad
1872,LS,probabilidad
1873,T5803,probabilidad
1873,LS,probabilidad
1875,T8636c73,probabilidad
1876,T8636c73,probabilidad
1877,T8636c73,probabilidad
1878,T5109LS,probabilidad
1879,T5109LS,probabilidad
1880,T5109LS,probabilidad
1882,T8637,probabilidad
1884,T7771,probabilidad
1885,T7771,probabilidad
1886,T6962LS,probabilidad
1887,T5803,probabilidad
1887,LS,probabilidad
1888,T5803,probabilidad
1888,LS,probabilidad
1889,T6962LS,probabilidad
1890,T6962LS,probabilidad
1892,T5803,probabilidad
1892,LS,probabilidad
1894,T5986,probabilidad
1895,T6385n,probabilidad
1896,T6385n,probabilidad
1897,T6385n,probabilidad
1898,T6385n,probabilidad
1899,T6385n,probabilidad
1900,T6385n,probabilidad
1901,T5986,probabilidad
1903,T5713LS,probabilidad
1905,T7405,probabilidad
1907,T5713LS,probabilidad
1908,T5713LS,probabilidad
1909,u27,probabilidad
1910,T5714,probabilidad
1911,T5714,probabilidad
1912,T10528,probabilidad
1921,T5118LS,probabilidad
1922,T5118LS,probabilidad
1923,u27,probabilidad
1923,LS,probabilidad
1924,u27,probabilidad
1924,LS,probabilidad
1925,u27,probabilidad
1925,LS,probabilidad
1926,u27,probabilidad
1926,LS,probabilidad
1927,u27,probabilidad
1927,LS,probabilidad
1928,u27,probabilidad
1928,LS,probabilidad
1930,T8636c73,probabilidad
1931,T5803,probabilidad
1931,LS,probabilidad
1932,T5803,probabilidad
1932,LS,probabilidad
1933,T7378,probabilidad
1934,T5803,probabilidad
1934,LS,probabilidad
1935,T5714,probabilidad
1936,T5714,probabilidad
1937,T5714,probabilidad
1938,T5803,probabilidad
1938,LS,probabilidad
1939,T5803,probabilidad
1939,LS,probabilidad
1940,T5714,probabilidad
1941,T5803,probabilidad
1941,LS,probabilidad
1942,T5714,probabilidad
1943,T5714,probabilidad
1944,T5714,probabilidad
1949,T5109LS,probabilidad
1950,T5109LS,probabilidad
1951,T5109LS,probabilidad
1952,T7096,probabilidad
1953,T5713,probabilidad
1954,T5714,probabilidad
1955,T5714,probabilidad
1956,T5714,probabilidad
1957,T5714,probabilidad
1958,T7370,probabilidad
1959,T7370,probabilidad
1963,T8636c73,probabilidad
1964,T8636c73,probabilidad
1965,T7194,probabilidad
1966,T7194,probabilidad
1967,T7194,probabilidad
1968,T7405,probabilidad
1970,T7417,probabilidad
1972,T8636c73,probabilidad
1973,T8636c73,probabilidad
1974,T8636c73,probabilidad
1975,T8636c73,probabilidad
1976,T8636c73,probabilidad
1977,T8636c73,probabilidad
1978,T8636c73,probabilidad
1979,T8636c73,probabilidad
1984,T7651,probabilidad
1985,T7651,probabilidad
1986,T7651,probabilidad
1987,T7771,probabilidad
1988,T8637,probabilidad
1989,T7771,probabilidad
1990,T5803,probabilidad
1990,LS,probabilidad
1991,T5803,probabilidad
1991,LS,probabilidad
1992,T5803,probabilidad
1992,LS,probabilidad
1993,T6962LS,probabilidad
1994,T6962LS,probabilidad
1995,T6962LS,probabilidad
1996,T5803,probabilidad
1996,LS,probabilidad
1997,T5803,probabilidad
1997,LS,probabilidad
1998,T5803,probabilidad
1998,LS,probabilidad
1999,T8636c73,probabilidad
2000,T8636c73,probabilidad
2001,T8636c73,probabilidad
2003,T6956,probabilidad
2004,T6956,probabilidad
2005,T7194,probabilidad
2006,T7194,probabilidad
2007,T5803,probabilidad
2007,LS,probabilidad
2008,T5109LS,probabilidad
2009,T5109LS,probabilidad
2010,T5109LS,probabilidad
2011,T5109LS,probabilidad
2012,T8636c73,probabilidad
2013,T5803,probabilidad
2013,LS,probabilidad
2014,T7378,probabilidad
2015,T5803,probabilidad
2015,LS,probabilidad
2016,T8636c73,probabilidad
2018,u27,probabilidad
2019,u27,probabilidad
2020,u27,probabilidad
2021,u27,probabilidad
2022,T5118LS,probabilidad
2023,T5118LS,probabilidad
2024,u27,probabilidad
2025,u27,probabilidad
2026,T6385,probabilidad
2027,T6385,probabilidad
2028,T6385,probabilidad
2029,T3999LS,probabilidad
2030,T3999LS,probabilidad
2031,T3999LS,probabilidad
2032,T6385n,probabilidad
2033,T6385n,probabilidad
2034,T6385n,probabilidad
2035,T6385n,probabilidad
2036,T6385n,probabilidad
2037,T6385n,probabilidad
2038,T7333,probabilidad
2039,T7333,probabilidad
2040,T7194,probabilidad
2041,T7194,probabilidad
2042,T7194,probabilidad
2044,u18,probabilidad
2044,LS,probabilidad
2045,T6385,probabilidad
2046,u18,probabilidad
2046,LS,probabilidad
2047,u18,probabilidad
2047,LS,probabilidad
2049,T6385,probabilidad
2050,T6385,probabilidad
2051,T6385,probabilidad
2052,T6385,probabilidad
2053,T6385,probabilidad
2058,T7096,probabilidad
2059,T7096,probabilidad
2060,T7096,probabilidad
2061,T5714,probabilidad
2062,T6172n,probabilidad
2063,T7333,probabilidad
2064,T7333,probabilidad
2065,T7333,probabilidad
2066,T6172n,probabilidad
2067,T7333,probabilidad
2068,T7333,probabilidad
2069,T7333,probabilidad
2070,T7194,probabilidad
2071,T7194,probabilidad
2072,T6172n,probabilidad
2073,T7194,probabilidad
2074,T7194,probabilidad
2075,T7194,probabilidad
2077,u18,probabilidad
2077,LS,probabilidad
2078,u18,probabilidad
2078,LS,probabilidad
2080,T10528,probabilidad
2083,T10528,probabilidad
2084,T8636c73,probabilidad
2085,T5714,probabilidad
2086,T5714,probabilidad
2087,T5714,probabilidad
2088,T5714,probabilidad
2089,T5714,probabilidad
2090,T5714,probabilidad
2091,T7378,probabilidad
2092,u18,probabilidad
2092,LS,probabilidad
2094,u18,probabilidad
2094,LS,probabilidad
2095,u18,probabilidad
2095,LS,probabilidad
2096,u18,probabilidad
2096,LS,probabilidad
2097,u18,probabilidad
2097,LS,probabilidad
2098,T7378,probabilidad
2099,u18,probabilidad
2099,LS,probabilidad
2100,T8636c73,probabilidad
2104,T9787,probabilidad
2106,T9787,probabilidad
2107,T9787,probabilidad
2109,T9787,probabilidad
2110,T9787,probabilidad
2115,T9787,probabilidad
2118,T9787,probabilidad
2121,T9787,probabilidad
2124,T9787,probabilidad
2127,T9787,probabilidad
2129,T9787,probabilidad
2130,T9787,probabilidad
2132,T9787,probabilidad
2134,T5714,probabilidad
2135,T5714,probabilidad
2136,T5714,probabilidad
2138,T9787,probabilidad
2140,T7096,probabilidad
2141,T9787,probabilidad
2144,T9787,probabilidad
2145,T9787,probabilidad
2147,T7405,probabilidad
2148,T9787,probabilidad
2151,T9787,probabilidad
2152,T9787,probabilidad
2154,T9787,probabilidad
2155,T10276,probabilidad
2156,T10276,probabilidad
2159,T9787,probabilidad
2164,T9787,probabilidad
2165,T9787,probabilidad
2166,T9787,probabilidad
2167,T9787,probabilidad
2169,T9787,probabilidad
2170,T8636c73,probabilidad
2171,T9787,probabilidad
2173,T9787,probabilidad
2175,T9787,probabilidad
2180,T9787,probabilidad
2181,T9787,probabilidad
2183,T9787,probabilidad
2184,T9787,probabilidad
2185,T9787,probabilidad
2187,T9787,probabilidad
2189,T9787,probabilidad
2190,T9787,probabilidad
2192,T9787,probabilidad
2198,T9787,probabilidad
2199,T9787,probabilidad
2200,T9787,probabilidad
2205,T9787,probabilidad
2206,T9787,probabilidad
2208,T9787,probabilidad
2209,T9787,probabilidad
2212,T9787,probabilidad
2214,T9787,probabilidad
2217,T9787,probabilidad
2219,T9787,probabilidad
2222,T9787,probabilidad
2224,T9787,probabilidad
2226,T9787,probabilidad
2227,T9787,probabilidad
2228,T9787,probabilidad
2230,T9787,probabilidad
2231,T9787,probabilidad
2233,T9787,probabilidad
2235,T9787,probabilidad
2238,T9787,probabilidad
2240,T9787,probabilidad
2243,T9787,probabilidad
2244,T9787,probabilidad
2248,T9787,probabilidad
2249,T9787,probabilidad
2250,T9787,probabilidad
2251,T9787,probabilidad
2252,T9787,probabilidad
2254,T9787,probabilidad
2257,T9787,probabilidad
2260,T9787,probabilidad
2261,T9787,probabilidad
2262,T10528,probabilidad
2263,T7333,probabilidad
2264,T7333,probabilidad
2265,T7333,probabilidad
2266,T7333,probabilidad
2267,T7333,probabilidad
2268,T7333,probabilidad
2269,T7333,probabilidad
2270,T7333,probabilidad
2271,T7333,probabilidad
2272,T7333,probabilidad
2273,T7333,probabilidad
2274,T7333,probabilidad
2275,T7333,probabilidad
2276,T7333,probabilidad
2278,T7333,probabilidad
2279,T7333,probabilidad
2280,T7333,probabilidad
2281,T7333,probabilidad
2282,T7333,probabilidad
2283,T7333,probabilidad
2284,T7333,probabilidad
2285,T7333,probabilidad
2286,T7333,probabilidad
2287,T7333,probabilidad
2288,T7333,probabilidad
2289,T7333,probabilidad
2290,T7333,probabilidad
2291,T7333,probabilidad
2292,T7194,probabilidad
2293,T7194,probabilidad
2294,T7194,probabilidad
2295,T7194,probabilidad
2296,T7194,probabilidad
2297,T7333,probabilidad
2298,T6172n,probabilidad
2299,T7333,probabilidad
2300,T7333,probabilidad
2301,T7333,probabilidad
2302,T7333,probabilidad
2303,T7333,probabilidad
2304,T7333,probabilidad
2305,T7333,probabilidad
2306,T7333,probabilidad
2307,T7333,probabilidad
2308,T7333,probabilidad
2309,T7333,probabilidad
2310,T7333,probabilidad
2311,T7333,probabilidad
2312,T7333,probabilidad
2313,T7333,probabilidad
2314,T7333,probabilidad
2315,T7333,probabilidad
2316,T6172n,probabilidad
2317,T7333,probabilidad
2318,T7333,probabilidad
2319,T7333,probabilidad
2320,T7333,probabilidad
2321,T7333,probabilidad
2322,T7333,probabilidad
2324,T7333,probabilidad
2327,T7333,probabilidad
2328,T7333,probabilidad
2329,T7333,probabilidad
2330,T6172n,probabilidad
2331,T7333,probabilidad
2332,T7333,probabilidad
2333,T6172n,probabilidad
2335,T8636c73,probabilidad
2336,T8636c73,probabilidad
2338,T8636c73,probabilidad
2339,T8636c73,probabilidad
2340,T8636c73,probabilidad
2341,T6172n,probabilidad
2342,T8636c73,probabilidad
2343,T6172n,probabilidad
2344,T6172n,probabilidad
2346,T7370,probabilidad
2347,T7370,probabilidad
2348,T7370,probabilidad
2349,u27,probabilidad
2350,T7333,probabilidad
2351,T7333,probabilidad
2352,T7333,probabilidad
2353,T7333,probabilidad
2354,T7333,probabilidad
2355,T7333,probabilidad
2356,T5109LS,probabilidad
2357,T7333,probabilidad
2358,T7333,probabilidad
2359,T7333,probabilidad
2360,T7333,probabilidad
2361,T7333,probabilidad
2362,T5109LS,probabilidad
2363,T7333,probabilidad
2364,T5109LS,probabilidad
2365,T7333,probabilidad
2366,T7333,probabilidad
2367,T7333,probabilidad
2368,T7333,probabilidad
2369,T7333,probabilidad
2370,T7333,probabilidad
2371,T7333,probabilidad
2372,T7333,probabilidad
2373,T7333,probabilidad
2374,T7333,probabilidad
2375,T7333,probabilidad
2376,T7333,probabilidad
2377,T7333,probabilidad
2378,T7333,probabilidad
2379,T7333,probabilidad
2380,T7333,probabilidad
2382,T7333,probabilidad
2383,T5109LS,probabilidad
2384,T5109LS,probabilidad
2385,T7333,probabilidad
2386,T5109LS,probabilidad
2391,T6962LS,probabilidad
2392,T6962LS,probabilidad
2393,T6962LS,probabilidad
2397,T6172n,probabilidad
2398,T6172n,probabilidad
2399,T5723LS,probabilidad
2400,T5723LS,probabilidad
2401,T5723LS,probabilidad
2402,T6172n,probabilidad
2403,T6172n,probabilidad
2404,u27,probabilidad
2405,u27,probabilidad
2406,u27,probabilidad
2407,u27,probabilidad
2408,T5713,probabilidad
2409,T6172n,probabilidad
2410,T6172n,probabilidad
2411,T6172n,probabilidad
2412,T6172n,probabilidad
2413,T7333,probabilidad
2421,T7333,probabilidad
2422,T7333,probabilidad
2423,T7476,probabilidad
2424,T10276,probabilidad
2425,T7333,probabilidad
2426,T7333,probabilidad
2427,T7333,probabilidad
2428,T7333,probabilidad
2429,T7333,probabilidad
2430,T7333,probabilidad
2431,T7333,probabilidad
2432,T7333,probabilidad
2433,T7333,probabilidad
2434,T7333,probabilidad
2435,T7333,probabilidad
2436,T7333,probabilidad
2437,T7333,probabilidad
2438,T7333,probabilidad
2439,T7333,probabilidad
2440,T7333,probabilidad
2441,T7333,probabilidad
2442,T7333,probabilidad
2443,T7333,probabilidad
2444,T7333,probabilidad
2445,T7333,probabilidad
2446,T7333,probabilidad
2447,T7333,probabilidad
2448,T7333,probabilidad
2449,T7333,probabilidad
2450,T7370,probabilidad
2451,T7333,probabilidad
2452,T7333,probabilidad
2453,T7370,probabilidad
2454,T7333,probabilidad
2455,T7370,probabilidad
2456,T7370,probabilidad
2457,T7370,probabilidad
2458,T7370,probabilidad
2459,T7370,probabilidad
2460,T7370,probabilidad
2461,T7370,probabilidad
2462,T7370,probabilidad
2463,T7370,probabilidad
2464,T7370,probabilidad
2465,T8636c73,probabilidad
2466,T8636c73,probabilidad
2467,T8636c73,probabilidad
2468,T7370,probabilidad
2469,T7370,probabilidad
2470,T7370,probabilidad
2471,T7370,probabilidad
2472,T7370,probabilidad
2473,T7370,probabilidad
2474,T7370,probabilidad
2475,T7370,probabilidad
2476,T7370,probabilidad
2477,T7370,probabilidad
2478,T7370,probabilidad
2479,T7370,probabilidad
2480,T7370,probabilidad
2481,T7370,probabilidad
2482,T7370,probabilidad
2483,T7370,probabilidad
2484,T5986,probabilidad
2485,T5986,probabilidad
2486,T5986,probabilidad
2487,T7370,probabilidad
2488,T7370,probabilidad
2489,T7370,probabilidad
2490,u27,probabilidad
2490,LS,probabilidad
2491,u27,probabilidad
2491,LS,probabilidad
2492,u27,probabilidad
2492,LS,probabilidad
2493,u27,probabilidad
2493,LS,probabilidad
2494,u27,probabilidad
2494,LS,probabilidad
2495,u27,probabilidad
2495,LS,probabilidad
2496,T7370,probabilidad
2497,T7370,probabilidad
2498,T7370,probabilidad
2499,T7370,probabilidad
2500,T7370,probabilidad
2501,u27,probabilidad
2505,T7333,probabilidad
2506,u18,probabilidad
2506,LS,probabilidad
2507,T7333,probabilidad
2508,T7333,probabilidad
2509,u18,probabilidad
2509,LS,probabilidad
2510,u18,probabilidad
2510,LS,probabilidad
2511,T7333,probabilidad
2512,T7333,probabilidad
2513,T7333,probabilidad
2514,T7333,probabilidad
2515,T7333,probabilidad
2516,T7333,probabilidad
2517,u18,probabilidad
2517,LS,probabilidad
2518,u18,probabilidad
2518,LS,probabilidad
2519,u18,probabilidad
2519,LS,probabilidad
2520,u18,probabilidad
2520,LS,probabilidad
2521,T7333,probabilidad
2522,T7333,probabilidad
2523,T7333,probabilidad
2524,T7333,probabilidad
2525,T7333,probabilidad
2526,T7333,probabilidad
2527,T7333,probabilidad
2528,T7333,probabilidad
2529,T7333,probabilidad
2530,T7333,probabilidad
2531,T7333,probabilidad
2532,T7333,probabilidad
2533,T7333,probabilidad
2534,T7333,probabilidad
2535,T7333,probabilidad
2536,T7333,probabilidad
2537,T7333,probabilidad
2538,T7333,probabilidad
2539,T7333,probabilidad
2540,T6956,probabilidad
2541,T6956,probabilidad
2542,T7333,probabilidad
2543,T8636c73,probabilidad
2544,T8636c73,probabilidad
2545,T8636c73,probabilidad
2546,T7333,probabilidad
2547,T7370,probabilidad
2548,T7370,probabilidad
2549,T7370,probabilidad
2557,u27,probabilidad
2557,LS,probabilidad
2558,u27,probabilidad
2558,LS,probabilidad
2559,u27,probabilidad
2559,LS,probabilidad
2560,u27,probabilidad
2560,LS,probabilidad
2561,u27,probabilidad
2561,LS,probabilidad
2562,u27,probabilidad
2562,LS,probabilidad
2563,T5109LS,probabilidad
2564,T5109LS,probabilidad
2565,T5109LS,probabilidad
2566,T5109LS,probabilidad
2567,u27,probabilidad
2568,T7771,probabilidad
2569,T7771,probabilidad
2570,T8637,probabilidad
2571,T7651,probabilidad
2572,T5713,probabilidad
2573,u18,probabilidad
2573,LS,probabilidad
2574,u18,probabilidad
2574,LS,probabilidad
2575,u18,probabilidad
2575,LS,probabilidad
2576,u18,probabilidad
2576,LS,probabilidad
2577,u18,probabilidad
2577,LS,probabilidad
2578,u18,probabilidad
2578,LS,probabilidad
2579,u18,probabilidad
2579,LS,probabilidad
2582,T5109LS,probabilidad
2583,T7096,probabilidad
2584,T5109LS,probabilidad
2585,T7378,probabilidad
2586,T3908,probabilidad
2587,T8636c73,probabilidad
2594,T9787,probabilidad
2595,T7370,probabilidad
2596,T7370,probabilidad
2597,T7370,probabilidad
2598,T7370,probabilidad
2599,T9787,probabilidad
2601,T9787,probabilidad
2602,T9787,probabilidad
2603,T9787,probabilidad
2604,T9787,probabilidad
2605,T9787,probabilidad
2606,T9787,probabilidad
2607,T9787,probabilidad
2608,T9787,probabilidad
2609,T9787,probabilidad
2610,T9787,probabilidad
2611,T9787,probabilidad
2612,T9787,probabilidad
2613,T9787,probabilidad
2614,T9787,probabilidad
2615,T9787,probabilidad
2616,T9787,probabilidad
2617,T9787,probabilidad
2618,T9787,probabilidad
2619,T9787,probabilidad
2621,T8636c73,probabilidad
2622,T9787,probabilidad
2625,T9787,probabilidad
2628,T9787,probabilidad
2630,u27,probabilidad
2632,T9787,probabilidad
2633,T7851,probabilidad
2634,T7851,probabilidad
2635,T7851,probabilidad
2637,T7851,probabilidad
2638,T7851,probabilidad
2639,T7851,probabilidad
2640,T9787,probabilidad
2642,T5520,probabilidad
2645,T9787,probabilidad
2647,T5109LS,probabilidad
2648,T5109LS,probabilidad
2649,T7851,probabilidad
2650,T7851,probabilidad
2651,T7851,probabilidad
2654,T7851,probabilidad
2657,T5520,probabilidad
2658,T7333,probabilidad
2661,T7333,probabilidad
2662,T7333,probabilidad
2665,T7333,probabilidad
2667,T7333,probabilidad
2668,T9787,probabilidad
2669,T7851,probabilidad
2670,T7851,probabilidad
2671,T7333,probabilidad
2673,T7851,probabilidad
2674,T7851,probabilidad
2675,T7851,probabilidad
2676,T7851,probabilidad
2677,T7851,probabilidad
2678,T7851,probabilidad
2679,T7851,probabilidad
2680,T7851,probabilidad
2681,T7851,probabilidad
2682,T7851,probabilidad
2683,T7851,probabilidad
2684,T7851,probabilidad
2685,T7851,probabilidad
2686,T7851,probabilidad
2687,T7851,probabilidad
2688,T7851,probabilidad
2690,T7851,probabilidad
2693,T7851,probabilidad
2694,T5520,probabilidad
2696,T9787,probabilidad
2700,T9787,probabilidad
2702,T5109LS,probabilidad
2704,T5109LS,probabilidad
2705,T5109LS,probabilidad
2707,T7096,probabilidad
2708,T7096,probabilidad
2710,T4899,probabilidad
2711,T7333,probabilidad
2712,T7333,probabilidad
2713,T5803,probabilidad
2713,LS,probabilidad
2714,T7333,probabilidad
2715,T7333,probabilidad
2716,T5803,probabilidad
2716,LS,probabilidad
2717,T5803,probabilidad
2717,LS,probabilidad
2718,T7333,probabilidad
2719,T9787,probabilidad
2720,T7370,probabilidad
2721,T9787,probabilidad
2722,T7370,probabilidad
2723,T7370,probabilidad
2724,T5520,probabilidad
2726,T9787,probabilidad
2728,T7370,probabilidad
2729,T7370,probabilidad
2730,T7370,probabilidad
2731,T7370,probabilidad
2732,T7370,probabilidad
2734,T9787,probabilidad
2736,T10276,probabilidad
2737,T10276,probabilidad
2738,T10276,probabilidad
2739,T10276,probabilidad
2740,T7370,probabilidad
2741,T7370,probabilidad
2743,T7370,probabilidad
2744,T7370,probabilidad
2747,T7370,probabilidad
2749,T7370,probabilidad
2753,T7370,probabilidad
2754,T7370,probabilidad
2755,T7370,probabilidad
2756,T7370,probabilidad
2757,T7370,probabilidad
2758,T7370,probabilidad
2759,T7370,probabilidad
2768,T7194,probabilidad
2769,T7194,probabilidad
2771,T7194,probabilidad
2772,T7194,probabilidad
2774,T7370,probabilidad
2775,T7370,probabilidad
2777,T7370,probabilidad
2778,T7370,probabilidad
2780,T7851,probabilidad
2781,T7851,probabilidad
2782,T7851,probabilidad
2783,T7851,probabilidad
2784,T7851,probabilidad
2785,T7851,probabilidad
2787,T7194,probabilidad
2788,T7370,probabilidad
2789,T7194,probabilidad
2790,T7194,probabilidad
2791,T7370,probabilidad
2792,T7370,probabilidad
2793,T7370,probabilidad
2794,T7370,probabilidad
2795,T7333,probabilidad
2796,T7333,probabilidad
2798,T7333,probabilidad
2799,T7333,probabilidad
2803,T7333,probabilidad
2804,T7333,probabilidad
2805,T7333,probabilidad
2806,T7333,probabilidad
2807,T7333,probabilidad
2810,T9787,probabilidad
2811,T6070,probabilidad
2813,T5986,probabilidad
2813,T2118,probabilidad
2813,T2613,probabilidad
2813,T3473,probabilidad
2813,T5663,probabilidad
2814,T5520,probabilidad
2814,T6070,probabilidad
2815,u28,probabilidad
2817,T6070,probabilidad
2818,T6070,probabilidad
2820,T5986,probabilidad
2820,T2118,probabilidad
2820,T2613,probabilidad
2820,T3473,probabilidad
2820,T5663,probabilidad
2821,T6070,probabilidad
2822,T6070,probabilidad
2824,T7096,probabilidad
2825,u28,probabilidad
2826,T6070,probabilidad
2827,u28,probabilidad
2828,T5723LS,probabilidad
2829,T5723LS,probabilidad
2831,u28,probabilidad
2833,u27,probabilidad
2833,LS,probabilidad
2834,T5723LS,probabilidad
2835,u27,probabilidad
2835,LS,probabilidad
2836,u27,probabilidad
2836,LS,probabilidad
2837,u27,probabilidad
2837,LS,probabilidad
2838,u27,probabilidad
2838,LS,probabilidad
2839,u27,probabilidad
2839,LS,probabilidad
2840,u27,probabilidad
2841,u27,probabilidad
2842,u27,probabilidad
2843,u27,probabilidad
2844,u27,probabilidad
2846,T10276,probabilidad
2847,T10276,probabilidad
2849,T7333,probabilidad
2850,T7333,probabilidad
2851,T10276,probabilidad
2852,T10276,probabilidad
2853,T7194,probabilidad
2854,T7194,probabilidad
2862,u28,probabilidad
2876,T7370,probabilidad
2877,T7370,probabilidad
2878,T7370,probabilidad
2885,T8636c73,probabilidad
2887,T10276,probabilidad
2888,T10276,probabilidad
2889,u28,probabilidad
2892,T7378,probabilidad
2893,T5466n,probabilidad
2894,T5466n,probabilidad
2895,T5466n,probabilidad
2896,T5723LS,probabilidad
2897,T5723LS,probabilidad
2899,T5723LS,probabilidad
2916,T7851,probabilidad
2923,T7851,probabilidad
2927,u27,probabilidad
2928,u27,probabilidad
2929,u27,probabilidad
2930,u27,probabilidad
2931,T7851,probabilidad
2933,T7851,probabilidad
2934,T7851,probabilidad
2935,T7851,probabilidad
2940,T5109LS,probabilidad
2941,T5109LS,probabilidad
2942,T5109LS,probabilidad
2943,T5109LS,probabilidad
2944,T7851,probabilidad
2945,T5109LS,probabilidad
2946,T7851,probabilidad
2947,T5109LS,probabilidad
2948,T5109LS,probabilidad
2949,T5109LS,probabilidad
2950,T7851,probabilidad
2952,T7851,probabilidad
2963,T7851,probabilidad
2968,T5986,probabilidad
2970,T5109LS,probabilidad
2971,T5109LS,probabilidad
2972,T5109LS,probabilidad
2973,T5109LS,probabilidad
2975,T7194,probabilidad
2976,T7194,probabilidad
2978,u28,probabilidad
2979,T8636c73,probabilidad
2980,T8636c73,probabilidad
2982,T7370,probabilidad
2984,T7370,probabilidad
2985,T8636c73,probabilidad
2986,T8636c73,probabilidad
2987,T8636c73,probabilidad
2988,T8636c73,probabilidad
2989,T8636c73,probabilidad
2990,T8636c73,probabilidad
2996,T7370,probabilidad
3035,T6172n,probabilidad
3036,T6172n,probabilidad
3040,T6172n,probabilidad
3042,T10276,probabilidad
3043,T10276,probabilidad
3055,T6956,probabilidad
3056,T6956,probabilidad
3057,T6956,probabilidad
3059,T10276,probabilidad
3060,T10528,probabilidad
3070,T5109LS,probabilidad
3071,T5109LS,probabilidad
3072,T5109LS,probabilidad
3073,T5109LS,probabilidad
3076,u27,probabilidad
3077,u27,probabilidad
3078,u27,probabilidad
3079,T7405,probabilidad
3080,T7096,probabilidad
3081,T7096,probabilidad
3082,T7333,probabilidad
3084,T5520,probabilidad
3085,u27,probabilidad
3086,u27,probabilidad
3090,T5109LS,probabilidad
3091,u27,probabilidad
3092,T5109LS,probabilidad
3093,u27,probabilidad
3094,u27,probabilidad
3095,T5109LS,probabilidad
3096,T5109LS,probabilidad
3102,T7096,probabilidad
3104,u27,probabilidad
3105,u27,probabilidad
3106,T5723LS,probabilidad
3107,T5723LS,probabilidad
3108,T7851,probabilidad
3109,T7851,probabilidad
3110,T7851,probabilidad
3111,T7851,probabilidad
3112,T7851,probabilidad
3113,T7851,probabilidad
3117,T5109LS,probabilidad
3118,T5109LS,probabilidad
3122,T5109LS,probabilidad
3123,T5723LS,probabilidad
3124,T5723LS,probabilidad
3126,u27,probabilidad
3127,u27,probabilidad
3128,u27,probabilidad
3133,u27,probabilidad
3134,u27,probabilidad
3138,T5723LS,probabilidad
3139,T5723LS,probabilidad
3143,T5723LS,probabilidad
3144,T5723LS,probabilidad
3145,T5723LS,probabilidad
3147,T5723LS,probabilidad
3148,T5723LS,probabilidad
3149,u27,probabilidad
3150,u27,probabilidad
3151,u27,probabilidad
3152,u27,probabilidad
3153,u27,probabilidad
3154,u27,probabilidad
3155,u27,probabilidad
3156,T7333,probabilidad
3157,T6385n,probabilidad
3158,T7333,probabilidad
3159,T7333,probabilidad
3160,T6385n,probabilidad
3161,T6385n,probabilidad
3162,T6385n,probabilidad
3163,T6172n,probabilidad
3164,T6385n,probabilidad
3165,T6172n,probabilidad
3166,T6172n,probabilidad
3167,T6385n,probabilidad
3169,T6385,probabilidad
3170,T6385,probabilidad
3172,T6385,probabilidad
3174,T7192,probabilidad
3175,u27,probabilidad
3176,T7192,probabilidad
3177,T7192,probabilidad
3178,T6070,probabilidad
3179,u27,probabilidad
3180,T7333,probabilidad
3181,T7333,probabilidad
3182,T5520,probabilidad
3182,T6070,probabilidad
3185,T6070,probabilidad
3192,T6070,probabilidad
3195,T7851,probabilidad
3196,T7851,probabilidad
3197,T7851,probabilidad
3198,T5723LS,probabilidad
3199,T5723LS,probabilidad
3200,T5723LS,probabilidad
3201,T5109LS,probabilidad
3202,T5109LS,probabilidad
3203,T5109LS,probabilidad
3204,T7405,probabilidad
3205,T7096,probabilidad
3206,T7096,probabilidad
3207,T7096,probabilidad
3208,T7096,probabilidad
3209,T7096,probabilidad
3210,T7096,probabilidad
3211,T7405,probabilidad
3212,T7333,probabilidad
3213,T7333,probabilidad
3214,T7333,probabilidad
3215,T7333,probabilidad
3216,T7333,probabilidad
3217,T7333,probabilidad
3218,T10276,probabilidad
3220,T10276,probabilidad
3221,T5109LS,probabilidad
3222,T5109LS,probabilidad
3223,T5109LS,probabilidad
3224,T5109LS,probabilidad
3225,T5109LS,probabilidad
3226,T5109LS,probabilidad
3227,T5109LS,probabilidad
3228,T6385,probabilidad
3229,T5109LS,probabilidad
3238,T5986,probabilidad
3241,T5723LS,probabilidad
3243,T5723LS,probabilidad
3244,T5723LS,probabilidad
3245,T5723LS,probabilidad
3246,T5723LS,probabilidad
3247,T5723LS,probabilidad
3248,T5723LS,probabilidad
3249,T8636c73,probabilidad
3250,T8636c73,probabilidad
3251,T8636c73,probabilidad
3252,T5723LS,probabilidad
3253,T5723LS,probabilidad
3254,T5723LS,probabilidad
3255,T7851,probabilidad
3256,T7851,probabilidad
3257,T7851,probabilidad
3258,T7851,probabilidad
3259,T5723LS,probabilidad
3260,T7851,probabilidad
3261,T7851,probabilidad
3262,T7096c74,probabilidad
3264,T7192,probabilidad
3265,T7192,probabilidad
3269,T7192,probabilidad
3270,T7192,probabilidad
3271,T7192,probabilidad
3275,T7378,probabilidad
3280,T7333,probabilidad
3281,T7333,probabilidad
3283,T7333,probabilidad
3290,T7333,probabilidad
3293,T8636c73,probabilidad
3295,T8636c73,probabilidad
3300,T5109LS,probabilidad
3301,T5109LS,probabilidad
3302,T5109LS,probabilidad
3303,T5109LS,probabilidad
3304,T5723LS,probabilidad
3305,T5723LS,probabilidad
3310,u27,probabilidad
3312,T5723LS,probabilidad
3313,T7096c74,probabilidad
3314,T5109LS,probabilidad
3316,T5109LS,probabilidad
3318,T6385,probabilidad
3319,T5520,probabilidad
3330,T5520LS,probabilidad
3331,T7194,probabilidad
3332,T5520LS,probabilidad
3333,T5520LS,probabilidad
3334,T7194,probabilidad
3335,T5520LS,probabilidad
3336,T7194,probabilidad
3337,T5520LS,probabilidad
3338,T7194,probabilidad
3339,T5520LS,probabilidad
3341,T6385,probabilidad
3342,T6385,probabilidad
3343,T5986,probabilidad
3345,T6385,probabilidad
3346,T7851,probabilidad
3349,T7333,probabilidad
3350,T7370,probabilidad
3351,T7370,probabilidad
3353,T7333,probabilidad
3354,T7333,probabilidad
3358,T7333,probabilidad
3359,T7333,probabilidad
3360,T7370,probabilidad
3361,T7333,probabilidad
3362,T7370,probabilidad
3364,T5723LS,probabilidad
3365,T5723LS,probabilidad
3371,T7851,probabilidad
3374,T8636c73,probabilidad
3376,T5109LS,probabilidad
3380,T5109LS,probabilidad
3381,T5109LS,probabilidad
3382,T7194,probabilidad
3383,T7194,probabilidad
3384,T7194,probabilidad
3385,T6385n,probabilidad
3387,T7851,probabilidad
3389,T6385n,probabilidad
3390,T7851,probabilidad
3392,T6385n,probabilidad
3395,T7851,probabilidad
3396,T6385,probabilidad
3397,T7096,probabilidad
3398,T6956,probabilidad
3399,T6956,probabilidad
3402,T6385,probabilidad
3407,T5520,probabilidad
3412,T10276,probabilidad
3413,T10276,probabilidad
3414,T10276,probabilidad
3423,T7333,probabilidad
3424,T7333,probabilidad
3425,T7333,probabilidad
3429,T7192,probabilidad
3430,T7192,probabilidad
3431,T5723LS,probabilidad
3432,T5723LS,probabilidad
3436,T7194,probabilidad
3437,T7194,probabilidad
3438,T7194,probabilidad
3441,T5803,probabilidad
3442,T5803,probabilidad
3443,T5803,probabilidad
3444,T5803,probabilidad
3445,T5803,probabilidad
3446,T5723LS,probabilidad
3447,T5723LS,probabilidad
3448,T5723LS,probabilidad
3450,T6385n,probabilidad
3452,T6385n,probabilidad
3455,T5723LS,probabilidad
3456,T6385n,probabilidad
3457,T6385,probabilidad
3458,T6385n,probabilidad
3459,T6385n,probabilidad
3461,T7096,probabilidad
3462,T6385n,probabilidad
3464,T6385n,probabilidad
3465,T6385n,probabilidad
3468,T6385n,probabilidad
3469,u27,probabilidad
3472,T5109LS,probabilidad
3473,T6385,probabilidad
3474,T5109LS,probabilidad
3475,T6385,probabilidad
3481,u27,probabilidad
3481,LS,probabilidad
3482,u27,probabilidad
3482,LS,probabilidad
3483,u27,probabilidad
3483,LS,probabilidad
3485,T6385n,probabilidad
3488,T6385n,probabilidad
3490,T6385n,probabilidad
3492,T6385n,probabilidad
3494,T6385n,probabilidad
3495,T6385n,probabilidad
3496,T6385,probabilidad
3497,T6385,probabilidad
3506,T6385,probabilidad
3508,T6385,probabilidad
3520,T5520,probabilidad
3520,T6385,probabilidad
3524,T5109LS,probabilidad
3525,T5109LS,probabilidad
3526,T5109LS,probabilidad
3527,u27,probabilidad
3528,T5109LS,probabilidad
3533,T5723LS,probabilidad
3537,T5723LS,probabilidad
3544,T5520LS,probabilidad
3545,T5520LS,probabilidad
3553,T8043,probabilidad
3554,T5520LS,probabilidad
3558,T5109LS,probabilidad
3559,T5109LS,probabilidad
3560,T5109LS,probabilidad
3568,T7194,probabilidad
3569,T7194,probabilidad
3570,T8043,probabilidad
3578,T5109LS,probabilidad
3579,T5109LS,probabilidad
3580,T5109LS,probabilidad
3582,T5109LS,probabilidad
3583,T5109LS,probabilidad
3585,T5109LS,probabilidad
3586,T5109LS,probabilidad
3587,T5109LS,probabilidad
3588,T5109LS,probabilidad
3589,T5109LS,probabilidad
3590,u27,probabilidad
3590,LS,probabilidad
3591,T5109LS,probabilidad
3592,T5109LS,probabilidad
3593,T5109LS,probabilidad
3594,u27,probabilidad
3594,LS,probabilidad
3595,T5109LS,probabilidad
3597,u27,probabilidad
3597,LS,probabilidad
3598,T5109LS,probabilidad
3599,T5109LS,probabilidad
3603,u28,probabilidad
3604,u28,probabilidad
3605,u28,probabilidad
3606,u28,probabilidad
3607,u28,probabilidad
3608,u28,probabilidad
3609,T8043,probabilidad
3612,T7851,probabilidad
3617,u27,probabilidad
3617,LS,probabilidad
3618,u27,probabilidad
3618,LS,probabilidad
3619,u27,probabilidad
3619,LS,probabilidad
3620,u27,probabilidad
3620,LS,probabilidad
3621,u27,probabilidad
3621,LS,probabilidad
3622,u27,probabilidad
3622,LS,probabilidad
3623,T8043,probabilidad
3625,u28,probabilidad
3626,u28,probabilidad
3627,u28,probabilidad
3628,u28,probabilidad
3629,u28,probabilidad
3630,u28,probabilidad
3633,T5723LS,probabilidad
3638,T5723LS,probabilidad
3639,T5723LS,probabilidad
3641,u28,probabilidad
3642,u28,probabilidad
3643,u28,probabilidad
3644,T5723LS,probabilidad
3645,T5723LS,probabilidad
3647,T5723LS,probabilidad
3650,T5723LS,probabilidad
3651,T5723LS,probabilidad
3652,T5723LS,probabilidad
3653,T5723LS,probabilidad
3654,u28,probabilidad
3655,u28,probabilidad
3656,u28,probabilidad
3657,u28,probabilidad
3658,u28,probabilidad
3659,u28,probabilidad
3663,u28,probabilidad
3664,u28,probabilidad
3665,u28,probabilidad
3666,T5109LS,probabilidad
3667,T5109LS,probabilidad
3668,T5109LS,probabilidad
3669,T5109LS,probabilidad
3671,T5520,probabilidad
3672,T7851,probabilidad
3673,T7851,probabilidad
3675,T5109LS,probabilidad
3677,T5109LS,probabilidad
3678,T5109LS,probabilidad
3679,T5109LS,probabilidad
3683,u28,probabilidad
3684,u28,probabilidad
3685,u28,probabilidad
3686,u28,probabilidad
3687,u28,probabilidad
3688,u28,probabilidad
3690,T10528,probabilidad
3694,u27,probabilidad
3694,LS,probabilidad
3695,u27,probabilidad
3695,LS,probabilidad
3696,u27,probabilidad
3696,LS,probabilidad
3697,u27,probabilidad
3697,LS,probabilidad
3698,u27,probabilidad
3698,LS,probabilidad
3699,u27,probabilidad
3699,LS,probabilidad
3700,u27,probabilidad
3700,LS,probabilidad
3705,T5723LS,probabilidad
3706,T5109LS,probabilidad
3710,T5109LS,probabilidad
3712,T5723LS,probabilidad
3713,T5723LS,probabilidad
3716,T5109LS,probabilidad
3717,T5109LS,probabilidad
3718,T5723LS,probabilidad
3720,T5109LS,probabilidad
3721,T5109LS,probabilidad
3722,T5109LS,probabilidad
3723,T5109LS,probabilidad
3725,T5723LS,probabilidad
3726,T5109LS,probabilidad
3727,T5803,probabilidad
3728,T5803,probabilidad
3729,T5803,probabilidad
3730,T5803,probabilidad
3731,T5803,probabilidad
3732,T5723LS,probabilidad
3733,T5723LS,probabilidad
3734,T5723LS,probabilidad
3735,u27,probabilidad
3735,LS,probabilidad
3736,u27,probabilidad
3736,LS,probabilidad
3737,u27,probabilidad
3737,LS,probabilidad
3739,u28,probabilidad
3740,u28,probabilidad
3741,u28,probabilidad
3742,T5723LS,probabilidad
3743,T10528,probabilidad
3744,T5109LS,probabilidad
3745,T10528,probabilidad
3747,T10528,probabilidad
3748,T10528,probabilidad
3749,u27,probabilidad
3750,T5109LS,probabilidad
3751,T10528,probabilidad
3752,T10528,probabilidad
3753,T5109LS,probabilidad
3758,T5723LS,probabilidad
3760,T5520,probabilidad
3761,T5109LS,probabilidad
3762,T5109LS,probabilidad
3763,T5109LS,probabilidad
3764,T5109LS,probabilidad
3765,T5109LS,probabilidad
3766,T5109LS,probabilidad
3767,T5109LS,probabilidad
3768,T5109LS,probabilidad
3769,T5109LS,probabilidad
3770,T5109LS,probabilidad
3771,T5109LS,probabilidad
3773,T5109LS,probabilidad
3774,u28,probabilidad
3775,u28,probabilidad
3776,u28,probabilidad
3777,u28,probabilidad
3778,u28,probabilidad
3779,u28,probabilidad
3780,T6385,probabilidad
3781,u27,probabilidad
3782,u27,probabilidad
3783,u27,probabilidad
3784,u27,probabilidad
3785,u27,probabilidad
3786,u27,probabilidad
3787,u27,probabilidad
3790,T6172n,probabilidad
3791,T6172n,probabilidad
3796,T6172n,probabilidad
3798,T6385n,probabilidad
3799,T6385n,probabilidad
3800,T6385n,probabilidad
3802,T5520LS,probabilidad
3803,T7194,probabilidad
3807,T7194,probabilidad
3808,T7194,probabilidad
3810,T5109LS,probabilidad
3811,T5109LS,probabilidad
3812,T5520LS,probabilidad
3813,T5109LS,probabilidad
3814,T5109LS,probabilidad
3815,T5109LS,probabilidad
3816,T5109LS,probabilidad
3817,T5723LS,probabilidad
3818,T5723LS,probabilidad
3819,T5109LS,probabilidad
3820,T5109LS,probabilidad
3821,T5520LS,probabilidad
3822,T5520LS,probabilidad
3824,T5520LS,probabilidad
3826,T5520LS,probabilidad
3832,T5723LS,probabilidad
3833,T5723LS,probabilidad
3839,T5723LS,probabilidad
3840,T5723LS,probabilidad
3841,T5109LS,probabilidad
3842,T5109LS,probabilidad
3843,T5109LS,probabilidad
3844,T5723LS,probabilidad
3845,T5109LS,probabilidad
3846,T5109LS,probabilidad
3847,T5109LS,probabilidad
3848,T5109LS,probabilidad
3851,T5723LS,probabilidad
3852,u27,probabilidad
3852,LS,probabilidad
3854,u27,probabilidad
3854,LS,probabilidad
3856,u27,probabilidad
3856,LS,probabilidad
3858,u27,probabilidad
3858,LS,probabilidad
3859,u27,probabilidad
3859,LS,probabilidad
3860,u27,probabilidad
3860,LS,probabilidad
3861,u28,probabilidad
3862,u28,probabilidad
3863,u28,probabilidad
3864,T5520,probabilidad
3866,T5723LS,probabilidad
3867,T5723LS,probabilidad
3868,u27,probabilidad
3869,u27,probabilidad
3870,u27,probabilidad
3871,u27,probabilidad
3872,T5109LS,probabilidad
3873,T5109LS,probabilidad
3874,T5109LS,probabilidad
3875,T7333,probabilidad
3876,T7333,probabilidad
3881,T5109LS,probabilidad
3882,T5109LS,probabilidad
3883,T5109LS,probabilidad
3884,T5520,probabilidad
3892,T5723LS,probabilidad
3895,T5723LS,probabilidad
3896,T5723LS,probabilidad
3897,T5723LS,probabilidad
3898,T5723LS,probabilidad
3899,T5723LS,probabilidad
3903,T5723LS,probabilidad
3904,T5109LS,probabilidad
3905,T5109LS,probabilidad
3906,u28,probabilidad
3907,u28,probabilidad
3908,u28,probabilidad
3909,u28,probabilidad
3910,u28,probabilidad
3911,u28,probabilidad
3912,T7333,probabilidad
3913,T7333,probabilidad
3914,T7333,probabilidad
3916,T5723LS,probabilidad
3918,T6172,probabilidad
3919,T5109LS,probabilidad
3921,T9221,probabilidad
3922,T5109LS,probabilidad
3923,T5109LS,probabilidad
3925,T5723LS,probabilidad
3927,T5723LS,probabilidad
3928,T7194,probabilidad
3929,T6172,probabilidad
3930,T5520LS,probabilidad
3931,T5520LS,probabilidad
3932,T5520LS,probabilidad
3933,T5520,probabilidad
3935,T7096,probabilidad
3936,T7096,probabilidad
3937,T7096,probabilidad
3939,T5723LS,probabilidad
3940,T7096,probabilidad
3941,T7096,probabilidad
3942,T7096,probabilidad
3943,T7096,probabilidad
3944,T7096,probabilidad
3946,T5723LS,probabilidad
3947,T5723LS,probabilidad
3948,T7096,probabilidad
3949,u27,probabilidad
3951,T5723LS,probabilidad
3952,T5723LS,probabilidad
3956,T5723LS,probabilidad
3957,T5723LS,probabilidad
3958,T333,probabilidad
3960,T5723LS,probabilidad
3963,T5723LS,probabilidad
3965,T5723LS,probabilidad
3970,T5109LS,probabilidad
3971,T5109LS,probabilidad
3972,T5109LS,probabilidad
3973,T5109LS,probabilidad
3974,T5109LS,probabilidad
3975,T5109LS,probabilidad
3976,T5109LS,probabilidad
3978,T333,probabilidad
3985,T5723LS,probabilidad
3987,T5723LS,probabilidad
3989,T10528,probabilidad
3990,T10528,probabilidad
3991,T10528,probabilidad
3992,T10528,probabilidad
3997,T10528,probabilidad
3998,T5723LS,probabilidad
3999,T5723LS,probabilidad
4003,u27,probabilidad
4004,T5109LS,probabilidad
4005,T5109LS,probabilidad
4006,T5109LS,probabilidad
4007,T5109LS,probabilidad
4008,T5109LS,probabilidad
4009,T5109LS,probabilidad
4010,T5109LS,probabilidad
4011,T5109LS,probabilidad
4016,T5723LS,probabilidad
4017,T5520LS,probabilidad
4018,T5723LS,probabilidad
4019,T5520LS,probabilidad
4020,T5520LS,probabilidad
4021,T5520LS,probabilidad
4022,T5520LS,probabilidad
4029,T5520LS,probabilidad
4030,T5520LS,probabilidad
4031,T5803,probabilidad
4032,T5803,probabilidad
4033,T5803,probabilidad
4034,T5803,probabilidad
4035,T5520LS,probabilidad
4036,T5520LS,probabilidad
4037,T6172n,probabilidad
4038,T5520LS,probabilidad
4039,T5520LS,probabilidad
4040,T6172n,probabilidad
4041,T5520LS,probabilidad
4042,T5723LS,probabilidad
4043,T5520LS,probabilidad
4044,T5723LS,probabilidad
4045,T5118LS,probabilidad
4046,T5118LS,probabilidad
4047,T5118LS,probabilidad
4048,T5723LS,probabilidad
4051,T6172n,probabilidad
4052,T5723LS,probabilidad
4060,T6172n,probabilidad
4061,T7409LS,probabilidad
4062,T7409LS,probabilidad
4063,T7409LS,probabilidad
4114,T5520LS,probabilidad
4115,T5520LS,probabilidad
4120,T5520LS,probabilidad
4126,T5520LS,probabilidad
4127,T5520LS,probabilidad
4132,u27,probabilidad
4133,T7354n,probabilidad
4133,T7194n,probabilidad
4150,T7354n,probabilidad
4150,T7194n,probabilidad
4151,T5986,probabilidad
4152,T5723LS,probabilidad
4155,T5520LS,probabilidad
4156,T7049,probabilidad
4156,T7354,probabilidad
4156,T7194,probabilidad
4157,T5723LS,probabilidad
4158,T5520,probabilidad
4159,T7354n,probabilidad
4159,T7194n,probabilidad
4160,T5723LS,probabilidad
4161,T7354n,probabilidad
4161,T7194n,probabilidad
4162,u27,probabilidad
4166,T8636c73,probabilidad
4167,T8636c73,probabilidad
4168,T8636c73,probabilidad
4172,T117,probabilidad
4173,T117,probabilidad
4181,T117,probabilidad
4182,T117,probabilidad
4183,T117,probabilidad
4184,T117,probabilidad
4185,T7096c74,probabilidad
4186,u28,probabilidad
4187,u28,probabilidad
4188,u28,probabilidad
4189,T5723LS,probabilidad
4190,T5723LS,probabilidad
4192,T5723LS,probabilidad
4193,T117,probabilidad
4194,T117,probabilidad
4197,T5723LS,probabilidad
4198,T5723LS,probabilidad
4200,T8636c73,probabilidad
4202,T6835,probabilidad
4203,T6835,probabilidad
4206,T10276,probabilidad
4207,T10276,probabilidad
4208,T10276,probabilidad
4210,T5723LS,probabilidad
4218,T7409LS,probabilidad
4219,T7409LS,probabilidad
4220,T7409LS,probabilidad
4222,T5520LS,probabilidad
4227,T5520LS,probabilidad
4228,u27,probabilidad
4229,u27,probabilidad
4230,u27,probabilidad
4231,u27,probabilidad
4232,T5520LS,probabilidad
4233,u27,probabilidad
4233,LS,probabilidad
4234,u27,probabilidad
4234,LS,probabilidad
4235,u27,probabilidad
4235,LS,probabilidad
4237,T6835,probabilidad
4238,T6835,probabilidad
4239,T7096,probabilidad
4241,T5723LS,probabilidad
4242,T5723LS,probabilidad
4243,T7096,probabilidad
4244,T7096,probabilidad
4245,T5109LS,probabilidad
4246,T8636c73,probabilidad
4247,T8636c73,probabilidad
4248,T8636c73,probabilidad
4249,T8636c73,probabilidad
4250,T8636c73,probabilidad
4251,T8636c73,probabilidad
4252,T5723LS,probabilidad
4253,T5109LS,probabilidad
4255,T5723LS,probabilidad
4256,T5723LS,probabilidad
4259,T5723LS,probabilidad
4260,T5723LS,probabilidad
4262,T5723LS,probabilidad
4263,T5723LS,probabilidad
4264,T5118LS,probabilidad
4265,T5118LS,probabilidad
4266,T5118LS,probabilidad
4267,T5723LS,probabilidad
4271,T5713LS,probabilidad
4272,T5713LS,probabilidad
4274,T5713LS,probabilidad
4275,T5713LS,probabilidad
4276,T5713LS,probabilidad
4277,T5713LS,probabilidad
4278,T5723LS,probabilidad
4279,T5723LS,probabilidad
4285,u27,probabilidad
4286,T6835,probabilidad
4287,T6835,probabilidad
4288,T5723LS,probabilidad
4289,T5723LS,probabilidad
4290,T5109LS,probabilidad
4291,T5109LS,probabilidad
4292,T5109LS,probabilidad
4297,T8636c73,probabilidad
4298,T8636c73,probabilidad
4299,T8636c73,probabilidad
4302,T5109LS,probabilidad
4304,T5723LS,probabilidad
4305,T5803,probabilidad
4306,T5803,probabilidad
4307,T5803,probabilidad
4309,T10528,probabilidad
4312,T5109LS,probabilidad
4313,T6172n,probabilidad
4314,T5803,probabilidad
4315,T5803,probabilidad
4316,T10528,probabilidad
4317,T5803,probabilidad
4318,T5803,probabilidad
4321,T5803,probabilidad
4322,T10528,probabilidad
4323,T10528,probabilidad
4324,T10528,probabilidad
4325,T5109LS,probabilidad
4326,T5723LS,probabilidad
4328,T5723LS,probabilidad
4329,T5723LS,probabilidad
4332,T5723LS,probabilidad
4336,T5723LS,probabilidad
4337,T10528,probabilidad
4338,T10528,probabilidad
4339,T10528,probabilidad
4341,T10528,probabilidad
4342,T10528,probabilidad
4343,T10528,probabilidad
4344,T10528,probabilidad
4345,T10528,probabilidad
4346,T6172n,probabilidad
4348,T10528,probabilidad
4349,T10528,probabilidad
4351,T6172n,probabilidad
4352,T5118LS,probabilidad
4353,T5118LS,probabilidad
4354,T5118LS,probabilidad
4355,T5118LS,probabilidad
4361,u27,probabilidad
4361,LS,probabilidad
4362,u27,probabilidad
4362,LS,probabilidad
4363,u27,probabilidad
4363,LS,probabilidad
4364,u27,probabilidad
4364,LS,probabilidad
4365,u27,probabilidad
4365,LS,probabilidad
4366,u27,probabilidad
4366,LS,probabilidad
4369,T5520,probabilidad
4372,T5047,probabilidad
4372,T4644,probabilidad
4373,T5047,probabilidad
4373,T4644,probabilidad
4374,T5047,probabilidad
4374,T4644,probabilidad
4375,T5047,probabilidad
4375,T4644,probabilidad
4376,T6835,probabilidad
4377,T6835,probabilidad
4380,T7851,probabilidad
4385,T5520LS,probabilidad
4386,T5520LS,probabilidad
4387,T6385,probabilidad
4388,T5520LS,probabilidad
4390,T10528,probabilidad
4391,T10528,probabilidad
4392,T10528,probabilidad
4393,T10528,probabilidad
4394,T10528,probabilidad
4395,T10528,probabilidad
4396,T10528,probabilidad
4397,T10528,probabilidad
4398,T5520LS,probabilidad
4399,T5520LS,probabilidad
4400,T7096c74,probabilidad
4401,T7096c74,probabilidad
4402,T7096c74,probabilidad
4403,T7096c74,probabilidad
4404,T7096c74,probabilidad
4405,T7096c74,probabilidad
4406,T7194,probabilidad
4407,T5520LS,probabilidad
4409,T7194,probabilidad
4410,T8636c73,probabilidad
4411,T8636c73,probabilidad
4412,T8636c73,probabilidad
4413,T8636c73,probabilidad
4414,T8636c73,probabilidad
4415,T8636c73,probabilidad
4416,T8636c73,probabilidad
4417,T8636c73,probabilidad
4418,T7409LS,probabilidad
4419,T7409LS,probabilidad
4420,T7409LS,probabilidad
4421,T8636c73,probabilidad
4422,T8636c73,probabilidad
4423,T8636c73,probabilidad
4424,T7194,probabilidad
4425,T7194,probabilidad
4426,T7194,probabilidad
4428,T8636c73,probabilidad
4429,T5723LS,probabilidad
4434,u27,probabilidad
4434,LS,probabilidad
4435,u27,probabilidad
4435,LS,probabilidad
4436,u27,probabilidad
4436,LS,probabilidad
4437,u27,probabilidad
4437,LS,probabilidad
4438,u27,probabilidad
4438,LS,probabilidad
4439,u27,probabilidad
4439,LS,probabilidad
4442,T5520LS,probabilidad
4443,T5520LS,probabilidad
4444,T5520LS,probabilidad
4445,T5520LS,probabilidad
4446,T5723LS,probabilidad
4447,T5723LS,probabilidad
4449,T5520LS,probabilidad
4451,T5520LS,probabilidad
4452,T5723LS,probabilidad
4453,T5723LS,probabilidad
4454,T5723LS,probabilidad
4456,T5723LS,probabilidad
4460,T5109LS,probabilidad
4461,T8636c73,probabilidad
4462,T5109LS,probabilidad
4463,T5109LS,probabilidad
4464,T5109LS,probabilidad
4465,T5109LS,probabilidad
4466,T5109LS,probabilidad
4467,T5109LS,probabilidad
4468,T5109LS,probabilidad
4469,T5109LS,probabilidad
4470,T5109LS,probabilidad
4471,T5109LS,probabilidad
4472,T5109LS,probabilidad
4473,T5109LS,probabilidad
4474,T5109LS,probabilidad
4475,T5109LS,probabilidad
4476,T5109LS,probabilidad
4477,T8636c73,probabilidad
4478,K14,probabilidad
4479,K14,probabilidad
4481,K14,probabilidad
4482,T7378,probabilidad
4483,T8636c73,probabilidad
4489,T6835,probabilidad
4490,T6835,probabilidad
4501,T5723LS,probabilidad
4508,T10276,probabilidad
4509,T10276,probabilidad
4510,T10276,probabilidad
4511,T5723LS,probabilidad
4512,T5723LS,probabilidad
4517,T7851,probabilidad
4523,T5520,probabilidad
4523,T6385,probabilidad
4525,T5109LS,probabilidad
4526,T5109LS,probabilidad
4527,T5109LS,probabilidad
4530,T10528,probabilidad
4531,T10528,probabilidad
4532,T10528,probabilidad
4542,T10528,probabilidad
4543,T10528,probabilidad
4544,T10528,probabilidad
4545,T10528,probabilidad
4546,T10528,probabilidad
4547,T10528,probabilidad
4548,T5109LS,probabilidad
4549,T10528,probabilidad
4550,T5109LS,probabilidad
4551,T5109LS,probabilidad
4552,T5109LS,probabilidad
4553,T5109LS,probabilidad
4554,T5109LS,probabilidad
4555,T5109LS,probabilidad
4556,T5109LS,probabilidad
4557,T5109LS,probabilidad
4558,T8636c73,probabilidad
4559,T8636c73,probabilidad
4560,T8636c73,probabilidad
4561,T8636c73,probabilidad
4562,T8636c73,probabilidad
4563,T8636c73,probabilidad
4564,T5109LS,probabilidad
4568,T5803,probabilidad
4569,T5803,probabilidad
4570,T5803,probabilidad
4571,T5803,probabilidad
4572,T5803,probabilidad
4573,T10528,probabilidad
4575,u27,probabilidad
4576,u27,probabilidad
4579,u27,probabilidad
4580,u27,probabilidad
4584,T5118LS,probabilidad
4585,T5118LS,probabilidad
4586,T5118LS,probabilidad
4590,T5109LS,probabilidad
4592,T5109LS,probabilidad
4595,T5109LS,probabilidad
4597,T5109LS,probabilidad
4604,T10528,probabilidad
4607,T9221,probabilidad
4610,T9221,probabilidad
4620,T5109LS,probabilidad
4621,T5109LS,probabilidad
4623,T5109LS,probabilidad
4624,T5109LS,probabilidad
4625,T5109LS,probabilidad
4627,T5109LS,probabilidad
4630,T5109LS,probabilidad
4631,T5109LS,probabilidad
4635,T5109LS,probabilidad
4644,T7096c74,probabilidad
4645,T7096c74,probabilidad
4646,T7096c74,probabilidad
4647,T7096c74,probabilidad
4648,T7096c74,probabilidad
4649,T7096c74,probabilidad
4653,u27,probabilidad
4654,u27,probabilidad
4656,u27,probabilidad
4657,u27,probabilidad
4658,T8636c73,probabilidad
4659,T8636c73,probabilidad
4660,T8636c73,probabilidad
4669,u27,probabilidad
4670,T10276,probabilidad
4671,T5109LS,probabilidad
4672,T10276,probabilidad
4678,T8636c73,probabilidad
4679,T8636c73,probabilidad
4680,T8636c73,probabilidad
4686,T7194,probabilidad
4689,T8636c73,probabilidad
4690,T8636c73,probabilidad
4691,T8636c73,probabilidad
4692,T7096,probabilidad
4711,T8636c73,probabilidad
4712,T8636c73,probabilidad
4713,T8636c73,probabilidad
4715,T5118LS,probabilidad
4716,T5118LS,probabilidad
4722,T9221,probabilidad
4723,T9221,probabilidad
4727,T9221,probabilidad
4728,T9221,probabilidad
4730,T9221,probabilidad
4734,T10528,probabilidad
4735,u27,probabilidad
4735,LS,probabilidad
4736,u27,probabilidad
4736,LS,probabilidad
4737,u27,probabilidad
4737,LS,probabilidad
4738,T10276,probabilidad
4739,T10276,probabilidad
4740,T5520,probabilidad
4741,T10276,probabilidad
4742,T10276,probabilidad
4743,T10528,probabilidad
4751,T6172n,probabilidad
4753,T6172n,probabilidad
4756,T8636c73,probabilidad
4757,T8636c73,probabilidad
4758,T8636c73,probabilidad
4760,T5109LS,probabilidad
4761,T8636c73,probabilidad
4762,T8636c73,probabilidad
4763,T8636c73,probabilidad
4764,T8636c73,probabilidad
4765,T8636c73,probabilidad
4766,T8636c73,probabilidad
4767,T8636c73,probabilidad
4768,T8636c73,probabilidad
4769,T9221,probabilidad
4770,T7409LS,probabilidad
4771,T7409LS,probabilidad
4772,T7409LS,probabilidad
4773,T9221,probabilidad
4774,T8636c73,probabilidad
4775,T8636c73,probabilidad
4776,T8636c73,probabilidad
4777,T5109LS,probabilidad
4781,T5723LS,probabilidad
4782,T8636c73,probabilidad
4783,T5520,probabilidad
4791,T6620LS,probabilidad
4792,T6620LS,probabilidad
4795,T6385,probabilidad
4796,T8636c73,probabilidad
4797,T8636c73,probabilidad
4798,T8636c73,probabilidad
4799,T8636c73,probabilidad
4800,T8636c73,probabilidad
4801,T8636c73,probabilidad
4802,T5109LS,probabilidad
4803,T5109LS,probabilidad
4804,T5109LS,probabilidad
4805,T5723LS,probabilidad
4806,T7378,probabilidad
4815,T8636c73,probabilidad
4816,T8636c73,probabilidad
4817,T8636c73,probabilidad
4827,T5109LS,probabilidad
4828,T5109LS,probabilidad
4830,T8636c73,probabilidad
4832,T5109LS,probabilidad
4835,T7378,probabilidad
4836,T7194,probabilidad
4837,T7194,probabilidad
4838,T7194,probabilidad
4839,T7194,probabilidad
4840,T7194,probabilidad
4850,T6385,probabilidad
4855,T5723LS,probabilidad
4856,T5723LS,probabilidad
4857,T8636c73,probabilidad
4866,T5723LS,probabilidad
4867,u27,probabilidad
4870,T10528,probabilidad
4871,T10528,probabilidad
4872,T5520,probabilidad
4874,T5803,probabilidad
4875,T5803,probabilidad
4876,T5803,probabilidad
4878,T10528,probabilidad
4879,T10528,probabilidad
4880,T10528,probabilidad
4881,T10528,probabilidad
4882,T10528,probabilidad
4883,T10528,probabilidad
4884,T5723LS,probabilidad
4885,T10528,probabilidad
4886,T5803,probabilidad
4887,T5803,probabilidad
4888,T5803,probabilidad
4889,T5803,probabilidad
4890,T5803,probabilidad
4891,T5803,probabilidad
4892,T5723LS,probabilidad
4899,T10528,probabilidad
4902,T10528,probabilidad
4904,T10528,probabilidad
4906,T10528,probabilidad
4908,T5723LS,probabilidad
4909,T10528,probabilidad
4910,T5520,probabilidad
4910,T6385,probabilidad
4918,T8636c73,probabilidad
4919,T8636c73,probabilidad
4920,T8636c73,probabilidad
4923,T5723LS,probabilidad
4924,T7194,probabilidad
4925,T7194,probabilidad
4933,T380,probabilidad
4935,T380,probabilidad
4939,T380,probabilidad
4940,T7333,probabilidad
4941,T7333,probabilidad
4942,T10528,probabilidad
4943,T10528,probabilidad
4944,u27,probabilidad
4945,u27,probabilidad
4946,u27,probabilidad
4947,u27,probabilidad
4957,T380,probabilidad
4960,T380,probabilidad
4961,T5713LS,probabilidad
4962,T380,probabilidad
4963,T380,probabilidad
4964,T380,probabilidad
4965,T5713LS,probabilidad
4966,T5713LS,probabilidad
4967,T5713LS,probabilidad
4971,T5713LS,probabilidad
4972,T5713LS,probabilidad
4975,T10528,probabilidad
4976,T10528,probabilidad
4977,T10528,probabilidad
4978,T10528,probabilidad
4980,T10528,probabilidad
4981,T10528,probabilidad
4982,T10528,probabilidad
4983,T10528,probabilidad
4984,T10528,probabilidad
4986,T10528,probabilidad
4987,T10528,probabilidad
4988,T10528,probabilidad
4989,T10528,probabilidad
4992,T380,probabilidad
4993,T380,probabilidad
4995,T380,probabilidad
5008,T380,probabilidad
5009,T380,probabilidad
5010,T380,probabilidad
5023,T5520LS,probabilidad
5024,T5520LS,probabilidad
5026,T5109LS,probabilidad
5027,T5520LS,probabilidad
5029,T5109LS,probabilidad
5030,T5109LS,probabilidad
5034,T380,probabilidad
5035,T5109LS,probabilidad
5036,T380,probabilidad
5039,T5109LS,probabilidad
5040,T5109LS,probabilidad
5041,T380,probabilidad
5042,T380,probabilidad
5043,T5109LS,probabilidad
5056,T380,probabilidad
5057,u27,probabilidad
5057,LS,probabilidad
5058,u27,probabilidad
5058,LS,probabilidad
5059,u27,probabilidad
5059,LS,probabilidad
5060,u27,probabilidad
5060,LS,probabilidad
5061,u27,probabilidad
5061,LS,probabilidad
5062,u27,probabilidad
5062,LS,probabilidad
5068,T380,probabilidad
5074,T380,probabilidad
5079,T380,probabilidad
5080,T380,probabilidad
5083,T8636c73,probabilidad
5084,T8636c73,probabilidad
5085,T8636c73,probabilidad
5088,T6976,probabilidad
5093,T380,probabilidad
5095,T8636c73,probabilidad
5096,T380,probabilidad
5097,T867LS,probabilidad
5100,T4539,probabilidad
5100,T5081,probabilidad
5103,T7378,probabilidad
5105,T7851,probabilidad
5107,T5109LS,probabilidad
5108,T5109LS,probabilidad
5109,T5109LS,probabilidad
5111,T7851,probabilidad
5112,T5109LS,probabilidad
5113,T5109LS,probabilidad
5115,T5109LS,probabilidad
5116,T5109LS,probabilidad
5118,T5109LS,probabilidad
5121,T4539,probabilidad
5121,T5081,probabilidad
5125,T10276,probabilidad
5126,T10276,probabilidad
5127,T10276,probabilidad
5128,T10276,probabilidad
5129,T6976,probabilidad
5141,T6976,probabilidad
5152,T6976,probabilidad
5153,T7476,probabilidad
5154,T7476,probabilidad
5155,T10276,probabilidad
5167,T867LS,probabilidad
5174,T5520,probabilidad
5174,T6385,probabilidad
5203,T380,probabilidad
5206,T380,probabilidad
5214,T5520,probabilidad
5221,T380,probabilidad
5228,T380,probabilidad
5230,T867LS,probabilidad
5231,T8636c73,probabilidad
5232,T8636c73,probabilidad
5233,T8636c73,probabilidad
5234,T8636c73,probabilidad
5235,T8636c73,probabilidad
5236,T8636c73,probabilidad
5255,u27,probabilidad
5255,LS,probabilidad
5256,u27,probabilidad
5256,LS,probabilidad
5257,u27,probabilidad
5257,LS,probabilidad
5258,u27,probabilidad
5258,LS,probabilidad
5259,u27,probabilidad
5260,u27,probabilidad
5260,LS,probabilidad
5261,u27,probabilidad
5261,LS,probabilidad
5265,T380,probabilidad
5269,T380,probabilidad
5274,T10528,probabilidad
5276,T10528,probabilidad
5279,T380,probabilidad
5281,T5118LS,probabilidad
5282,T5118LS,probabilidad
5284,T5118LS,probabilidad
5286,T380,probabilidad
5287,T10528,probabilidad
5288,T10528,probabilidad
5289,T10528,probabilidad
5290,T10528,probabilidad
5296,T380,probabilidad
5300,T10528,probabilidad
5301,T6976,probabilidad
5303,T10528,probabilidad
5305,T10528,probabilidad
5306,T10528,probabilidad
5310,T10528,probabilidad
5315,T7333,probabilidad
5324,T7333,probabilidad
5337,T5109LS,probabilidad
5342,T5109LS,probabilidad
5343,T5109LS,probabilidad
5344,T5109LS,probabilidad
5347,T5109LS,probabilidad
5348,T5109LS,probabilidad
5351,T5109LS,probabilidad
5352,T5109LS,probabilidad
5353,T5109LS,probabilidad
5356,T10528,probabilidad
5357,T10528,probabilidad
5360,T10528,probabilidad
5361,T10528,probabilidad
5362,T10528,probabilidad
5363,T10528,probabilidad
5364,T10528,probabilidad
5367,T10528,probabilidad
5377,T8043,probabilidad
5383,T8043,probabilidad
5385,T380,probabilidad
5388,T10276,probabilidad
5389,T10276,probabilidad
5391,T10276,probabilidad
5409,T5723LS,probabilidad
5415,T380,probabilidad
5427,T5109LS,probabilidad
5428,T5109LS,probabilidad
5429,T5723LS,probabilidad
5433,T5723LS,probabilidad
5434,T5109LS,probabilidad
5442,T5109LS,probabilidad
5443,T6385,probabilidad
5444,T6976,probabilidad
5445,T5723LS,probabilidad
5446,u27,probabilidad
5447,T6820LS,probabilidad
5448,T6820LS,probabilidad
5449,T380,probabilidad
5450,T8043,probabilidad
5452,T5723LS,probabilidad
5453,T5723LS,probabilidad
5455,T380,probabilidad
5456,T380,probabilidad
5458,T380,probabilidad
5461,T5723LS,probabilidad
5463,T5723LS,probabilidad
5464,T8043,probabilidad
5478,T380,probabilidad
5483,T380,probabilidad
5484,T8636c73,probabilidad
5485,T8636c73,probabilidad
5486,T8636c73,probabilidad
5488,T10528,probabilidad
5491,T10528,probabilidad
5492,T10528,probabilidad
5493,T380,probabilidad
5494,T10528,probabilidad
5495,T10528,probabilidad
5497,T10528,probabilidad
5498,T10528,probabilidad
5499,T10528,probabilidad
5500,T10528,probabilidad
5504,T380,probabilidad
5506,T5109LS,probabilidad
5507,T380,probabilidad
5508,T5109LS,probabilidad
5509,T380,probabilidad
5512,T5109LS,probabilidad
5515,T380,probabilidad
5516,T10528,probabilidad
5519,T10528,probabilidad
5521,T10528,probabilidad
5522,T380,probabilidad
5524,T10528,probabilidad
5525,T380,probabilidad
5528,T4899,probabilidad
5530,u27,probabilidad
5534,T7194,probabilidad
5537,T380,probabilidad
5538,T8636c73,probabilidad
5539,T8636c73,probabilidad
5540,T8636c73,probabilidad
5541,T8636c73,probabilidad
5542,T7194,probabilidad
5543,T380,probabilidad
5544,T6385,probabilidad
5545,T380,probabilidad
5549,u28,probabilidad
5550,T380,probabilidad
5551,T8636c73,probabilidad
5552,T8636c73,probabilidad
5553,T8636c73,probabilidad
5554,T8636c73,probabilidad
5555,T8636c73,probabilidad
5556,T8636c73,probabilidad
5557,T8636c73,probabilidad
5558,T8636c73,probabilidad
5559,T6385,probabilidad
5560,T7409LS,probabilidad
5561,T7409LS,probabilidad
5562,T7409LS,probabilidad
5564,T380,probabilidad
5565,T8043,probabilidad
5566,T8636c73,probabilidad
5567,T8636c73,probabilidad
5568,T8636c73,probabilidad
5570,T1115CA,probabilidad
5574,T380,probabilidad
5576,T380,probabilidad
5577,T380,probabilidad
5579,T8043,probabilidad
5580,T380,probabilidad
5585,T380,probabilidad
5587,T380,probabilidad
5588,u28,probabilidad
5589,T380,probabilidad
5590,u27,probabilidad
5590,LS,probabilidad
5591,u27,probabilidad
5591,LS,probabilidad
5592,u27,probabilidad
5592,LS,probabilidad
5593,u27,probabilidad
5593,LS,probabilidad
5594,u27,probabilidad
5594,LS,probabilidad
5595,T8043,probabilidad
5596,u27,probabilidad
5596,LS,probabilidad
5597,T8043,probabilidad
5598,T8043,probabilidad
5599,u28,probabilidad
5600,T867LS,probabilidad
5601,T867LS,probabilidad
5609,T8636c73,probabilidad
5610,T867LS,probabilidad
5611,T380,probabilidad
5612,T867LS,probabilidad
5613,T7401LS,probabilidad
5614,T7401LS,probabilidad
5615,T5118LS,probabilidad
5616,T5118LS,probabilidad
5617,T5118LS,probabilidad
5618,T8636c73,probabilidad
5619,T8636c73,probabilidad
5620,T8636c73,probabilidad
5621,T8636c73,probabilidad
5622,T8636c73,probabilidad
5623,T8636c73,probabilidad
5624,T7378,probabilidad
5633,T5118LS,probabilidad
5634,T5118LS,probabilidad
5635,T380,probabilidad
5636,T380,probabilidad
5637,T380,probabilidad
5640,T8636c73,probabilidad
5642,T7378,probabilidad
5643,T380,probabilidad
5644,T8636c73,probabilidad
5645,T380,probabilidad
5647,u28,probabilidad
5648,T380,probabilidad
5649,T867LS,probabilidad
5650,T5723LS,probabilidad
5651,T5723LS,probabilidad
5652,T5723LS,probabilidad
5653,T5118LS,probabilidad
5654,T5118LS,probabilidad
5660,T6632,probabilidad
5661,T6172,probabilidad
5662,u28,probabilidad
5664,T6632,probabilidad
5666,T6632,probabilidad
5667,T8636c73,probabilidad
5668,T867LS,probabilidad
5669,T5109LS,probabilidad
5670,T5109LS,probabilidad
5671,T5713LS,probabilidad
5672,T5109LS,probabilidad
5673,T5109LS,probabilidad
5674,T5713LS,probabilidad
5675,T5713LS,probabilidad
5676,T5713LS,probabilidad
5677,T5713LS,probabilidad
5678,T5713LS,probabilidad
5679,T6632,probabilidad
5680,u27,probabilidad
5681,T6632,probabilidad
5682,T8636c73,probabilidad
5683,T6632,probabilidad
5684,T867LS,probabilidad
5685,T380,probabilidad
5686,T867LS,probabilidad
5687,T6385n,probabilidad
5688,T380,probabilidad
5689,T6385n,probabilidad
5690,T867LS,probabilidad
5691,T380,probabilidad
5692,T7096c74,probabilidad
5693,T7096c74,probabilidad
5694,T7096c74,probabilidad
5695,u27,probabilidad
5695,LS,probabilidad
5696,u27,probabilidad
5696,LS,probabilidad
5697,u27,probabilidad
5697,LS,probabilidad
5698,u27,probabilidad
5698,LS,probabilidad
5699,u27,probabilidad
5699,LS,probabilidad
5700,u27,probabilidad
5700,LS,probabilidad
5701,T867LS,probabilidad
5702,T6385n,probabilidad
5703,T5803,probabilidad
5704,T5803,probabilidad
5705,T5803,probabilidad
5706,T867LS,probabilidad
5707,T6385n,probabilidad
5708,T380,probabilidad
5709,T7333,probabilidad
5710,T5803,probabilidad
5711,T5803,probabilidad
5712,T6385n,probabilidad
5713,T5803,probabilidad
5714,T5803,probabilidad
5715,T380,probabilidad
5716,T5803,probabilidad
5717,T6385n,probabilidad
5718,T380,probabilidad
5719,T867LS,probabilidad
5720,T8043,probabilidad
5721,T867LS,probabilidad
5722,u28,probabilidad
5723,T867LS,probabilidad
5724,T867LS,probabilidad
5725,T380,probabilidad
5727,T2427,probabilidad
5728,T10528,probabilidad
5729,T380,probabilidad
5730,T8636c73,probabilidad
5731,T867LS,probabilidad
5733,T380,probabilidad
5735,T380,probabilidad
5737,T8043,probabilidad
5739,T867LS,probabilidad
5741,T5109LS,probabilidad
5742,T5109LS,probabilidad
5743,T5109LS,probabilidad
5746,T380,probabilidad
5747,u27,probabilidad
5748,u27,probabilidad
5749,u27,probabilidad
5750,u27,probabilidad
5752,T380,probabilidad
5753,T380,probabilidad
5754,u28,probabilidad
5755,T6976,probabilidad
5756,T6976,probabilidad
5759,T380,probabilidad
5760,T380,probabilidad
5765,T3163,probabilidad
5767,T6172,probabilidad
5767,T6632,probabilidad
5769,T867LS,probabilidad
5770,T380,probabilidad
5781,T380,probabilidad
5782,T10276,probabilidad
5783,T10276,probabilidad
5784,T380,probabilidad
5786,T6172,probabilidad
5786,T6632,probabilidad
5787,T380,probabilidad
5788,T10528,probabilidad
5789,T380,probabilidad
5790,T867LS,probabilidad
5791,T380,probabilidad
5792,T10528,probabilidad
5793,T380,probabilidad
5795,T10528,probabilidad
5799,T10528,probabilidad
5800,T8043,probabilidad
5812,T8043,probabilidad
5813,T5723LS,probabilidad
5814,T5723LS,probabilidad
5815,T7333,probabilidad
5816,T5723LS,probabilidad
5817,T5723LS,probabilidad
5818,T8043,probabilidad
5819,T8043,probabilidad
5821,T380,probabilidad
5824,T380,probabilidad
5826,T380,probabilidad
5827,T6976,probabilidad
5828,T6976,probabilidad
5832,T3163,probabilidad
5839,T7333,probabilidad
5840,u27,probabilidad
5841,u27,probabilidad
5842,T5723LS,probabilidad
5843,u27,probabilidad
5844,u27,probabilidad
5845,T8043,probabilidad
5846,T8043,probabilidad
5850,T8636c73,probabilidad
5851,T6976,probabilidad
5853,T7378,probabilidad
5854,T6976,probabilidad
5855,T6385,probabilidad
5856,T7096,probabilidad
5858,T380,probabilidad
5860,T6976,probabilidad
5862,T8043,probabilidad
5865,T380,probabilidad
5867,T8043,probabilidad
5868,T5723LS,probabilidad
5870,T5723LS,probabilidad
5871,T8043,probabilidad
5873,T6976,probabilidad
5874,T380,probabilidad
5875,T6976,probabilidad
5876,T7370,probabilidad
5877,T7370,probabilidad
5878,T6976,probabilidad
5881,T6632,probabilidad
5882,T6632,probabilidad
5883,T6172,probabilidad
5885,T6976,probabilidad
5889,T6172,probabilidad
5890,T380,probabilidad
5891,u28,probabilidad
5892,T380,probabilidad
5894,T7417,probabilidad
5895,T380,probabilidad
5896,T7405,probabilidad
5898,T380,probabilidad
5900,T867LS,probabilidad
5909,T6172,probabilidad
5910,T5723LS,probabilidad
5912,T7194,probabilidad
5913,T7194,probabilidad
5914,T7194,probabilidad
5915,T5723LS,probabilidad
5916,T7194,probabilidad
5917,T7194,probabilidad
5922,T6172,probabilidad
5924,T6976,probabilidad
5926,T6976,probabilidad
5927,T1115CA,probabilidad
5927,LS,probabilidad
5928,T1115CA,probabilidad
5928,LS,probabilidad
5929,T1115CA,probabilidad
5929,LS,probabilidad
5931,T1115CA,probabilidad
5931,LS,probabilidad
5932,T1115CA,probabilidad
5932,LS,probabilidad
5933,T1115CA,probabilidad
5933,LS,probabilidad
5934,T380,probabilidad
5935,T1115CA,probabilidad
5935,LS,probabilidad
5936,T1115CA,probabilidad
5936,LS,probabilidad
5937,T1115CA,probabilidad
5937,LS,probabilidad
5954,T6976,probabilidad
5965,T5723LS,probabilidad
5966,T6976,probabilidad
5967,T5723LS,probabilidad
5968,u28,probabilidad
5973,T6976,probabilidad
5974,T380,probabilidad
5987,T1115CA,probabilidad
5987,LS,probabilidad
5988,T5723LS,probabilidad
5989,T1115CA,probabilidad
5989,LS,probabilidad
5991,T8043,probabilidad
5992,T380,probabilidad
5993,T1115CA,probabilidad
5993,LS,probabilidad
5995,T8043,probabilidad
5996,T1115CA,probabilidad
5996,LS,probabilidad
5997,T8043,probabilidad
5998,T380,probabilidad
6002,T380,probabilidad
6003,T1115CA,probabilidad
6003,LS,probabilidad
6006,T1115CA,probabilidad
6006,LS,probabilidad
6007,T380,probabilidad
6011,T5723LS,probabilidad
6012,T380,probabilidad
6013,T380,probabilidad
6014,T8636c73,probabilidad
6015,T8636c73,probabilidad
6016,T8636c73,probabilidad
6017,T8636c73,probabilidad
6018,T8636c73,probabilidad
6019,T8636c73,probabilidad
6021,T867LS,probabilidad
6024,T380,probabilidad
6026,T5723LS,probabilidad
6028,T8636c73,probabilidad
6029,T8636c73,probabilidad
6030,T8636c73,probabilidad
6031,T380,probabilidad
6034,T867LS,probabilidad
6035,T380,probabilidad
6038,T5723LS,probabilidad
6039,T867LS,probabilidad
6040,T380,probabilidad
6041,T867LS,probabilidad
6046,T5109LS,probabilidad
6048,T5723LS,probabilidad
6050,T5109LS,probabilidad
6052,T5109LS,probabilidad
6053,T8636c73,probabilidad
6054,T8636c73,probabilidad
6055,T8636c73,probabilidad
6056,T8636c73,probabilidad
6057,T8636c73,probabilidad
6058,T8636c73,probabilidad
6059,T5109LS,probabilidad
6060,T2440,probabilidad
6062,T5109LS,probabilidad
6063,T380,probabilidad
6065,T2440,probabilidad
6066,T2440,probabilidad
6068,T6976,probabilidad
6069,T6385n,probabilidad
6070,T6976,probabilidad
6072,T380,probabilidad
6076,T5723LS,probabilidad
6078,T8636c73,probabilidad
6079,T8636c73,probabilidad
6080,T8636c73,probabilidad
6081,T6976,probabilidad
6097,T6385n,probabilidad
6098,T3163,probabilidad
6101,T380,probabilidad
6103,T8636c73,probabilidad
6104,T6385n,probabilidad
6106,T7378,probabilidad
6127,T5723LS,probabilidad
6128,T5723LS,probabilidad
6129,T380,probabilidad
6131,T380,probabilidad
6132,T6976,probabilidad
6133,T8636c73,probabilidad
6134,T8636c73,probabilidad
6135,T8636c73,probabilidad
6136,T8636c73,probabilidad
6137,T8636c73,probabilidad
6138,T8636c73,probabilidad
6148,T5723LS,probabilidad
6150,T5723LS,probabilidad
6151,T1115CA,probabilidad
6151,LS,probabilidad
6152,T1115CA,probabilidad
6152,LS,probabilidad
6153,T1115CA,probabilidad
6153,LS,probabilidad
6154,T1115CA,probabilidad
6154,LS,probabilidad
6155,T1115CA,probabilidad
6155,LS,probabilidad
6156,T1115CA,probabilidad
6156,LS,probabilidad
6157,T1115CA,probabilidad
6157,LS,probabilidad
6158,T867LS,probabilidad
6159,T380,probabilidad
6160,T5723LS,probabilidad
6164,T8636c73,probabilidad
6165,T8636c73,probabilidad
6166,T8636c73,probabilidad
6169,T8637,probabilidad
6170,T8637,probabilidad
6171,T8637,probabilidad
6173,T8637,probabilidad
6174,T8637,probabilidad
6175,T8637,probabilidad
6176,T8637,probabilidad
6177,T8637,probabilidad
6178,T380,probabilidad
6189,T8637,probabilidad
6190,T8637,probabilidad
6193,T8637,probabilidad
6194,T5723LS,probabilidad
6195,T8637,probabilidad
6196,T6385,probabilidad
6197,T867LS,probabilidad
6198,T8637,probabilidad
6199,T8637,probabilidad
6200,T8637,probabilidad
6204,T6385,probabilidad
6206,T8637,probabilidad
6207,T5723LS,probabilidad
6208,T8637,probabilidad
6209,T6835LS,probabilidad
6210,T6835LS,probabilidad
6211,T6835LS,probabilidad
6212,u27,probabilidad
6213,u27,probabilidad
6214,u27,probabilidad
6215,u27,probabilidad
6216,T8637,probabilidad
6218,T8637,probabilidad
6219,T6385,probabilidad
6223,T5723LS,probabilidad
6224,T8637,probabilidad
6225,T380,probabilidad
6229,T5723LS,probabilidad
6230,T6976,probabilidad
6232,T8637,probabilidad
6235,T8636c73,probabilidad
6236,T8636c73,probabilidad
6237,T8636c73,probabilidad
6238,T6976,probabilidad
6239,T5723LS,probabilidad
6240,T8637,probabilidad
6243,T8637,probabilidad
6245,u27,probabilidad
6246,T5713LS,probabilidad
6247,T5713LS,probabilidad
6248,T5713LS,probabilidad
6250,T867LS,probabilidad
6255,T380,probabilidad
6256,T8637,probabilidad
6260,T6976,probabilidad
6261,T380,probabilidad
6262,T8637,probabilidad
6264,T8636c73,probabilidad
6265,T8636c73,probabilidad
6266,T8636c73,probabilidad
6267,T8636c73,probabilidad
6268,T8636c73,probabilidad
6269,T8636c73,probabilidad
6282,T867LS,probabilidad
6284,T8637,probabilidad
6286,T6172,probabilidad
6286,T6632,probabilidad
6287,T867LS,probabilidad
6288,T5723LS,probabilidad
6298,T5723LS,probabilidad
6300,T6835LS,probabilidad
6301,T6835LS,probabilidad
6302,T6835LS,probabilidad
6304,T380,probabilidad
6305,T8637,probabilidad
6306,T5047,probabilidad
6306,T4644,probabilidad
6307,T5047,probabilidad
6308,T380,probabilidad
6309,T867LS,probabilidad
6310,T6172,probabilidad
6310,T6632,probabilidad
6311,T6172,probabilidad
6312,T5047,probabilidad
6312,T4644,probabilidad
6313,T5047,probabilidad
6316,T5723LS,probabilidad
6320,T380,probabilidad
6321,T8636c73,probabilidad
6322,T8636c73,probabilidad
6323,T8636c73,probabilidad
6324,T8637,probabilidad
6326,T867LS,probabilidad
6327,T5723LS,probabilidad
6329,T5723LS,probabilidad
6330,T6172,probabilidad
6331,u28,probabilidad
6333,T5723LS,probabilidad
6334,T5723LS,probabilidad
6337,T6632,probabilidad
6338,T5723LS,probabilidad
6339,T5723LS,probabilidad
6344,T5723LS,probabilidad
6346,T6172,probabilidad
6347,T380,probabilidad
6349,T5118LS,probabilidad
6350,T5118LS,probabilidad
6361,T6172,probabilidad
6361,T6632,probabilidad
6362,T7771,probabilidad
6363,T7771,probabilidad
6366,T7771,probabilidad
6369,T7771,probabilidad
6370,T8637,probabilidad
6372,T7771,probabilidad
6374,T7771,probabilidad
6375,T7771,probabilidad
6377,T867LS,probabilidad
6378,T6172,probabilidad
6379,T380,probabilidad
6380,T3163,probabilidad
6381,T380,probabilidad
6387,T5723LS,probabilidad
6389,T5723LS,probabilidad
6391,T6632,probabilidad
6395,T5723LS,probabilidad
6396,T5723LS,probabilidad
6397,T6172,probabilidad
6399,T867LS,probabilidad
6405,T7771,probabilidad
6406,T7771,probabilidad
6408,T7771,probabilidad
6410,T7771,probabilidad
6412,T8637,probabilidad
6413,T7771,probabilidad
6415,T7771,probabilidad
6416,T7771,probabilidad
6417,T5723LS,probabilidad
6419,T7333,probabilidad
6420,T380,probabilidad
6421,T867LS,probabilidad
6422,T6632,probabilidad
6423,T5723LS,probabilidad
6435,T5723LS,probabilidad
6436,u27,probabilidad
6437,T380,probabilidad
6441,T5723LS,probabilidad
6442,T6835LS,probabilidad
6443,T6835LS,probabilidad
6444,T6835LS,probabilidad
6446,T7771,probabilidad
6447,T7771,probabilidad
6450,T7771,probabilidad
6452,T7771,probabilidad
6454,T8637,probabilidad
6455,T7771,probabilidad
6457,T7771,probabilidad
6458,T7771,probabilidad
6461,T380,probabilidad
6466,T10528,probabilidad
6467,T10528,probabilidad
6468,T10528,probabilidad
6470,T5723LS,probabilidad
6473,T380,probabilidad
6474,u28,probabilidad
6475,T6172,probabilidad
6476,T5714,probabilidad
6477,T380,probabilidad
6478,T8636c73,probabilidad
6479,T8636c73,probabilidad
6480,T8636c73,probabilidad
6481,T8636c73,probabilidad
6482,T8636c73,probabilidad
6483,T8636c73,probabilidad
6484,T5723LS,probabilidad
6485,T5714,probabilidad
6486,T5713LS,probabilidad
6488,T5713LS,probabilidad
6489,T5713LS,probabilidad
6490,T5713LS,probabilidad
6491,T5713LS,probabilidad
6492,T5713LS,probabilidad
6493,T5713LS,probabilidad
6495,T380,probabilidad
6496,T6385n,probabilidad
6497,T5723LS,probabilidad
6498,T5714,probabilidad
6499,T5109LS,probabilidad
6500,T6172,probabilidad
6502,T8636c73,probabilidad
6503,T5714,probabilidad
6504,T7771,probabilidad
6505,T7771,probabilidad
6507,T7771,probabilidad
6509,T7771,probabilidad
6511,T8637,probabilidad
6512,T7771,probabilidad
6514,T7771,probabilidad
6515,T7771,probabilidad
6516,T5118LS,probabilidad
6517,T5118LS,probabilidad
6518,T5109LS,probabilidad
6519,T6172,probabilidad
6520,T5109LS,probabilidad
6521,T6172,probabilidad
6522,T8636c73,probabilidad
6523,T6385n,probabilidad
6525,T5520LS,probabilidad
6526,T6385n,probabilidad
6527,T5520LS,probabilidad
6528,T6172,probabilidad
6528,T6632,probabilidad
6529,T6172,probabilidad
6530,T10528,probabilidad
6531,T1115CA,probabilidad
6531,LS,probabilidad
6532,T6385n,probabilidad
6533,T6172,probabilidad
6533,T6632,probabilidad
6534,T5520LS,probabilidad
6535,T1115CA,probabilidad
6535,LS,probabilidad
6536,T5520LS,probabilidad
6537,T10528,probabilidad
6538,T6172,probabilidad
6538,T6632,probabilidad
6539,T6172,probabilidad
6539,T6632,probabilidad
6540,T6172,probabilidad
6541,T1115CA,probabilidad
6541,LS,probabilidad
6542,T10528,probabilidad
6551,T5723LS,probabilidad
6552,T10528,probabilidad
6553,T5713,probabilidad
6554,T10528,probabilidad
6555,T6385n,probabilidad
6556,T5520LS,probabilidad
6557,T5723LS,probabilidad
6558,T5520LS,probabilidad
6559,T6385n,probabilidad
6560,T6172,probabilidad
6560,T6632,probabilidad
6562,T6172,probabilidad
6564,T10528,probabilidad
6565,T5723LS,probabilidad
6566,T10528,probabilidad
6567,T6172,probabilidad
6567,T6632,probabilidad
6568,T5723LS,probabilidad
6569,T6172,probabilidad
6570,T5520LS,probabilidad
6571,T6172,probabilidad
6571,T6632,probabilidad
6572,T6172,probabilidad
6572,T6632,probabilidad
6579,T8636c73,probabilidad
6580,T8636c73,probabilidad
6581,T8636c73,probabilidad
6582,T10528,probabilidad
6584,T10528,probabilidad
6585,T8636c73,probabilidad
6586,T6172,probabilidad
6588,T6172,probabilidad
6589,T10528,probabilidad
6590,T6172,probabilidad
6591,T10528,probabilidad
6592,T2440,probabilidad
6593,T2440,probabilidad
6594,T10528,probabilidad
6595,T10528,probabilidad
6596,T8636c73,probabilidad
6597,T8636c73,probabilidad
6598,T10528,probabilidad
6599,T10528,probabilidad
6600,T10528,probabilidad
6601,T10276,probabilidad
6603,T10276,probabilidad
6604,T6172,probabilidad
6604,T6632,probabilidad
6605,T6172,probabilidad
6607,T6172,probabilidad
6607,T6632,probabilidad
6608,T10528,probabilidad
6610,u18,probabilidad
6610,LS,probabilidad
6611,T8636c73,probabilidad
6612,T8636c73,probabilidad
6613,T8636c73,probabilidad
6614,T7771,probabilidad
6615,T7771,probabilidad
6618,T7771,probabilidad
6621,T7771,probabilidad
6623,T8637,probabilidad
6624,T7771,probabilidad
6626,T7771,probabilidad
6627,T7771,probabilidad
6629,u18,probabilidad
6629,LS,probabilidad
6630,T6172,probabilidad
6631,T6172,probabilidad
6636,u18,probabilidad
6636,LS,probabilidad
6639,T380,probabilidad
6640,T6172,probabilidad
6641,T6172n,probabilidad
6642,T6172n,probabilidad
6643,T5520LS,probabilidad
6644,T7096,probabilidad
6645,T6835LS,probabilidad
6646,T6835LS,probabilidad
6647,T6835LS,probabilidad
6648,T5520LS,probabilidad
6649,T5520LS,probabilidad
6650,T7096,probabilidad
6651,T5723LS,probabilidad
6652,T7096,probabilidad
6653,T5109LS,probabilidad
6654,T7333,probabilidad
6655,T6172n,probabilidad
6656,T5520LS,probabilidad
6657,T5109LS,probabilidad
6658,T7194,probabilidad
6659,T10528,probabilidad
6660,T10528,probabilidad
6661,T10528,probabilidad
6662,T5520LS,probabilidad
6663,T8636c73,probabilidad
6664,T6172,probabilidad
6665,T10528,probabilidad
6666,T10528,probabilidad
6667,T10528,probabilidad
6669,T5520LS,probabilidad
6673,T8636c73,probabilidad
6675,T380,probabilidad
6676,T5723LS,probabilidad
6679,T10528,probabilidad
6680,T6172,probabilidad
6680,T6632,probabilidad
6681,T10528,probabilidad
6682,T5723LS,probabilidad
6687,T10528,probabilidad
6688,T10528,probabilidad
6689,T5803,probabilidad
6689,LS,probabilidad
6690,T5803,probabilidad
6690,LS,probabilidad
6691,T5803,probabilidad
6691,LS,probabilidad
6692,T10528,probabilidad
6694,T10528,probabilidad
6696,T5723LS,probabilidad
6698,T10528,probabilidad
6700,T7405,probabilidad
6701,T5713LS,probabilidad
6702,T10528,probabilidad
6704,T5713LS,probabilidad
6705,T5713LS,probabilidad
6706,T5713LS,probabilidad
6707,T10528,probabilidad
6708,T6172,probabilidad
6709,T5713LS,probabilidad
6710,T5713LS,probabilidad
6711,T7333,probabilidad
6714,T5723LS,probabilidad
6715,T8636c73,probabilidad
6716,T5723LS,probabilidad
6717,T6172,probabilidad
6719,T10528,probabilidad
6720,T7771,probabilidad
6721,T7771,probabilidad
6723,T7771,probabilidad
6725,T7771,probabilidad
6727,T8637,probabilidad
6728,T7771,probabilidad
6730,T7771,probabilidad
6731,T7771,probabilidad
6733,T10528,probabilidad
6735,T10528,probabilidad
6736,T7378,probabilidad
6739,T10528,probabilidad
6740,T10528,probabilidad
6742,T6172,probabilidad
6742,T6632,probabilidad
6744,T10528,probabilidad
6745,T10528,probabilidad
6748,T10528,probabilidad
6749,T10528,probabilidad
6750,T10528,probabilidad
6751,T7333,probabilidad
6752,T10528,probabilidad
6753,T10528,probabilidad
6754,T10528,probabilidad
6755,T6172,probabilidad
6755,T6632,probabilidad
6758,T6172,probabilidad
6759,T5118LS,probabilidad
6760,T5118LS,probabilidad
6765,T6172,probabilidad
6766,T7333,probabilidad
6777,T5713,probabilidad
6780,T380,probabilidad
6781,T10528,probabilidad
6782,T10528,probabilidad
6783,T10528,probabilidad
6785,T10528,probabilidad
6786,T10528,probabilidad
6788,T8636c73,probabilidad
6789,T5109LS,probabilidad
6792,u18,probabilidad
6792,LS,probabilidad
6795,T10528,probabilidad
6796,T10528,probabilidad
6797,T10528,probabilidad
6798,T5109LS,probabilidad
6800,T5109LS,probabilidad
6805,T8636c73,probabilidad
6807,u18,probabilidad
6807,LS,probabilidad
6808,T1115CA,probabilidad
6808,LS,probabilidad
6809,T1115CA,probabilidad
6809,LS,probabilidad
6811,T10276,probabilidad
6812,T1115CA,probabilidad
6812,LS,probabilidad
6813,T8636c73,probabilidad
6814,T8636c73,probabilidad
6815,T8636c73,probabilidad
6816,T8636c73,probabilidad
6817,T8636c73,probabilidad
6819,T8636c73,probabilidad
6820,T10276,probabilidad
6821,T10276,probabilidad
6853,T7333,probabilidad
6862,T5803,probabilidad
6863,T5803,probabilidad
6864,T5803,probabilidad
6865,T10528,probabilidad
6866,T10528,probabilidad
6867,T10528,probabilidad
6880,T5803,probabilidad
6881,T5803,probabilidad
6882,T5803,probabilidad
6884,T5803,probabilidad
6885,T5803,probabilidad
6889,T5803,probabilidad
6890,T6172,probabilidad
6890,T6632,probabilidad
6891,T6172,probabilidad
6891,T6632,probabilidad
6894,T6172,probabilidad
6894,T6632,probabilidad
6898,T10528,probabilidad
6899,T10528,probabilidad
6900,T10528,probabilidad
6901,T10528,probabilidad
6902,T10528,probabilidad
6903,T10528,probabilidad
6904,T6172,probabilidad
6904,T6632,probabilidad
6905,T10528,probabilidad
6907,T10528,probabilidad
6908,T10528,probabilidad
6912,T10528,probabilidad
6913,T6172,probabilidad
6913,T6632,probabilidad
6924,T6172,probabilidad
6925,T6172,probabilidad
6925,T6632,probabilidad
6931,T6172,probabilidad
6931,T6632,probabilidad
6932,T6172,probabilidad
6932,T6632,probabilidad
6933,T5714,probabilidad
6936,T6172,probabilidad
6938,T6632n,probabilidad
6943,T6385,probabilidad
6944,T6340,probabilidad
6946,T7771,probabilidad
6947,T7771,probabilidad
6950,T7771,probabilidad
6952,T7771,probabilidad
6953,T8637,probabilidad
6955,T7771,probabilidad
6957,T7771,probabilidad
6958,T7771,probabilidad
6960,T6385,probabilidad
6961,T6632n,probabilidad
6962,T1115CA,probabilidad
6962,LS,probabilidad
6963,T1115CA,probabilidad
6963,LS,probabilidad
6964,T1115CA,probabilidad
6964,LS,probabilidad
6965,T1115CA,probabilidad
6965,LS,probabilidad
6966,T1115CA,probabilidad
6966,LS,probabilidad
6967,T1115CA,probabilidad
6967,LS,probabilidad
6968,T6632n,probabilidad
6969,T6632n,probabilidad
6970,T6172,probabilidad
6970,T6632,probabilidad
6971,T6385,probabilidad
6974,T5714,probabilidad
6975,T6385,probabilidad
6977,T1115CA,probabilidad
6977,LS,probabilidad
6979,T7333,probabilidad
6980,T5723LS,probabilidad
6981,T6340,probabilidad
6982,T5723LS,probabilidad
6983,T6632n,probabilidad
6984,T6385,probabilidad
6986,T6172,probabilidad
6987,T6385,probabilidad
6991,T1115CA,probabilidad
6991,LS,probabilidad
6993,T1115CA,probabilidad
6993,LS,probabilidad
6994,T5723LS,probabilidad
6995,T6340,probabilidad
6998,T7333,probabilidad
7000,T1115CA,probabilidad
7000,LS,probabilidad
7001,T1115CA,probabilidad
7001,LS,probabilidad
7003,T1115CA,probabilidad
7003,LS,probabilidad
7004,T1115CA,probabilidad
7004,LS,probabilidad
7005,T6632n,probabilidad
7007,T6632n,probabilidad
7008,T6172n,probabilidad
7009,T8636c73,probabilidad
7010,T8636c73,probabilidad
7011,T8636c73,probabilidad
7012,T6172n,probabilidad
7013,u27,probabilidad
7013,LS,probabilidad
7014,u27,probabilidad
7014,LS,probabilidad
7015,u27,probabilidad
7015,LS,probabilidad
7016,u27,probabilidad
7016,LS,probabilidad
7017,u27,probabilidad
7017,LS,probabilidad
7018,u27,probabilidad
7018,LS,probabilidad
7019,T7333,probabilidad
7020,T5520LS,probabilidad
7024,T6632n,probabilidad
7027,T5118LS,probabilidad
7028,T5118LS,probabilidad
7029,T5118LS,probabilidad
7030,T6632n,probabilidad
7031,T5520LS,probabilidad
7034,T5475,probabilidad
7035,T6632n,probabilidad
7036,T7378,probabilidad
7041,T5475,probabilidad
7044,T8636c73,probabilidad
7046,T5520LS,probabilidad
7053,T5475,probabilidad
7054,u27,probabilidad
7054,LS,probabilidad
7055,u27,probabilidad
7055,LS,probabilidad
7056,T6632n,probabilidad
7058,u27,probabilidad
7058,LS,probabilidad
7059,u27,probabilidad
7059,LS,probabilidad
7060,u27,probabilidad
7060,LS,probabilidad
7061,u27,probabilidad
7061,LS,probabilidad
7062,T10528,probabilidad
7063,T10528,probabilidad
7064,T10528,probabilidad
7065,T8636c73,probabilidad
7066,T6632n,probabilidad
7067,T333,probabilidad
7071,T8636c73,probabilidad
7072,T6632n,probabilidad
7078,u27,probabilidad
7079,u27,probabilidad
7080,u27,probabilidad
7081,u27,probabilidad
7082,T5723LS,probabilidad
7084,T5723LS,probabilidad
7085,T5723LS,probabilidad
7086,T7378,probabilidad
7087,T5723LS,probabilidad
7088,u27,probabilidad
7090,T5723LS,probabilidad
7092,T5723LS,probabilidad
7112,T1115CA,probabilidad
7112,LS,probabilidad
7113,T5713LS,probabilidad
7115,T1115CA,probabilidad
7115,LS,probabilidad
7118,T1115CA,probabilidad
7118,LS,probabilidad
7122,T5713LS,probabilidad
7123,T5713LS,probabilidad
7124,T5713LS,probabilidad
7130,T1115CA,probabilidad
7130,LS,probabilidad
7134,T1115CA,probabilidad
7134,LS,probabilidad
7135,T5520,probabilidad
7135,T6385,probabilidad
7137,T1115CA,probabilidad
7137,LS,probabilidad
7140,T5713LS,probabilidad
7141,T5713LS,probabilidad
7142,T1115CA,probabilidad
7142,LS,probabilidad
7143,T7333,probabilidad
7147,T1115CA,probabilidad
7147,LS,probabilidad
7151,T1115CA,probabilidad
7151,LS,probabilidad
7152,T1115CA,probabilidad
7152,LS,probabilidad
7153,T1115CA,probabilidad
7153,LS,probabilidad
7164,T5714,probabilidad
7165,T5714,probabilidad
7166,T1115CA,probabilidad
7166,LS,probabilidad
7186,T1115CA,probabilidad
7186,LS,probabilidad
7190,T5714,probabilidad
7191,T2440,probabilidad
7192,T2440,probabilidad
7193,T2440,probabilidad
7198,T9787,probabilidad
7202,T5118LS,probabilidad
7204,T5118LS,probabilidad
7205,T5714,probabilidad
7219,T5723LS,probabilidad
7221,T5714,probabilidad
7224,T5723LS,probabilidad
7225,T5714,probabilidad
7227,T1115CA,probabilidad
7227,LS,probabilidad
7228,T1115CA,probabilidad
7228,LS,probabilidad
7238,T10528,probabilidad
7239,T5723LS,probabilidad
7245,T10528,probabilidad
7249,T10528,probabilidad
7255,T5714,probabilidad
7257,T7476,probabilidad
7258,T7476,probabilidad
7259,T7476,probabilidad
7261,T5714,probabilidad
7262,T10528,probabilidad
7267,T10528,probabilidad
7269,T1115CA,probabilidad
7283,T5109LS,probabilidad
7286,T5109LS,probabilidad
7289,T7194,probabilidad
7290,T7194,probabilidad
7293,T7194,probabilidad
7294,T5109LS,probabilidad
7302,T6172,probabilidad
7302,T6632,probabilidad
7303,T5109LS,probabilidad
7305,T10528,probabilidad
7306,T2440,probabilidad
7308,T7333,probabilidad
7310,T6172,probabilidad
7310,T6632,probabilidad
7311,T5723LS,probabilidad
7313,T5109LS,probabilidad
7314,T8636c73,probabilidad
7315,T8636c73,probabilidad
7319,T2440,probabilidad
7320,T10528,probabilidad
7321,T10528,probabilidad
7325,T8636c73,probabilidad
7326,T8636c73,probabilidad
7327,T8636c73,probabilidad
7328,T8636c73,probabilidad
7329,T8636c73,probabilidad
7330,T6172,probabilidad
7330,T6632,probabilidad
7331,T8636c73,probabilidad
7332,T5109LS,probabilidad
7333,T5109LS,probabilidad
7335,T5723LS,probabilidad
7336,T5723LS,probabilidad
7337,T5723LS,probabilidad
7347,T7476,probabilidad
7348,T7476,probabilidad
7349,T7476,probabilidad
7352,T5723LS,probabilidad
7353,T5723LS,probabilidad
7365,T6172,probabilidad
7365,T6632,probabilidad
7372,T7771,probabilidad
7374,T7771,probabilidad
7375,T7771,probabilidad
7377,T7771,probabilidad
7379,T8637,probabilidad
7380,T7771,probabilidad
7382,T7771,probabilidad
7383,T7771,probabilidad
7400,T6172,probabilidad
7400,T6632,probabilidad
7405,T6172n,probabilidad
7407,T6172n,probabilidad
7410,T6172,probabilidad
7410,T6632,probabilidad
7411,T6172n,probabilidad
7412,T6172n,probabilidad
7413,T6385,probabilidad
7416,T6172,probabilidad
7418,T5714,probabilidad
7421,T6172,probabilidad
7427,T6172n,probabilidad
7428,T5118LS,probabilidad
7429,T5118LS,probabilidad
7430,T5118LS,probabilidad
7434,T1115CA,probabilidad
7434,LS,probabilidad
7438,T6172,probabilidad
7438,T6632,probabilidad
7439,T10528,probabilidad
7440,T5803n,probabilidad
7440,LS,probabilidad
7441,T5803n,probabilidad
7441,LS,probabilidad
7442,T5803n,probabilidad
7442,LS,probabilidad
7443,T10528,probabilidad
7444,T10528,probabilidad
7445,T6172n,probabilidad
7446,T10528,probabilidad
7447,T1115CA,probabilidad
7447,LS,probabilidad
7448,T10528,probabilidad
7458,T5520,probabilidad
7462,T10528,probabilidad
7463,T10528,probabilidad
7464,T10528,probabilidad
7465,T10528,probabilidad
7466,T10528,probabilidad
7468,T7333,probabilidad
7471,T10528,probabilidad
7472,T2440,probabilidad
7473,T6385,probabilidad
7480,T1115CA,probabilidad
7480,LS,probabilidad
7481,T1115CA,probabilidad
7481,LS,probabilidad
7482,T7333,probabilidad
7484,T7378,probabilidad
7487,T5723LS,probabilidad
7489,T1115CA,probabilidad
7489,LS,probabilidad
7490,T1115CA,probabilidad
7490,LS,probabilidad
7492,u18,probabilidad
7492,LS,probabilidad
7493,T8636c73,probabilidad
7495,T1115CA,probabilidad
7495,LS,probabilidad
7496,u18,probabilidad
7496,LS,probabilidad
7497,T5723LS,probabilidad
7498,T7333,probabilidad
7506,T6172n,probabilidad
7513,T10528,probabilidad
7521,T5723LS,probabilidad
7523,T6172n,probabilidad
7524,u28,probabilidad
7529,T10528,probabilidad
7530,T2440,probabilidad
7531,T10528,probabilidad
7534,T7333,probabilidad
7536,T1115CA,probabilidad
7536,LS,probabilidad
7541,T5723LS,probabilidad
7542,T6172,probabilidad
7542,T6632,probabilidad
7546,T6172,probabilidad
7546,T6632,probabilidad
7555,T7333,probabilidad
7559,T1115CA,probabilidad
7559,LS,probabilidad
7566,T1115CA,probabilidad
7566,LS,probabilidad
7578,T5714,probabilidad
7579,T5714,probabilidad
7582,T8636c73,probabilidad
7585,T5723LS,probabilidad
7592,T380,probabilidad
7593,T5714,probabilidad
7594,T5714,probabilidad
7595,T1115CA,probabilidad
7595,LS,probabilidad
7596,T5723LS,probabilidad
7597,T5723LS,probabilidad
7599,T7333,probabilidad
7602,T1115CA,probabilidad
7604,T1115CA,probabilidad
7604,LS,probabilidad
7605,T1115CA,probabilidad
7606,T1115CA,probabilidad
7609,T7333,probabilidad
7610,T1115CA,probabilidad
7611,T1115CA,probabilidad
7612,T1115CA,probabilidad
7613,T5723LS,probabilidad
7614,T5723LS,probabilidad
7615,T6172,probabilidad
7615,T6632,probabilidad
7621,T5723LS,probabilidad
7630,T7333,probabilidad
7639,T7333,probabilidad
7644,T7333,probabilidad
7646,T5714,probabilidad
7649,T5723LS,probabilidad
7655,T6385,probabilidad
7656,T5723LS,probabilidad
7658,T5723LS,probabilidad
7668,T8636c73,probabilidad
7669,T8636c73,probabilidad
7670,T8636c73,probabilidad
7671,T8636c73,probabilidad
7672,T8636c73,probabilidad
7674,T8636c73,probabilidad
7675,u27,probabilidad
7675,LS,probabilidad
7676,u27,probabilidad
7676,LS,probabilidad
7679,u27,probabilidad
7679,LS,probabilidad
7680,T5714,probabilidad
7684,T7333,probabilidad
7685,T7333,probabilidad
7691,T7333,probabilidad
7700,T6172,probabilidad
7703,T7333,probabilidad
7707,T10528,probabilidad
7709,T7476,probabilidad
7710,T7476,probabilidad
7711,T7476,probabilidad
7714,T10528,probabilidad
7720,T1115CA,probabilidad
7720,LS,probabilidad
7721,T10528,probabilidad
7722,T10528,probabilidad
7729,T10528,probabilidad
7730,T7333,probabilidad
7763,u27,probabilidad
7772,T6976,probabilidad
7774,T6976,probabilidad
7775,T6976,probabilidad
7778,T6172,probabilidad
7794,T7096c75,probabilidad
7795,T7096c74,probabilidad
7806,T5723LS,probabilidad
7807,T5723LS,probabilidad
7808,T5723LS,probabilidad
7812,T6172,probabilidad
7813,T7333,probabilidad
7823,T7096c74,probabilidad
7843,T6172n,probabilidad
7846,T6172n,probabilidad
7855,T6172n,probabilidad
7857,T7333,probabilidad
7858,T10528,probabilidad
7860,T6620LS,probabilidad
7861,T6620LS,probabilidad
7862,T6620LS,probabilidad
7863,T6172,probabilidad
7864,T10528,probabilidad
7870,T7333,probabilidad
7885,u27,probabilidad
7885,LS,probabilidad
7886,u27,probabilidad
7886,LS,probabilidad
7887,u27,probabilidad
7887,LS,probabilidad
7892,T7333,probabilidad
7899,T2440,probabilidad
7900,T10528,probabilidad
7901,T7476,probabilidad
7902,T7476,probabilidad
7903,T7476,probabilidad
7905,T7333,probabilidad
7906,T7851,probabilidad
7908,T10528,probabilidad
7909,T7851,probabilidad
7910,T2440,probabilidad
7911,T10528,probabilidad
7916,T10528,probabilidad
7917,T7333,probabilidad
7918,T10528,probabilidad
7924,T5109LS,probabilidad
7925,T8636c73,probabilidad
7926,T6172,probabilidad
7926,T6632,probabilidad
7927,T5109LS,probabilidad
7928,T5109LS,probabilidad
7931,T6172,probabilidad
7931,T6632,probabilidad
7932,T7333,probabilidad
7944,T6172,probabilidad
7944,T6632,probabilidad
7947,T6172,probabilidad
7947,T6632,probabilidad
7948,T6340,probabilidad
7951,T5713LS,probabilidad
7952,T5713LS,probabilidad
7953,T5713LS,probabilidad
7954,T7333,probabilidad
7955,T5713LS,probabilidad
7956,T5713LS,probabilidad
7957,T5713LS,probabilidad
7958,T5713LS,probabilidad
7959,T5713LS,probabilidad
7960,T5713LS,probabilidad
7962,T6340,probabilidad
7965,T6172,probabilidad
7965,T6632,probabilidad
7966,T5714,probabilidad
7978,T7333,probabilidad
7983,T6340,probabilidad
7984,T5714,probabilidad
7985,T5714,probabilidad
7987,T8636c73,probabilidad
7989,T8636c73,probabilidad
7990,T8636c73,probabilidad
7991,T8636c73,probabilidad
7992,T8636c73,probabilidad
7993,T8636c73,probabilidad
7994,T8636c73,probabilidad
7995,T8636c73,probabilidad
7996,T7409LS,probabilidad
7997,T7409LS,probabilidad
7998,T7409LS,probabilidad
7999,T6172,probabilidad
7999,T6632,probabilidad
8000,T7333,probabilidad
8001,T6172,probabilidad
8001,T6632,probabilidad
8002,T9787,probabilidad
8006,T8636c73,probabilidad
8008,T8636c73,probabilidad
8009,T8636c73,probabilidad
8011,T5723LS,probabilidad
8012,T6340,probabilidad
8019,T5723LS,probabilidad
8028,T5723LS,probabilidad
8029,T5723LS,probabilidad
8032,T5520LS,probabilidad
8034,T5520LS,probabilidad
8035,T6172,probabilidad
8035,T6632,probabilidad
8038,T5520LS,probabilidad
8041,T5723LS,probabilidad
8042,T5520LS,probabilidad
8043,T5723LS,probabilidad
8044,T6172,probabilidad
8045,T5520LS,probabilidad
8047,T6172,probabilidad
8050,T5723LS,probabilidad
8052,T5723LS,probabilidad
8053,T5520LS,probabilidad
8054,T6976,probabilidad
8055,T5118LS,probabilidad
8056,T5118LS,probabilidad
8057,T5118LS,probabilidad
8058,T5723LS,probabilidad
8060,T5520LS,probabilidad
8061,T6976,probabilidad
8062,T6172,probabilidad
8062,T6632,probabilidad
8063,T5520LS,probabilidad
8066,T6976,probabilidad
8070,T7333,probabilidad
8071,T5520LS,probabilidad
8072,T6172,probabilidad
8074,T6976,probabilidad
8077,T5520LS,probabilidad
8082,T8636c73,probabilidad
8083,T8636c73,probabilidad
8084,T8636c73,probabilidad
8094,T5520LS,probabilidad
8097,T5723LS,probabilidad
8099,T5520LS,probabilidad
8102,T10528,probabilidad
8110,T10528,probabilidad
8112,T10528,probabilidad
8113,T5520LS,probabilidad
8115,T10528,probabilidad
8116,T5520LS,probabilidad
8117,T5520LS,probabilidad
8118,T7194,probabilidad
8120,T7194,probabilidad
8121,T5520LS,probabilidad
8122,T5520LS,probabilidad
8123,T6172,probabilidad
8123,T6632,probabilidad
8124,T5520LS,probabilidad
8125,T7378,probabilidad
8126,T7194,probabilidad
8127,T7194,probabilidad
8130,T6172,probabilidad
8132,T6172,probabilidad
8138,T6070n,probabilidad
8139,T6070n,probabilidad
8141,T6070n,probabilidad
8143,T6070n,probabilidad
8144,T6070n,probabilidad
8145,T5713LS,probabilidad
8146,T5713LS,probabilidad
8147,T5713LS,probabilidad
8148,T5713LS,probabilidad
8149,T5713LS,probabilidad
8150,T5713LS,probabilidad
8152,T5713LS,probabilidad
8153,T5713LS,probabilidad
8154,T5713LS,probabilidad
8156,T6172,probabilidad
8157,T7333,probabilidad
8158,T6070n,probabilidad
8159,T5520,probabilidad
8161,T7333,probabilidad
8164,T7333,probabilidad
8169,u27,probabilidad
8169,LS,probabilidad
8170,u27,probabilidad
8170,LS,probabilidad
8171,u27,probabilidad
8171,LS,probabilidad
8172,u27,probabilidad
8172,LS,probabilidad
8173,u27,probabilidad
8173,LS,probabilidad
8174,u27,probabilidad
8174,LS,probabilidad
8175,T7333,probabilidad
8176,T8636c73,probabilidad
8178,T335,probabilidad
8179,T333,probabilidad
8184,T8636c73,probabilidad
8186,T7333,probabilidad
8192,T5713LS,probabilidad
8193,T5713LS,probabilidad
8195,T7476,probabilidad
8196,T7476,probabilidad
8197,T7476,probabilidad
8198,T5713LS,probabilidad
8200,T7333,probabilidad
8207,T7333,probabilidad
8209,T5520LS,probabilidad
8210,T6070n,probabilidad
8212,T5520LS,probabilidad
8214,T6070n,probabilidad
8218,T5520LS,probabilidad
8220,T5520LS,probabilidad
8224,T6070n,probabilidad
8227,T5118LS,probabilidad
8228,T5118LS,probabilidad
8229,T5118LS,probabilidad
8230,T5520LS,probabilidad
8234,T5520LS,probabilidad
8235,T5520LS,probabilidad
8239,T8636c73,probabilidad
8240,T8636c73,probabilidad
8242,T8636c73,probabilidad
8243,T8636c73,probabilidad
8244,T8636c73,probabilidad
8245,T8636c73,probabilidad
8247,T6172,probabilidad
8252,T5520LS,probabilidad
8263,T7096c75,probabilidad
8264,T7096c75,probabilidad
8265,T7096c75,probabilidad
8266,T6172,probabilidad
8267,T7096c75,probabilidad
8268,T7096c75,probabilidad
8269,T6172,probabilidad
8276,T7333,probabilidad
8277,T5520LS,probabilidad
8278,T5723LS,probabilidad
8279,T7771,probabilidad
8282,T7771,probabilidad
8283,T7771,probabilidad
8285,T7771,probabilidad
8287,T8637,probabilidad
8288,T7771,probabilidad
8290,T7771,probabilidad
8291,T7771,probabilidad
8292,T5109LS,probabilidad
8295,T6172,probabilidad
8299,T5109LS,probabilidad
8301,T335,probabilidad
8302,T333,probabilidad
8303,T5723LS,probabilidad
8304,T5723LS,probabilidad
8306,T7333,probabilidad
8308,T8636c73,probabilidad
8309,T8636c73,probabilidad
8310,T8636c73,probabilidad
8312,T6976,probabilidad
8313,T6976,probabilidad
8318,T6172,probabilidad
8318,T6632,probabilidad
8322,T7333,probabilidad
8323,T7333,probabilidad
8328,T333,probabilidad
8329,T6172,probabilidad
8329,T6632,probabilidad
8331,T7378,probabilidad
8332,T5475n,probabilidad
8333,T7378,probabilidad
8334,T3908,probabilidad
8335,T8636c73,probabilidad
8337,T6172,probabilidad
8341,T6070,probabilidad
8343,T5475n,probabilidad
8346,u27,probabilidad
8347,T6172,probabilidad
8347,T6632,probabilidad
8349,T6172,probabilidad
8349,T6632,probabilidad
8354,T2440,probabilidad
8355,T6976,probabilidad
8356,T6172,probabilidad
8356,T6632,probabilidad
8357,T6976,probabilidad
8358,T6976,probabilidad
8359,T2440,probabilidad
8360,T2440,probabilidad
8363,T9221,probabilidad
8364,T5713LS,probabilidad
8365,T5713LS,probabilidad
8366,T5713LS,probabilidad
8367,T5713LS,probabilidad
8368,T5713LS,probabilidad
8369,T5713LS,probabilidad
8370,T5713LS,probabilidad
8371,T5713LS,probabilidad
8372,T5713LS,probabilidad
8373,T7401LS,probabilidad
8374,T7401LS,probabilidad
8379,T7333,probabilidad
8380,T10528,probabilidad
8381,T5520LS,probabilidad
8383,T5520LS,probabilidad
8384,T7333,probabilidad
8388,T5520LS,probabilidad
8393,T7333,probabilidad
8394,T7333,probabilidad
8396,T7333,probabilidad
8398,T7333,probabilidad
8399,T6976,probabilidad
8400,T5520LS,probabilidad
8401,T6976,probabilidad
8402,T7333,probabilidad
8404,T7333,probabilidad
8406,T6070,probabilidad
8407,T5520LS,probabilidad
8409,T6070,probabilidad
8410,T5520LS,probabilidad
8411,T6070,probabilidad
8414,T6172,probabilidad
8415,T8636c73,probabilidad
8416,T7333,probabilidad
8418,T6070,probabilidad
8419,T6070,probabilidad
8420,T6070,probabilidad
8422,T5713LS,probabilidad
8423,T5713LS,probabilidad
8424,T5713LS,probabilidad
8425,T5520LS,probabilidad
8427,T5520LS,probabilidad
8428,T6070,probabilidad
8430,T6070,probabilidad
8431,T7333,probabilidad
8432,T5520LS,probabilidad
8433,T6976,probabilidad
8434,T6976,probabilidad
8435,T5109LS,probabilidad
8436,T5109LS,probabilidad
8437,T6976,probabilidad
8438,T6976,probabilidad
8439,T6976,probabilidad
8440,T8636c73,probabilidad
8441,T6070,probabilidad
8443,T10528,probabilidad
8444,T6070,probabilidad
8445,T7333,probabilidad
8446,T5109LS,probabilidad
8447,T6070,probabilidad
8449,T10528,probabilidad
8450,T6070,probabilidad
8451,T6070,probabilidad
8452,T6172,probabilidad
8453,T7378,probabilidad
8455,T10528,probabilidad
8456,T10528,probabilidad
8457,T10528,probabilidad
8458,T7333,probabilidad
8461,T5520LS,probabilidad
8463,T10528,probabilidad
8464,T8636c73,probabilidad
8465,T10528,probabilidad
8466,T10528,probabilidad
8467,T6070,probabilidad
8469,T5520,probabilidad
8476,T6172,probabilidad
8477,T6172,probabilidad
8478,T7333,probabilidad
8479,T6976,probabilidad
8480,T6976,probabilidad
8482,T6976,probabilidad
8484,T6976,probabilidad
8485,T6976,probabilidad
8487,T6976,probabilidad
8496,T5520,probabilidad
8496,T6385,probabilidad
8498,T2440,probabilidad
8499,T5723LS,probabilidad
8500,T5723LS,probabilidad
8502,T6976,probabilidad
8503,T10528,probabilidad
8504,T10528,probabilidad
8505,T10528,probabilidad
8506,T7333,probabilidad
8507,T6976,probabilidad
8509,T6976,probabilidad
8510,T10528,probabilidad
8511,T5109LS,probabilidad
8512,T10528,probabilidad
8513,T6976,probabilidad
8514,T5109LS,probabilidad
8516,T7476,probabilidad
8517,T7476,probabilidad
8518,T10276,probabilidad
8519,T6976,probabilidad
8520,T6976,probabilidad
8521,T7333,probabilidad
8522,T5109LS,probabilidad
8526,T5109LS,probabilidad
8528,T5713LS,probabilidad
8529,T5713LS,probabilidad
8530,T5713LS,probabilidad
8531,T5713LS,probabilidad
8532,T5713LS,probabilidad
8533,T5713LS,probabilidad
8534,T2440,probabilidad
8535,T2440,probabilidad
8537,T5109LS,probabilidad
8538,T6172,probabilidad
8539,T7333,probabilidad
8540,T5109LS,probabilidad
8541,T5723LS,probabilidad
8542,T5723LS,probabilidad
8544,T2440,probabilidad
8545,T6976,probabilidad
8547,T6976,probabilidad
8548,T2440,probabilidad
8549,T6172,probabilidad
8551,T2440,probabilidad
8552,T6976,probabilidad
8553,T8636c73,probabilidad
8555,T6976,probabilidad
8558,T6976,probabilidad
8559,T6976,probabilidad
8561,T6172,probabilidad
8561,T6632,probabilidad
8562,T6976,probabilidad
8563,T5520LS,probabilidad
8564,T5520LS,probabilidad
8565,T5520LS,probabilidad
8566,T5520LS,probabilidad
8567,T5520LS,probabilidad
8568,T5520LS,probabilidad
8570,T5520LS,probabilidad
8571,T5520LS,probabilidad
8572,T5520LS,probabilidad
8573,T6172,probabilidad
8573,T6632,probabilidad
8574,T5520LS,probabilidad
8575,T5520LS,probabilidad
8577,T5520LS,probabilidad
8578,T5520LS,probabilidad
8579,T5520LS,probabilidad
8581,T5520LS,probabilidad
8582,T5520LS,probabilidad
8583,T5520LS,probabilidad
8584,T6172,probabilidad
8585,T5520LS,probabilidad
8588,T5520LS,probabilidad
8589,T6172,probabilidad
8589,T6632,probabilidad
8590,T6976,probabilidad
8591,T5520LS,probabilidad
8592,T6976,probabilidad
8593,T6976,probabilidad
8595,T7370,probabilidad
8596,T7370,probabilidad
8598,T8636c73,probabilidad
8599,T8636c73,probabilidad
8600,T8636c73,probabilidad
8601,T8636c73,probabilidad
8602,T8636c73,probabilidad
8603,T8636c73,probabilidad
8604,T5520LS,probabilidad
8605,u18,probabilidad
8605,LS,probabilidad
8606,T7370,probabilidad
8607,T7370,probabilidad
8608,u18,probabilidad
8608,LS,probabilidad
8611,T6976,probabilidad
8613,T6172,probabilidad
8613,T6632,probabilidad
8614,T10528,probabilidad
8615,T6976,probabilidad
8616,T6976,probabilidad
8619,T6976,probabilidad
8620,T5118LS,probabilidad
8622,T5118LS,probabilidad
8623,T5118LS,probabilidad
8631,T7333,probabilidad
8632,T5520,probabilidad
8633,T5109LS,probabilidad
8635,T5109LS,probabilidad
8636,T5109LS,probabilidad
8637,u28,probabilidad
8638,T5109LS,probabilidad
8641,T5109LS,probabilidad
8642,T5109LS,probabilidad
8643,T2440,probabilidad
8644,T2440,probabilidad
8645,T2440,probabilidad
8651,T5520,probabilidad
8652,T6956,probabilidad
8653,T10528,probabilidad
8654,T6956,probabilidad
8666,T5713LS,probabilidad
8667,T5713LS,probabilidad
8668,T5713LS,probabilidad
8669,T5713LS,probabilidad
8670,T5713LS,probabilidad
8671,T5713LS,probabilidad
8672,T10528,probabilidad
8675,T10528,probabilidad
8677,T5475,probabilidad
8678,T10528,probabilidad
8679,T10528,probabilidad
8680,T10528,probabilidad
8682,T10528,probabilidad
8683,T10528,probabilidad
8684,T5520LS,probabilidad
8687,T5520LS,probabilidad
8689,T5713LS,probabilidad
8690,T5713LS,probabilidad
8691,T5713LS,probabilidad
8694,T5520LS,probabilidad
8695,T5520LS,probabilidad
8698,T5520LS,probabilidad
8699,T6385,probabilidad
8700,T5520LS,probabilidad
8701,T5723LS,probabilidad
8702,T5520LS,probabilidad
8707,T5520LS,probabilidad
8709,T5520LS,probabilidad
8712,T6976,probabilidad
8713,T5520LS,probabilidad
8714,u18,probabilidad
8714,LS,probabilidad
8715,T5713LS,probabilidad
8716,T5713LS,probabilidad
8717,T5713LS,probabilidad
8718,T8636c73,probabilidad
8719,T8636c73,probabilidad
8720,T5713LS,probabilidad
8721,T5713LS,probabilidad
8722,T5713LS,probabilidad
8723,T8636c73,probabilidad
8724,T6976,probabilidad
8725,T5713LS,probabilidad
8726,T5713LS,probabilidad
8727,T5713LS,probabilidad
8728,T6976,probabilidad
8729,T5109LS,probabilidad
8730,T6976,probabilidad
8731,T5723LS,probabilidad
8732,T5109LS,probabilidad
8733,T6976,probabilidad
8734,T5520LS,probabilidad
8739,T5520LS,probabilidad
8740,T6976,probabilidad
8741,T7476,probabilidad
8742,T7476,probabilidad
8743,T7476,probabilidad
8746,T6976,probabilidad
8747,u18,probabilidad
8747,LS,probabilidad
8748,T6172,probabilidad
8749,T5723LS,probabilidad
8750,u27,probabilidad
8752,T5520LS,probabilidad
8754,u18,probabilidad
8754,LS,probabilidad
8755,T7333,probabilidad
8756,T6976,probabilidad
8757,T6976,probabilidad
8759,u18,probabilidad
8759,LS,probabilidad
8762,T6976,probabilidad
8763,T6976,probabilidad
8764,u28,probabilidad
8765,T6976,probabilidad
8766,u18,probabilidad
8766,LS,probabilidad
8767,T10528,probabilidad
8768,T5109LS,probabilidad
8769,T5109LS,probabilidad
8770,T5109LS,probabilidad
8772,u18,probabilidad
8772,LS,probabilidad
8773,u18,probabilidad
8773,LS,probabilidad
8774,T6172,probabilidad
8775,T6976,probabilidad
8778,T5723LS,probabilidad
8779,u18,probabilidad
8779,LS,probabilidad
8780,T5723LS,probabilidad
8781,T6070,probabilidad
8784,T6172,probabilidad
8785,T6976,probabilidad
8786,T7333,probabilidad
8787,T6172,probabilidad
8790,T7333,probabilidad
8791,T6172,probabilidad
8794,T5723LS,probabilidad
8795,u27,probabilidad
8802,T6172,probabilidad
8803,T6172,probabilidad
8804,T2733,probabilidad
8805,T8636c73,probabilidad
8807,T8636c73,probabilidad
8808,T8636c73,probabilidad
8809,T8636c73,probabilidad
8810,T8636c73,probabilidad
8811,T8636c73,probabilidad
8812,T8636c73,probabilidad
8813,T8636c73,probabilidad
8819,T8636c73,probabilidad
8820,T8636c73,probabilidad
8821,T8636c73,probabilidad
8822,T6172,probabilidad
8827,T8636c73,probabilidad
8829,T8636c73,probabilidad
8831,T8636c73,probabilidad
8832,T8636c73,probabilidad
8833,T8636c73,probabilidad
8834,T8636c73,probabilidad
8835,T8636c73,probabilidad
8836,T8636c73,probabilidad
8837,T8636c73,probabilidad
8838,T8636c73,probabilidad
8839,T6976,probabilidad
8840,T5118LS,probabilidad
8841,T5118LS,probabilidad
8843,T6976,probabilidad
8845,T6976,probabilidad
8846,T6172,probabilidad
8847,T2318,probabilidad
8848,T5713LS,probabilidad
8849,T5713LS,probabilidad
8850,T5713LS,probabilidad
8853,T10276,probabilidad
8854,T7476,probabilidad
8855,T7476,probabilidad
8859,T8636c73,probabilidad
8861,T2734,probabilidad
8862,T7333,probabilidad
8863,T7333,probabilidad
8864,T6385,probabilidad
8865,T6172,probabilidad
8866,T7333,probabilidad
8867,T8636c73,probabilidad
8868,T5723LS,probabilidad
8869,T5520,probabilidad
8869,T6385,probabilidad
8870,T10528,probabilidad
8871,T7333,probabilidad
8872,T10528,probabilidad
8873,T7333,probabilidad
8874,T6172,probabilidad
8875,T10528,probabilidad
8876,T8636c73,probabilidad
8877,T8636c73,probabilidad
8878,T8636c73,probabilidad
8879,T2440,probabilidad
8880,T10528,probabilidad
8881,T10528,probabilidad
8882,T10528,probabilidad
8883,T10528,probabilidad
8884,T10528,probabilidad
8885,T7333,probabilidad
8886,T10528,probabilidad
8888,T7333,probabilidad
8889,T5723LS,probabilidad
8894,T5723LS,probabilidad
8898,u18,probabilidad
8898,LS,probabilidad
8899,T5713LS,probabilidad
8900,T5713LS,probabilidad
8901,T5713LS,probabilidad
8902,T5713LS,probabilidad
8903,T5713LS,probabilidad
8904,T5713LS,probabilidad
8905,u18,probabilidad
8905,LS,probabilidad
8909,u18,probabilidad
8909,LS,probabilidad
8910,u18,probabilidad
8910,LS,probabilidad
8911,u18,probabilidad
8911,LS,probabilidad
8913,T8636c73,probabilidad
8915,T5520LS,probabilidad
8917,u18,probabilidad
8917,LS,probabilidad
8918,u18,probabilidad
8918,LS,probabilidad
8920,u18,probabilidad
8920,LS,probabilidad
8921,T5520LS,probabilidad
8924,T5520LS,probabilidad
8926,T5109LS,probabilidad
8927,T5520LS,probabilidad
8928,T5520LS,probabilidad
8929,T5109LS,probabilidad
8931,T5520LS,probabilidad
8933,T5520LS,probabilidad
8934,T5520LS,probabilidad
8936,u18,probabilidad
8936,LS,probabilidad
8937,T5520LS,probabilidad
8939,u18,probabilidad
8939,LS,probabilidad
8940,u28,probabilidad
8941,T5520LS,probabilidad
8944,T5520LS,probabilidad
8945,T5520LS,probabilidad
8946,T5520LS,probabilidad
8948,T5520LS,probabilidad
8950,T5713LS,probabilidad
8951,T5713LS,probabilidad
8952,T5713LS,probabilidad
8953,u18,probabilidad
8953,LS,probabilidad
8958,u18,probabilidad
8958,LS,probabilidad
8959,T10528,probabilidad
8960,T6976,probabilidad
8961,T6976,probabilidad
8962,T6976,probabilidad
8965,u18,probabilidad
8965,LS,probabilidad
8966,u18,probabilidad
8966,LS,probabilidad
8967,u18,probabilidad
8967,LS,probabilidad
8968,T5520LS,probabilidad
8969,u18,probabilidad
8969,LS,probabilidad
8970,u18,probabilidad
8970,LS,probabilidad
8972,T10528,probabilidad
8975,T4539,probabilidad
8975,T5081,probabilidad
8976,u18,probabilidad
8976,LS,probabilidad
8977,T5723LS,probabilidad
8978,T10528,probabilidad
8980,T6385,probabilidad
8984,u18,probabilidad
8984,LS,probabilidad
8986,T5520LS,probabilidad
8987,T5723LS,probabilidad
8990,T5520LS,probabilidad
8991,T5520LS,probabilidad
8997,T5520,probabilidad
8998,T7192,probabilidad
8999,T7192,probabilidad
9000,T5109LS,probabilidad
9004,T2440,probabilidad
9006,T6976,probabilidad
9007,T8636c73,probabilidad
9008,T8636c73,probabilidad
9009,T8636c73,probabilidad
9010,T6976,probabilidad
9011,T6976,probabilidad
9014,T5109LS,probabilidad
9015,T2734,probabilidad
9016,T7333,probabilidad
9018,T5520,probabilidad
9020,T7333,probabilidad
9021,T7333,probabilidad
9022,T7333,probabilidad
9024,T7333,probabilidad
9026,T2734,probabilidad
9028,T10528,probabilidad
9031,T10528,probabilidad
9033,T10528,probabilidad
9034,T7333,probabilidad
9035,T10528,probabilidad
9036,T5723LS,probabilidad
9037,T10528,probabilidad
9039,T10528,probabilidad
9040,T6976,probabilidad
9041,T6976,probabilidad
9042,T6976,probabilidad
9044,T5723LS,probabilidad
9045,T7333,probabilidad
9046,T5723LS,probabilidad
9047,u18,probabilidad
9047,LS,probabilidad
9048,u18,probabilidad
9048,LS,probabilidad
9049,u18,probabilidad
9049,LS,probabilidad
9050,u18,probabilidad
9050,LS,probabilidad
9051,u18,probabilidad
9051,LS,probabilidad
9053,T5723LS,probabilidad
9054,T7333,probabilidad
9055,T6976,probabilidad
9056,T6976,probabilidad
9057,u18,probabilidad
9057,LS,probabilidad
9058,u18,probabilidad
9058,LS,probabilidad
9059,u18,probabilidad
9059,LS,probabilidad
9060,T6172n,probabilidad
9061,T7333,probabilidad
9062,T10528,probabilidad
9063,T6976,probabilidad
9064,T6172n,probabilidad
9065,u27,probabilidad
9066,u27,probabilidad
9067,u27,probabilidad
9068,T6976,probabilidad
9069,T6976,probabilidad
9071,T10528,probabilidad
9072,T7333,probabilidad
9073,T10528,probabilidad
9075,T6976,probabilidad
9076,T5723LS,probabilidad
9077,T10528,probabilidad
9078,T10528,probabilidad
9079,T5520LS,probabilidad
9080,T10528,probabilidad
9081,T10528,probabilidad
9084,T5520LS,probabilidad
9085,T5520LS,probabilidad
9086,T5723LS,probabilidad
9087,T5520LS,probabilidad
9088,u27,probabilidad
9088,LS,probabilidad
9089,u27,probabilidad
9089,LS,probabilidad
9090,u27,probabilidad
9090,LS,probabilidad
9092,T5520LS,probabilidad
9093,T10528,probabilidad
9094,T6070n,probabilidad
9095,T10528,probabilidad
9096,T6070n,probabilidad
9097,T5520LS,probabilidad
9098,T6070n,probabilidad
9100,T6070n,probabilidad
9101,T6070n,probabilidad
9102,T6976,probabilidad
9103,T6976,probabilidad
9104,T6070n,probabilidad
9106,T5520LS,probabilidad
9107,T6172n,probabilidad
9108,T6976,probabilidad
9109,T5520LS,probabilidad
9110,T5520LS,probabilidad
9111,T6976,probabilidad
9112,T5520LS,probabilidad
9113,T5109LS,probabilidad
9115,T5520LS,probabilidad
9116,T6976,probabilidad
9120,T5109LS,probabilidad
9121,T5109LS,probabilidad
9122,T5520LS,probabilidad
9123,T5109LS,probabilidad
9124,T6976,probabilidad
9126,T5109LS,probabilidad
9127,T5109LS,probabilidad
9128,T5109LS,probabilidad
9132,T6389,probabilidad
9134,T5109LS,probabilidad
9135,u28,probabilidad
9137,T6976,probabilidad
9139,T6976,probabilidad
9140,T6976,probabilidad
9141,T8636c73,probabilidad
9142,T8636c73,probabilidad
9143,T8636c73,probabilidad
9144,T8636c73,probabilidad
9145,T8636c73,probabilidad
9146,T8636c73,probabilidad
9147,T8636c73,probabilidad
9148,T8636c73,probabilidad
9149,T5520LS,probabilidad
9150,T5109LS,probabilidad
9151,T2733,probabilidad
9152,T5109LS,probabilidad
9153,T7333,probabilidad
9154,T7333,probabilidad
9155,T7333,probabilidad
9156,T5109LS,probabilidad
9157,T5520LS,probabilidad
9158,T5109LS,probabilidad
9159,T7333,probabilidad
9160,T7333,probabilidad
9161,T5109LS,probabilidad
9162,T5520LS,probabilidad
9163,T7333,probabilidad
9164,T7333,probabilidad
9165,T7333,probabilidad
9166,T7333,probabilidad
9167,T7333,probabilidad
9168,T7333,probabilidad
9169,T7333,probabilidad
9170,T5520LS,probabilidad
9171,T5520LS,probabilidad
9172,T6976,probabilidad
9173,T5520LS,probabilidad
9174,T6976,probabilidad
9175,T6976,probabilidad
9176,T6976,probabilidad
9178,T6976,probabilidad
9179,T10528,probabilidad
9180,T5520LS,probabilidad
9182,T6976,probabilidad
9183,T5520LS,probabilidad
9184,T10528,probabilidad
9185,T6976,probabilidad
9186,T6976,probabilidad
9187,T10528,probabilidad
9188,T5520LS,probabilidad
9189,T7333,probabilidad
9190,T7333,probabilidad
9191,T6976,probabilidad
9192,T2318,probabilidad
9194,T7333,probabilidad
9195,u28,probabilidad
9196,T7333,probabilidad
9197,u27,probabilidad
9198,u27,probabilidad
9199,u27,probabilidad
9201,T2733,probabilidad
9206,T7333,probabilidad
9207,T5520,probabilidad
9207,T6385,probabilidad
9208,T5713LS,probabilidad
9209,T5713LS,probabilidad
9210,T5713LS,probabilidad
9211,T5713LS,probabilidad
9212,T5713LS,probabilidad
9213,T5713LS,probabilidad
9215,T7333,probabilidad
9216,T6976,probabilidad
9219,T6976,probabilidad
9220,T6976,probabilidad
9221,T6070,probabilidad
9224,T6976,probabilidad
9225,T2733,probabilidad
9228,T6976,probabilidad
9231,T5520LS,probabilidad
9232,T6976,probabilidad
9235,T6385,probabilidad
9236,T5520LS,probabilidad
9237,T6976,probabilidad
9238,T5520LS,probabilidad
9239,T5520LS,probabilidad
9242,T5520LS,probabilidad
9243,T6340,probabilidad
9244,T6976,probabilidad
9245,T5520LS,probabilidad
9246,T5520LS,probabilidad
9247,T5520LS,probabilidad
9248,T5520LS,probabilidad
9249,T5520LS,probabilidad
9250,T6340,probabilidad
9251,T5520LS,probabilidad
9252,T5520LS,probabilidad
9253,T5520LS,probabilidad
9254,T5520LS,probabilidad
9258,T5520LS,probabilidad
9260,T5520LS,probabilidad
9261,T5520LS,probabilidad
9262,u27,probabilidad
9263,u27,probabilidad
9264,u27,probabilidad
9265,T5520LS,probabilidad
9266,T2733,probabilidad
9267,T5520LS,probabilidad
9268,T10528,probabilidad
9271,T6976,probabilidad
9274,T2318,probabilidad
9275,T5713LS,probabilidad
9276,T5713LS,probabilidad
9277,T5713LS,probabilidad
9278,T7043,probabilidad
9279,T6385,probabilidad
9280,T5520LS,probabilidad
9281,T2734,probabilidad
9282,T7333,probabilidad
9283,T5520LS,probabilidad
9284,T5520LS,probabilidad
9286,T5520LS,probabilidad
9287,T5520LS,probabilidad
9288,T2733,probabilidad
9289,T5520LS,probabilidad
9292,T7096,probabilidad
9293,T6172n,probabilidad
9294,u28,probabilidad
9295,u28,probabilidad
9296,T7333,probabilidad
9300,T5109LS,probabilidad
9301,T2733,probabilidad
9302,T2440,probabilidad
9304,T5520LS,probabilidad
9306,T5109LS,probabilidad
9307,T7370,probabilidad
9308,T6172n,probabilidad
9309,T6505LS,probabilidad
9310,T6505LS,probabilidad
9311,T6505LS,probabilidad
9313,T5520LS,probabilidad
9314,T5520LS,probabilidad
9317,T5723LS,probabilidad
9318,T5520LS,probabilidad
9319,T6385n,probabilidad
9320,T5520LS,probabilidad
9321,T7370,probabilidad
9322,T7370,probabilidad
9323,T2318,probabilidad
9324,T5520LS,probabilidad
9325,T7096,probabilidad
9326,T2733,probabilidad
9328,T7370,probabilidad
9329,T6385n,probabilidad
9330,T7378,probabilidad
9331,T5803,probabilidad
9332,T6976,probabilidad
9333,T2733,probabilidad
9334,u27,probabilidad
9334,LS,probabilidad
9335,u27,probabilidad
9335,LS,probabilidad
9336,u27,probabilidad
9336,LS,probabilidad
9337,u27,probabilidad
9337,LS,probabilidad
9338,u27,probabilidad
9338,LS,probabilidad
9339,u27,probabilidad
9339,LS,probabilidad
9340,T7043,probabilidad
9341,T6976,probabilidad
9342,T6385n,probabilidad
9343,T7476,probabilidad
9344,T7476,probabilidad
9345,T10276,probabilidad
9346,T5723LS,probabilidad
9347,T5803,probabilidad
9347,LS,probabilidad
9348,T5803,probabilidad
9348,LS,probabilidad
9349,T5803,probabilidad
9349,LS,probabilidad
9350,T8636c73,probabilidad
9351,T6976,probabilidad
9352,T5803,probabilidad
9352,LS,probabilidad
9353,T5803,probabilidad
9353,LS,probabilidad
9354,T5803,probabilidad
9354,LS,probabilidad
9355,T5803,probabilidad
9355,LS,probabilidad
9356,T5803,probabilidad
9356,LS,probabilidad
9357,T5803,probabilidad
9357,LS,probabilidad
9358,T2733,probabilidad
9360,T6385n,probabilidad
9361,T6385n,probabilidad
9362,T6976,probabilidad
9363,T6385n,probabilidad
9364,T5520,probabilidad
9365,T6976,probabilidad
9366,T6976,probabilidad
9367,u27,probabilidad
9368,u27,probabilidad
9369,T2734,probabilidad
9370,T6976,probabilidad
9371,u27,probabilidad
9371,LS,probabilidad
9372,u27,probabilidad
9372,LS,probabilidad
9373,u27,probabilidad
9373,LS,probabilidad
9374,u18,probabilidad
9374,LS,probabilidad
9375,T6976,probabilidad
9376,T6976,probabilidad
9377,u27,probabilidad
9377,LS,probabilidad
9378,u27,probabilidad
9378,LS,probabilidad
9379,u18,probabilidad
9379,LS,probabilidad
9380,u27,probabilidad
9380,LS,probabilidad
9382,T5723LS,probabilidad
9383,T6976,probabilidad
9384,T6976,probabilidad
9385,T6385,probabilidad
9386,T6385,probabilidad
9387,T7043,probabilidad
9388,T2734,probabilidad
9389,T5723LS,probabilidad
9390,T5723LS,probabilidad
9391,u18,probabilidad
9391,LS,probabilidad
9392,T2733,probabilidad
9393,T6385,probabilidad
9394,T5723LS,probabilidad
9395,u18,probabilidad
9395,LS,probabilidad
9397,T6976,probabilidad
9398,u27,probabilidad
9399,u27,probabilidad
9400,u27,probabilidad
9401,u28,probabilidad
9403,u18,probabilidad
9403,LS,probabilidad
9404,u18,probabilidad
9404,LS,probabilidad
9406,T7043,probabilidad
9407,T5520,probabilidad
9407,T6385,probabilidad
9409,u27,probabilidad
9410,u27,probabilidad
9411,u27,probabilidad
9412,T10528,probabilidad
9414,T2734,probabilidad
9417,T10528,probabilidad
9419,T8636c73,probabilidad
9420,T8636c73,probabilidad
9421,T8636c73,probabilidad
9422,T8636c73,probabilidad
9423,T8636c73,probabilidad
9424,T8636c73,probabilidad
9427,T10528,probabilidad
9428,T10528,probabilidad
9430,T5109LS,probabilidad
9432,T6976,probabilidad
9433,T5109LS,probabilidad
9434,T5109LS,probabilidad
9436,T2733,probabilidad
9437,T10528,probabilidad
9438,u18,probabilidad
9438,LS,probabilidad
9441,T6976,probabilidad
9442,T5723LS,probabilidad
9443,T10528,probabilidad
9444,T6976,probabilidad
9445,T5118LS,probabilidad
9446,T5118LS,probabilidad
9447,T5118LS,probabilidad
9448,T7333,probabilidad
9449,T10528,probabilidad
9450,u27,probabilidad
9451,T7333,probabilidad
9452,T7333,probabilidad
9453,T10528,probabilidad
9454,T5520,probabilidad
9455,T2318,probabilidad
9456,T10528,probabilidad
9458,T4539,probabilidad
9458,T5081,probabilidad
9459,T4539,probabilidad
9459,T5081,probabilidad
9460,T5723LS,probabilidad
9462,T2733,probabilidad
9465,T7333,probabilidad
9466,T2734,probabilidad
9467,T6385n,probabilidad
9468,u28,probabilidad
9470,u28,probabilidad
9471,T5723LS,probabilidad
9472,T5713LS,probabilidad
9473,T5713LS,probabilidad
9474,T5713LS,probabilidad
9475,T5713LS,probabilidad
9476,T5713LS,probabilidad
9477,T5713LS,probabilidad
9478,T5713LS,probabilidad
9479,T2318,probabilidad
9480,T6385n,probabilidad
9481,T5520,probabilidad
9482,T2734,probabilidad
9483,T2733,probabilidad
9486,T6385n,probabilidad
9489,T6385n,probabilidad
9490,T7043,probabilidad
9494,T2318,probabilidad
9495,T6385n,probabilidad
9497,T6385n,probabilidad
9499,T4539,probabilidad
9499,T5081,probabilidad
9500,T4539,probabilidad
9500,T5081,probabilidad
9501,T2734,probabilidad
9503,T7333,probabilidad
9506,T7333,probabilidad
9507,T2733,probabilidad
9508,T6385,probabilidad
9509,T10528,probabilidad
9511,T4539,probabilidad
9511,T5081,probabilidad
9512,T10528,probabilidad
9513,T5520LS,probabilidad
9514,u18,probabilidad
9514,LS,probabilidad
9515,T6385,probabilidad
9516,T2318,probabilidad
9517,T4273,probabilidad
9518,u18,probabilidad
9518,LS,probabilidad
9519,u18,probabilidad
9519,LS,probabilidad
9520,u18,probabilidad
9520,LS,probabilidad
9521,T2734,probabilidad
9522,u18,probabilidad
9522,LS,probabilidad
9523,T5520LS,probabilidad
9524,T7043,probabilidad
9525,T5520LS,probabilidad
9526,u18,probabilidad
9526,LS,probabilidad
9527,u18,probabilidad
9527,LS,probabilidad
9528,T2734,probabilidad
9529,u18,probabilidad
9529,LS,probabilidad
9532,u27,probabilidad
9533,u27,probabilidad
9534,T7333,probabilidad
9535,u24,probabilidad
9537,u18,probabilidad
9537,LS,probabilidad
9538,u18,probabilidad
9538,LS,probabilidad
9539,T2734,probabilidad
9540,T5713LS,probabilidad
9541,T5713LS,probabilidad
9546,T5713LS,probabilidad
9548,T7333,probabilidad
9553,T7476,probabilidad
9554,T7476,probabilidad
9555,T10276,probabilidad
9556,T7043,probabilidad
9560,T7333,probabilidad
9561,u28,probabilidad
9565,u18,probabilidad
9565,LS,probabilidad
9566,T7333,probabilidad
9567,u18,probabilidad
9567,LS,probabilidad
9568,u18,probabilidad
9568,LS,probabilidad
9570,u18,probabilidad
9570,LS,probabilidad
9574,u18,probabilidad
9574,LS,probabilidad
9575,T6385n,probabilidad
9577,T5723LS,probabilidad
9581,u18,probabilidad
9581,LS,probabilidad
9587,T6385n,probabilidad
9589,u18,probabilidad
9589,LS,probabilidad
9590,T2733,probabilidad
9591,u18,probabilidad
9591,LS,probabilidad
9597,T5109LS,probabilidad
9600,u27,probabilidad
9600,LS,probabilidad
9601,u18,probabilidad
9601,LS,probabilidad
9602,T6385n,probabilidad
9603,T5109LS,probabilidad
9604,T5109LS,probabilidad
9607,T7333,probabilidad
9608,u27,probabilidad
9608,LS,probabilidad
9609,T6385n,probabilidad
9610,T2733,probabilidad
9611,u27,probabilidad
9611,LS,probabilidad
9620,T6385n,probabilidad
9621,T6385n,probabilidad
9622,T8636c73,probabilidad
9623,T8636c73,probabilidad
9624,T8636c73,probabilidad
9625,T8636c73,probabilidad
9626,T8636c73,probabilidad
9627,T8636c73,probabilidad
9628,T8636c73,probabilidad
9629,T8636c73,probabilidad
9633,T7333,probabilidad
9634,T7333,probabilidad
9640,T8636c73,probabilidad
9641,T8636c73,probabilidad
9642,T8636c73,probabilidad
9643,T6385n,probabilidad
9657,T8636c73,probabilidad
9658,T6385n,probabilidad
9662,T8636c73,probabilidad
9663,T8636c73,probabilidad
9664,T8636c73,probabilidad
9665,T6385n,probabilidad
9666,T8636c73,probabilidad
9667,T8636c73,probabilidad
9668,T8636c73,probabilidad
9669,T8636c73,probabilidad
9670,u27,probabilidad
9671,T7771,probabilidad
9674,T7771,probabilidad
9675,T7771,probabilidad
9678,T7771,probabilidad
9679,T8637,probabilidad
9681,T7771,probabilidad
9684,T7771,probabilidad
9685,T8636c73,probabilidad
9686,T8636c73,probabilidad
9687,T7771,probabilidad
9688,T8636c73,probabilidad
9689,T8636c73,probabilidad
9690,T8636c73,probabilidad
9691,u27,probabilidad
9692,u27,probabilidad
9693,T5520,probabilidad
9693,T6385,probabilidad
9694,u28,probabilidad
9695,T5723LS,probabilidad
9696,T5520,probabilidad
9697,T7043,probabilidad
9698,T5723LS,probabilidad
9699,u27,probabilidad
9702,T8636c73,probabilidad
9703,T7194,probabilidad
9705,T7043,probabilidad
9706,T6385n,probabilidad
9707,T7194,probabilidad
9708,T7333,probabilidad
9709,T7333,probabilidad
9710,T5520,probabilidad
9711,T5520,probabilidad
9711,T6070,probabilidad
9713,T5520LS,probabilidad
9714,T5520LS,probabilidad
9715,T6385n,probabilidad
9716,u18,probabilidad
9716,LS,probabilidad
9717,T5520LS,probabilidad
9718,T2733,probabilidad
9719,T5520,probabilidad
9720,T5520LS,probabilidad
9721,T2734,probabilidad
9722,u18,probabilidad
9722,LS,probabilidad
9724,T5520LS,probabilidad
9725,u18,probabilidad
9725,LS,probabilidad
9726,T7333,probabilidad
9727,T5520LS,probabilidad
9728,u18,probabilidad
9728,LS,probabilidad
9729,T6385n,probabilidad
9731,T10276,probabilidad
9732,T10276,probabilidad
9733,T10276,probabilidad
9734,u18,probabilidad
9734,LS,probabilidad
9735,u18,probabilidad
9735,LS,probabilidad
9738,T5723LS,probabilidad
9739,T5520,probabilidad
9739,T6385,probabilidad
9740,T7378,probabilidad
9741,T6385n,probabilidad
9745,u18,probabilidad
9745,LS,probabilidad
9746,T2734,probabilidad
9747,T2734,probabilidad
9748,T6172n,probabilidad
9749,T8636c73,probabilidad
9750,T8636c73,probabilidad
9751,T8636c73,probabilidad
9752,T8636c73,probabilidad
9753,T8636c73,probabilidad
9754,T8636c73,probabilidad
9755,T8636c73,probabilidad
9756,T8636c73,probabilidad
9757,u18,probabilidad
9757,LS,probabilidad
9759,u18,probabilidad
9759,LS,probabilidad
9760,u18,probabilidad
9760,LS,probabilidad
9761,T7043,probabilidad
9763,u18,probabilidad
9763,LS,probabilidad
9764,T2733,probabilidad
9766,u18,probabilidad
9766,LS,probabilidad
9769,T5520,probabilidad
9770,T5520,probabilidad
9770,T6070,probabilidad
9771,u18,probabilidad
9771,LS,probabilidad
9773,T7378,probabilidad
9774,T5520LS,probabilidad
9776,u18,probabilidad
9776,LS,probabilidad
9777,T5723LS,probabilidad
9778,T2734,probabilidad
9779,u18,probabilidad
9779,LS,probabilidad
9780,T5520LS,probabilidad
9781,T5520LS,probabilidad
9782,T5723LS,probabilidad
9783,T8636c73,probabilidad
9784,T2733,probabilidad
9785,T2734,probabilidad
9786,T5520LS,probabilidad
9787,T8636c73,probabilidad
9788,T5520LS,probabilidad
9789,T7378,probabilidad
9790,T5520LS,probabilidad
9791,T7043,probabilidad
9792,u18,probabilidad
9792,LS,probabilidad
9793,u18,probabilidad
9793,LS,probabilidad
9794,u18,probabilidad
9794,LS,probabilidad
9795,T6505LS,probabilidad
9796,T6505LS,probabilidad
9797,T7043,probabilidad
9798,u18,probabilidad
9798,LS,probabilidad
9799,T6070,probabilidad
9800,u28,probabilidad
9801,u28,probabilidad
9802,u28,probabilidad
9803,u28,probabilidad
9804,u28,probabilidad
9805,u28,probabilidad
9806,u18,probabilidad
9806,LS,probabilidad
9807,T2733,probabilidad
9808,u27,probabilidad
9809,T5723LS,probabilidad
9810,u18,probabilidad
9810,LS,probabilidad
9811,T2734,probabilidad
9812,T6172n,probabilidad
9813,u18,probabilidad
9813,LS,probabilidad
9814,u18,probabilidad
9814,LS,probabilidad
9815,T10276,probabilidad
9816,T10276,probabilidad
9817,T5109LS,probabilidad
9820,T5109LS,probabilidad
9822,u28,probabilidad
9823,u18,probabilidad
9823,LS,probabilidad
9824,T5986,probabilidad
9825,T5986,probabilidad
9826,T5109LS,probabilidad
9827,T5109LS,probabilidad
9828,u18,probabilidad
9828,LS,probabilidad
9829,T5109LS,probabilidad
9830,u18,probabilidad
9830,LS,probabilidad
9831,T5109LS,probabilidad
9832,T5109LS,probabilidad
9833,T6976,probabilidad
9834,T5109LS,probabilidad
9835,u18,probabilidad
9835,LS,probabilidad
9836,T5109LS,probabilidad
9837,T5109LS,probabilidad
9838,u18,probabilidad
9838,LS,probabilidad
9840,T5109LS,probabilidad
9841,T5118LS,probabilidad
9842,T5118LS,probabilidad
9843,u18,probabilidad
9843,LS,probabilidad
9844,T2734,probabilidad
9845,u18,probabilidad
9845,LS,probabilidad
9846,T7043,probabilidad
9847,T5723LS,probabilidad
9848,T8636c73,probabilidad
9849,u27,probabilidad
9850,u27,probabilidad
9851,T2440,probabilidad
9852,T2440,probabilidad
9853,T2440,probabilidad
9854,u27,probabilidad
9855,u27,probabilidad
9856,T6385,probabilidad
9857,u27,probabilidad
9858,u28,probabilidad
9859,u28,probabilidad
9860,u28,probabilidad
9861,T2440,probabilidad
9862,T2440,probabilidad
9863,T7043,probabilidad
9864,T6385,probabilidad
9865,T2440,probabilidad
9866,T2440,probabilidad
9867,T7333,probabilidad
9868,T6385n,probabilidad
9869,T5723LS,probabilidad
9870,T2440,probabilidad
9872,u27,probabilidad
9873,u27,probabilidad
9874,u27,probabilidad
9875,T10528,probabilidad
9876,T10528,probabilidad
9877,T10528,probabilidad
9878,T7333,probabilidad
9879,T5520,probabilidad
9879,T6070,probabilidad
9880,T6385n,probabilidad
9881,T7043,probabilidad
9882,T5723LS,probabilidad
9883,T5723LS,probabilidad
9884,T6385n,probabilidad
9885,T7043,probabilidad
9886,T5723LS,probabilidad
9887,T5520LS,probabilidad
9888,T5723LS,probabilidad
9889,T5520LS,probabilidad
9890,T7043,probabilidad
9891,T5118LS,probabilidad
9892,T5118LS,probabilidad
9893,u28,probabilidad
9894,u28,probabilidad
9895,u28,probabilidad
9896,T7370,probabilidad
9897,u28,probabilidad
9898,u28,probabilidad
9899,u28,probabilidad
9900,T5723LS,probabilidad
9901,T5520LS,probabilidad
9902,T5723LS,probabilidad
9903,T7370,probabilidad
9904,T7370,probabilidad
9905,T7043,probabilidad
9906,T5723LS,probabilidad
9907,T5723LS,probabilidad
9908,T7043,probabilidad
9909,T5723LS,probabilidad
9910,T5723LS,probabilidad
9911,T7370,probabilidad
9913,T7370,probabilidad
9914,T6340n,probabilidad
9916,T2733,probabilidad
9919,T6385n,probabilidad
9920,T6340n,probabilidad
9922,T6340n,probabilidad
9923,T6340n,probabilidad
9925,T7043,probabilidad
9926,T6385n,probabilidad
9927,T6070,probabilidad
9928,T6340n,probabilidad
9929,T5520,probabilidad
9930,T6385n,probabilidad
9931,T7096,probabilidad
9932,T6340n,probabilidad
9933,T6340n,probabilidad
9935,T6385n,probabilidad
9936,T5803,probabilidad
9936,LS,probabilidad
9937,T5803,probabilidad
9937,LS,probabilidad
9938,T5803,probabilidad
9938,LS,probabilidad
9939,T5803,probabilidad
9939,LS,probabilidad
9940,T5803,probabilidad
9940,LS,probabilidad
9941,T5803,probabilidad
9941,LS,probabilidad
9942,T6385n,probabilidad
9943,T6385n,probabilidad
9944,T5713LS,probabilidad
9945,T5713LS,probabilidad
9946,T5713LS,probabilidad
9947,T5713LS,probabilidad
9948,T6070,probabilidad
9949,T2733,probabilidad
9950,T5713LS,probabilidad
9951,T5713LS,probabilidad
9952,T7096,probabilidad
9953,T7096,probabilidad
9954,T4701,probabilidad
9955,T7096,probabilidad
9956,T7043,probabilidad
9957,T5109LS,probabilidad
9958,u28,probabilidad
9959,u28,probabilidad
9960,u28,probabilidad
9961,T6976,probabilidad
9962,T5109LS,probabilidad
9963,T6070,probabilidad
9964,T8378,probabilidad
9965,T5109LS,probabilidad
9966,T8378,probabilidad
9967,T8636c73,probabilidad
9968,T8636c73,probabilidad
9969,T8636c73,probabilidad
9970,T6070n,probabilidad
9972,T6070n,probabilidad
9973,T6070n,probabilidad
9974,T6070n,probabilidad
9975,T5723LS,probabilidad
9976,T6070n,probabilidad
9977,T6070n,probabilidad
9978,T6070n,probabilidad
9979,T6070n,probabilidad
9980,T6070n,probabilidad
9981,T10528,probabilidad
9982,T10528,probabilidad
9983,T10528,probabilidad
9984,T6070n,probabilidad
9985,T5723LS,probabilidad
9986,T6070n,probabilidad
9987,T6976,probabilidad
9988,T5109LS,probabilidad
9989,T5109LS,probabilidad
9990,T6070n,probabilidad
9991,T6070n,probabilidad
9992,T6070n,probabilidad
9993,T5109LS,probabilidad
9994,T6070n,probabilidad
9995,T6070n,probabilidad
9996,T5109LS,probabilidad
9997,T5109LS,probabilidad
9998,T6070n,probabilidad
9999,T5109LS,probabilidad
10000,T7043,probabilidad
10001,T5723LS,probabilidad
10003,T6070n,probabilidad
10004,T5109LS,probabilidad
10006,T5109LS,probabilidad
10007,T5118LS,probabilidad
10008,T5118LS,probabilidad
10009,T6976,probabilidad
10010,T6385n,probabilidad
10011,T6070n,probabilidad
10012,T10528,probabilidad
10015,u28,probabilidad
10016,u28,probabilidad
10017,u28,probabilidad
10018,u28,probabilidad
10019,u28,probabilidad
10020,u28,probabilidad
10022,T5713,probabilidad
10023,T6385,probabilidad
10024,u27,probabilidad
10024,LS,probabilidad
10025,u27,probabilidad
10025,LS,probabilidad
10026,T8636c73,probabilidad
10027,T8636c73,probabilidad
10028,T8636c73,probabilidad
10029,T10528,probabilidad
10030,T10528,probabilidad
10031,T10528,probabilidad
10032,u27,probabilidad
10032,LS,probabilidad
10034,u27,probabilidad
10034,LS,probabilidad
10035,u27,probabilidad
10035,LS,probabilidad
10036,T2733,probabilidad
10037,u27,probabilidad
10037,LS,probabilidad
10039,T6385,probabilidad
10041,T6385n,probabilidad
10042,T6385,probabilidad
10044,T5520,probabilidad
10045,T7043,probabilidad
10046,T7192,probabilidad
10047,T7192,probabilidad
10048,T7192,probabilidad
10049,u27,probabilidad
10050,u27,probabilidad
10051,u28,probabilidad
10052,u28,probabilidad
10055,T6385n,probabilidad
10056,T6385n,probabilidad
10057,T5520,probabilidad
10059,u27,probabilidad
10061,T7194,probabilidad
10063,T7194,probabilidad
10064,T7194,probabilidad
10065,T5520,probabilidad
10066,T6385n,probabilidad
10067,T4701,probabilidad
10069,T5723LS,probabilidad
10070,T5713LS,probabilidad
10071,T5713LS,probabilidad
10072,T5713LS,probabilidad
10073,T6385n,probabilidad
10075,T7333,probabilidad
10079,T5723LS,probabilidad
10080,T8636c73,probabilidad
10086,T8636c73,probabilidad
10087,T8636c73,probabilidad
10088,T8636c73,probabilidad
10090,T7043,probabilidad
10094,T2318,probabilidad
10095,u18,probabilidad
10095,LS,probabilidad
10096,u28,probabilidad
10097,T5121n,probabilidad
10098,T7043,probabilidad
10100,T5121n,probabilidad
10101,T5047,probabilidad
10101,T4644,probabilidad
10102,u18,probabilidad
10102,LS,probabilidad
10104,T5047,probabilidad
10104,T4644,probabilidad
10105,T5047,probabilidad
10105,T4644,probabilidad
10106,T5047,probabilidad
10106,T4644,probabilidad
10107,T5047,probabilidad
10107,T4644,probabilidad
10108,T5047,probabilidad
10108,T4644,probabilidad
10109,T5047,probabilidad
10109,T4644,probabilidad
10110,T7043,probabilidad
10111,T9787,probabilidad
10114,T5723LS,probabilidad
10115,u18,probabilidad
10115,LS,probabilidad
10117,T5723LS,probabilidad
10119,u18,probabilidad
10119,LS,probabilidad
10122,T5520,probabilidad
10124,T5723LS,probabilidad
10127,T5723LS,probabilidad
10128,T5723LS,probabilidad
10129,T7370,probabilidad
10134,T7370,probabilidad
10136,T7043,probabilidad
10137,T5118LS,probabilidad
10138,T5118LS,probabilidad
10139,T7370,probabilidad
10140,T7370,probabilidad
10141,u18,probabilidad
10141,LS,probabilidad
10142,u18,probabilidad
10142,LS,probabilidad
10145,T7370,probabilidad
10146,T7370,probabilidad
10147,T7043,probabilidad
10148,u18,probabilidad
10148,LS,probabilidad
10149,u28,probabilidad
10150,u28,probabilidad
10151,u28,probabilidad
10152,T7370,probabilidad
10153,T7370,probabilidad
10154,T2384n,probabilidad
10154,T8378,probabilidad
10156,T4701,probabilidad
10157,T7370,probabilidad
10158,u18,probabilidad
10158,LS,probabilidad
10159,T7370,probabilidad
10160,u18,probabilidad
10160,LS,probabilidad
10161,u28,probabilidad
10162,T6385,probabilidad
10163,T7476,probabilidad
10164,T10276,probabilidad
10169,T7370,probabilidad
10172,T6976,probabilidad
10173,T6070n,probabilidad
10174,T6070n,probabilidad
10176,T7043,probabilidad
10181,T7043,probabilidad
10182,T6070n,probabilidad
10183,u18,probabilidad
10183,LS,probabilidad
10185,T6976,probabilidad
10186,T7043,probabilidad
10189,u28,probabilidad
10190,T8636c73,probabilidad
10191,T8636c73,probabilidad
10192,T8636c73,probabilidad
10193,T7476,probabilidad
10196,T6340,probabilidad
10197,T5109LS,probabilidad
10198,T7476,probabilidad
10199,T7476,probabilidad
10200,T7476,probabilidad
10201,T7043,probabilidad
10202,T5109LS,probabilidad
10203,T5109LS,probabilidad
10204,T7476,probabilidad
10206,T10276,probabilidad
10207,T5723LS,probabilidad
10209,T7333,probabilidad
10210,T5109LS,probabilidad
10211,T5723LS,probabilidad
10212,T6976,probabilidad
10213,T6385,probabilidad
10214,T6976,probabilidad
10215,T7333,probabilidad
10216,T6340,probabilidad
10217,T6340,probabilidad
10218,u28,probabilidad
10219,T7043,probabilidad
10220,T6385,probabilidad
10223,T7333,probabilidad
10225,T7043,probabilidad
10226,T7476,probabilidad
10227,T7476,probabilidad
10228,T7476,probabilidad
10229,T5118LS,probabilidad
10230,T5118LS,probabilidad
10231,T5723LS,probabilidad
10234,T5723LS,probabilidad
10235,T5723LS,probabilidad
10236,T5723LS,probabilidad
10238,T7043,probabilidad
10240,T6070,probabilidad
10241,u28,probabilidad
10242,u28,probabilidad
10243,u28,probabilidad
10244,u28,probabilidad
10245,u28,probabilidad
10246,u28,probabilidad
10249,T5723LS,probabilidad
10250,T5723LS,probabilidad
10252,T6070,probabilidad
10253,u27,probabilidad
10253,LS,probabilidad
10254,u27,probabilidad
10254,LS,probabilidad
10255,u27,probabilidad
10255,LS,probabilidad
10256,u27,probabilidad
10256,LS,probabilidad
10257,u27,probabilidad
10257,LS,probabilidad
10258,u27,probabilidad
10258,LS,probabilidad
10259,T5723LS,probabilidad
10260,T5723LS,probabilidad
10261,T6385,probabilidad
10262,T5723LS,probabilidad
10264,T5723LS,probabilidad
10265,T6070n,probabilidad
10266,T5723LS,probabilidad
10267,T6070n,probabilidad
10269,T6070n,probabilidad
10270,u18,probabilidad
10270,LS,probabilidad
10272,u28,probabilidad
10273,T2734,probabilidad
10274,u18,probabilidad
10274,LS,probabilidad
10278,T7043,probabilidad
10279,T7333,probabilidad
10280,T5803,probabilidad
10280,LS,probabilidad
10281,T5803,probabilidad
10281,LS,probabilidad
10282,T5803,probabilidad
10282,LS,probabilidad
10283,u28,probabilidad
10284,T7043,probabilidad
10285,T8636c73,probabilidad
10286,T8636c73,probabilidad
10287,T8636c73,probabilidad
10288,T7043,probabilidad
10289,T6070n,probabilidad
10290,T8378,probabilidad
10291,T6070n,probabilidad
10293,T6976,probabilidad
10294,T8378,probabilidad
10295,T6070n,probabilidad
10296,T6070n,probabilidad
10297,T6070n,probabilidad
10298,T7476,probabilidad
10299,T7476,probabilidad
10300,T7476,probabilidad
10301,T6070n,probabilidad
10305,T7043,probabilidad
10306,u18,probabilidad
10306,LS,probabilidad
10308,T6070,probabilidad
10309,u18,probabilidad
10309,LS,probabilidad
10310,T5723LS,probabilidad
10311,T5520,probabilidad
10312,T5723LS,probabilidad
10313,T7043,probabilidad
10314,T5714n,probabilidad
10315,T5714n,probabilidad
10316,T6385,probabilidad
10318,u18,probabilidad
10318,LS,probabilidad
10319,T5714n,probabilidad
10321,T6976,probabilidad
10322,T7043,probabilidad
10323,T7043,probabilidad
10324,T8378,probabilidad
10325,T6385,probabilidad
10327,T6976,probabilidad
10328,T6976,probabilidad
10339,T7043,probabilidad
10340,T7043,probabilidad
10341,T5109LS,probabilidad
10342,T5803,probabilidad
10342,LS,probabilidad
10343,T6070,probabilidad
10344,T5803,probabilidad
10344,LS,probabilidad
10345,T5803,probabilidad
10345,LS,probabilidad
10347,T5803,probabilidad
10347,LS,probabilidad
10348,T5803,probabilidad
10348,LS,probabilidad
10349,T5109LS,probabilidad
10350,T5520,probabilidad
10354,T5803,probabilidad
10354,LS,probabilidad
10355,T5723LS,probabilidad
10356,T6070n,probabilidad
10358,T5723LS,probabilidad
10359,T6070n,probabilidad
10361,T6070n,probabilidad
10363,T6070n,probabilidad
10364,T6070n,probabilidad
10365,T5109LS,probabilidad
10367,T5109LS,probabilidad
10368,T5109LS,probabilidad
10369,T7043,probabilidad
10371,T6070n,probabilidad
10372,T5109LS,probabilidad
10373,T6070n,probabilidad
10374,T5109LS,probabilidad
10375,T6070n,probabilidad
10376,T5109LS,probabilidad
10377,u27,probabilidad
10378,T6070n,probabilidad
10380,T7043,probabilidad
10384,T5109LS,probabilidad
10385,T7043,probabilidad
10386,T6070,probabilidad
10387,T6070n,probabilidad
10388,T4701,probabilidad
10389,T6070n,probabilidad
10391,T7333,probabilidad
10393,u28,probabilidad
10395,T8636c73,probabilidad
10396,u18,probabilidad
10396,LS,probabilidad
10397,T6976,probabilidad
10398,T7401LS,probabilidad
10399,T7401LS,probabilidad
10400,T7043,probabilidad
10401,T7333,probabilidad
10402,T8378,probabilidad
10403,u18,probabilidad
10403,LS,probabilidad
10404,T7043,probabilidad
10405,T6976,probabilidad
10406,T7476,probabilidad
10407,T7476,probabilidad
10408,T7476,probabilidad
10411,u18,probabilidad
10411,LS,probabilidad
10413,u28,probabilidad
10414,T9787,probabilidad
10415,u28,probabilidad
10416,u28,probabilidad
10417,u28,probabilidad
10418,T7043,probabilidad
10421,u18,probabilidad
10421,LS,probabilidad
10422,u18,probabilidad
10422,LS,probabilidad
10423,u18,probabilidad
10423,LS,probabilidad
10424,T7043,probabilidad
10425,T9787,probabilidad
10427,T7370,probabilidad
10428,T7370,probabilidad
10429,T7043,probabilidad
10431,T7043,probabilidad
10432,T7370,probabilidad
10433,u18,probabilidad
10433,LS,probabilidad
10434,u18,probabilidad
10434,LS,probabilidad
10436,T7043,probabilidad
10437,T7370,probabilidad
10438,T7192,probabilidad
10439,T7192,probabilidad
10440,T7192,probabilidad
10443,T7043,probabilidad
10444,T7476,probabilidad
10445,T7476,probabilidad
10446,T7476,probabilidad
10447,T7370,probabilidad
10448,T5713LS,probabilidad
10449,T5713LS,probabilidad
10450,T7370,probabilidad
10451,T8636c73,probabilidad
10452,T8636c73,probabilidad
10453,T8636c73,probabilidad
10454,T5713LS,probabilidad
10455,T5723LS,probabilidad
10456,T5713LS,probabilidad
10457,T5713LS,probabilidad
10458,T7043,probabilidad
10459,T7043,probabilidad
10460,T5713LS,probabilidad
10461,T7476,probabilidad
10462,T7476,probabilidad
10463,T7476,probabilidad
10464,T5713LS,probabilidad
10465,T7370,probabilidad
10467,T6976,probabilidad
10470,T7096c74,probabilidad
10473,T8378,probabilidad
10477,T8636c73,probabilidad
10478,T6976,probabilidad
10479,T6976,probabilidad
10482,T7043,probabilidad
10487,T7476,probabilidad
10490,u28,probabilidad
10491,T5723LS,probabilidad
10492,T7476,probabilidad
10493,T7476,probabilidad
10495,T5520,probabilidad
10495,T6385,probabilidad
10496,T7043,probabilidad
10498,T6976,probabilidad
10499,T6976,probabilidad
10500,T7043,probabilidad
10502,T5723LS,probabilidad
10507,u27,probabilidad
10507,LS,probabilidad
10508,u27,probabilidad
10508,LS,probabilidad
10510,T5520,probabilidad
10510,T6070,probabilidad
10510,T4828,probabilidad
10510,u24,probabilidad
10511,u27,probabilidad
10511,LS,probabilidad
10512,u27,probabilidad
10512,LS,probabilidad
10513,u27,probabilidad
10513,LS,probabilidad
10516,T5723LS,probabilidad
10517,u27,probabilidad
10517,LS,probabilidad
10519,T7043,probabilidad
10524,T8636c73,probabilidad
10525,T8636c73,probabilidad
10526,T8636c73,probabilidad
10527,T6976,probabilidad
10530,T5723LS,probabilidad
10531,T6976,probabilidad
10532,T6976,probabilidad
10533,T5723LS,probabilidad
10534,T8637,probabilidad
10535,T5723LS,probabilidad
10538,T8637,probabilidad
10539,T10528,probabilidad
10540,T10528,probabilidad
10541,T10528,probabilidad
10542,T10528,probabilidad
10543,T5723LS,probabilidad
10544,T6976,probabilidad
10545,T6976,probabilidad
10550,T10528,probabilidad
10551,T8637,probabilidad
10552,T7333,probabilidad
10553,T5803,probabilidad
10553,LS,probabilidad
10554,T5803,probabilidad
10554,LS,probabilidad
10555,T5803,probabilidad
10555,LS,probabilidad
10557,T6976,probabilidad
10558,T5118LS,probabilidad
10559,T5118LS,probabilidad
10560,T8637,probabilidad
10561,T6976,probabilidad
10563,T6976,probabilidad
10565,T8637,probabilidad
10568,T8636c73,probabilidad
10573,T6976,probabilidad
10574,T8637,probabilidad
10575,u28,probabilidad
10576,u28,probabilidad
10577,u28,probabilidad
10578,u28,probabilidad
10579,u28,probabilidad
10580,u28,probabilidad
10582,T5520LS,probabilidad
10583,T7370,probabilidad
10584,T6976,probabilidad
10589,T8636c73,probabilidad
10590,T8636c73,probabilidad
10591,T8636c73,probabilidad
10592,T8636c73,probabilidad
10593,T8636c73,probabilidad
10594,T8636c73,probabilidad
10595,T8378,probabilidad
10596,T6976,probabilidad
10597,T7370,probabilidad
10598,T8637,probabilidad
10600,T5520LS,probabilidad
10601,T7043,probabilidad
10603,T7370,probabilidad
10604,T8636c73,probabilidad
10605,T8636c73,probabilidad
10606,u27,probabilidad
10606,LS,probabilidad
10607,T8636c73,probabilidad
10608,T6976,probabilidad
10609,T6976,probabilidad
10610,u27,probabilidad
10610,LS,probabilidad
10611,T8378,probabilidad
10612,T6976,probabilidad
10613,T6976,probabilidad
10614,u18,probabilidad
10614,LS,probabilidad
10615,u27,probabilidad
10615,LS,probabilidad
10616,T7370,probabilidad
10617,u18,probabilidad
10617,LS,probabilidad
10618,T5520LS,probabilidad
10619,T7370,probabilidad
10621,T8637,probabilidad
10622,u18,probabilidad
10622,LS,probabilidad
10623,T7192,probabilidad
10625,T7192,probabilidad
10626,T7043,probabilidad
10627,T5520LS,probabilidad
10629,T6976,probabilidad
10630,T7370,probabilidad
10632,T6976,probabilidad
10633,T5109LS,probabilidad
10634,T7370,probabilidad
10636,T7370,probabilidad
10638,T7333,probabilidad
10639,T5520LS,probabilidad
10640,T5109LS,probabilidad
10642,T5520LS,probabilidad
10643,T7370,probabilidad
10644,T6976,probabilidad
10650,T7370,probabilidad
10651,T7370,probabilidad
10652,T7851,probabilidad
10653,T7370,probabilidad
10654,T7043,probabilidad
10656,T7370,probabilidad
10658,T8637,probabilidad
10659,T5520,probabilidad
10659,T6070,probabilidad
10660,T7370,probabilidad
10663,T7043,probabilidad
10664,T7370,probabilidad
10665,T8378,probabilidad
10666,T6976,probabilidad
10667,T8636c73,probabilidad
10668,T8636c73,probabilidad
10669,T8636c73,probabilidad
10670,T8636c73,probabilidad
10671,T8636c73,probabilidad
10672,T8636c73,probabilidad
10673,T7043,probabilidad
10674,T6976,probabilidad
10675,T6976,probabilidad
10676,T6976,probabilidad
10677,T7192,probabilidad
10678,T6976,probabilidad
10680,T7192,probabilidad
10681,T7192,probabilidad
10683,T6976,probabilidad
10684,T9221,probabilidad
10689,T7043,probabilidad
10690,T2440,probabilidad
10691,u28,probabilidad
10692,u28,probabilidad
10693,T7043,probabilidad
10696,T5713,probabilidad
10698,T2440,probabilidad
10699,T6976,probabilidad
10700,T7043,probabilidad
10701,T5520LS,probabilidad
10702,T7370,probabilidad
10703,T7043,probabilidad
10705,T7043,probabilidad
10706,T8636c73,probabilidad
10707,T8636c73,probabilidad
10708,T8636c73,probabilidad
10709,T6976,probabilidad
10710,T5520LS,probabilidad
10714,T8637,probabilidad
10715,T8636c73,probabilidad
10716,T7370,probabilidad
10717,T5723LS,probabilidad
10718,T5723LS,probabilidad
10719,T6976,probabilidad
10720,T6976,probabilidad
10722,T5520,probabilidad
10722,T6070,probabilidad
10723,T7476,probabilidad
10724,T7476,probabilidad
10725,T7476,probabilidad
10727,u28,probabilidad
10728,u28,probabilidad
10729,u28,probabilidad
10730,u28,probabilidad
10731,u28,probabilidad
10732,u28,probabilidad
10733,u28,probabilidad
10734,u28,probabilidad
10740,T5520LS,probabilidad
10745,T7043,probabilidad
10750,T7043,probabilidad
10751,T7043,probabilidad
10752,T7043,probabilidad
10753,T8636c73,probabilidad
10756,T7043,probabilidad
10757,T6070,probabilidad
10758,T6976,probabilidad
10761,T5520LS,probabilidad
10768,T7043,probabilidad
10770,T6070,probabilidad
10771,u28,probabilidad
10772,T7043,probabilidad
10773,T7043,probabilidad
10774,T5520LS,probabilidad
10775,T6976,probabilidad
10776,T8636c73,probabilidad
10777,T8636c73,probabilidad
10778,T8636c73,probabilidad
10779,T8636c73,probabilidad
10780,T8636c73,probabilidad
10781,T8636c73,probabilidad
10782,T8636c73,probabilidad
10783,T8636c73,probabilidad
10784,T8636c73,probabilidad
10787,T8636c73,probabilidad
10788,T8636c73,probabilidad
10789,T5723LS,probabilidad
10790,T5723LS,probabilidad
10791,T7043,probabilidad
10792,T8636c73,probabilidad
10793,T8636c73,probabilidad
10794,T8636c73,probabilidad
10795,T8636c73,probabilidad
10796,T8636c73,probabilidad
10797,T8636c73,probabilidad
10798,T5520LS,probabilidad
10801,T8637,probabilidad
10802,T7043,probabilidad
10803,u27,probabilidad
10804,T7370,probabilidad
10805,T7043,probabilidad
10806,T7370,probabilidad
10807,T5520LS,probabilidad
10809,T7043,probabilidad
10810,T5714n,probabilidad
10813,T5118LS,probabilidad
10814,T5118LS,probabilidad
10815,T5118LS,probabilidad
10817,T5714n,probabilidad
10818,T5714n,probabilidad
10820,T10528,probabilidad
10824,T8636c73,probabilidad
10826,T7370,probabilidad
10827,T6070n,probabilidad
10827,T4828n,probabilidad
10827,u24,probabilidad
10828,T6070n,probabilidad
10828,T4828n,probabilidad
10828,u24,probabilidad
10829,T8636c73,probabilidad
10830,T8636c73,probabilidad
10831,T8636c73,probabilidad
10832,T8636c73,probabilidad
10833,T8636c73,probabilidad
10834,T8636c73,probabilidad
10836,T5520LS,probabilidad
10837,T10528,probabilidad
10840,T6070n,probabilidad
10840,T4828n,probabilidad
10840,u24,probabilidad
10842,T10528,probabilidad
10846,T8636c73,probabilidad
10847,T6070n,probabilidad
10847,T4828n,probabilidad
10847,u24,probabilidad
10848,T10528,probabilidad
10849,T5520LS,probabilidad
10851,T6070n,probabilidad
10851,T4828n,probabilidad
10851,u24,probabilidad
10853,T10528,probabilidad
10854,T10528,probabilidad
10856,T7043,probabilidad
10860,T10528,probabilidad
10861,T10528,probabilidad
10862,T8636c73,probabilidad
10865,T6070n,probabilidad
10865,T4828n,probabilidad
10865,u24,probabilidad
10871,u27,probabilidad
10873,T6976,probabilidad
10876,T7043,probabilidad
10878,T7378,probabilidad
10881,T8636c73,probabilidad
10882,T8636c73,probabilidad
10883,T8636c73,probabilidad
10885,T7043,probabilidad
10886,T5520,probabilidad
10886,T6070,probabilidad
10887,T5714,probabilidad
10888,T5714,probabilidad
10889,u28,probabilidad
10890,u28,probabilidad
10891,u28,probabilidad
10892,u28,probabilidad
10893,u28,probabilidad
10899,T6976,probabilidad
10901,T5723LS,probabilidad
10902,T5803,probabilidad
10903,T5714,probabilidad
10905,T5714,probabilidad
10906,T8636c73,probabilidad
10907,T8636c73,probabilidad
10908,T8636c73,probabilidad
10909,T8636c73,probabilidad
10910,T8636c73,probabilidad
10911,T8636c73,probabilidad
10912,T8636c73,probabilidad
10913,T8636c73,probabilidad
10914,T8636c73,probabilidad
10915,T8636c73,probabilidad
10916,T8636c73,probabilidad
10917,T5520LS,probabilidad
10918,T5118LS,probabilidad
10919,T5118LS,probabilidad
10920,T5118LS,probabilidad
10921,T6976,probabilidad
10922,T6976,probabilidad
10923,T7476,probabilidad
10924,T7476,probabilidad
10925,T7476,probabilidad
10926,u27,probabilidad
10926,LS,probabilidad
10927,u27,probabilidad
10927,LS,probabilidad
10928,u27,probabilidad
10928,LS,probabilidad
10929,u27,probabilidad
10929,LS,probabilidad
10930,u27,probabilidad
10930,LS,probabilidad
10931,u27,probabilidad
10931,LS,probabilidad
10932,T6976,probabilidad
10933,T8636c73,probabilidad
10934,T8636c73,probabilidad
10935,T8636c73,probabilidad
10936,T8636c73,probabilidad
10937,T8636c73,probabilidad
10938,T8636c73,probabilidad
10939,T8637,probabilidad
10940,T7476,probabilidad
10941,T10276,probabilidad
10942,T7476,probabilidad
10943,T5109LS,probabilidad
10944,T7043,probabilidad
10946,T7043,probabilidad
10949,T5109LS,probabilidad
10950,T5109LS,probabilidad
10952,u28,probabilidad
10953,T7043,probabilidad
10956,T5109LS,probabilidad
10957,T5803,probabilidad
10957,LS,probabilidad
10958,T5803,probabilidad
10958,LS,probabilidad
10959,T5803,probabilidad
10959,LS,probabilidad
10961,T5803,probabilidad
10961,LS,probabilidad
10962,T5803,probabilidad
10962,LS,probabilidad
10963,T5803,probabilidad
10963,LS,probabilidad
10964,T5803,probabilidad
10964,LS,probabilidad
10965,T5803,probabilidad
10965,LS,probabilidad
10966,T5803,probabilidad
10966,LS,probabilidad
10967,T5109LS,probabilidad
10968,T6976,probabilidad
10969,T5723LS,probabilidad
10970,T5723LS,probabilidad
10974,T6976,probabilidad
10976,T8636c73,probabilidad
10978,T6976,probabilidad
10979,T6976,probabilidad
10980,T7043,probabilidad
10982,T7476,probabilidad
10983,T7476,probabilidad
10984,T7476,probabilidad
10985,T5520LS,probabilidad
10986,T6976,probabilidad
10988,T8636c73,probabilidad
10993,T7096,probabilidad
10994,T7096,probabilidad
10999,T5714,probabilidad
11000,T5520LS,probabilidad
11001,T6976,probabilidad
11002,T5118LS,probabilidad
11003,T5118LS,probabilidad
11005,T5714,probabilidad
11006,T7043,probabilidad
11007,T7370,probabilidad
11008,T5723LS,probabilidad
11010,T5723LS,probabilidad
11011,u28,probabilidad
11012,u28,probabilidad
11013,u28,probabilidad
11014,u28,probabilidad
11015,u28,probabilidad
11016,u28,probabilidad
11017,T7370,probabilidad
11018,T7370,probabilidad
11019,T5520LS,probabilidad
11021,T7333,probabilidad
11022,T5520,probabilidad
11022,T6070,probabilidad
11022,T4828,probabilidad
11022,u24,probabilidad
11024,T8636c73,probabilidad
11025,T8636c73,probabilidad
11029,T5520LS,probabilidad
11030,T5520,probabilidad
11032,T8636c73,probabilidad
11033,T8636c73,probabilidad
11034,T8636c73,probabilidad
11035,T8636c73,probabilidad
11036,T8636c73,probabilidad
11037,T8636c73,probabilidad
11039,T7370,probabilidad
11041,T6976,probabilidad
11044,T8378,probabilidad
11045,T7043,probabilidad
11046,T5723LS,probabilidad
11048,T5520LS,probabilidad
11049,T5520LS,probabilidad
11050,T5520LS,probabilidad
11053,T7096,probabilidad
11056,T5520LS,probabilidad
11057,T5520,probabilidad
11058,T5723LS,probabilidad
11059,T6976,probabilidad
11060,T7370,probabilidad
11061,T8636c73,probabilidad
11062,T8636c73,probabilidad
11063,T8636c73,probabilidad
11064,T7370,probabilidad
11065,T5118LS,probabilidad
11066,T5118LS,probabilidad
11067,T5723LS,probabilidad
11068,T5118LS,probabilidad
11071,T5713,probabilidad
11072,T6976,probabilidad
11078,T7370,probabilidad
11081,T7043,probabilidad
11087,T8636c73,probabilidad
11088,T8636c73,probabilidad
11089,T8636c73,probabilidad
11090,T8636c73,probabilidad
11091,T8636c73,probabilidad
11092,T8636c73,probabilidad
11096,T8636c73,probabilidad
11097,T8636c73,probabilidad
11098,T8636c73,probabilidad
11099,T8636c73,probabilidad
11100,T8636c73,probabilidad
11101,T8636c73,probabilidad
11102,T8636c73,probabilidad
11103,T8636c73,probabilidad
11104,T8636c73,probabilidad
11106,T8636c73,probabilidad
11107,T8636c73,probabilidad
11108,T5714,probabilidad
11109,T6976,probabilidad
11110,T5714,probabilidad
11112,T5723LS,probabilidad
11113,T8637,probabilidad
11114,T6976,probabilidad
11116,T5118LS,probabilidad
11117,T5118LS,probabilidad
11118,T5118LS,probabilidad
11119,T8636c73,probabilidad
11120,T8636c73,probabilidad
11121,T8636c73,probabilidad
11122,T8636c73,probabilidad
11123,T8636c73,probabilidad
11124,T8636c73,probabilidad
11131,T7476,probabilidad
11133,T7043,probabilidad
11134,u27,probabilidad
11135,u27,probabilidad
11136,u27,probabilidad
11139,T7476,probabilidad
11140,T8636c73,probabilidad
11141,T5723LS,probabilidad
11143,T6070n,probabilidad
11143,T4828n,probabilidad
11143,u24,probabilidad
11144,T8636c73,probabilidad
11145,u27,probabilidad
11146,T5723LS,probabilidad
11147,T7378,probabilidad
11148,T6070n,probabilidad
11148,T4828n,probabilidad
11148,u24,probabilidad
11149,T5713LS,probabilidad
11150,T5713LS,probabilidad
11151,T5713LS,probabilidad
11152,T5713LS,probabilidad
11153,T5713LS,probabilidad
11154,T5713LS,probabilidad
11155,T5713LS,probabilidad
11156,T8636c73,probabilidad
11157,T5520,probabilidad
11158,T5520,probabilidad
11160,T5723LS,probabilidad
11166,T6070n,probabilidad
11166,T4828n,probabilidad
11166,u24,probabilidad
11167,T7370,probabilidad
11168,u27,probabilidad
11169,T7370,probabilidad
11170,T7043,probabilidad
11171,T6976,probabilidad
11173,T7370,probabilidad
11174,T8636c73,probabilidad
11175,T5118LS,probabilidad
11176,T5118LS,probabilidad
11177,T5118LS,probabilidad
11178,T6385,probabilidad
11179,T7370,probabilidad
11180,T5713LS,probabilidad
11181,T5713LS,probabilidad
11182,T5713LS,probabilidad
11183,T7043,probabilidad
11184,T8636c73,probabilidad
11185,T8636c73,probabilidad
11186,T8636c73,probabilidad
11187,T7370,probabilidad
11188,T7370,probabilidad
11189,T7043,probabilidad
11191,T7043,probabilidad
11192,T7043,probabilidad
11193,T7370,probabilidad
11195,T7370,probabilidad
11199,T7370,probabilidad
11200,T7370,probabilidad
11202,T7370,probabilidad
11204,T7043,probabilidad
11205,T7370,probabilidad
11210,T7851,probabilidad
11212,T7370,probabilidad
11213,T7370,probabilidad
11214,T5723LS,probabilidad
11215,T7043,probabilidad
11216,T7370,probabilidad
11218,T7851,probabilidad
11219,T5713LS,probabilidad
11220,T5713LS,probabilidad
11221,T5713LS,probabilidad
11222,T5713LS,probabilidad
11223,T5713LS,probabilidad
11224,T5713LS,probabilidad
11225,T5713LS,probabilidad
11226,T5713LS,probabilidad
11227,T5713LS,probabilidad
11228,T5713LS,probabilidad
11229,T5713LS,probabilidad
11230,T5713LS,probabilidad
11231,T7370,probabilidad
11234,u28,probabilidad
11236,T7851,probabilidad
11237,T5109LS,probabilidad
11238,T7370,probabilidad
11241,T5109LS,probabilidad
11242,T5109LS,probabilidad
11243,T7370,probabilidad
11244,T5109LS,probabilidad
11245,T5109LS,probabilidad
11246,T7370,probabilidad
11247,T7043,probabilidad
11248,T5109LS,probabilidad
11252,T5713LS,probabilidad
11253,T5713LS,probabilidad
11254,T5713LS,probabilidad
11255,T5713LS,probabilidad
11256,T5713LS,probabilidad
11257,T5713LS,probabilidad
11258,T5109LS,probabilidad
11261,u28,probabilidad
11262,u28,probabilidad
11263,u28,probabilidad
11269,T5109LS,probabilidad
11274,T7043,probabilidad
11276,T10276,probabilidad
11278,T10276,probabilidad
11279,T7476,probabilidad
11280,T7370,probabilidad
11281,T5723LS,probabilidad
11283,T7370,probabilidad
11284,T7370,probabilidad
11290,T7370,probabilidad
11300,u28,probabilidad
11301,u28,probabilidad
11302,u28,probabilidad
11303,u28,probabilidad
11304,u28,probabilidad
11307,T5520,probabilidad
11307,T6070,probabilidad
11311,T7370,probabilidad
11312,T10528,probabilidad
11315,T5118LS,probabilidad
11316,T5118LS,probabilidad
11317,T7370,probabilidad
11323,T7370,probabilidad
11325,T7370,probabilidad
11328,T7370,probabilidad
11337,T10528,probabilidad
11338,T8636c73,probabilidad
11340,T7370,probabilidad
11341,T7370,probabilidad
11342,T5520,probabilidad
11348,T5723LS,probabilidad
11350,T10528,probabilidad
11352,T7370,probabilidad
11353,T8636c73,probabilidad
11355,T8636c73,probabilidad
11356,T8636c73,probabilidad
11357,T8636c73,probabilidad
11358,T8636c73,probabilidad
11359,T8636c73,probabilidad
11360,T8636c73,probabilidad
11361,T8636c73,probabilidad
11362,T8636c73,probabilidad
11365,T8636c73,probabilidad
11366,T8636c73,probabilidad
11371,T5520LS,probabilidad
11374,T5520LS,probabilidad
11376,T8637,probabilidad
11377,T7370,probabilidad
11380,T5520LS,probabilidad
11381,T5520LS,probabilidad
11382,T5118LS,probabilidad
11383,T5118LS,probabilidad
11385,T5118LS,probabilidad
11386,T5520LS,probabilidad
11388,T5520LS,probabilidad
11390,T7192,probabilidad
11391,T7192,probabilidad
11392,T7192,probabilidad
11393,T7370,probabilidad
11395,T8636c73,probabilidad
11396,T8636c73,probabilidad
11397,T8636c73,probabilidad
11398,T8636c73,probabilidad
11399,T8636c73,probabilidad
11400,T8636c73,probabilidad
11405,T5520LS,probabilidad
11406,T5520,probabilidad
11410,T5520LS,probabilidad
11411,u27,probabilidad
11412,u27,probabilidad
11413,u27,probabilidad
11414,T7043,probabilidad
11415,T8636c73,probabilidad
11416,T8636c73,probabilidad
11417,T8636c73,probabilidad
11418,T8636c73,probabilidad
11419,T8636c73,probabilidad
11420,T8636c73,probabilidad
11421,T8636c73,probabilidad
11422,T8636c73,probabilidad
11423,T5520LS,probabilidad
11426,T6070,probabilidad
11429,T5520LS,probabilidad
11433,T5520LS,probabilidad
11435,T5723LS,probabilidad
11436,T7370,probabilidad
11437,T5520LS,probabilidad
11442,T5520LS,probabilidad
11443,T8636c73,probabilidad
11444,T7370,probabilidad
11445,T8636c73,probabilidad
11446,T8636c73,probabilidad
11448,T7370,probabilidad
11449,T5520LS,probabilidad
11450,T5520LS,probabilidad
11452,T7370,probabilidad
11453,T7370,probabilidad
11456,T5520LS,probabilidad
11458,T5520LS,probabilidad
11465,T5520,probabilidad
11465,T6070,probabilidad
11465,T4828,probabilidad
11467,T8636c73,probabilidad
11468,T7370,probabilidad
11469,T8636c73,probabilidad
11470,T5520LS,probabilidad
11471,T8636c73,probabilidad
11472,T8636c73,probabilidad
11473,T8636c73,probabilidad
11474,T8636c73,probabilidad
11475,T8636c73,probabilidad
11476,T8636c73,probabilidad
11477,T8636c73,probabilidad
11478,T8636c73,probabilidad
11479,T7370,probabilidad
11480,T8636c73,probabilidad
11481,T5109LS,probabilidad
11484,T7370,probabilidad
11485,T7370,probabilidad
11486,T5109LS,probabilidad
11487,T7370,probabilidad
11488,T7370,probabilidad
11489,T5986,probabilidad
11491,T5986,probabilidad
11492,T5520LS,probabilidad
11493,T7370,probabilidad
11494,T5109LS,probabilidad
11495,T5520LS,probabilidad
11496,T7043,probabilidad
11497,T5109LS,probabilidad
11498,T7378,probabilidad
11499,T5520LS,probabilidad
11500,T7370,probabilidad
11501,T5520LS,probabilidad
11502,T7043,probabilidad
11504,T5714,probabilidad
11505,T5714,probabilidad
11506,T5520LS,probabilidad
11507,T7370,probabilidad
11508,T5520LS,probabilidad
11509,T5520LS,probabilidad
11511,T6070,probabilidad
11512,T8636c73,probabilidad
11513,T5109LS,probabilidad
11514,T5714,probabilidad
11515,T6976,probabilidad
11516,T5109LS,probabilidad
11517,T5109LS,probabilidad
11520,T5520,probabilidad
11521,u27,probabilidad
11521,LS,probabilidad
11522,u27,probabilidad
11522,LS,probabilidad
11523,u27,probabilidad
11523,LS,probabilidad
11524,u27,probabilidad
11524,LS,probabilidad
11525,u27,probabilidad
11525,LS,probabilidad
11526,u27,probabilidad
11526,LS,probabilidad
11527,T5520LS,probabilidad
11529,T5520,probabilidad
11530,T7663,probabilidad
11531,T7043,probabilidad
11532,T6976,probabilidad
11533,T7370,probabilidad
11534,T5520LS,probabilidad
11535,T8636c73,probabilidad
11536,T8636c73,probabilidad
11537,T8636c73,probabilidad
11538,T8636c73,probabilidad
11539,T8636c73,probabilidad
11540,T8636c73,probabilidad
11541,T5520LS,probabilidad
11542,T8636c73,probabilidad
11543,T5520LS,probabilidad
11548,T5520LS,probabilidad
11549,T5520LS,probabilidad
11550,u28,probabilidad
11551,u28,probabilidad
11552,u28,probabilidad
11553,u28,probabilidad
11554,u28,probabilidad
11555,u28,probabilidad
11556,T8636c73,probabilidad
11557,T5109LS,probabilidad
11558,T5109LS,probabilidad
11559,T7370,probabilidad
11560,T5109LS,probabilidad
11561,T7370,probabilidad
11562,T7476,probabilidad
11563,T7476,probabilidad
11564,T7370,probabilidad
11565,T7370,probabilidad
11566,T5714,probabilidad
11567,T7043,probabilidad
11568,T6070,probabilidad
11569,T5714,probabilidad
11570,T7370,probabilidad
11571,T7370,probabilidad
11572,T7370,probabilidad
11573,T7370,probabilidad
11574,T7370,probabilidad
11575,T7370,probabilidad
11576,T5714,probabilidad
11577,T6070,probabilidad
11578,u27,probabilidad
11578,LS,probabilidad
11579,u27,probabilidad
11579,LS,probabilidad
11580,u27,probabilidad
11580,LS,probabilidad
11581,T7370,probabilidad
11582,T7370,probabilidad
11583,T7370,probabilidad
11584,T7370,probabilidad
11585,T5714,probabilidad
11586,T6070,probabilidad
11587,T7370,probabilidad
11589,T7043,probabilidad
11590,T7370,probabilidad
11591,T6976,probabilidad
11595,T6070,probabilidad
11598,T5118LS,probabilidad
11599,T5118LS,probabilidad
11600,T5118LS,probabilidad
11601,u27,probabilidad
11601,LS,probabilidad
11602,u27,probabilidad
11602,LS,probabilidad
11603,u27,probabilidad
11603,LS,probabilidad
11604,u27,probabilidad
11604,LS,probabilidad
11605,u27,probabilidad
11605,LS,probabilidad
11606,u27,probabilidad
11606,LS,probabilidad
11607,T5520,probabilidad
11608,T5520LS,probabilidad
11609,T8636c73,probabilidad
11610,T8636c73,probabilidad
11611,T8636c73,probabilidad
11612,T7370,probabilidad
11613,T8636c73,probabilidad
11614,T8636c73,probabilidad
11615,T8636c73,probabilidad
11616,T10276,probabilidad
11617,T7476,probabilidad
11618,T7476,probabilidad
11619,T7370,probabilidad
11620,T5118LS,probabilidad
11621,T5118LS,probabilidad
11622,T5118LS,probabilidad
11623,T7370,probabilidad
11624,T8636c73,probabilidad
11625,T8636c73,probabilidad
11626,T7370,probabilidad
11627,T7370,probabilidad
11628,T7370,probabilidad
11629,T7333,probabilidad
11630,T5520,probabilidad
11630,T6070,probabilidad
11630,T4828,probabilidad
11631,T5520LS,probabilidad
11632,T5520,probabilidad
11633,T5520LS,probabilidad
11634,T7370,probabilidad
11635,T5520LS,probabilidad
11636,T5520LS,probabilidad
11637,T5520LS,probabilidad
11638,T6976,probabilidad
11639,T7370,probabilidad
11640,T6070,probabilidad
11641,T7370,probabilidad
11642,u27,probabilidad
11642,LS,probabilidad
11643,T5714,probabilidad
11644,u27,probabilidad
11644,LS,probabilidad
11645,u27,probabilidad
11645,LS,probabilidad
11646,T5714,probabilidad
11647,T10528,probabilidad
11648,u27,probabilidad
11648,LS,probabilidad
11649,T6070,probabilidad
11650,T5714,probabilidad
11651,u27,probabilidad
11651,LS,probabilidad
11652,T7370,probabilidad
11654,u27,probabilidad
11654,LS,probabilidad
11655,u27,probabilidad
11655,LS,probabilidad
11656,T10528,probabilidad
11657,T6976,probabilidad
11658,u27,probabilidad
11659,T7370,probabilidad
11660,T10528,probabilidad
11661,u24,probabilidad
11662,T5723LS,probabilidad
11663,T7370,probabilidad
11664,T10528,probabilidad
11665,T7370,probabilidad
11666,u27,probabilidad
11666,LS,probabilidad
11667,u27,probabilidad
11667,LS,probabilidad
11668,u27,probabilidad
11668,LS,probabilidad
11669,T10528,probabilidad
11670,T7370,probabilidad
11671,T9787,probabilidad
11672,u27,probabilidad
11672,LS,probabilidad
11673,T5723LS,probabilidad
11674,T7370,probabilidad
11675,T8636c73,probabilidad
11676,T8636c73,probabilidad
11677,T8636c73,probabilidad
11678,T10528,probabilidad
11679,T9787,probabilidad
11680,T10528,probabilidad
11681,u27,probabilidad
11681,LS,probabilidad
11682,u18,probabilidad
11682,LS,probabilidad
11684,T7370,probabilidad
11685,T5713LS,probabilidad
11686,T5713LS,probabilidad
11687,T5713LS,probabilidad
11688,T5713LS,probabilidad
11689,T5713LS,probabilidad
11690,T5713LS,probabilidad
11691,T5713LS,probabilidad
11692,T5713LS,probabilidad
11693,T5713LS,probabilidad
11694,T5713LS,probabilidad
11695,T5713LS,probabilidad
11696,T5713LS,probabilidad
11697,T7378,probabilidad
11698,T6070n,probabilidad
11698,T4828n,probabilidad
11698,u24,probabilidad
11699,u27,probabilidad
11699,LS,probabilidad
11700,T7370,probabilidad
11701,T6070n,probabilidad
11701,T4828n,probabilidad
11701,u24,probabilidad
11702,u18,probabilidad
11702,LS,probabilidad
11705,T7370,probabilidad
11706,u27,probabilidad
11706,LS,probabilidad
11707,u27,probabilidad
11707,LS,probabilidad
11708,u27,probabilidad
11708,LS,probabilidad
11709,T6070n,probabilidad
11709,T4828n,probabilidad
11709,u24,probabilidad
11710,T7370,probabilidad
11711,T5723LS,probabilidad
11712,T7370,probabilidad
11713,T6070n,probabilidad
11713,T4828n,probabilidad
11713,u24,probabilidad
11714,T7370,probabilidad
11715,T7370,probabilidad
11716,T5723LS,probabilidad
11717,T6070n,probabilidad
11717,T4828n,probabilidad
11717,u24,probabilidad
11718,T7370,probabilidad
11719,T7370,probabilidad
11720,T8636c73,probabilidad
11721,T8636c73,probabilidad
11722,T8636c73,probabilidad
11723,T5713LS,probabilidad
11724,T5713LS,probabilidad
11725,T5713LS,probabilidad
11726,T5713LS,probabilidad
11727,T5713LS,probabilidad
11728,T5713LS,probabilidad
11729,T6070n,probabilidad
11729,T4828n,probabilidad
11729,u24,probabilidad
11730,T7370,probabilidad
11732,T6070,probabilidad
11735,T5723LS,probabilidad
11739,u28,probabilidad
11740,T7370,probabilidad
11742,T7370,probabilidad
11745,T5714,probabilidad
11747,T6620,probabilidad
11747,T5118,probabilidad
11747,LS,probabilidad
11748,T6620,probabilidad
11748,T5118,probabilidad
11748,LS,probabilidad
11749,T6070,probabilidad
11750,T6976,probabilidad
11751,T7370,probabilidad
11756,T5723LS,probabilidad
11757,T5520,probabilidad
11758,T8636c73,probabilidad
11759,T8636c73,probabilidad
11760,T8636c73,probabilidad
11763,T6976,probabilidad
11765,T7043,probabilidad
11766,T5723LS,probabilidad
11767,T7370,probabilidad
11768,T7370,probabilidad
11769,T7370,probabilidad
11773,T7370,probabilidad
11774,T7370,probabilidad
11775,T8636c73,probabilidad
11776,T5520,probabilidad
11777,T7333,probabilidad
11778,T8636c73,probabilidad
11779,T8636c73,probabilidad
11780,T8636c73,probabilidad
11781,T8636c73,probabilidad
11782,T8636c73,probabilidad
11783,T8636c73,probabilidad
11784,T8636c73,probabilidad
11785,T8636c73,probabilidad
11786,T7370,probabilidad
11787,T8636c73,probabilidad
11788,T8636c73,probabilidad
11789,T8636c73,probabilidad
11790,T8636c73,probabilidad
11791,T7370,probabilidad
11792,T7476,probabilidad
11793,T7476,probabilidad
11794,T10276,probabilidad
11795,T7370,probabilidad
11796,T7771,probabilidad
11797,T7771,probabilidad
11798,T7771,probabilidad
11799,T7771,probabilidad
11800,T7771,probabilidad
11801,T7771,probabilidad
11802,T7771,probabilidad
11803,T7771,probabilidad
11804,T7771,probabilidad
11805,T7771,probabilidad
11806,T7771,probabilidad
11807,T7771,probabilidad
11808,T7771,probabilidad
11809,T8637,probabilidad
11810,u28,probabilidad
11811,T7370,probabilidad
11813,T7370,probabilidad
11816,T5118LS,probabilidad
11817,T5118LS,probabilidad
11818,T5118LS,probabilidad
11819,T5714,probabilidad
11820,u27,probabilidad
11821,u27,probabilidad
11822,u27,probabilidad
11823,T5714,probabilidad
11824,T8636c73,probabilidad
11825,T8636c73,probabilidad
11826,T8636c73,probabilidad
11827,T8636c73,probabilidad
11828,T8636c73,probabilidad
11829,T8636c73,probabilidad
11830,T7370,probabilidad
11831,T8636c73,probabilidad
11832,T5723LS,probabilidad
11833,T6976,probabilidad
11834,T7378,probabilidad
11835,T5118LS,probabilidad
11836,T5118LS,probabilidad
11837,T7378,probabilidad
11838,T6976,probabilidad
11839,T5520,probabilidad
11839,T6385,probabilidad
11840,T8636c73,probabilidad
11841,T6976,probabilidad
11842,T6070,probabilidad
11843,T6976,probabilidad
11844,u28,probabilidad
11845,u28,probabilidad
11846,u28,probabilidad
11847,u28,probabilidad
11848,u28,probabilidad
11849,u28,probabilidad
11850,T5713LS,probabilidad
11851,T5713LS,probabilidad
11852,T5713LS,probabilidad
11853,T5713LS,probabilidad
11854,T5713LS,probabilidad
11855,T5713LS,probabilidad
11856,T5713LS,probabilidad
11857,T5713LS,probabilidad
11858,T5713LS,probabilidad
11859,T7378,probabilidad
11860,T8636c73,probabilidad
11861,T5520,probabilidad
11863,T6976,probabilidad
11864,T8636c73,probabilidad
11865,T8636c73,probabilidad
11866,T8636c73,probabilidad
11867,T8636c73,probabilidad
11868,T8636c73,probabilidad
11869,T8636c73,probabilidad
11870,T8636c73,probabilidad
11871,T8636c73,probabilidad
11872,T6976,probabilidad
11873,T6976,probabilidad
11874,T6976,probabilidad
11875,T6976,probabilidad
11876,T5118LS,probabilidad
11877,T5118LS,probabilidad
11878,T5118LS,probabilidad
11879,T6976,probabilidad
11880,T7370,probabilidad
11881,T8636c73,probabilidad
11883,T7370,probabilidad
11884,T7370,probabilidad
11885,u28,probabilidad
11886,u28,probabilidad
11887,T5714,probabilidad
11888,T5520,probabilidad
11889,T7370,probabilidad
11890,T5803,probabilidad
11890,LS,probabilidad
11891,T5803,probabilidad
11891,LS,probabilidad
11892,T5803,probabilidad
11892,LS,probabilidad
11893,T5803,probabilidad
11893,LS,probabilidad
11894,T5803,probabilidad
11894,LS,probabilidad
11895,T5803,probabilidad
11895,LS,probabilidad
11896,T7370,probabilidad
11897,T6976,probabilidad
11898,T7370,probabilidad
11899,T5803,probabilidad
11899,LS,probabilidad
11900,T5803,probabilidad
11900,LS,probabilidad
11901,T6976,probabilidad
11902,T5803,probabilidad
11902,LS,probabilidad
11903,T6976,probabilidad
11904,T6976,probabilidad
11905,T7370,probabilidad
11906,T7370,probabilidad
11907,T5520LS,probabilidad
11908,T6976,probabilidad
11909,T5520,probabilidad
11909,T6070,probabilidad
11909,T4828,probabilidad
11910,T5723LS,probabilidad
11911,T5723LS,probabilidad
11912,T6976,probabilidad
11913,T6172n,probabilidad
11914,T5520LS,probabilidad
11915,T6070,probabilidad
11916,T9787,probabilidad
11917,T5520LS,probabilidad
11918,T5520LS,probabilidad
11919,T5520LS,probabilidad
11923,T5520LS,probabilidad
11924,T6976,probabilidad
11925,T5520LS,probabilidad
11926,T9787,probabilidad
11927,T5803,probabilidad
11928,T5803,probabilidad
11929,T7476,probabilidad
11930,T5520LS,probabilidad
11931,T5520LS,probabilidad
11932,T5520LS,probabilidad
11933,T6070,probabilidad
11934,T6070,probabilidad
11935,T6070,probabilidad
11936,T5520LS,probabilidad
11937,T6070,probabilidad
11939,T7476,probabilidad
11941,T6070,probabilidad
11942,T7476,probabilidad
11943,T5520LS,probabilidad
11944,T6976,probabilidad
11945,T5520LS,probabilidad
11946,T5520LS,probabilidad
11947,T5520LS,probabilidad
11948,T6976,probabilidad
11949,T6070,probabilidad
11949,u24,probabilidad
11950,T6070,probabilidad
11951,T6070,probabilidad
11952,T6385,probabilidad
11953,T6070,probabilidad
11954,T5520LS,probabilidad
11955,T7370,probabilidad
11956,T5520LS,probabilidad
11957,T5520LS,probabilidad
11958,T7370,probabilidad
11959,T7476,probabilidad
11960,T7476,probabilidad
11961,T7476,probabilidad
11962,T9787,probabilidad
11963,T9787,probabilidad
11964,T9787,probabilidad
11965,T7370,probabilidad
11966,T7370,probabilidad
11968,u28,probabilidad
11969,u28,probabilidad
11970,u28,probabilidad
11971,u28,probabilidad
11972,u28,probabilidad
11973,u28,probabilidad
11975,T5520LS,probabilidad
11976,T7370,probabilidad
11977,T5714,probabilidad
11978,T5714,probabilidad
11979,T5520,probabilidad
11980,T5520LS,probabilidad
11981,T7370,probabilidad
11982,T6976,probabilidad
11983,T6976,probabilidad
11984,T5520LS,probabilidad
11985,T7370,probabilidad
11986,T6976,probabilidad
11987,T6070,probabilidad
11988,T5714,probabilidad
11989,T5714,probabilidad
11990,T6070,probabilidad
11991,T6070,probabilidad
11992,T5520LS,probabilidad
11993,T5520LS,probabilidad
11995,T5723LS,probabilidad
11996,T6172n,probabilidad
11997,T7370,probabilidad
11998,T6070,probabilidad
11999,T5723LS,probabilidad
12000,T5520LS,probabilidad
12001,T5520LS,probabilidad
12002,T7370,probabilidad
12003,T7370,probabilidad
12004,T6070,probabilidad
12005,T7476,probabilidad
12006,T7476,probabilidad
12007,T7476,probabilidad
12008,T6070n,probabilidad
12008,T4828n,probabilidad
12009,T8636c73,probabilidad
12010,T6976,probabilidad
12011,T7370,probabilidad
12012,T8636c73,probabilidad
12013,T8636c73,probabilidad
12014,T8636c73,probabilidad
12015,T8636c73,probabilidad
12016,T8636c73,probabilidad
12017,T8636c73,probabilidad
12018,T8636c73,probabilidad
12019,T6976,probabilidad
12020,T6070n,probabilidad
12020,T4828n,probabilidad
12021,T8636c73,probabilidad
12022,T8636c73,probabilidad
12023,T8636c73,probabilidad
12024,T6070n,probabilidad
12024,T4828n,probabilidad
12025,T5520,probabilidad
12029,T7370,probabilidad
12030,T8636c73,probabilidad
12031,T8636c73,probabilidad
12032,T6070n,probabilidad
12032,T4828n,probabilidad
12033,T8636c73,probabilidad
12034,T8636c73,probabilidad
12035,T8636c73,probabilidad
12036,T8636c73,probabilidad
12037,T8636c73,probabilidad
12038,T8636c73,probabilidad
12039,T8636c73,probabilidad
12040,u28,probabilidad
12041,T8636c73,probabilidad
12042,u27,probabilidad
12044,T6070n,probabilidad
12044,T4828n,probabilidad
12045,T7370,probabilidad
12046,T6070n,probabilidad
12046,T4828n,probabilidad
12047,T6070n,probabilidad
12047,T4828n,probabilidad
12048,T5118LS,probabilidad
12049,T6070n,probabilidad
12049,T4828n,probabilidad
12050,T7194,probabilidad
12051,T5118LS,probabilidad
12052,T5520,probabilidad
12053,T7194,probabilidad
12055,T10276,probabilidad
12056,T10276,probabilidad
12057,T10276,probabilidad
12058,T6070n,probabilidad
12058,T4828n,probabilidad
12059,T6070n,probabilidad
12059,T4828n,probabilidad
12061,T6976,probabilidad
12062,T6070,probabilidad
12062,u24,probabilidad
12063,T8636c73,probabilidad
12064,T8636c73,probabilidad
12065,T6070n,probabilidad
12065,T4828n,probabilidad
12066,T8636c73,probabilidad
12067,T6070n,probabilidad
12067,T4828n,probabilidad
12068,T6070n,probabilidad
12068,T4828n,probabilidad
12069,T6070,probabilidad
12069,u24,probabilidad
12070,u28,probabilidad
12071,T5714,probabilidad
12072,T5714,probabilidad
12073,T6976,probabilidad
12074,T5714,probabilidad
12075,T6070n,probabilidad
12075,T4828n,probabilidad
12076,T8636c73,probabilidad
12077,T8636c73,probabilidad
12078,T5713LS,probabilidad
12079,T5713LS,probabilidad
12080,T5713LS,probabilidad
12081,T6976,probabilidad
12082,T5713LS,probabilidad
12083,T5713LS,probabilidad
12084,T5713LS,probabilidad
12085,T8636c73,probabilidad
12086,T6976,probabilidad
12087,T5713LS,probabilidad
12088,T5713LS,probabilidad
12089,T5713LS,probabilidad
12090,T6070n,probabilidad
12090,T4828n,probabilidad
12091,u28,probabilidad
12092,u24,probabilidad
12093,T6070n,probabilidad
12093,T4828n,probabilidad
12094,T6070n,probabilidad
12094,T4828n,probabilidad
12095,T6070n,probabilidad
12095,T4828n,probabilidad
12096,T5713LS,probabilidad
12097,T5713LS,probabilidad
12098,T5713LS,probabilidad
12099,T5713LS,probabilidad
12100,T5713LS,probabilidad
12101,T5713LS,probabilidad
12103,T6070n,probabilidad
12103,T4828n,probabilidad
12104,T5713LS,probabilidad
12105,T5713LS,probabilidad
12106,T5713LS,probabilidad
12107,T5713LS,probabilidad
12108,T5713LS,probabilidad
12109,T5713LS,probabilidad
12110,T6070n,probabilidad
12110,T4828n,probabilidad
12111,T6070n,probabilidad
12111,T4828n,probabilidad
12112,T6070n,probabilidad
12112,T4828n,probabilidad
12113,T10276,probabilidad
12114,T10276,probabilidad
12115,T10276,probabilidad
12116,T7370,probabilidad
12117,T5520LS,probabilidad
12118,T5520LS,probabilidad
12119,T9787,probabilidad
12120,T5520LS,probabilidad
12122,T7370,probabilidad
12123,T5520LS,probabilidad
12124,T5713LS,probabilidad
12125,T5713LS,probabilidad
12126,T5713LS,probabilidad
12127,T5713LS,probabilidad
12128,T5713LS,probabilidad
12129,T5713LS,probabilidad
12130,T5713LS,probabilidad
12131,T5713LS,probabilidad
12132,T5713LS,probabilidad
12133,T5520LS,probabilidad
12134,T5520LS,probabilidad
12135,T7370,probabilidad
12136,T8636c73,probabilidad
12137,T8636c73,probabilidad
12138,T5713LS,probabilidad
12139,T8636c73,probabilidad
12140,T8636c73,probabilidad
12141,T8636c73,probabilidad
12142,T8636c73,probabilidad
12143,T8636c73,probabilidad
12144,T5713LS,probabilidad
12145,T8636c73,probabilidad
12146,T5713LS,probabilidad
12148,T5520LS,probabilidad
12149,T6976,probabilidad
12150,T5520LS,probabilidad
12152,T9787,probabilidad
12154,T6976,probabilidad
12155,T7370,probabilidad
12156,T5520LS,probabilidad
12157,T5520LS,probabilidad
12158,T5520LS,probabilidad
12159,T5520LS,probabilidad
12160,T5520LS,probabilidad
12161,T5520LS,probabilidad
12162,T8636c73,probabilidad
12163,T5520LS,probabilidad
12164,T6976,probabilidad
12165,T5520LS,probabilidad
12166,T5520LS,probabilidad
12167,T7370,probabilidad
12168,u28,probabilidad
12169,T9787,probabilidad
12170,u18,probabilidad
12170,LS,probabilidad
12171,T9787,probabilidad
12172,T6956,probabilidad
12173,T6956,probabilidad
12174,T7370,probabilidad
12175,T7370,probabilidad
12177,T10276,probabilidad
12178,T7476,probabilidad
12179,T7476,probabilidad
12180,T5520LS,probabilidad
12181,T5118LS,probabilidad
12182,T5118LS,probabilidad
12183,T5520LS,probabilidad
12184,u18,probabilidad
12184,LS,probabilidad
12185,T7370,probabilidad
12186,T7370,probabilidad
12187,T9787,probabilidad
12188,T7370,probabilidad
12190,T7370,probabilidad
12191,T9787,probabilidad
12192,T9787,probabilidad
12193,T9787,probabilidad
12194,T7370,probabilidad
12196,T7370,probabilidad
12197,T9787,probabilidad
12198,T7370,probabilidad
12199,T7370,probabilidad
12200,T9787,probabilidad
12201,T5723LS,probabilidad
12202,T9787,probabilidad
12203,T5714,probabilidad
12204,T7370,probabilidad
12205,T5118LS,probabilidad
12206,T5118LS,probabilidad
12207,T5118LS,probabilidad
12209,T9787,probabilidad
12210,T9787,probabilidad
12211,T7370,probabilidad
12212,T9787,probabilidad
12213,T5713LS,probabilidad
12214,T5713LS,probabilidad
12215,T5714,probabilidad
12216,T5713LS,probabilidad
12217,T7370,probabilidad
12218,T7370,probabilidad
12219,T9787,probabilidad
12220,T7370,probabilidad
12221,T7370,probabilidad
12222,T7370,probabilidad
12223,T5723LS,probabilidad
12224,T7370,probabilidad
12226,T9787,probabilidad
12227,T7370,probabilidad
12228,T9787,probabilidad
12229,T9787,probabilidad
12230,T5714,probabilidad
12231,T9787,probabilidad
12232,T5723LS,probabilidad
12233,T9787,probabilidad
12235,T5723LS,probabilidad
12236,T5520,probabilidad
12237,T7370,probabilidad
12238,T5714,probabilidad
12240,T5520LS,probabilidad
12241,T5520LS,probabilidad
12242,u28,probabilidad
12243,u28,probabilidad
12244,T5520LS,probabilidad
12245,T7370,probabilidad
12246,T5520LS,probabilidad
12248,T5723LS,probabilidad
12251,T5520LS,probabilidad
12253,T6976,probabilidad
12254,T7370,probabilidad
12255,T5713LS,probabilidad
12256,T5713LS,probabilidad
12257,T5713LS,probabilidad
12258,T5713LS,probabilidad
12259,T5713LS,probabilidad
12260,T5713LS,probabilidad
12262,T5713LS,probabilidad
12263,T5713LS,probabilidad
12264,T5713LS,probabilidad
12265,T5713LS,probabilidad
12266,T5713LS,probabilidad
12267,T5713LS,probabilidad
12268,T7370,probabilidad
12269,T5714,probabilidad
12270,T5714,probabilidad
12273,u28,probabilidad
12274,u28,probabilidad
12275,u28,probabilidad
12276,u28,probabilidad
12277,u28,probabilidad
12278,u28,probabilidad
12281,T5723LS,probabilidad
12282,T5723LS,probabilidad
12284,T5714,probabilidad
12285,T5520LS,probabilidad
12286,T6070,probabilidad
12287,T5714,probabilidad
12288,T6070,probabilidad
12289,T5520LS,probabilidad
12291,T8636c73,probabilidad
12292,T8636c73,probabilidad
12293,T8636c73,probabilidad
12295,T6070,probabilidad
12296,T6070n,probabilidad
12296,T4828n,probabilidad
12297,u18,probabilidad
12297,LS,probabilidad
12298,u18,probabilidad
12298,LS,probabilidad
12300,T9787,probabilidad
12301,T5109LS,probabilidad
12302,T6070n,probabilidad
12302,T4828n,probabilidad
12303,T6070n,probabilidad
12303,T4828n,probabilidad
12304,T5713LS,probabilidad
12305,T5713LS,probabilidad
12306,T5713LS,probabilidad
12307,T5713LS,probabilidad
12308,T5713LS,probabilidad
12309,T5713LS,probabilidad
12315,T7370,probabilidad
12316,T6070n,probabilidad
12316,T4828n,probabilidad
12319,T9787,probabilidad
12320,T5520LS,probabilidad
12321,T5109LS,probabilidad
12322,T6976,probabilidad
12325,T6070n,probabilidad
12325,T4828n,probabilidad
12327,T7370,probabilidad
12329,T6070n,probabilidad
12329,T4828n,probabilidad
12330,u18,probabilidad
12330,LS,probabilidad
12332,T5520,probabilidad
12333,T6976,probabilidad
12334,T7370,probabilidad
12335,T5723LS,probabilidad
12337,T5723LS,probabilidad
12339,T5723LS,probabilidad
12340,T7370,probabilidad
12343,T5713LS,probabilidad
12344,T5713LS,probabilidad
12345,T5713LS,probabilidad
12346,T5713LS,probabilidad
12347,T5713LS,probabilidad
12348,T5713LS,probabilidad
12353,T5723LS,probabilidad
12354,T9787,probabilidad
12356,u18,probabilidad
12356,LS,probabilidad
12357,T6976,probabilidad
12358,T7370,probabilidad
12359,T5520LS,probabilidad
12360,T7370,probabilidad
12361,T5520LS,probabilidad
12362,T5714,probabilidad
12364,T5520LS,probabilidad
12365,T5520LS,probabilidad
12367,T5520LS,probabilidad
12368,T5520LS,probabilidad
12369,T5520LS,probabilidad
12370,T5520LS,probabilidad
12375,T5520LS,probabilidad
12377,T8636c73,probabilidad
12378,T5520LS,probabilidad
12379,T5714,probabilidad
12381,u18,probabilidad
12381,LS,probabilidad
12382,T5723LS,probabilidad
12385,T5714,probabilidad
12386,T6976,probabilidad
12387,T7370,probabilidad
12388,T5520LS,probabilidad
12390,T5520LS,probabilidad
12391,T7409LS,probabilidad
12392,T7409LS,probabilidad
12393,T7409LS,probabilidad
12394,T8636c73,probabilidad
12395,T8636c73,probabilidad
12396,T8636c73,probabilidad
12397,T8636c73,probabilidad
12398,T8636c73,probabilidad
12399,T8636c73,probabilidad
12400,T8636c73,probabilidad
12401,T8636c73,probabilidad
12402,T5520LS,probabilidad
12403,T5520LS,probabilidad
12404,T5713LS,probabilidad
12405,T5713LS,probabilidad
12406,T8636c73,probabilidad
12407,T8636c73,probabilidad
12408,T8636c73,probabilidad
12409,T5713LS,probabilidad
12410,T5520LS,probabilidad
12411,T5520LS,probabilidad
12412,T5520LS,probabilidad
12413,T5520LS,probabilidad
12414,T5520LS,probabilidad
12415,T7771,probabilidad
12416,T7771,probabilidad
12417,T7771,probabilidad
12418,T7771,probabilidad
12419,T8637,probabilidad
12420,T7771,probabilidad
12421,T7771,probabilidad
12422,T7771,probabilidad
12423,T7771,probabilidad
12424,T7771,probabilidad
12425,T7771,probabilidad
12426,T7771,probabilidad
12427,T7771,probabilidad
12428,T7771,probabilidad
12429,T5520LS,probabilidad
12430,T5520LS,probabilidad
12431,T8636c73,probabilidad
12432,T8636c73,probabilidad
12433,T8636c73,probabilidad
12434,T5520LS,probabilidad
12435,T6976,probabilidad
12436,T5520LS,probabilidad
12437,T5520LS,probabilidad
12438,T6976,probabilidad
12439,T6976,probabilidad
12441,T5520LS,probabilidad
12443,T5520LS,probabilidad
12444,u18,probabilidad
12444,LS,probabilidad
12445,T5520LS,probabilidad
12446,T5520LS,probabilidad
12447,T5520LS,probabilidad
12448,T5520LS,probabilidad
12450,T5520LS,probabilidad
12451,T5520,probabilidad
12452,T9787,probabilidad
12453,T7370,probabilidad
12454,T5520LS,probabilidad
12455,u27,probabilidad
12456,u27,probabilidad
12457,u27,probabilidad
12458,T5520LS,probabilidad
12459,T5520LS,probabilidad
12460,T5520LS,probabilidad
12461,T6976,probabilidad
12462,T5520LS,probabilidad
12463,T7378,probabilidad
12464,T5118LS,probabilidad
12465,T5118LS,probabilidad
12466,T5118LS,probabilidad
12467,T5520,probabilidad
12468,T5723LS,probabilidad
12469,T5520LS,probabilidad
12470,T8636c73,probabilidad
12471,T5520LS,probabilidad
12472,u18,probabilidad
12472,LS,probabilidad
12473,T8636c73,probabilidad
12474,T6070,probabilidad
12474,u24,probabilidad
12475,T5714,probabilidad
12477,T8636c73,probabilidad
12478,T8636c73,probabilidad
12479,T8636c73,probabilidad
12480,T8636c73,probabilidad
12481,T8636c73,probabilidad
12482,T8636c73,probabilidad
12484,T5520LS,probabilidad
12485,u18,probabilidad
12485,LS,probabilidad
12486,u28,probabilidad
12487,T5723LS,probabilidad
12488,T5714,probabilidad
12489,T5723LS,probabilidad
12490,T5714,probabilidad
12491,u18,probabilidad
12491,LS,probabilidad
12492,u18,probabilidad
12492,LS,probabilidad
12493,T5713LS,probabilidad
12494,T5713LS,probabilidad
12495,T5713LS,probabilidad
12497,T5713LS,probabilidad
12498,T5713LS,probabilidad
12499,T5713LS,probabilidad
12500,T5713LS,probabilidad
12501,T5713LS,probabilidad
12502,T5713LS,probabilidad
12503,T5723LS,probabilidad
12505,T5520LS,probabilidad
12506,u18,probabilidad
12506,LS,probabilidad
12507,T5520LS,probabilidad
12508,T5520LS,probabilidad
12509,T5713LS,probabilidad
12510,T5713LS,probabilidad
12511,T5713LS,probabilidad
12512,T5714,probabilidad
12513,T5520LS,probabilidad
12515,T5520LS,probabilidad
12516,u18,probabilidad
12516,LS,probabilidad
12517,u18,probabilidad
12517,LS,probabilidad
12521,u18,probabilidad
12521,LS,probabilidad
12522,T6070,probabilidad
12523,T5803,probabilidad
12523,LS,probabilidad
12524,T5803,probabilidad
12524,LS,probabilidad
12525,T5803,probabilidad
12525,LS,probabilidad
12526,u18,probabilidad
12526,LS,probabilidad
12527,u18,probabilidad
12527,LS,probabilidad
12528,u18,probabilidad
12528,LS,probabilidad
12529,T5520LS,probabilidad
12530,T5520LS,probabilidad
12531,T5723LS,probabilidad
12532,T6976,probabilidad
12533,T5520LS,probabilidad
12534,T7378,probabilidad
12535,T5520LS,probabilidad
12536,u18,probabilidad
12536,LS,probabilidad
12537,T6070,probabilidad
12539,T5520LS,probabilidad
12540,u18,probabilidad
12540,LS,probabilidad
12541,T5520LS,probabilidad
12542,u18,probabilidad
12542,LS,probabilidad
12543,T5520LS,probabilidad
12544,T5520LS,probabilidad
12545,T5520LS,probabilidad
12546,u18,probabilidad
12546,LS,probabilidad
12547,u18,probabilidad
12547,LS,probabilidad
12548,u18,probabilidad
12548,LS,probabilidad
12549,u18,probabilidad
12549,LS,probabilidad
12551,T5520LS,probabilidad
12552,T5520LS,probabilidad
12553,u18,probabilidad
12553,LS,probabilidad
12555,T5723LS,probabilidad
12556,T5723LS,probabilidad
12557,T5520LS,probabilidad
12558,T5520,probabilidad
12558,T6385,probabilidad
12559,T5520LS,probabilidad
12560,u18,probabilidad
12560,LS,probabilidad
12561,T5520LS,probabilidad
12562,T7370,probabilidad
12563,u18,probabilidad
12563,LS,probabilidad
12565,u28,probabilidad
12566,T6070,probabilidad
12567,T8636c73,probabilidad
12568,T5713LS,probabilidad
12569,T5713LS,probabilidad
12570,T5713LS,probabilidad
12571,T5723LS,probabilidad
12572,T7333,probabilidad
12573,T5520LS,probabilidad
12574,u27,probabilidad
12574,LS,probabilidad
12575,T7370,probabilidad
12576,T5520LS,probabilidad
12577,T5520LS,probabilidad
12578,T5520LS,probabilidad
12579,T7370,probabilidad
12580,u18,probabilidad
12580,LS,probabilidad
12581,u27,probabilidad
12581,LS,probabilidad
12582,u27,probabilidad
12582,LS,probabilidad
12583,T7370,probabilidad
12584,T5723LS,probabilidad
12585,u27,probabilidad
12585,LS,probabilidad
12586,u27,probabilidad
12586,LS,probabilidad
12587,u27,probabilidad
12587,LS,probabilidad
12588,u27,probabilidad
12589,u27,probabilidad
12590,u27,probabilidad
12591,T5520LS,probabilidad
12592,T6070n,probabilidad
12592,T4828n,probabilidad
12593,T5520,probabilidad
12594,T7370,probabilidad
12595,T6976,probabilidad
12596,T7370,probabilidad
12598,T5723LS,probabilidad
12599,T7370,probabilidad
12600,T6070,probabilidad
12601,T6070n,probabilidad
12601,T4828n,probabilidad
12602,T5118LS,probabilidad
12603,T5118LS,probabilidad
12604,T6070,probabilidad
12605,u27,probabilidad
12606,T7370,probabilidad
12607,T6070n,probabilidad
12607,T4828n,probabilidad
12609,T7370,probabilidad
12610,T7370,probabilidad
12611,T7370,probabilidad
12612,T6070,probabilidad
12613,T7370,probabilidad
12614,T7370,probabilidad
12615,T5520LS,probabilidad
12616,T5723LS,probabilidad
12617,T7370,probabilidad
12618,T7370,probabilidad
12619,T5520LS,probabilidad
12620,T5520LS,probabilidad
12621,u28,probabilidad
12622,T7370,probabilidad
12623,T5520LS,probabilidad
12624,T7370,probabilidad
12625,T5520LS,probabilidad
12626,T6070n,probabilidad
12627,T6070n,probabilidad
12628,T5520LS,probabilidad
12629,T6070n,probabilidad
12630,T5723LS,probabilidad
12631,u18,probabilidad
12631,LS,probabilidad
12632,T5520,probabilidad
12633,T5520,probabilidad
12634,T5723LS,probabilidad
12635,T5520LS,probabilidad
12636,T6976,probabilidad
12637,T6070n,probabilidad
12638,T6070n,probabilidad
12639,T5520,probabilidad
12640,T6070n,probabilidad
12641,T5520LS,probabilidad
12642,T5520LS,probabilidad
12643,T5520LS,probabilidad
12644,T6172n,probabilidad
12645,T6172n,probabilidad
12646,T5520LS,probabilidad
12647,T5520LS,probabilidad
12648,T5520LS,probabilidad
12649,T5520LS,probabilidad
12650,u18,probabilidad
12650,LS,probabilidad
12651,T5520LS,probabilidad
12652,T7370,probabilidad
12653,u28,probabilidad
12654,u28,probabilidad
12655,u28,probabilidad
12656,T5520LS,probabilidad
12657,T5520LS,probabilidad
12658,T5520LS,probabilidad
12659,T7370,probabilidad
12660,T5520LS,probabilidad
12662,T5520LS,probabilidad
12663,T7370,probabilidad
12664,u18,probabilidad
12664,LS,probabilidad
12665,T6172n,probabilidad
12666,T5723LS,probabilidad
12667,T7370,probabilidad
12668,T5723LS,probabilidad
12670,T7370,probabilidad
12671,T9787,probabilidad
12672,T5520,probabilidad
12673,T5723LS,probabilidad
12674,T5109LS,probabilidad
12675,T5109LS,probabilidad
12676,T5520LS,probabilidad
12677,T5109LS,probabilidad
12679,T6070,probabilidad
12680,T5723LS,probabilidad
12681,T5723LS,probabilidad
12685,T7370,probabilidad
12686,T5723LS,probabilidad
12687,T5723LS,probabilidad
12689,u18,probabilidad
12689,LS,probabilidad
12690,T7370,probabilidad
12691,T5520LS,probabilidad
12692,T5713LS,probabilidad
12693,T5713LS,probabilidad
12694,T5713LS,probabilidad
12695,T5713LS,probabilidad
12696,T5713LS,probabilidad
12697,T5713LS,probabilidad
12698,T5723LS,probabilidad
12699,T5520LS,probabilidad
12700,T7370,probabilidad
12701,T5520LS,probabilidad
12702,T5520LS,probabilidad
12703,T5520,probabilidad
12704,u18,probabilidad
12704,LS,probabilidad
12705,T5520LS,probabilidad
12706,T5520LS,probabilidad
12707,T5520,probabilidad
12708,T5520LS,probabilidad
12709,u18,probabilidad
12709,LS,probabilidad
12710,T7370,probabilidad
12711,T5520LS,probabilidad
12712,T5520LS,probabilidad
12713,T5520LS,probabilidad
12715,u18,probabilidad
12715,LS,probabilidad
12716,T5520LS,probabilidad
12717,T5520LS,probabilidad
12718,T5520LS,probabilidad
12719,T5723LS,probabilidad
12720,T5520LS,probabilidad
12721,u18,probabilidad
12721,LS,probabilidad
12722,T7370,probabilidad
12723,T5723LS,probabilidad
12724,u27,probabilidad
12725,u27,probabilidad
12726,T7370,probabilidad
12727,T6976,probabilidad
12728,T5520LS,probabilidad
12729,T6385n,probabilidad
12730,u18,probabilidad
12730,LS,probabilidad
12731,u28,probabilidad
12732,T6976,probabilidad
12733,T5520LS,probabilidad
12734,u28,probabilidad
12735,u28,probabilidad
12736,u28,probabilidad
12737,u28,probabilidad
12738,u28,probabilidad
12739,T6070,probabilidad
12740,T7370,probabilidad
12741,T5520LS,probabilidad
12742,u18,probabilidad
12742,LS,probabilidad
12743,T5520LS,probabilidad
12744,T6070,probabilidad
12745,T5520LS,probabilidad
12746,T5520LS,probabilidad
12747,T5520LS,probabilidad
12748,T6976,probabilidad
12749,T6976,probabilidad
12750,T5520LS,probabilidad
12751,T5520LS,probabilidad
12752,T6070,probabilidad
12753,T5520LS,probabilidad
12754,T5520LS,probabilidad
12755,T6976,probabilidad
12756,T7370,probabilidad
12757,T5713LS,probabilidad
12758,T5713LS,probabilidad
12759,T5713LS,probabilidad
12760,T6385n,probabilidad
12761,T6070n,probabilidad
12761,T4828n,probabilidad
12762,T5520LS,probabilidad
12763,T6070n,probabilidad
12763,T4828n,probabilidad
12764,T5520LS,probabilidad
12765,T5520LS,probabilidad
12766,T5520LS,probabilidad
12767,T6070n,probabilidad
12767,T4828n,probabilidad
12768,T5520LS,probabilidad
12769,T6070n,probabilidad
12769,T4828n,probabilidad
12770,T5520LS,probabilidad
12771,T5520LS,probabilidad
12772,T5723LS,probabilidad
12773,T6070n,probabilidad
12773,T4828n,probabilidad
12774,T5520LS,probabilidad
12775,T5520LS,probabilidad
12776,T7370,probabilidad
12777,u18,probabilidad
12777,LS,probabilidad
12778,T5714,probabilidad
12779,T5520LS,probabilidad
12780,T5520LS,probabilidad
12781,T5520LS,probabilidad
12782,T6070n,probabilidad
12782,T4828n,probabilidad
12783,T5520LS,probabilidad
12784,T8636c73,probabilidad
12785,T8636c73,probabilidad
12786,T8636c73,probabilidad
12787,T5520LS,probabilidad
12788,T5520LS,probabilidad
12789,T6976,probabilidad
12790,T7370,probabilidad
12791,T5714,probabilidad
12792,T5714,probabilidad
12793,T5520LS,probabilidad
12794,T7370,probabilidad
12795,T5520LS,probabilidad
12796,T7370,probabilidad
12797,T5520LS,probabilidad
12798,T7370,probabilidad
12799,T5520LS,probabilidad
12800,T5520LS,probabilidad
12801,T5520,probabilidad
12801,T6070,probabilidad
12801,T4828,probabilidad
12801,u24,probabilidad
12802,T5520LS,probabilidad
12803,T7370,probabilidad
12804,T7370,probabilidad
12805,T5520,probabilidad
12806,T5520,probabilidad
12807,T7370,probabilidad
12808,T5723LS,probabilidad
12809,T7370,probabilidad
12810,T7370,probabilidad
12811,T5520,probabilidad
12812,u18,probabilidad
12812,LS,probabilidad
12813,T5520LS,probabilidad
12814,T7370,probabilidad
12815,T6070,probabilidad
12816,T5520LS,probabilidad
12817,u28,probabilidad
12818,T5520LS,probabilidad
12819,T6070,probabilidad
12820,T7096c74,probabilidad
12821,T7096c74,probabilidad
12822,T7096c74,probabilidad
12823,T6385n,probabilidad
12824,T5520LS,probabilidad
12825,T6070,probabilidad
12826,T5520LS,probabilidad
12827,T7370,probabilidad
12828,T5723LS,probabilidad
12829,T7370,probabilidad
12830,T5520LS,probabilidad
12831,T5520LS,probabilidad
12832,T5520LS,probabilidad
12833,T6070n,probabilidad
12833,T4828n,probabilidad
12834,T7370,probabilidad
12835,T5520LS,probabilidad
12836,T5723LS,probabilidad
12837,T6070n,probabilidad
12837,T4828n,probabilidad
12838,T6070n,probabilidad
12838,T4828n,probabilidad
12839,T5723LS,probabilidad
12840,T6070n,probabilidad
12840,T4828n,probabilidad
12841,T5520LS,probabilidad
12842,T5723LS,probabilidad
12843,T5723LS,probabilidad
12844,T6070n,probabilidad
12844,T4828n,probabilidad
12845,T5520LS,probabilidad
12846,T5118LS,probabilidad
12847,T5118LS,probabilidad
12848,T5520LS,probabilidad
12849,T5520LS,probabilidad
12850,T5520LS,probabilidad
12851,T5520LS,probabilidad
12852,T6070n,probabilidad
12852,T4828n,probabilidad
12853,T5520,probabilidad
12854,T5520LS,probabilidad
12855,T7370,probabilidad
12856,T5723LS,probabilidad
12857,T5723LS,probabilidad
12858,T6976,probabilidad
12859,T6976,probabilidad
12860,T7370,probabilidad
12861,T7370,probabilidad
12862,T6976,probabilidad
12863,T5520LS,probabilidad
12864,u18,probabilidad
12864,LS,probabilidad
12865,T6976,probabilidad
12866,T6976,probabilidad
12867,T6385n,probabilidad
12868,T5520LS,probabilidad
12869,T7096,probabilidad
12870,T7096,probabilidad
12871,T7096,probabilidad
12872,T5723LS,probabilidad
12873,T5520LS,probabilidad
12874,T7096,probabilidad
12875,T7096,probabilidad
12876,T7096,probabilidad
12877,T6385n,probabilidad
12878,T5520LS,probabilidad
12879,T5520LS,probabilidad
12880,T7370,probabilidad
12881,T5520LS,probabilidad
12882,u18,probabilidad
12882,LS,probabilidad
12883,T6976,probabilidad
12884,T8636c73,probabilidad
12885,T8636c73,probabilidad
12886,T8636c73,probabilidad
12887,T5520LS,probabilidad
12888,T6976,probabilidad
12889,T6976,probabilidad
12891,T8636c73,probabilidad
12892,T6976,probabilidad
12893,T5520LS,probabilidad
12894,T6976,probabilidad
12895,T5723LS,probabilidad
12896,T7370,probabilidad
12897,T7370,probabilidad
12898,T6976,probabilidad
12899,u28,probabilidad
12900,u28,probabilidad
12901,u28,probabilidad
12902,u28,probabilidad
12903,u28,probabilidad
12904,u28,probabilidad
12905,u18,probabilidad
12905,LS,probabilidad
12906,T5520LS,probabilidad
12907,T6976,probabilidad
12908,T5520LS,probabilidad
12909,T6976,probabilidad
12910,T7370,probabilidad
12911,u18,probabilidad
12911,LS,probabilidad
12912,T6385n,probabilidad
12913,T6976,probabilidad
12914,T6976,probabilidad
12915,T6976,probabilidad
12916,u18,probabilidad
12916,LS,probabilidad
12917,T7378,probabilidad
12918,T6976,probabilidad
12919,T6976,probabilidad
12920,T6976,probabilidad
12921,T5723LS,probabilidad
12922,T8637,probabilidad
12923,T6976,probabilidad
12924,u18,probabilidad
12924,LS,probabilidad
12925,u28,probabilidad
12926,T6385n,probabilidad
12927,T5723LS,probabilidad
12928,T6976,probabilidad
12929,u18,probabilidad
12929,LS,probabilidad
12930,T8637,probabilidad
12932,u27,probabilidad
12933,T6385n,probabilidad
12934,T7096,probabilidad
12935,T7096,probabilidad
12936,u18,probabilidad
12936,LS,probabilidad
12937,u18,probabilidad
12937,LS,probabilidad
12938,u18,probabilidad
12938,LS,probabilidad
12939,T5520LS,probabilidad
12940,T5723LS,probabilidad
12941,u18,probabilidad
12941,LS,probabilidad
12942,T5520LS,probabilidad
12943,T5520LS,probabilidad
12944,T8637,probabilidad
12946,T6976,probabilidad
12947,T5520,probabilidad
12948,T5520LS,probabilidad
12949,T6976,probabilidad
12950,u18,probabilidad
12950,LS,probabilidad
12951,u18,probabilidad
12951,LS,probabilidad
12952,u28,probabilidad
12953,T5520LS,probabilidad
12954,T6976,probabilidad
12955,u18,probabilidad
12955,LS,probabilidad
12956,T6976,probabilidad
12957,T5520LS,probabilidad
12958,T6976,probabilidad
12959,u18,probabilidad
12959,LS,probabilidad
12960,u28,probabilidad
12961,u18,probabilidad
12961,LS,probabilidad
12962,T7096,probabilidad
12963,u18,probabilidad
12963,LS,probabilidad
12964,T8636c73,probabilidad
12965,T6976,probabilidad
12966,T8636c73,probabilidad
12967,T8636c73,probabilidad
12968,T6385n,probabilidad
12969,T8637,probabilidad
12970,T6976,probabilidad
12971,T6976,probabilidad
12972,u18,probabilidad
12972,LS,probabilidad
12973,T6976,probabilidad
12974,u18,probabilidad
12974,LS,probabilidad
12975,T5713LS,probabilidad
12976,T5713LS,probabilidad
12977,T5713LS,probabilidad
12978,T7370,probabilidad
12979,T6976,probabilidad
12981,T5713LS,probabilidad
12982,T5713LS,probabilidad
12983,T5520LS,probabilidad
12985,T5713LS,probabilidad
12986,T5520LS,probabilidad
12988,T5520LS,probabilidad
12989,T5520LS,probabilidad
12990,T8637,probabilidad
12991,u18,probabilidad
12991,LS,probabilidad
12992,T5520LS,probabilidad
12993,T5723LS,probabilidad
12994,T7370,probabilidad
12995,u18,probabilidad
12995,LS,probabilidad
12996,T5520LS,probabilidad
12997,T5520LS,probabilidad
12998,T5520LS,probabilidad
13000,T5723LS,probabilidad
13001,u18,probabilidad
13001,LS,probabilidad
13002,T7192,probabilidad
13003,T5723LS,probabilidad
13004,T7192,probabilidad
13005,T5520LS,probabilidad
13006,T5520LS,probabilidad
13007,T5520,probabilidad
13008,T5520LS,probabilidad
13009,u18,probabilidad
13009,LS,probabilidad
13010,T5713LS,probabilidad
13011,T5713LS,probabilidad
13012,T5713LS,probabilidad
13013,T5713LS,probabilidad
13014,T5713LS,probabilidad
13015,T5713LS,probabilidad
13016,T5714,probabilidad
13017,T7370,probabilidad
13018,T5520LS,probabilidad
13019,u27,probabilidad
13020,u27,probabilidad
13021,T7096,probabilidad
13022,T8637,probabilidad
13023,T6070,probabilidad
13024,T6976,probabilidad
13026,T7370,probabilidad
13027,T6070,probabilidad
13028,T6070,probabilidad
13029,u18,probabilidad
13029,LS,probabilidad
13030,u18,probabilidad
13030,LS,probabilidad
13032,u18,probabilidad
13032,LS,probabilidad
13033,T5714,probabilidad
13035,u28,probabilidad
13036,u28,probabilidad
13037,u18,probabilidad
13037,LS,probabilidad
13039,u18,probabilidad
13039,LS,probabilidad
13040,T6070,probabilidad
13041,u18,probabilidad
13041,LS,probabilidad
13042,T5723LS,probabilidad
13043,T5109LS,probabilidad
13044,T5714,probabilidad
13045,T8637,probabilidad
13046,T5723LS,probabilidad
13048,T5723LS,probabilidad
13049,T5713LS,probabilidad
13050,T5713LS,probabilidad
13051,T5713LS,probabilidad
13052,T5713LS,probabilidad
13053,T5713LS,probabilidad
13054,T5713LS,probabilidad
13055,T5713LS,probabilidad
13056,T5713LS,probabilidad
13057,T5713LS,probabilidad
13058,u18,probabilidad
13058,LS,probabilidad
13059,u18,probabilidad
13059,LS,probabilidad
13060,T5109LS,probabilidad
13061,T5109LS,probabilidad
13063,u18,probabilidad
13063,LS,probabilidad
13064,u28,probabilidad
13065,u28,probabilidad
13066,u28,probabilidad
13068,T8636c73,probabilidad
13069,u18,probabilidad
13069,LS,probabilidad
13070,T8636c73,probabilidad
13071,T8636c73,probabilidad
13072,T8636c73,probabilidad
13073,T6070,probabilidad
13074,T6070,probabilidad
13075,T6070,probabilidad
13078,T6976,probabilidad
13079,u27,probabilidad
13081,T5713LS,probabilidad
13082,T5713LS,probabilidad
13083,T8637,probabilidad
13084,T5713LS,probabilidad
13085,T5713LS,probabilidad
13086,T5118LS,probabilidad
13087,T5118LS,probabilidad
13088,T5713LS,probabilidad
13089,T5713LS,probabilidad
13090,T5713LS,probabilidad
13091,T5713LS,probabilidad
13092,T5713LS,probabilidad
13093,u28,probabilidad
13094,u28,probabilidad
13096,u28,probabilidad
13097,u28,probabilidad
13098,u28,probabilidad
13099,u28,probabilidad
13100,u28,probabilidad
13101,T6385n,probabilidad
13102,T6385n,probabilidad
13105,T7194,probabilidad
13106,u27,probabilidad
13106,LS,probabilidad
13107,u27,probabilidad
13107,LS,probabilidad
13108,u27,probabilidad
13108,LS,probabilidad
13109,T7194,probabilidad
13110,T7194,probabilidad
13111,T6976,probabilidad
13112,u18,probabilidad
13112,LS,probabilidad
13113,T6385n,probabilidad
13116,u18,probabilidad
13116,LS,probabilidad
13120,u27,probabilidad
13120,LS,probabilidad
13121,u27,probabilidad
13121,LS,probabilidad
13122,u18,probabilidad
13122,LS,probabilidad
13123,u18,probabilidad
13123,LS,probabilidad
13124,u18,probabilidad
13124,LS,probabilidad
13125,u27,probabilidad
13125,LS,probabilidad
13126,T6385n,probabilidad
13127,T6070,probabilidad
13127,T4828,probabilidad
13128,T6976,probabilidad
13129,u28,probabilidad
13130,u18,probabilidad
13130,LS,probabilidad
13131,u18,probabilidad
13131,LS,probabilidad
13132,u18,probabilidad
13132,LS,probabilidad
13133,u18,probabilidad
13133,LS,probabilidad
13135,u18,probabilidad
13135,LS,probabilidad
13136,T8637,probabilidad
13137,u18,probabilidad
13137,LS,probabilidad
13138,T6070n,probabilidad
13139,T6070n,probabilidad
13140,T6976,probabilidad
13141,u18,probabilidad
13141,LS,probabilidad
13142,u18,probabilidad
13142,LS,probabilidad
13143,T6070n,probabilidad
13144,T6070n,probabilidad
13146,T6070n,probabilidad
13147,u18,probabilidad
13147,LS,probabilidad
13148,u28,probabilidad
13149,u28,probabilidad
13150,u28,probabilidad
13151,u28,probabilidad
13152,u28,probabilidad
13153,u28,probabilidad
13156,T5520,probabilidad
13157,u18,probabilidad
13157,LS,probabilidad
13158,u27,probabilidad
13159,u27,probabilidad
13160,u27,probabilidad
13161,T6070n,probabilidad
13162,T6385n,probabilidad
13164,u18,probabilidad
13164,LS,probabilidad
13165,u18,probabilidad
13165,LS,probabilidad
13166,u18,probabilidad
13166,LS,probabilidad
13167,T5520,probabilidad
13168,T5723LS,probabilidad
13170,u18,probabilidad
13170,LS,probabilidad
13172,T5520,probabilidad
13173,T8636c73,probabilidad
13176,T6976,probabilidad
13177,u18,probabilidad
13177,LS,probabilidad
13179,T6385n,probabilidad
13180,u18,probabilidad
13180,LS,probabilidad
13182,T8636c73,probabilidad
13183,T8636c73,probabilidad
13184,T8636c73,probabilidad
13185,T8636c73,probabilidad
13186,T8636c73,probabilidad
13187,T8636c73,probabilidad
13188,u18,probabilidad
13188,LS,probabilidad
13189,T5520,probabilidad
13190,u18,probabilidad
13190,LS,probabilidad
13191,u28,probabilidad
13192,u18,probabilidad
13192,LS,probabilidad
13193,u18,probabilidad
13193,LS,probabilidad
13194,T7476,probabilidad
13195,T5723LS,probabilidad
13196,T7476,probabilidad
13197,u18,probabilidad
13197,LS,probabilidad
13199,T8637,probabilidad
13201,u18,probabilidad
13201,LS,probabilidad
13202,u18,probabilidad
13202,LS,probabilidad
13206,T6070,probabilidad
13207,T7370,probabilidad
13208,T5714n,probabilidad
13209,u18,probabilidad
13209,LS,probabilidad
13211,u18,probabilidad
13211,LS,probabilidad
13212,T5520,probabilidad
13213,T8636c73,probabilidad
13214,T8636c73,probabilidad
13215,T8636c73,probabilidad
13216,T5713LS,probabilidad
13217,T5713LS,probabilidad
13219,T5713LS,probabilidad
13220,u18,probabilidad
13220,LS,probabilidad
13223,T6070,probabilidad
13224,T6070,probabilidad
13226,T5520,probabilidad
13226,T6070,probabilidad
13226,T4828,probabilidad
13227,u18,probabilidad
13227,LS,probabilidad
13228,u18,probabilidad
13228,LS,probabilidad
13230,u18,probabilidad
13230,LS,probabilidad
13232,T5714n,probabilidad
13237,T7370,probabilidad
13238,T6070,probabilidad
13239,T7378,probabilidad
13240,T5520LS,probabilidad
13241,u18,probabilidad
13241,LS,probabilidad
13242,u18,probabilidad
13242,LS,probabilidad
13243,T6070,probabilidad
13244,T6070,probabilidad
13246,T5520LS,probabilidad
13247,T8636c73,probabilidad
13248,T8636c73,probabilidad
13249,T10276,probabilidad
13250,T10276,probabilidad
13251,T7476,probabilidad
13252,T8636c73,probabilidad
13253,T8636c73,probabilidad
13254,T8636c73,probabilidad
13255,T8636c73,probabilidad
13256,T8636c73,probabilidad
13257,T8636c73,probabilidad
13258,T5520LS,probabilidad
13260,u18,probabilidad
13260,LS,probabilidad
13261,u18,probabilidad
13261,LS,probabilidad
13262,u18,probabilidad
13262,LS,probabilidad
13263,u18,probabilidad
13263,LS,probabilidad
13265,T5520LS,probabilidad
13267,T5714n,probabilidad
13268,T5520LS,probabilidad
13269,T6070,probabilidad
13270,T6070,probabilidad
13271,T5520,probabilidad
13272,T7370,probabilidad
13273,u18,probabilidad
13273,LS,probabilidad
13274,T5723LS,probabilidad
13276,T5520,probabilidad
13277,T7370,probabilidad
13278,T6070n,probabilidad
13279,T5520LS,probabilidad
13280,T6070n,probabilidad
13281,T6070n,probabilidad
13283,T8636c73,probabilidad
13284,T6976,probabilidad
13285,u18,probabilidad
13285,LS,probabilidad
13289,T6070,probabilidad
13290,T6070,probabilidad
13294,u18,probabilidad
13294,LS,probabilidad
13296,T6976,probabilidad
13297,T6070,probabilidad
13299,T7370,probabilidad
13300,T6070,probabilidad
13301,T6070,probabilidad
13302,T6070,probabilidad
13303,T5723LS,probabilidad
13304,u18,probabilidad
13304,LS,probabilidad
13305,T6976,probabilidad
13306,T6070,probabilidad
13308,T6070,probabilidad
13309,T6070,probabilidad
13310,u18,probabilidad
13310,LS,probabilidad
13311,T6070,probabilidad
13313,T5723LS,probabilidad
13314,T6976,probabilidad
13315,T5723LS,probabilidad
13317,T6070,probabilidad
13319,T6976,probabilidad
13320,T6070,probabilidad
13321,T6070,probabilidad
13322,T6070,probabilidad
13323,T6070,probabilidad
13324,T8636c73,probabilidad
13325,T8636c73,probabilidad
13326,T8636c73,probabilidad
13327,T8636c73,probabilidad
13328,T8636c73,probabilidad
13329,T8636c73,probabilidad
13330,T8636c73,probabilidad
13331,T8636c73,probabilidad
13332,T8636c73,probabilidad
13333,T8636c73,probabilidad
13334,T8636c73,probabilidad
13335,T6070,probabilidad
13336,T6070,probabilidad
13338,T6070,probabilidad
13339,u18,probabilidad
13339,LS,probabilidad
13341,T8636c73,probabilidad
13342,T8636c73,probabilidad
13343,T8636c73,probabilidad
13344,T8636c73,probabilidad
13345,T8636c73,probabilidad
13346,T8636c73,probabilidad
13347,T8636c73,probabilidad
13348,T8636c73,probabilidad
13349,T8636c73,probabilidad
13350,T8636c73,probabilidad
13351,T8636c73,probabilidad
13352,T8636c73,probabilidad
13353,T8636c73,probabilidad
13354,T8636c73,probabilidad
13355,T8636c73,probabilidad
13356,T8636c73,probabilidad
13357,T8636c73,probabilidad
13358,T8636c73,probabilidad
13359,T8636c73,probabilidad
13360,T8636c73,probabilidad
13362,T8637,probabilidad
13364,T8636c73,probabilidad
13365,T8636c73,probabilidad
13366,T8636c73,probabilidad
13367,T8636c73,probabilidad
13368,T8636c73,probabilidad
13369,T8636c73,probabilidad
13370,T5520,probabilidad
13373,T8636c73,probabilidad
13375,T8636c73,probabilidad
13377,u18,probabilidad
13377,LS,probabilidad
13378,T6070,probabilidad
13379,T6070,probabilidad
13380,T8636c73,probabilidad
13381,T8636c73,probabilidad
13382,T8636c73,probabilidad
13383,T8636c73,probabilidad
13384,T8636c73,probabilidad
13385,T8636c73,probabilidad
13386,T5520LS,probabilidad
13389,T8636c73,probabilidad
13390,T8636c73,probabilidad
13391,T8636c73,probabilidad
13392,T8636c73,probabilidad
13393,T8636c73,probabilidad
13394,T8636c73,probabilidad
13395,T5520LS,probabilidad
13396,T6070,probabilidad
13397,T6070,probabilidad
13398,T5520,probabilidad
13398,T6070,probabilidad
13398,T4828,probabilidad
13399,T8636c73,probabilidad
13400,T8636c73,probabilidad
13401,T8636c73,probabilidad
13402,T6070,probabilidad
13403,T6070,probabilidad
13404,T5713LS,probabilidad
13405,T5713LS,probabilidad
13406,T5713LS,probabilidad
13407,T5713LS,probabilidad
13408,T5713LS,probabilidad
13409,T5713LS,probabilidad
13410,T6070,probabilidad
13411,T5520LS,probabilidad
13412,T6070,probabilidad
13413,T6070,probabilidad
13414,T8636c73,probabilidad
13415,T6070,probabilidad
13416,T5520LS,probabilidad
13417,T6070,probabilidad
13422,T6070,probabilidad
13423,T6070,probabilidad
13424,T5118LS,probabilidad
13425,T5118LS,probabilidad
13426,T5118LS,probabilidad
13428,T6070,probabilidad
13431,T6070,probabilidad
13432,T6070,probabilidad
13433,T5520LS,probabilidad
13434,T6070,probabilidad
13435,T6070,probabilidad
13436,u27,probabilidad
13436,LS,probabilidad
13437,u27,probabilidad
13437,LS,probabilidad
13438,u27,probabilidad
13438,LS,probabilidad
13439,u27,probabilidad
13439,LS,probabilidad
13440,u27,probabilidad
13440,LS,probabilidad
13441,u27,probabilidad
13441,LS,probabilidad
13442,T6070,probabilidad
13444,T6070,probabilidad
13445,T6070,probabilidad
13446,T6620LS,probabilidad
13447,T6620LS,probabilidad
13448,T6620LS,probabilidad
13449,T6070,probabilidad
13450,T6070,probabilidad
13452,u18,probabilidad
13452,LS,probabilidad
13453,u28,probabilidad
13454,T8636c73,probabilidad
13456,T6070,probabilidad
13457,T6385,probabilidad
13458,T6070,probabilidad
13461,T6070,probabilidad
13462,T6070,probabilidad
13465,T5520LS,probabilidad
13466,u18,probabilidad
13466,LS,probabilidad
13467,T6070,probabilidad
13468,T5520LS,probabilidad
13470,T6070,probabilidad
13471,T6070,probabilidad
13472,T6070,probabilidad
13477,T8636c73,probabilidad
13478,T6070n,probabilidad
13481,T6070n,probabilidad
13483,T5713LS,probabilidad
13484,T5713LS,probabilidad
13485,T5713LS,probabilidad
13488,T8636c73,probabilidad
13489,T8636c73,probabilidad
13490,T8636c73,probabilidad
13491,T5520LS,probabilidad
13492,u18,probabilidad
13492,LS,probabilidad
13493,T5713LS,probabilidad
13494,T5713LS,probabilidad
13495,T5520LS,probabilidad
13496,T6385,probabilidad
13497,T5713LS,probabilidad
13498,u18,probabilidad
13498,LS,probabilidad
13501,T6070,probabilidad
13502,u18,probabilidad
13502,LS,probabilidad
13503,T5520LS,probabilidad
13504,T6070n,probabilidad
13505,T5520,probabilidad
13506,T6070n,probabilidad
13508,T6070n,probabilidad
13509,T5723LS,probabilidad
13510,T6070,probabilidad
13511,u18,probabilidad
13511,LS,probabilidad
13512,T5520LS,probabilidad
13513,T5723LS,probabilidad
13514,T5520LS,probabilidad
13515,T6070,probabilidad
13516,T6070,probabilidad
13517,T6070,probabilidad
13518,T6070,probabilidad
13519,T5520LS,probabilidad
13521,T5109LS,probabilidad
13522,T5723LS,probabilidad
13523,T6070,probabilidad
13524,T6070,probabilidad
13525,T6070,probabilidad
13527,T5109LS,probabilidad
13528,T5109LS,probabilidad
13529,T6070n,probabilidad
13530,u28,probabilidad
13531,u28,probabilidad
13532,u28,probabilidad
13533,T6070n,probabilidad
13534,T5520LS,probabilidad
13536,T6070,probabilidad
13537,T5520LS,probabilidad
13539,T5520LS,probabilidad
13542,T5520LS,probabilidad
13543,T6070,probabilidad
13544,T6070n,probabilidad
13545,T6385,probabilidad
13546,T5520,probabilidad
13548,T5520LS,probabilidad
13549,T6070n,probabilidad
13551,T6070n,probabilidad
13553,T6070n,probabilidad
13556,T5520LS,probabilidad
13557,u28,probabilidad
13558,u28,probabilidad
13559,T5520LS,probabilidad
13560,u28,probabilidad
13561,u28,probabilidad
13562,u28,probabilidad
13563,u18,probabilidad
13563,LS,probabilidad
13564,u28,probabilidad
13565,u28,probabilidad
13566,u28,probabilidad
13567,T5520LS,probabilidad
13568,T5520LS,probabilidad
13569,u18,probabilidad
13569,LS,probabilidad
13570,T5713LS,probabilidad
13571,T5713LS,probabilidad
13572,T5713LS,probabilidad
13573,T5713LS,probabilidad
13574,T5713LS,probabilidad
13575,T5713LS,probabilidad
13576,T5713LS,probabilidad
13577,T5713LS,probabilidad
13578,T5713LS,probabilidad
13579,T5713LS,probabilidad
13580,T5713LS,probabilidad
13581,T6070n,probabilidad
13582,T5713LS,probabilidad
13583,T6070n,probabilidad
13585,T6070n,probabilidad
13586,T6070n,probabilidad
13588,u28,probabilidad
13589,u28,probabilidad
13590,u28,probabilidad
13594,T5520LS,probabilidad
13595,T6070,probabilidad
13596,T5520LS,probabilidad
13597,T5520LS,probabilidad
13598,T5520LS,probabilidad
13600,T5520LS,probabilidad
13603,T6070n,probabilidad
13604,T6070n,probabilidad
13605,T6070n,probabilidad
13606,T5520LS,probabilidad
13607,T5520LS,probabilidad
13610,T8636c73,probabilidad
13611,T8636c73,probabilidad
13612,T8636c73,probabilidad
13613,T8636c73,probabilidad
13614,T8636c73,probabilidad
13615,T8636c73,probabilidad
13616,T8636c73,probabilidad
13617,T8636c73,probabilidad
13618,T8636c73,probabilidad
13619,T6070n,probabilidad
13620,T7096c74,probabilidad
13621,T8636c73,probabilidad
13622,T8636c73,probabilidad
13623,T6070,probabilidad
13624,T6070,probabilidad
13625,T8636c73,probabilidad
13626,T8636c73,probabilidad
13627,T8636c73,probabilidad
13628,T8636c73,probabilidad
13629,T8636c73,probabilidad
13630,T8636c73,probabilidad
13631,T8636c73,probabilidad
13632,T8636c73,probabilidad
13633,T8636c73,probabilidad
13634,T8636c73,probabilidad
13635,T8636c73,probabilidad
13636,T8636c73,probabilidad
13637,T8636c73,probabilidad
13638,T8636c73,probabilidad
13639,T8636c73,probabilidad
13640,T8636c73,probabilidad
13641,T8636c73,probabilidad
13642,T8636c73,probabilidad
13643,T8636c73,probabilidad
13644,T8636c73,probabilidad
13645,T8637,probabilidad
13647,T10276,probabilidad
13648,T10276,probabilidad
13649,T7476,probabilidad
13650,T5520LS,probabilidad
13651,T8636c73,probabilidad
13652,T8636c73,probabilidad
13653,T8636c73,probabilidad
13654,T8636c73,probabilidad
13655,T8636c73,probabilidad
13656,T8636c73,probabilidad
13657,T6976,probabilidad
13659,T6070,probabilidad
13661,T5713LS,probabilidad
13662,T5713LS,probabilidad
13663,T5713LS,probabilidad
13664,T6070,probabilidad
13665,T6070,probabilidad
13666,T5520LS,probabilidad
13667,T10276,probabilidad
13668,T10276,probabilidad
13669,T5713LS,probabilidad
13670,T5713LS,probabilidad
13671,T5713LS,probabilidad
13672,T5713LS,probabilidad
13673,T5713LS,probabilidad
13674,T5713LS,probabilidad
13683,T8636c73,probabilidad
13687,T6070,probabilidad
13688,T6070,probabilidad
13700,T5714,probabilidad
13701,T5723LS,probabilidad
13702,T5723LS,probabilidad
13704,T8636c73,probabilidad
13708,T7476,probabilidad
13709,T7476,probabilidad
13710,T7476,probabilidad
13714,T5520LS,probabilidad
13715,T5723LS,probabilidad
13718,T5520,probabilidad
13719,T5520LS,probabilidad
13720,u28,probabilidad
13728,T5520LS,probabilidad
13729,T5714,probabilidad
13730,T5714,probabilidad
13735,T6070,probabilidad
13736,T6070,probabilidad
13738,T5723LS,probabilidad
13740,T7476,probabilidad
13741,T7476,probabilidad
13742,T7476,probabilidad
13743,T6070,probabilidad
13744,T6070,probabilidad
13746,T8636c73,probabilidad
13751,T8636c73,probabilidad
13752,T8636c73,probabilidad
13753,T8636c73,probabilidad
13754,T8636c73,probabilidad
13755,T8636c73,probabilidad
13756,T8636c73,probabilidad
13757,T8636c73,probabilidad
13758,T8636c73,probabilidad
13769,T5723LS,probabilidad
13770,T5118LS,probabilidad
13771,T5118LS,probabilidad
13772,T8636c73,probabilidad
13773,T8636c73,probabilidad
13774,T8636c73,probabilidad
13775,T8636c73,probabilidad
13776,T8636c73,probabilidad
13777,T8636c73,probabilidad
13786,T8636c73,probabilidad
13789,T8636c73,probabilidad
13790,T8636c73,probabilidad
13796,u28,probabilidad
13797,u28,probabilidad
13799,u28,probabilidad
13800,u28,probabilidad
13801,u28,probabilidad
13802,u28,probabilidad
13803,u28,probabilidad
13804,u28,probabilidad
13806,T5723LS,probabilidad
13809,T5723LS,probabilidad
13810,T8636c73,probabilidad
13812,T8636c73,probabilidad
13824,T8636c73,probabilidad
13825,T8636c73,probabilidad
13826,T8636c73,probabilidad
13827,T8636c73,probabilidad
13828,T8636c73,probabilidad
13829,T8636c73,probabilidad
13830,T8636c73,probabilidad
13831,T8636c73,probabilidad
13838,T8636c73,probabilidad
13839,T8636c73,probabilidad
13840,T8636c73,probabilidad
13841,T8636c73,probabilidad
13842,T8636c73,probabilidad
13843,T8636c73,probabilidad
13844,T8636c73,probabilidad
13845,T8636c73,probabilidad
13847,T7409LS,probabilidad
13848,T7409LS,probabilidad
13849,T7409LS,probabilidad
13850,T8636c73,probabilidad
13851,T8636c73,probabilidad
13852,T8636c73,probabilidad
13855,T6070,probabilidad
13856,u18,probabilidad
13856,LS,probabilidad
13857,T8636c73,probabilidad
13858,T7771,probabilidad
13859,T7771,probabilidad
13860,T7771,probabilidad
13861,T7771,probabilidad
13862,T7771,probabilidad
13863,T7771,probabilidad
13864,T7771,probabilidad
13865,T7771,probabilidad
13866,T7771,probabilidad
13867,T7771,probabilidad
13868,T7771,probabilidad
13869,T7771,probabilidad
13870,T7771,probabilidad
13871,T8637,probabilidad
13872,T7476,probabilidad
13873,T7476,probabilidad
13874,T7476,probabilidad
13875,T6385,probabilidad
13877,T8636c73,probabilidad
13879,u18,probabilidad
13879,LS,probabilidad
13880,T6070,probabilidad
13881,T6070,probabilidad
13882,T6070,probabilidad
13884,T6070,probabilidad
13885,T6385,probabilidad
13886,T10276,probabilidad
13887,T7476,probabilidad
13888,T7476,probabilidad
13889,T5118LS,probabilidad
13890,T5118LS,probabilidad
13891,T5118LS,probabilidad
13893,u18,probabilidad
13893,LS,probabilidad
13895,T5109LS,probabilidad
13896,T6976,probabilidad
13898,T5109LS,probabilidad
13899,T7378,probabilidad
13900,T6070,probabilidad
13902,T6976,probabilidad
13903,T5723LS,probabilidad
13904,T6976,probabilidad
13906,T5723LS,probabilidad
13907,T5520,probabilidad
13908,T5520LS,probabilidad
13910,T7192,probabilidad
13911,T7192,probabilidad
13912,T7192,probabilidad
13915,T8636c73,probabilidad
13918,T8636c73,probabilidad
13919,T8636c73,probabilidad
13920,T8636c73,probabilidad
13922,T8636c73,probabilidad
13923,T8636c73,probabilidad
13924,T5723LS,probabilidad
13925,T8636c73,probabilidad
13926,T6976,probabilidad
13927,T5520LS,probabilidad
13928,T10528,probabilidad
13930,T10528,probabilidad
13931,u28,probabilidad
13932,u28,probabilidad
13933,u28,probabilidad
13934,u28,probabilidad
13935,u28,probabilidad
13936,u28,probabilidad
13937,T5520LS,probabilidad
13938,u28,probabilidad
13941,u27,probabilidad
13942,u27,probabilidad
13943,u27,probabilidad
13945,T5520LS,probabilidad
13946,T10528,probabilidad
13947,T10528,probabilidad
13948,T7378,probabilidad
13949,u27,probabilidad
13949,LS,probabilidad
13950,u27,probabilidad
13950,LS,probabilidad
13951,u27,probabilidad
13951,LS,probabilidad
13953,T5520LS,probabilidad
13954,T10528,probabilidad
13955,T5520LS,probabilidad
13958,T6070,probabilidad
13959,u28,probabilidad
13960,u28,probabilidad
13961,u28,probabilidad
13962,u28,probabilidad
13963,u28,probabilidad
13965,T6620LS,probabilidad
13966,T6620LS,probabilidad
13967,T6620LS,probabilidad
13968,T5520LS,probabilidad
13970,T5520LS,probabilidad
13974,T10528,probabilidad
13977,u27,probabilidad
13978,u27,probabilidad
13979,u27,probabilidad
13980,T5723LS,probabilidad
13981,T5520LS,probabilidad
13982,T8636c73,probabilidad
13983,T8636c73,probabilidad
13984,T8636c73,probabilidad
13985,T8636c73,probabilidad
13986,T8636c73,probabilidad
13987,T8636c73,probabilidad
13990,T8636c73,probabilidad
13991,T8636c73,probabilidad
13992,T8636c73,probabilidad
13993,T8636c73,probabilidad
13994,T8636c73,probabilidad
13995,T8636c73,probabilidad
13996,T8636c73,probabilidad
13997,T8636c73,probabilidad
13998,T8636c73,probabilidad
13999,T8636c73,probabilidad
14000,T8636c73,probabilidad
14001,T8636c73,probabilidad
14002,T8636c73,probabilidad
14003,T8636c73,probabilidad
14004,T8636c73,probabilidad
14005,T8636c73,probabilidad
14006,T8636c73,probabilidad
14007,T8636c73,probabilidad
14008,T8636c73,probabilidad
14009,T8636c73,probabilidad
14010,T8636c73,probabilidad
14011,T8636c73,probabilidad
14012,T8636c73,probabilidad
14013,T8636c73,probabilidad
14015,T8636c73,probabilidad
14016,T8636c73,probabilidad
14017,T8636c73,probabilidad
14018,T8636c73,probabilidad
14019,T8636c73,probabilidad
14020,T8636c73,probabilidad
14021,T8636c73,probabilidad
14022,T8636c73,probabilidad
14023,T8636c73,probabilidad
14024,T8637,probabilidad
14025,T8636c73,probabilidad
14026,T5713LS,probabilidad
14027,T5713LS,probabilidad
14028,T5713LS,probabilidad
14029,T5713LS,probabilidad
14030,T5713LS,probabilidad
14031,T5713LS,probabilidad
14032,T5713LS,probabilidad
14033,T5713LS,probabilidad
14034,T5713LS,probabilidad
14035,T5713LS,probabilidad
14036,T5713LS,probabilidad
14037,T5713LS,probabilidad
14038,T5118LS,probabilidad
14039,T5118LS,probabilidad
14040,T5118LS,probabilidad
14042,T8636c73,probabilidad
14043,T8636c73,probabilidad
14044,T8636c73,probabilidad
14045,T8636c73,probabilidad
14046,T8636c73,probabilidad
14047,T8636c73,probabilidad
14049,T5723LS,probabilidad
14050,T10276,probabilidad
14051,T7476,probabilidad
14052,T7476,probabilidad
14053,T5118LS,probabilidad
14054,T5118LS,probabilidad
14055,T8636c73,probabilidad
14056,T8636c73,probabilidad
14057,T8636c73,probabilidad
14058,T8636c73,probabilidad
14059,T8636c73,probabilidad
14060,T8636c73,probabilidad
14062,T8636c73,probabilidad
14063,T8636c73,probabilidad
14064,T6976,probabilidad
14065,T6976,probabilidad
14066,u27,probabilidad
14070,T8636c73,probabilidad
14074,T5520LS,probabilidad
14076,u18,probabilidad
14076,LS,probabilidad
14077,T5520LS,probabilidad
14078,T5520,probabilidad
14078,T6070,probabilidad
14078,T4828,probabilidad
14079,T7378,probabilidad
14080,u18,probabilidad
14080,LS,probabilidad
14082,T5520LS,probabilidad
14084,u28,probabilidad
14085,T6976,probabilidad
14087,T5520LS,probabilidad
14088,T5520LS,probabilidad
14091,T5520LS,probabilidad
14092,T5520LS,probabilidad
14094,T5520LS,probabilidad
14096,T8636c73,probabilidad
14097,T5520LS,probabilidad
14098,T5723LS,probabilidad
14099,T5520LS,probabilidad
14100,T5520LS,probabilidad
14101,T5723LS,probabilidad
14102,T6976,probabilidad
14103,T5520LS,probabilidad
14104,T5520LS,probabilidad
14105,T5520LS,probabilidad
14107,T5520LS,probabilidad
14113,T5520LS,probabilidad
14119,T5520LS,probabilidad
14120,T5520LS,probabilidad
14122,u28,probabilidad
14123,u28,probabilidad
14124,u28,probabilidad
14125,u28,probabilidad
14126,u28,probabilidad
14127,T8636c73,probabilidad
14128,T8636c73,probabilidad
14129,T5520LS,probabilidad
14130,T5520LS,probabilidad
14131,T8636c73,probabilidad
14134,T5520LS,probabilidad
14135,T5520LS,probabilidad
14136,T5520,probabilidad
14140,u27,probabilidad
14141,T5520LS,probabilidad
14143,T5520LS,probabilidad
14144,T8636c73,probabilidad
14145,T5520LS,probabilidad
14148,u28,probabilidad
14150,T6976,probabilidad
14151,T6976,probabilidad
14152,T6976,probabilidad
14153,T6385,probabilidad
14155,T6976,probabilidad
14157,T6976,probabilidad
14158,T6976,probabilidad
14159,T8636c73,probabilidad
14160,T8636c73,probabilidad
14161,T8636c73,probabilidad
14162,T7370,probabilidad
14166,u27,probabilidad
14166,LS,probabilidad
14167,u28,probabilidad
14168,u27,probabilidad
14168,LS,probabilidad
14169,u27,probabilidad
14169,LS,probabilidad
14170,u27,probabilidad
14170,LS,probabilidad
14171,T7370,probabilidad
14172,T7370,probabilidad
14173,u27,probabilidad
14173,LS,probabilidad
14174,T5723LS,probabilidad
14175,T5723LS,probabilidad
14176,u27,probabilidad
14176,LS,probabilidad
14177,T8636c73,probabilidad
14179,T6385,probabilidad
14180,T7370,probabilidad
14181,T7370,probabilidad
14182,T8636c73,probabilidad
14183,T8636c73,probabilidad
14184,T8636c73,probabilidad
14185,T8636c73,probabilidad
14186,T8636c73,probabilidad
14187,T8636c73,probabilidad
14190,T7378,probabilidad
14192,T7370,probabilidad
14193,T7370,probabilidad
14194,T7370,probabilidad
14197,T7370,probabilidad
14199,T6976,probabilidad
14200,T7370,probabilidad
14201,T7370,probabilidad
14202,T7370,probabilidad
14203,T6976,probabilidad
14204,T6976,probabilidad
14205,T5118LS,probabilidad
14206,T5118LS,probabilidad
14207,T5118LS,probabilidad
14211,T5520,probabilidad
14212,T6976,probabilidad
14213,u28,probabilidad
14214,u28,probabilidad
14215,u28,probabilidad
14216,u28,probabilidad
14217,u28,probabilidad
14218,u28,probabilidad
14219,T6976,probabilidad
14220,T6976,probabilidad
14221,u28,probabilidad
14222,u28,probabilidad
14223,u28,probabilidad
14224,u28,probabilidad
14225,u28,probabilidad
14226,u28,probabilidad
14227,T5520,probabilidad
14227,T6070,probabilidad
14227,T4828,probabilidad
14228,T6976,probabilidad
14229,T8636c73,probabilidad
14230,T8636c73,probabilidad
14231,T8636c73,probabilidad
14232,T7370,probabilidad
14233,T7370,probabilidad
14234,T6172n,probabilidad
14235,T6172n,probabilidad
14236,T8636c73,probabilidad
14237,T8636c73,probabilidad
14238,T8636c73,probabilidad
14239,T5520LS,probabilidad
14240,T8636c73,probabilidad
14242,T5713LS,probabilidad
14243,T5713LS,probabilidad
14244,T5713LS,probabilidad
14245,T5713LS,probabilidad
14246,T5713LS,probabilidad
14247,T5713LS,probabilidad
14248,T5713LS,probabilidad
14249,T5713LS,probabilidad
14250,T5713LS,probabilidad
14251,T5713LS,probabilidad
14252,T5713LS,probabilidad
14253,T5713LS,probabilidad
14254,T6070,probabilidad
14255,T6070,probabilidad
14256,T5109LS,probabilidad
14257,T5520,probabilidad
14258,T5109LS,probabilidad
14260,T6070,probabilidad
14261,T6070,probabilidad
14262,T6070,probabilidad
14265,T5109LS,probabilidad
14266,T6070,probabilidad
14267,T6070,probabilidad
14268,T5109LS,probabilidad
14269,T7192,probabilidad
14270,T7192,probabilidad
14271,T7192,probabilidad
14272,u27,probabilidad
14273,u27,probabilidad
14274,T6070,probabilidad
14276,T5520LS,probabilidad
14279,T5713LS,probabilidad
14280,T5713LS,probabilidad
14281,T5713LS,probabilidad
14282,T5713LS,probabilidad
14283,T5713LS,probabilidad
14284,T5713LS,probabilidad
14285,u27,probabilidad
14286,u27,probabilidad
14287,u27,probabilidad
14288,T5520LS,probabilidad
14289,T5520,probabilidad
14291,T5520LS,probabilidad
14295,T5520LS,probabilidad
14297,T5520LS,probabilidad
14302,T8636c73,probabilidad
14303,T8636c73,probabilidad
14304,T8636c73,probabilidad
14308,T5520,probabilidad
14311,u28,probabilidad
14312,u28,probabilidad
14313,u28,probabilidad
14314,u28,probabilidad
14315,u28,probabilidad
14318,u27,probabilidad
14319,u27,probabilidad
14320,u27,probabilidad
14323,T8636c73,probabilidad
14326,T8636c73,probabilidad
14327,T8636c73,probabilidad
14328,T8636c73,probabilidad
14329,T8636c73,probabilidad
14330,T8636c73,probabilidad
14331,T8636c73,probabilidad
14332,T8636c73,probabilidad
14333,T8636c73,probabilidad
14334,T8636c73,probabilidad
14335,T8636c73,probabilidad
14336,T8636c73,probabilidad
14343,T5723LS,probabilidad
14348,T8636c73,probabilidad
14349,T8636c73,probabilidad
14350,T8636c73,probabilidad
14351,T8636c73,probabilidad
14352,T8636c73,probabilidad
14353,T8636c73,probabilidad
14354,T8636c73,probabilidad
14355,T8636c73,probabilidad
14356,T8636c73,probabilidad
14357,T8636c73,probabilidad
14358,T8636c73,probabilidad
14360,T5109LS,probabilidad
14361,T8636c73,probabilidad
14362,T8636c73,probabilidad
14363,T8636c73,probabilidad
14364,T8636c73,probabilidad
14365,T8636c73,probabilidad
14366,T8636c73,probabilidad
14367,T8636c73,probabilidad
14368,T8636c73,probabilidad
14369,T8636c73,probabilidad
14370,T8636c73,probabilidad
14372,T8637,probabilidad
14376,T6070,probabilidad
14377,T6070,probabilidad
14379,T6976,probabilidad
14380,T5713LS,probabilidad
14381,T5713LS,probabilidad
14382,T5713LS,probabilidad
14383,T5713LS,probabilidad
14384,T5713LS,probabilidad
14385,T5713LS,probabilidad
14386,T5713LS,probabilidad
14387,T5713LS,probabilidad
14388,T5713LS,probabilidad
14389,T5713LS,probabilidad
14390,T5713LS,probabilidad
14391,T5713LS,probabilidad
14393,T6070,probabilidad
14394,T5109LS,probabilidad
14396,T5118LS,probabilidad
14397,T5118LS,probabilidad
14398,T5118LS,probabilidad
14400,T5118LS,probabilidad
14401,T5118LS,probabilidad
14402,T8636c73,probabilidad
14403,T8636c73,probabilidad
14404,T8636c73,probabilidad
14405,T8636c73,probabilidad
14406,T8636c73,probabilidad
14407,T8636c73,probabilidad
14408,T8636c73,probabilidad
14409,T8636c73,probabilidad
14410,T5520,probabilidad
14411,T5520,probabilidad
14413,T6172n,probabilidad
14414,T6172n,probabilidad
14419,T5723LS,probabilidad
14420,T5723LS,probabilidad
14422,u28,probabilidad
14423,u28,probabilidad
14424,T6070n,probabilidad
14425,T6070n,probabilidad
14426,T6070n,probabilidad
14427,T6976,probabilidad
14428,T6172n,probabilidad
14429,T5118LS,probabilidad
14430,T5118LS,probabilidad
14431,T7476,probabilidad
14432,T7476,probabilidad
14433,T7476,probabilidad
14434,T6976,probabilidad
14436,T6172n,probabilidad
14437,T8636c73,probabilidad
14439,T6976,probabilidad
14440,T6172n,probabilidad
14441,T6976,probabilidad
14444,T10276,probabilidad
14446,T6976,probabilidad
14447,T6172n,probabilidad
14448,T10276,probabilidad
14449,T5520,probabilidad
14450,T5520,probabilidad
14451,T6976,probabilidad
14452,T6976,probabilidad
14455,T5520LS,probabilidad
14456,u28,probabilidad
14457,T5520LS,probabilidad
14459,T5520LS,probabilidad
14460,T5520LS,probabilidad
14461,T5520,probabilidad
14461,T6070,probabilidad
14461,T4828,probabilidad
14462,T7476,probabilidad
14463,T7476,probabilidad
14464,T7476,probabilidad
14465,T5520LS,probabilidad
14466,T5520LS,probabilidad
14468,T5520LS,probabilidad
14469,T5520LS,probabilidad
14470,u28,probabilidad
14471,u28,probabilidad
14472,u28,probabilidad
14473,T5520LS,probabilidad
14474,T5520LS,probabilidad
14475,T5520LS,probabilidad
14476,T5520LS,probabilidad
14477,T8636c73,probabilidad
14479,T6976,probabilidad
14480,T7378,probabilidad
14481,T6070,probabilidad
14483,T5520,probabilidad
14484,T5520,probabilidad
14484,T6385,probabilidad
14485,T5713LS,probabilidad
14486,T5713LS,probabilidad
14487,T5713LS,probabilidad
14488,T5520,probabilidad
14489,T6976,probabilidad
14491,T5520LS,probabilidad
14492,T5713LS,probabilidad
14493,T5713LS,probabilidad
14494,T5520LS,probabilidad
14495,u28,probabilidad
14496,T5713LS,probabilidad
14497,T6976,probabilidad
14498,T5520LS,probabilidad
14499,T5520LS,probabilidad
14500,T5109LS,probabilidad
14501,T9787,probabilidad
14502,T9787,probabilidad
14503,T5520LS,probabilidad
14505,T5520LS,probabilidad
14506,T5109LS,probabilidad
14507,T5109LS,probabilidad
14509,T5520LS,probabilidad
14510,T6976,probabilidad
14511,T7096c74,probabilidad
14512,T5520,probabilidad
14514,T5109LS,probabilidad
14515,T6976,probabilidad
14516,T5520,probabilidad
14517,T6976,probabilidad
14518,T6976,probabilidad
14519,T6976,probabilidad
14520,T6172,probabilidad
14524,T6976,probabilidad
14527,T6976,probabilidad
14529,T6976,probabilidad
14530,T6976,probabilidad
14531,u28,probabilidad
14532,u28,probabilidad
14533,u28,probabilidad
14534,u28,probabilidad
14535,u28,probabilidad
14536,T6976,probabilidad
14538,T5520,probabilidad
14539,u28,probabilidad
14540,T6976,probabilidad
14541,T6976,probabilidad
14542,T6976,probabilidad
14543,T6070,probabilidad
14544,T6976,probabilidad
14545,T6976,probabilidad
14546,T6976,probabilidad
14547,T6070,probabilidad
14549,T6976,probabilidad
14550,T6976,probabilidad
14552,T8637,probabilidad
14553,T6976,probabilidad
14554,T6976,probabilidad
14556,T6976,probabilidad
14557,T6976,probabilidad
14558,T6976,probabilidad
14559,T5520LS,probabilidad
14561,T5520,probabilidad
14561,T6070,probabilidad
14562,T6976,probabilidad
14563,T5520LS,probabilidad
14564,T6976,probabilidad
14565,T6976,probabilidad
14566,T6976,probabilidad
14567,T6976,probabilidad
14568,T7401LS,probabilidad
14569,T7401LS,probabilidad
14571,T8637,probabilidad
14572,T5520LS,probabilidad
14575,T6976,probabilidad
14576,T5520LS,probabilidad
14577,T5723LS,probabilidad
14578,T6172,probabilidad
14579,T5520LS,probabilidad
14582,T8637,probabilidad
14583,T5520LS,probabilidad
14584,T8636c73,probabilidad
14585,T8636c73,probabilidad
14586,T8636c73,probabilidad
14587,T8636c73,probabilidad
14588,T8636c73,probabilidad
14589,T8636c73,probabilidad
14590,T8636c73,probabilidad
14591,T8636c73,probabilidad
14593,T6976,probabilidad
14595,T5520LS,probabilidad
14598,T6976,probabilidad
14601,T6976,probabilidad
14602,T6976,probabilidad
14604,T8637,probabilidad
14605,T5118LS,probabilidad
14606,T5118LS,probabilidad
14607,T6976,probabilidad
14609,T5723LS,probabilidad
14610,T5520LS,probabilidad
14611,T5520LS,probabilidad
14612,T6976,probabilidad
14613,u28,probabilidad
14614,u28,probabilidad
14616,u18,probabilidad
14616,LS,probabilidad
14617,T5520LS,probabilidad
14618,T5520LS,probabilidad
14619,T6976,probabilidad
14621,T5520LS,probabilidad
14623,T5118LS,probabilidad
14624,T5118LS,probabilidad
14625,T5118LS,probabilidad
14626,u28,probabilidad
14627,T6976,probabilidad
14629,u18,probabilidad
14629,LS,probabilidad
14630,T8637,probabilidad
14631,T6070,probabilidad
14632,T6976,probabilidad
14633,T5723LS,probabilidad
14635,T6976,probabilidad
14639,u28,probabilidad
14642,T5713LS,probabilidad
14643,T5713LS,probabilidad
14644,T5713LS,probabilidad
14645,T5713LS,probabilidad
14646,T5713LS,probabilidad
14647,T5713LS,probabilidad
14648,T5713LS,probabilidad
14649,T5713LS,probabilidad
14650,T5713LS,probabilidad
14651,T5713LS,probabilidad
14652,T5713LS,probabilidad
14653,T5713LS,probabilidad
14654,T6976,probabilidad
14656,T5520,probabilidad
14656,T6070,probabilidad
14660,T6070n,probabilidad
14661,T7333,probabilidad
14663,T8637,probabilidad
14664,T6070n,probabilidad
14665,T6070n,probabilidad
14666,T6070n,probabilidad
14674,T5713LS,probabilidad
14675,T5713LS,probabilidad
14676,T5713LS,probabilidad
14677,T5713LS,probabilidad
14678,T5713LS,probabilidad
14679,T5713LS,probabilidad
14680,u27,probabilidad
14681,u27,probabilidad
14682,u27,probabilidad
14683,T6070n,probabilidad
14685,T6070n,probabilidad
14686,T6976,probabilidad
14693,T8636c73,probabilidad
14694,T8636c73,probabilidad
14695,T8636c73,probabilidad
14696,T9787,probabilidad
14697,T9787,probabilidad
14701,T9787,probabilidad
14702,T9787,probabilidad
14703,T9787,probabilidad
14704,T9787,probabilidad
14705,T7333,probabilidad
14710,T8636c73,probabilidad
14711,T8637,probabilidad
14715,u18,probabilidad
14715,LS,probabilidad
14721,T9787,probabilidad
14723,T9787,probabilidad
14724,T9787,probabilidad
14725,T9787,probabilidad
14726,T8636c73,probabilidad
14727,T8636c73,probabilidad
14728,T8636c73,probabilidad
14729,T8636c73,probabilidad
14730,T8636c73,probabilidad
14731,T8636c73,probabilidad
14732,T8636c73,probabilidad
14733,T8636c73,probabilidad
14734,T8636c73,probabilidad
14735,T8636c73,probabilidad
14736,T8636c73,probabilidad
14737,T5803,probabilidad
14742,T5803,probabilidad
14743,u27,probabilidad
14744,u27,probabilidad
14745,u27,probabilidad
14746,u28,probabilidad
14749,u28,probabilidad
14750,T8636c73,probabilidad
14751,T8636c73,probabilidad
14752,T8636c73,probabilidad
14753,T8636c73,probabilidad
14754,T8636c73,probabilidad
14755,T8636c73,probabilidad
14756,T8636c73,probabilidad
14757,T8636c73,probabilidad
14758,T8636c73,probabilidad
14759,T8636c73,probabilidad
14760,T8636c73,probabilidad
14764,T8636c73,probabilidad
14765,T8636c73,probabilidad
14766,T7771,probabilidad
14767,T7771,probabilidad
14768,T7771,probabilidad
14769,T7771,probabilidad
14770,T7771,probabilidad
14771,T7771,probabilidad
14772,T7771,probabilidad
14773,T7771,probabilidad
14774,T8637,probabilidad
14775,T7771,probabilidad
14776,T7771,probabilidad
14777,T7771,probabilidad
14778,T7771,probabilidad
14779,T7771,probabilidad
14780,T7771,probabilidad
14781,T7771,probabilidad
14782,T7771,probabilidad
14783,T7771,probabilidad
14784,T7771,probabilidad
14785,T7771,probabilidad
14786,T8636c73,probabilidad
14787,T8636c73,probabilidad
14788,T8636c73,probabilidad
14789,T8636c73,probabilidad
14790,T8636c73,probabilidad
14791,T8636c73,probabilidad
14792,T8636c73,probabilidad
14793,T8636c73,probabilidad
14794,T1115CA,probabilidad
14795,T1115CA,probabilidad
14796,T1115CA,probabilidad
14802,T9787,probabilidad
14803,T9787,probabilidad
14804,u28,probabilidad
14805,u28,probabilidad
14806,u28,probabilidad
14807,u28,probabilidad
14808,u28,probabilidad
14809,u28,probabilidad
14812,u28,probabilidad
14813,u28,probabilidad
14814,u28,probabilidad
14815,u28,probabilidad
14816,u28,probabilidad
14817,u28,probabilidad
14818,u28,probabilidad
14819,u28,probabilidad
14820,u28,probabilidad
14821,u28,probabilidad
14822,u28,probabilidad
14823,T5713LS,probabilidad
14824,T5713LS,probabilidad
14825,T5713LS,probabilidad
14826,T5713LS,probabilidad
14827,T5713LS,probabilidad
14828,T5713LS,probabilidad
14829,T5713LS,probabilidad
14830,T5713LS,probabilidad
14831,T5713LS,probabilidad
14832,T5713LS,probabilidad
14833,T5713LS,probabilidad
14834,T5713LS,probabilidad
14835,T7378,probabilidad
14836,u18,probabilidad
14836,LS,probabilidad
14837,T5803,probabilidad
14837,LS,probabilidad
14838,T5803,probabilidad
14838,LS,probabilidad
14839,T5803,probabilidad
14839,LS,probabilidad
14840,T5803,probabilidad
14840,LS,probabilidad
14841,T5803,probabilidad
14841,LS,probabilidad
14842,T5803,probabilidad
14842,LS,probabilidad
14843,T5803,probabilidad
14843,LS,probabilidad
14844,T5803,probabilidad
14844,LS,probabilidad
14845,T5803,probabilidad
14845,LS,probabilidad
14846,T8636c73,probabilidad
14847,T5118LS,probabilidad
14848,T5118LS,probabilidad
14849,T5118LS,probabilidad
14850,u18,probabilidad
14850,LS,probabilidad
14851,T8636c73,probabilidad
14853,T8636c73,probabilidad
14854,T8636c73,probabilidad
14855,T8636c73,probabilidad
14856,T8636c73,probabilidad
14857,T8636c73,probabilidad
14858,T8636c73,probabilidad
14859,u18,probabilidad
14859,LS,probabilidad
14860,u28,probabilidad
14861,T8637,probabilidad
14863,u28,probabilidad
14864,u28,probabilidad
14865,u28,probabilidad
14866,u28,probabilidad
14867,u28,probabilidad
14868,T6976,probabilidad
14869,T5520,probabilidad
14870,T7401LS,probabilidad
14871,T7401LS,probabilidad
14872,T8636c73,probabilidad
14873,T8636c73,probabilidad
14874,T8636c73,probabilidad
14875,u18,probabilidad
14875,LS,probabilidad
14876,u28,probabilidad
14877,u28,probabilidad
14878,u28,probabilidad
14879,T7378,probabilidad
14880,T6070,probabilidad
14882,u18,probabilidad
14882,LS,probabilidad
14883,T6976,probabilidad
14884,u18,probabilidad
14884,LS,probabilidad
14885,T6976,probabilidad
14886,T8637,probabilidad
14887,u18,probabilidad
14887,LS,probabilidad
14888,T8636c73,probabilidad
14890,T5803,probabilidad
14890,LS,probabilidad
14891,u18,probabilidad
14891,LS,probabilidad
14892,T5803,probabilidad
14892,LS,probabilidad
14893,T5803,probabilidad
14893,LS,probabilidad
14894,u18,probabilidad
14894,LS,probabilidad
14895,T6976,probabilidad
14896,u18,probabilidad
14896,LS,probabilidad
14897,u18,probabilidad
14897,LS,probabilidad
14898,T8636c73,probabilidad
14899,T8636c73,probabilidad
14900,T8636c73,probabilidad
14901,u18,probabilidad
14901,LS,probabilidad
14902,u18,probabilidad
14902,LS,probabilidad
14903,T6976,probabilidad
14904,u18,probabilidad
14904,LS,probabilidad
14905,T6070,probabilidad
14906,T10276,probabilidad
14907,T10276,probabilidad
14908,T7476,probabilidad
14909,u18,probabilidad
14909,LS,probabilidad
14910,u27,probabilidad
14911,T6070,probabilidad
14912,T6070,probabilidad
14913,T8636c73,probabilidad
14915,u18,probabilidad
14915,LS,probabilidad
14916,u18,probabilidad
14916,LS,probabilidad
14917,u18,probabilidad
14917,LS,probabilidad
14918,T6976,probabilidad
14919,u18,probabilidad
14919,LS,probabilidad
14921,T5723LS,probabilidad
14922,T5118LS,probabilidad
14923,T5118LS,probabilidad
14924,u18,probabilidad
14924,LS,probabilidad
14925,T6976,probabilidad
14926,T8636c73,probabilidad
14927,T8636c73,probabilidad
14928,T8636c73,probabilidad
14929,T5109LS,probabilidad
14930,u28,probabilidad
14931,u18,probabilidad
14931,LS,probabilidad
14932,u18,probabilidad
14932,LS,probabilidad
14933,T8637,probabilidad
14934,T6976,probabilidad
14935,T6070,probabilidad
14936,T5109LS,probabilidad
14937,T5520,probabilidad
14937,T6070,probabilidad
14938,T8636c73,probabilidad
14939,T5803,probabilidad
14939,LS,probabilidad
14940,T5803,probabilidad
14940,LS,probabilidad
14941,T5803,probabilidad
14941,LS,probabilidad
14942,T8636c73,probabilidad
14943,T5118LS,probabilidad
14944,T5118LS,probabilidad
14945,T8636c73,probabilidad
14946,T8636c73,probabilidad
14947,T8636c73,probabilidad
14948,T6070,probabilidad
14949,T7405,probabilidad
14950,T8636c73,probabilidad
14951,T8636c73,probabilidad
14952,T8636c73,probabilidad
14953,u18,probabilidad
14953,LS,probabilidad
14954,T7417,probabilidad
14955,T7405,probabilidad
14956,T5723LS,probabilidad
14957,u18,probabilidad
14957,LS,probabilidad
14958,u18,probabilidad
14958,LS,probabilidad
14959,u18,probabilidad
14959,LS,probabilidad
14960,u18,probabilidad
14960,LS,probabilidad
14961,u18,probabilidad
14961,LS,probabilidad
14962,T5520,probabilidad
14962,T6070,probabilidad
14963,T7417,probabilidad
14964,T7405,probabilidad
14965,T8636c73,probabilidad
14966,u18,probabilidad
14966,LS,probabilidad
14967,T5520,probabilidad
14968,u18,probabilidad
14968,LS,probabilidad
14970,T8636c73,probabilidad
14971,T8636c73,probabilidad
14972,T8636c73,probabilidad
14973,T8636c73,probabilidad
14974,T8636c73,probabilidad
14975,T8636c73,probabilidad
14976,u18,probabilidad
14976,LS,probabilidad
14977,u18,probabilidad
14977,LS,probabilidad
14978,u18,probabilidad
14978,LS,probabilidad
14980,u18,probabilidad
14980,LS,probabilidad
14981,u18,probabilidad
14981,LS,probabilidad
14982,T6976,probabilidad
14983,T5723LS,probabilidad
14984,T6976,probabilidad
14985,u18,probabilidad
14985,LS,probabilidad
14987,u18,probabilidad
14987,LS,probabilidad
14988,u28,probabilidad
14989,u18,probabilidad
14989,LS,probabilidad
14990,u18,probabilidad
14990,LS,probabilidad
14991,u18,probabilidad
14991,LS,probabilidad
14992,T6976,probabilidad
14993,u18,probabilidad
14993,LS,probabilidad
14994,u18,probabilidad
14994,LS,probabilidad
14995,u18,probabilidad
14995,LS,probabilidad
14996,T6976,probabilidad
14997,u18,probabilidad
14997,LS,probabilidad
14998,u28,probabilidad
14999,u28,probabilidad
15000,u28,probabilidad
15001,u28,probabilidad
15002,u28,probabilidad
15003,u28,probabilidad
15004,u18,probabilidad
15004,LS,probabilidad
15005,u18,probabilidad
15005,LS,probabilidad
15006,T6976,probabilidad
15007,u18,probabilidad
15007,LS,probabilidad
15008,T8636c73,probabilidad
15009,T8636c73,probabilidad
15010,T8636c73,probabilidad
15011,u18,probabilidad
15011,LS,probabilidad
15012,u18,probabilidad
15012,LS,probabilidad
15013,T6976,probabilidad
15014,T6976,probabilidad
15015,T6070n,probabilidad
15016,T6070n,probabilidad
15017,u18,probabilidad
15017,LS,probabilidad
15019,u18,probabilidad
15019,LS,probabilidad
15020,T6070n,probabilidad
15021,T6976,probabilidad
15022,T6976,probabilidad
15024,T7476,probabilidad
15025,T7476,probabilidad
15026,T7476,probabilidad
15027,T6070n,probabilidad
15028,T5520,probabilidad
15028,T6070,probabilidad
15030,u18,probabilidad
15030,LS,probabilidad
15031,T6976,probabilidad
15032,T5520,probabilidad
15034,u18,probabilidad
15034,LS,probabilidad
15035,T6976,probabilidad
15036,T6976,probabilidad
15037,T6070n,probabilidad
15038,u18,probabilidad
15038,LS,probabilidad
15040,T8636c73,probabilidad
15041,T5118LS,probabilidad
15042,T8636c73,probabilidad
15043,T8636c73,probabilidad
15044,T8636c73,probabilidad
15045,T8636c73,probabilidad
15046,T8636c73,probabilidad
15047,T8636c73,probabilidad
15048,T8636c73,probabilidad
15049,T8636c73,probabilidad
15050,T8636c73,probabilidad
15051,T5118LS,probabilidad
15052,T8636c73,probabilidad
15053,T8636c73,probabilidad
15054,T5520LS,probabilidad
15055,T6976,probabilidad
15056,T8636c73,probabilidad
15057,T8636c73,probabilidad
15058,T8636c73,probabilidad
15059,T8636c73,probabilidad
15060,T8636c73,probabilidad
15061,T8636c73,probabilidad
15062,T8636c73,probabilidad
15063,T8636c73,probabilidad
15064,T8636c73,probabilidad
15065,T8636c73,probabilidad
15066,T8636c73,probabilidad
15067,T8636c73,probabilidad
15068,T8636c73,probabilidad
15069,T8636c73,probabilidad
15070,T8636c73,probabilidad
15071,T8636c73,probabilidad
15072,T8636c73,probabilidad
15073,T8636c73,probabilidad
15074,T8636c73,probabilidad
15075,T8636c73,probabilidad
15076,T8636c73,probabilidad
15077,T8636c73,probabilidad
15078,T8636c73,probabilidad
15079,T8636c73,probabilidad
15080,T8636c73,probabilidad
15081,T8636c73,probabilidad
15082,T8636c73,probabilidad
15083,T8636c73,probabilidad
15084,T8636c73,probabilidad
15085,T8636c73,probabilidad
15086,T8636c73,probabilidad
15087,T8636c73,probabilidad
15088,T8636c73,probabilidad
15089,T8636c73,probabilidad
15090,T8636c73,probabilidad
15091,T8636c73,probabilidad
15092,T8636c73,probabilidad
15093,T8636c73,probabilidad
15094,T8636c73,probabilidad
15095,T8636c73,probabilidad
15096,T8636c73,probabilidad
15097,T8637,probabilidad
15098,u18,probabilidad
15098,LS,probabilidad
15100,u18,probabilidad
15100,LS,probabilidad
15101,T8636c73,probabilidad
15102,T5520LS,probabilidad
15105,T8636c73,probabilidad
15106,T8636c73,probabilidad
15107,T8636c73,probabilidad
15108,T8636c73,probabilidad
15109,T8636c73,probabilidad
15110,T8636c73,probabilidad
15111,T8636c73,probabilidad
15112,T6070,probabilidad
15113,T5520LS,probabilidad
15114,T5520,probabilidad
15115,T8636c73,probabilidad
15116,T6070n,probabilidad
15118,T6976,probabilidad
15119,T5520LS,probabilidad
15120,T5520LS,probabilidad
15121,u18,probabilidad
15121,LS,probabilidad
15123,u18,probabilidad
15123,LS,probabilidad
15124,u18,probabilidad
15124,LS,probabilidad
15125,T6976,probabilidad
15126,T6070,probabilidad
15127,T5520LS,probabilidad
15128,T6976,probabilidad
15129,T5520LS,probabilidad
15130,T7476,probabilidad
15131,T7476,probabilidad
15132,T7476,probabilidad
15133,T6070,probabilidad
15134,T8636c73,probabilidad
15135,T8636c73,probabilidad
15136,T8636c73,probabilidad
15137,T8636c73,probabilidad
15138,T8636c73,probabilidad
15139,T8636c73,probabilidad
15140,T8636c73,probabilidad
15141,T8636c73,probabilidad
15142,T5520LS,probabilidad
15143,T5520,probabilidad
15143,T6070,probabilidad
15144,T8636c73,probabilidad
15145,T8636c73,probabilidad
15146,T8636c73,probabilidad
15147,T8636c73,probabilidad
15148,T8636c73,probabilidad
15150,T8636c73,probabilidad
15151,T6070,probabilidad
15152,T8636c73,probabilidad
15153,T8636c73,probabilidad
15154,T8636c73,probabilidad
15155,T8636c73,probabilidad
15156,T8636c73,probabilidad
15157,T8636c73,probabilidad
15158,T8636c73,probabilidad
15160,T6070,probabilidad
15161,T8636c73,probabilidad
15162,T5803,probabilidad
15162,LS,probabilidad
15163,T5803,probabilidad
15163,LS,probabilidad
15164,T5803,probabilidad
15164,LS,probabilidad
15165,T5803,probabilidad
15165,LS,probabilidad
15166,T5803,probabilidad
15166,LS,probabilidad
15167,T6070n,probabilidad
15168,T7476,probabilidad
15169,T7476,probabilidad
15170,T7476,probabilidad
15171,T5803,probabilidad
15171,LS,probabilidad
15173,T6070n,probabilidad
15174,T8636c73,probabilidad
15175,T8636c73,probabilidad
15176,T8636c73,probabilidad
15177,T5520LS,probabilidad
15178,u18,probabilidad
15178,LS,probabilidad
15180,T5723LS,probabilidad
15183,T6070n,probabilidad
15184,T5520LS,probabilidad
15185,T10276,probabilidad
15186,T5520LS,probabilidad
15187,T5520LS,probabilidad
15189,T10276,probabilidad
15190,T7476,probabilidad
15191,T6070n,probabilidad
15192,T6070n,probabilidad
15193,u18,probabilidad
15193,LS,probabilidad
15194,T10276,probabilidad
15195,T7476,probabilidad
15196,T7476,probabilidad
15197,T6070,probabilidad
15198,T5520,probabilidad
15199,T5803,probabilidad
15200,T5803,probabilidad
15201,T6070,probabilidad
15202,T5803,probabilidad
15203,T5803,probabilidad
15204,T6070n,probabilidad
15205,T6070,probabilidad
15206,T5520LS,probabilidad
15208,u18,probabilidad
15208,LS,probabilidad
15209,T6070,probabilidad
15210,T8636c73,probabilidad
15211,T8636c73,probabilidad
15212,T8636c73,probabilidad
15213,T8636c73,probabilidad
15214,T8636c73,probabilidad
15215,T8636c73,probabilidad
15216,T5520LS,probabilidad
15217,u18,probabilidad
15217,LS,probabilidad
15218,u18,probabilidad
15218,LS,probabilidad
15221,T6070,probabilidad
15225,T5520LS,probabilidad
15227,T6976,probabilidad
15228,u18,probabilidad
15228,LS,probabilidad
15229,T5520LS,probabilidad
15230,u18,probabilidad
15230,LS,probabilidad
15231,T9787,probabilidad
15232,T5520LS,probabilidad
15233,T6070,probabilidad
15234,T8636c73,probabilidad
15235,T6070,probabilidad
15236,T5520LS,probabilidad
15237,T5520LS,probabilidad
15238,T8636c73,probabilidad
15239,T6070,probabilidad
15240,u18,probabilidad
15240,LS,probabilidad
15241,u18,probabilidad
15241,LS,probabilidad
15242,u18,probabilidad
15242,LS,probabilidad
15244,u18,probabilidad
15244,LS,probabilidad
15245,T6070,probabilidad
15246,u18,probabilidad
15246,LS,probabilidad
15247,T6070,probabilidad
15248,T8636c73,probabilidad
15249,u18,probabilidad
15249,LS,probabilidad
15252,u18,probabilidad
15252,LS,probabilidad
15253,u18,probabilidad
15253,LS,probabilidad
15254,T6070,probabilidad
15255,u18,probabilidad
15255,LS,probabilidad
15256,T8636c73,probabilidad
15257,T8636c73,probabilidad
15258,T8636c73,probabilidad
15260,u18,probabilidad
15260,LS,probabilidad
15261,T6070n,probabilidad
15262,u18,probabilidad
15262,LS,probabilidad
15263,T6070n,probabilidad
15264,T6070n,probabilidad
15265,u18,probabilidad
15265,LS,probabilidad
15266,u18,probabilidad
15266,LS,probabilidad
15267,T8636c73,probabilidad
15268,T8636c73,probabilidad
15269,T8636c73,probabilidad
15270,T8636c73,probabilidad
15271,T8636c73,probabilidad
15272,T8636c73,probabilidad
15273,T8636c73,probabilidad
15274,T8636c73,probabilidad
15275,T8636c73,probabilidad
15276,T5520,probabilidad
15276,T6070,probabilidad
15277,T5723LS,probabilidad
15278,u18,probabilidad
15278,LS,probabilidad
15279,T6070n,probabilidad
15280,T8636c73,probabilidad
15281,T8636c73,probabilidad
15282,u18,probabilidad
15282,LS,probabilidad
15283,T6070n,probabilidad
15284,T6070n,probabilidad
15285,T5723LS,probabilidad
15286,T8636c73,probabilidad
15287,T8636c73,probabilidad
15288,T8636c73,probabilidad
15289,T8636c73,probabilidad
15290,T8636c73,probabilidad
15291,T8636c73,probabilidad
15292,T8636c73,probabilidad
15293,T8636c73,probabilidad
15294,T8636c73,probabilidad
15295,T8636c73,probabilidad
15296,T8636c73,probabilidad
15297,T8636c73,probabilidad
15298,T8636c73,probabilidad
15299,T8636c73,probabilidad
15300,T8636c73,probabilidad
15301,T8636c73,probabilidad
15302,T8636c73,probabilidad
15303,T8636c73,probabilidad
15304,T8636c73,probabilidad
15305,T8636c73,probabilidad
15306,T8636c73,probabilidad
15307,T8636c73,probabilidad
15308,T8636c73,probabilidad
15309,T8636c73,probabilidad
15310,T8636c73,probabilidad
15311,T8636c73,probabilidad
15312,T8636c73,probabilidad
15313,T8636c73,probabilidad
15314,T8636c73,probabilidad
15315,T8636c73,probabilidad
15316,T8636c73,probabilidad
15317,T8636c73,probabilidad
15318,T8636c73,probabilidad
15319,T8636c73,probabilidad
15320,T8636c73,probabilidad
15321,T8636c73,probabilidad
15322,T8636c73,probabilidad
15323,T8636c73,probabilidad
15324,T8636c73,probabilidad
15325,T8636c73,probabilidad
15326,T8636c73,probabilidad
15327,u18,probabilidad
15327,LS,probabilidad
15328,u18,probabilidad
15328,LS,probabilidad
15329,T8637,probabilidad
15330,T6070n,probabilidad
15331,u18,probabilidad
15331,LS,probabilidad
15332,T6070n,probabilidad
15333,T5713LS,probabilidad
15334,T5713LS,probabilidad
15335,T5713LS,probabilidad
15336,T7192,probabilidad
15337,T7192,probabilidad
15338,T6070n,probabilidad
15339,T7192,probabilidad
15340,T8636c73,probabilidad
15341,T8636c73,probabilidad
15342,T8636c73,probabilidad
15343,T8636c73,probabilidad
15344,T8636c73,probabilidad
15345,T8636c73,probabilidad
15346,T6070n,probabilidad
15347,T6070n,probabilidad
15348,T6070n,probabilidad
15349,T6070n,probabilidad
15350,T6976,probabilidad
15351,T8636c73,probabilidad
15352,u18,probabilidad
15352,LS,probabilidad
15353,T6172n,probabilidad
15354,T6070n,probabilidad
15355,T5520LS,probabilidad
15356,T6070n,probabilidad
15357,T6070,probabilidad
15358,T5713LS,probabilidad
15359,T5713LS,probabilidad
15360,T5713LS,probabilidad
15361,T5713LS,probabilidad
15362,T5713LS,probabilidad
15363,T6070n,probabilidad
15364,T8636c73,probabilidad
15366,T6070n,probabilidad
15367,T5520LS,probabilidad
15368,T6976,probabilidad
15369,T6070n,probabilidad
15370,T6976,probabilidad
15371,T5520LS,probabilidad
15372,T6070n,probabilidad
15373,T6070n,probabilidad
15374,u27,probabilidad
15374,LS,probabilidad
15375,T5520LS,probabilidad
15376,T6070,probabilidad
15377,T5723LS,probabilidad
15378,T6976,probabilidad
15379,T5520LS,probabilidad
15380,T8636c73,probabilidad
15381,T8636c73,probabilidad
15382,T8636c73,probabilidad
15384,T7378,probabilidad
15385,u27,probabilidad
15385,LS,probabilidad
15386,u27,probabilidad
15386,LS,probabilidad
15387,T7476,probabilidad
15388,T7476,probabilidad
15389,T7476,probabilidad
15390,T8636c73,probabilidad
15391,u18,probabilidad
15391,LS,probabilidad
15393,u18,probabilidad
15393,LS,probabilidad
15395,T9787,probabilidad
15396,T6070,probabilidad
15397,T8636c73,probabilidad
15398,T6070n,probabilidad
15400,u18,probabilidad
15400,LS,probabilidad
15403,T6070n,probabilidad
15404,T6070n,probabilidad
15405,T5520LS,probabilidad
15406,u18,probabilidad
15406,LS,probabilidad
15407,T6070n,probabilidad
15408,T6070n,probabilidad
15410,T6070n,probabilidad
15411,u27,probabilidad
15411,LS,probabilidad
15412,u27,probabilidad
15412,LS,probabilidad
15413,u27,probabilidad
15413,LS,probabilidad
15414,T6070n,probabilidad
15416,T6070n,probabilidad
15418,T6976,probabilidad
15419,T6976,probabilidad
15420,T6976,probabilidad
15421,T6070n,probabilidad
15424,T8636c73,probabilidad
15425,T5520,probabilidad
15425,T6070,probabilidad
15427,u18,probabilidad
15427,LS,probabilidad
15428,T6070,probabilidad
15429,u18,probabilidad
15429,LS,probabilidad
15430,T6976,probabilidad
15431,T6070,probabilidad
15432,T6070n,probabilidad
15433,T5713LS,probabilidad
15434,T5713LS,probabilidad
15435,T5713LS,probabilidad
15436,T5713LS,probabilidad
15437,T5713LS,probabilidad
15438,T5713LS,probabilidad
15439,T5713LS,probabilidad
15440,T5713LS,probabilidad
15441,T5713LS,probabilidad
15442,u18,probabilidad
15442,LS,probabilidad
15444,T9787,probabilidad
15445,T9787,probabilidad
15446,T6070n,probabilidad
15449,T6070,probabilidad
15450,T5723LS,probabilidad
15451,T5723LS,probabilidad
15452,T6976,probabilidad
15453,T5520LS,probabilidad
15454,T6976,probabilidad
15456,u18,probabilidad
15456,LS,probabilidad
15457,T8636c73,probabilidad
15459,T5520,probabilidad
15459,T6070,probabilidad
15460,T5520,probabilidad
15461,T5723LS,probabilidad
15463,T7370,probabilidad
15464,u18,probabilidad
15464,LS,probabilidad
15465,T7370,probabilidad
15466,T6976,probabilidad
15467,T5803,probabilidad
15468,T5803,probabilidad
15470,T5520LS,probabilidad
15471,u18,probabilidad
15471,LS,probabilidad
15472,u18,probabilidad
15472,LS,probabilidad
15473,T5723LS,probabilidad
15474,T5723LS,probabilidad
15475,T5520LS,probabilidad
15476,u18,probabilidad
15476,LS,probabilidad
15477,u18,probabilidad
15477,LS,probabilidad
15478,T5723LS,probabilidad
15479,T5520LS,probabilidad
15480,T6172n,probabilidad
15481,u18,probabilidad
15481,LS,probabilidad
15483,T5520LS,probabilidad
15485,T5520LS,probabilidad
15487,u18,probabilidad
15487,LS,probabilidad
15488,T6172n,probabilidad
15490,u18,probabilidad
15490,LS,probabilidad
15491,u18,probabilidad
15491,LS,probabilidad
15492,T5723LS,probabilidad
15493,u18,probabilidad
15493,LS,probabilidad
15494,T6976,probabilidad
15495,T6070,probabilidad
15496,T8636c73,probabilidad
15497,T6172,probabilidad
15498,T6070n,probabilidad
15499,T6172,probabilidad
15500,T7370,probabilidad
15501,T7370,probabilidad
15503,T6070n,probabilidad
15504,T8636c73,probabilidad
15505,T8636c73,probabilidad
15506,T8636c73,probabilidad
15507,T8636c73,probabilidad
15508,T8636c73,probabilidad
15509,T8636c73,probabilidad
15510,T8636c73,probabilidad
15511,T6070n,probabilidad
15512,T6976,probabilidad
15514,T6172,probabilidad
15515,T6070n,probabilidad
15516,T7192,probabilidad
15517,T7192,probabilidad
15518,T8637,probabilidad
15519,T6070,probabilidad
15520,T6070n,probabilidad
15521,T6070,probabilidad
15523,T6976,probabilidad
15524,T6070n,probabilidad
15526,T5118LS,probabilidad
15527,T5118LS,probabilidad
15528,T5118LS,probabilidad
15529,T5723LS,probabilidad
15530,T8637,probabilidad
15531,T6976,probabilidad
15533,T10276,probabilidad
15534,T10276,probabilidad
15536,T5713LS,probabilidad
15537,T5713LS,probabilidad
15538,T5713LS,probabilidad
15539,T5713LS,probabilidad
15540,T9787,probabilidad
15541,T5713LS,probabilidad
15542,T5713LS,probabilidad
15543,T9787,probabilidad
15544,u27,probabilidad
15545,u27,probabilidad
15546,u27,probabilidad
15547,u27,probabilidad
15547,LS,probabilidad
15548,u27,probabilidad
15548,LS,probabilidad
15549,u27,probabilidad
15549,LS,probabilidad
15550,T6070,probabilidad
15552,T6070,probabilidad
15553,T6070,probabilidad
15554,T5713LS,probabilidad
15555,T5713LS,probabilidad
15557,T5723LS,probabilidad
15559,T8637,probabilidad
15561,T6070,probabilidad
15563,T8636c73,probabilidad
15564,T8636c73,probabilidad
15565,T8636c73,probabilidad
15566,T8636c73,probabilidad
15567,T8636c73,probabilidad
15568,T8636c73,probabilidad
15569,T8636c73,probabilidad
15570,T8636c73,probabilidad
15571,T5723LS,probabilidad
15573,T6070,probabilidad
15576,T5723LS,probabilidad
15578,T6976,probabilidad
15579,T9787,probabilidad
15580,T6070,probabilidad
15581,T6070n,probabilidad
15582,T6070n,probabilidad
15583,T6070n,probabilidad
15584,T8636c73,probabilidad
15586,u27,probabilidad
15587,u27,probabilidad
15588,u27,probabilidad
15589,T8636c73,probabilidad
15590,T8636c73,probabilidad
15591,T8636c73,probabilidad
15592,T8636c73,probabilidad
15593,T8636c73,probabilidad
15594,T8636c73,probabilidad
15595,T8636c73,probabilidad
15596,T8636c73,probabilidad
15597,T8636c73,probabilidad
15598,T8636c73,probabilidad
15599,T8636c73,probabilidad
15600,T8636c73,probabilidad
15601,T8636c73,probabilidad
15602,T6070n,probabilidad
15603,T8636c73,probabilidad
15604,T8636c73,probabilidad
15605,T8636c73,probabilidad
15606,T8636c73,probabilidad
15607,T8636c73,probabilidad
15608,T8636c73,probabilidad
15609,T8636c73,probabilidad
15610,T8636c73,probabilidad
15611,T8636c73,probabilidad
15612,T8636c73,probabilidad
15613,T8636c73,probabilidad
15614,T8636c73,probabilidad
15615,T8636c73,probabilidad
15616,T8636c73,probabilidad
15617,T8636c73,probabilidad
15618,T8636c73,probabilidad
15619,T8636c73,probabilidad
15620,T8636c73,probabilidad
15621,T8636c73,probabilidad
15622,T8636c73,probabilidad
15623,T8636c73,probabilidad
15624,T8636c73,probabilidad
15625,T8636c73,probabilidad
15626,T8636c73,probabilidad
15627,T8636c73,probabilidad
15628,T8636c73,probabilidad
15629,T8636c73,probabilidad
15630,T8636c73,probabilidad
15631,T8636c73,probabilidad
15632,T8636c73,probabilidad
15633,T8636c73,probabilidad
15634,T8636c73,probabilidad
15635,T8636c73,probabilidad
15636,T8636c73,probabilidad
15638,T8636c73,probabilidad
15639,T8636c73,probabilidad
15640,T8636c73,probabilidad
15641,T8636c73,probabilidad
15642,T8636c73,probabilidad
15643,T8636c73,probabilidad
15644,T8636c73,probabilidad
15645,T8636c73,probabilidad
15646,T8637,probabilidad
15647,T7476,probabilidad
15648,T9787,probabilidad
15649,T10276,probabilidad
15650,T10276,probabilidad
15653,T9787,probabilidad
15654,T8637,probabilidad
15655,T6070n,probabilidad
15656,T8636c73,probabilidad
15657,T8636c73,probabilidad
15658,T8636c73,probabilidad
15659,u18,probabilidad
15659,LS,probabilidad
15660,T5118LS,probabilidad
15661,T5118LS,probabilidad
15662,T5118LS,probabilidad
15664,u27,probabilidad
15665,T9787,probabilidad
15666,T6070n,probabilidad
15667,T8636c73,probabilidad
15668,T8636c73,probabilidad
15669,T8636c73,probabilidad
15670,T8636c73,probabilidad
15671,T8636c73,probabilidad
15672,T8636c73,probabilidad
15673,T8636c73,probabilidad
15674,T8636c73,probabilidad
15675,T6976,probabilidad
15676,T6070n,probabilidad
15677,T5723LS,probabilidad
15678,T9787,probabilidad
15679,T6070,probabilidad
15681,T9787,probabilidad
15682,u18,probabilidad
15682,LS,probabilidad
15683,T5723LS,probabilidad
15684,T6070n,probabilidad
15685,T6070n,probabilidad
15686,T6070n,probabilidad
15687,T9787,probabilidad
15688,u18,probabilidad
15688,LS,probabilidad
15689,T9787,probabilidad
15690,T5723LS,probabilidad
15691,T5118LS,probabilidad
15692,T5118LS,probabilidad
15693,T5118LS,probabilidad
15695,T9787,probabilidad
15696,T9787,probabilidad
15697,u18,probabilidad
15697,LS,probabilidad
15698,T6070n,probabilidad
15699,T8637,probabilidad
15700,u18,probabilidad
15700,LS,probabilidad
15701,T5520LS,probabilidad
15702,T6070,probabilidad
15703,T6070n,probabilidad
15704,T6070,probabilidad
15707,T8636c73,probabilidad
15708,T9787,probabilidad
15709,u18,probabilidad
15709,LS,probabilidad
15710,u18,probabilidad
15710,LS,probabilidad
15711,T6070n,probabilidad
15712,T6070n,probabilidad
15713,T6070n,probabilidad
15714,T5723LS,probabilidad
15715,T5723LS,probabilidad
15718,T5713LS,probabilidad
15719,T5713LS,probabilidad
15720,T5713LS,probabilidad
15721,T5713LS,probabilidad
15722,T5713LS,probabilidad
15723,T5713LS,probabilidad
15724,T5713LS,probabilidad
15725,T5713LS,probabilidad
15726,T5713LS,probabilidad
15727,T5713LS,probabilidad
15728,T5713LS,probabilidad
15729,T5713LS,probabilidad
15730,T9787,probabilidad
15731,T5118LS,probabilidad
15732,T5118LS,probabilidad
15736,T5723LS,probabilidad
15737,u18,probabilidad
15737,LS,probabilidad
15738,T6070,probabilidad
15739,T9787,probabilidad
15741,T9787,probabilidad
15742,T9787,probabilidad
15744,u18,probabilidad
15744,LS,probabilidad
15747,T8637,probabilidad
15748,T5520LS,probabilidad
15751,T6070,probabilidad
15755,T9787,probabilidad
15759,T5713LS,probabilidad
15760,T5713LS,probabilidad
15761,T5713LS,probabilidad
15762,T5713LS,probabilidad
15763,T5713LS,probabilidad
15764,T6070,probabilidad
15766,T5713LS,probabilidad
15768,u18,probabilidad
15768,LS,probabilidad
15770,u27,probabilidad
15770,LS,probabilidad
15771,u27,probabilidad
15771,LS,probabilidad
15772,u27,probabilidad
15772,LS,probabilidad
15773,u27,probabilidad
15773,LS,probabilidad
15774,u27,probabilidad
15774,LS,probabilidad
15775,u27,probabilidad
15775,LS,probabilidad
15776,T6070n,probabilidad
15777,T5723LS,probabilidad
15778,u27,probabilidad
15779,u27,probabilidad
15780,u27,probabilidad
15782,T9787,probabilidad
15786,T6070n,probabilidad
15787,u18,probabilidad
15787,LS,probabilidad
15788,T6070n,probabilidad
15790,T6976,probabilidad
15792,T6070n,probabilidad
15793,u18,probabilidad
15793,LS,probabilidad
15794,T5520LS,probabilidad
15795,T6070n,probabilidad
15796,T9787,probabilidad
15797,T9787,probabilidad
15798,T9787,probabilidad
15799,T6070n,probabilidad
15803,T9787,probabilidad
15804,T9787,probabilidad
15805,T9787,probabilidad
15806,T9787,probabilidad
15807,T9787,probabilidad
15808,T9787,probabilidad
15809,T9787,probabilidad
15810,T9787,probabilidad
15811,T9787,probabilidad
15812,u27,probabilidad
15813,T8636c73,probabilidad
15814,T8636c73,probabilidad
15815,T7378,probabilidad
15817,T6070n,probabilidad
15819,T6070n,probabilidad
15820,T6070n,probabilidad
15823,T6070n,probabilidad
15824,T8637,probabilidad
15825,T9787,probabilidad
15826,T9787,probabilidad
15827,T9787,probabilidad
15828,u18,probabilidad
15828,LS,probabilidad
15831,T6070n,probabilidad
15835,T1115CA,probabilidad
15836,T1115CA,probabilidad
15837,T1115CA,probabilidad
15838,T5723LS,probabilidad
15841,T9787,probabilidad
15842,T9787,probabilidad
15843,T5520LS,probabilidad
15846,T8636c73,probabilidad
15847,T8636c73,probabilidad
15848,T8636c73,probabilidad
15849,T8636c73,probabilidad
15850,T8636c73,probabilidad
15851,T8636c73,probabilidad
15852,T8636c73,probabilidad
15853,T8636c73,probabilidad
15854,T9787,probabilidad
15855,T9787,probabilidad
15856,T9787,probabilidad
15857,T6070n,probabilidad
15858,u18,probabilidad
15858,LS,probabilidad
15859,T6070n,probabilidad
15860,T8636c73,probabilidad
15861,T8636c73,probabilidad
15862,T8636c73,probabilidad
15870,T8636c73,probabilidad
15871,T8636c73,probabilidad
15872,T8636c73,probabilidad
15873,T8636c73,probabilidad
15874,T8636c73,probabilidad
15875,T8636c73,probabilidad
15876,T8636c73,probabilidad
15877,T8636c73,probabilidad
15878,T8636c73,probabilidad
15879,T8636c73,probabilidad
15880,T9787,probabilidad
15881,T8636c73,probabilidad
15882,T9787,probabilidad
15883,u18,probabilidad
15883,LS,probabilidad
15884,T7771,probabilidad
15885,T7771,probabilidad
15886,T7771,probabilidad
15888,T7771,probabilidad
15889,T7771,probabilidad
15890,T7771,probabilidad
15893,T7771,probabilidad
15894,T7771,probabilidad
15895,T7771,probabilidad
15896,T7771,probabilidad
15897,T7771,probabilidad
15898,T7771,probabilidad
15899,T7771,probabilidad
15900,T8637,probabilidad
15901,T7771,probabilidad
15902,T7771,probabilidad
15903,T7771,probabilidad
15904,T7771,probabilidad
15905,T7771,probabilidad
15906,T7771,probabilidad
15907,T9787,probabilidad
15908,T9787,probabilidad
15909,T8636c73,probabilidad
15910,T8636c73,probabilidad
15911,T8636c73,probabilidad
15912,T8636c73,probabilidad
15913,T6070n,probabilidad
15914,T8636c73,probabilidad
15915,T8636c73,probabilidad
15916,T8636c73,probabilidad
15917,T8636c73,probabilidad
15918,T8636c73,probabilidad
15919,T8636c73,probabilidad
15922,T1115CA,probabilidad
15923,T1115CA,probabilidad
15924,T1115CA,probabilidad
15927,T9787,probabilidad
15928,T9787,probabilidad
15929,T9787,probabilidad
15930,T6070,probabilidad
15933,T6070,probabilidad
15934,T6070,probabilidad
15935,T7192,probabilidad
15936,T7192,probabilidad
15937,T7192,probabilidad
15938,T6070,probabilidad
15939,T9787,probabilidad
15941,T7378,probabilidad
15945,u18,probabilidad
15945,LS,probabilidad
15946,T6070n,probabilidad
15947,T6070,probabilidad
15950,u18,probabilidad
15950,LS,probabilidad
15954,T6070,probabilidad
15956,T6070n,probabilidad
15958,T9787,probabilidad
15959,T9787,probabilidad
15962,T5520LS,probabilidad
15963,T5520LS,probabilidad
15965,T6070n,probabilidad
15966,T8636c73,probabilidad
15967,u18,probabilidad
15967,LS,probabilidad
15968,T8636c73,probabilidad
15969,T6070,probabilidad
15970,T6070,probabilidad
15971,T5713LS,probabilidad
15972,T5713LS,probabilidad
15973,T5713LS,probabilidad
15974,T5713LS,probabilidad
15975,T5713LS,probabilidad
15976,T5713LS,probabilidad
15977,T5713LS,probabilidad
15978,T5713LS,probabilidad
15979,T5713LS,probabilidad
15980,T5713LS,probabilidad
15981,T5713LS,probabilidad
15982,T5713LS,probabilidad
15983,T8636c73,probabilidad
15984,T6070n,probabilidad
15985,T9787,probabilidad
15986,T9787,probabilidad
15987,T5723LS,probabilidad
15988,T5723LS,probabilidad
15989,T5723LS,probabilidad
15990,T6070n,probabilidad
15991,u18,probabilidad
15991,LS,probabilidad
15992,u18,probabilidad
15992,LS,probabilidad
15993,T6070,probabilidad
15994,u18,probabilidad
15994,LS,probabilidad
15995,T8637,probabilidad
15996,T5118LS,probabilidad
15997,T5118LS,probabilidad
15998,T5118LS,probabilidad
15999,T9787,probabilidad
16000,u18,probabilidad
16000,LS,probabilidad
16001,T9787,probabilidad
16002,T9787,probabilidad
16003,T9787,probabilidad
16004,T6070,probabilidad
16005,u18,probabilidad
16005,LS,probabilidad
16006,u18,probabilidad
16006,LS,probabilidad
16007,T6976,probabilidad
16008,T5723LS,probabilidad
16009,T6070,probabilidad
16010,T7192,probabilidad
16011,T7192,probabilidad
16012,T8636c73,probabilidad
16013,T8636c73,probabilidad
16014,T8636c73,probabilidad
16015,T8636c73,probabilidad
16016,T8636c73,probabilidad
16017,T8636c73,probabilidad
16018,T8636c73,probabilidad
16019,T8636c73,probabilidad
16020,u18,probabilidad
16020,LS,probabilidad
16021,T6070,probabilidad
16022,T6070,probabilidad
16023,u18,probabilidad
16023,LS,probabilidad
16024,T8636c73,probabilidad
16025,T8636c73,probabilidad
16026,T8636c73,probabilidad
16027,T5723LS,probabilidad
16028,u18,probabilidad
16028,LS,probabilidad
16029,T5723LS,probabilidad
16030,u18,probabilidad
16030,LS,probabilidad
16031,T8637,probabilidad
16032,u18,probabilidad
16032,LS,probabilidad
16033,u18,probabilidad
16033,LS,probabilidad
16034,T6070,probabilidad
16035,T8636c73,probabilidad
16036,T8636c73,probabilidad
16037,T6070,probabilidad
16038,T8636c73,probabilidad
16039,T8636c73,probabilidad
16040,T8636c73,probabilidad
16041,T8636c73,probabilidad
16042,T8636c73,probabilidad
16043,T8636c73,probabilidad
16044,u18,probabilidad
16044,LS,probabilidad
16045,T5520,probabilidad
16045,T6070,probabilidad
16046,T8636c73,probabilidad
16047,T8636c73,probabilidad
16048,T8636c73,probabilidad
16049,u18,probabilidad
16049,LS,probabilidad
16050,u18,probabilidad
16050,LS,probabilidad
16051,u18,probabilidad
16051,LS,probabilidad
16052,T6976,probabilidad
16053,T5118LS,probabilidad
16054,T5118LS,probabilidad
16055,T5118LS,probabilidad
16056,T5520,probabilidad
16056,T6070,probabilidad
16057,T7378,probabilidad
16058,u18,probabilidad
16058,LS,probabilidad
16059,u18,probabilidad
16059,LS,probabilidad
16060,T7192,probabilidad
16061,T7192,probabilidad
16062,T7192,probabilidad
16064,T6976,probabilidad
16066,u27,probabilidad
16067,u27,probabilidad
16068,u27,probabilidad
16069,T5803,probabilidad
16069,LS,probabilidad
16070,T5803,probabilidad
16070,LS,probabilidad
16071,T5803,probabilidad
16071,LS,probabilidad
16072,T5803,probabilidad
16072,LS,probabilidad
16073,T5803,probabilidad
16073,LS,probabilidad
16074,T5803,probabilidad
16074,LS,probabilidad
16075,u18,probabilidad
16075,LS,probabilidad
16076,T5723LS,probabilidad
16077,u18,probabilidad
16077,LS,probabilidad
16078,T6976,probabilidad
16079,T5723LS,probabilidad
16080,T5520,probabilidad
16080,T6070,probabilidad
16081,u18,probabilidad
16081,LS,probabilidad
16082,u18,probabilidad
16082,LS,probabilidad
16083,T8636c73,probabilidad
16084,T8636c73,probabilidad
16087,T7333,probabilidad
16089,T8636c73,probabilidad
16090,T8636c73,probabilidad
16091,T8636c73,probabilidad
16092,T8636c73,probabilidad
16093,T8636c73,probabilidad
16094,T8636c73,probabilidad
16095,T8636c73,probabilidad
16096,T8636c73,probabilidad
16097,T6070,probabilidad
16098,T7476,probabilidad
16099,T7476,probabilidad
16100,T7476,probabilidad
16101,T8636c73,probabilidad
16102,T8636c73,probabilidad
16103,T8636c73,probabilidad
16108,u18,probabilidad
16108,LS,probabilidad
16111,u18,probabilidad
16111,LS,probabilidad
16112,T8636c73,probabilidad
16113,T8636c73,probabilidad
16114,T8636c73,probabilidad
16115,T8636c73,probabilidad
16116,T8636c73,probabilidad
16117,T8636c73,probabilidad
16118,T8636c73,probabilidad
16119,T8636c73,probabilidad
16120,T8636c73,probabilidad
16121,T8636c73,probabilidad
16122,T8636c73,probabilidad
16123,T8636c73,probabilidad
16124,T8636c73,probabilidad
16125,T8636c73,probabilidad
16126,T8636c73,probabilidad
16127,T8636c73,probabilidad
16128,T8636c73,probabilidad
16129,T8636c73,probabilidad
16130,T8636c73,probabilidad
16131,T8636c73,probabilidad
16132,T8636c73,probabilidad
16133,T8636c73,probabilidad
16134,T8636c73,probabilidad
16135,T8636c73,probabilidad
16136,T8636c73,probabilidad
16137,T8636c73,probabilidad
16138,T8636c73,probabilidad
16139,T8636c73,probabilidad
16140,T8636c73,probabilidad
16141,T8636c73,probabilidad
16142,T8636c73,probabilidad
16143,T8636c73,probabilidad
16144,T8636c73,probabilidad
16145,T8636c73,probabilidad
16146,T8636c73,probabilidad
16147,T8637,probabilidad
16148,u27,probabilidad
16149,u27,probabilidad
16150,u27,probabilidad
16151,T8636c73,probabilidad
16152,T8636c73,probabilidad
16153,T8636c73,probabilidad
16154,T8636c73,probabilidad
16155,T8636c73,probabilidad
16156,T8636c73,probabilidad
16157,T8636c73,probabilidad
16158,T8636c73,probabilidad
16159,T8637,probabilidad
16161,u18,probabilidad
16161,LS,probabilidad
16162,u18,probabilidad
16162,LS,probabilidad
16163,u18,probabilidad
16163,LS,probabilidad
16164,T8636c73,probabilidad
16165,T8636c73,probabilidad
16166,T8636c73,probabilidad
16167,T8636c73,probabilidad
16168,T8636c73,probabilidad
16169,T7333,probabilidad
16170,T5118LS,probabilidad
16171,T5118LS,probabilidad
16172,T5118LS,probabilidad
16174,u18,probabilidad
16174,LS,probabilidad
16175,T6976,probabilidad
16176,T6976,probabilidad
16177,T6976,probabilidad
16178,u18,probabilidad
16178,LS,probabilidad
16179,T8636c73,probabilidad
16180,T8636c73,probabilidad
16181,T8636c73,probabilidad
16182,T8636c73,probabilidad
16183,T8636c73,probabilidad
16184,T8636c73,probabilidad
16185,u18,probabilidad
16185,LS,probabilidad
16186,u18,probabilidad
16186,LS,probabilidad
16187,T5520,probabilidad
16187,T6070,probabilidad
16188,u18,probabilidad
16188,LS,probabilidad
16189,T6976,probabilidad
16190,T8636c73,probabilidad
16191,u18,probabilidad
16191,LS,probabilidad
16192,u18,probabilidad
16192,LS,probabilidad
16193,u18,probabilidad
16193,LS,probabilidad
16194,u18,probabilidad
16194,LS,probabilidad
16195,u18,probabilidad
16195,LS,probabilidad
16196,T7476,probabilidad
16197,T7476,probabilidad
16198,T7476,probabilidad
16199,T5118LS,probabilidad
16200,T5118LS,probabilidad
16201,T6070,probabilidad
16203,u18,probabilidad
16203,LS,probabilidad
16205,u18,probabilidad
16205,LS,probabilidad
16206,T6070,probabilidad
16207,T8636c73,probabilidad
16208,T8636c73,probabilidad
16209,T8636c73,probabilidad
16210,u18,probabilidad
16210,LS,probabilidad
16213,T6070,probabilidad
16214,T6070,probabilidad
16215,u18,probabilidad
16215,LS,probabilidad
16216,u18,probabilidad
16216,LS,probabilidad
16217,u18,probabilidad
16217,LS,probabilidad
16218,u18,probabilidad
16218,LS,probabilidad
16220,T8636c73,probabilidad
16223,T6070n,probabilidad
16224,u18,probabilidad
16224,LS,probabilidad
16225,T6070n,probabilidad
16228,T6070,probabilidad
16229,T8636c73,probabilidad
16230,T8636c73,probabilidad
16231,T8636c73,probabilidad
16232,T8636c73,probabilidad
16233,T8636c73,probabilidad
16234,T8636c73,probabilidad
16235,u18,probabilidad
16235,LS,probabilidad
16236,T6070n,probabilidad
16237,u18,probabilidad
16237,LS,probabilidad
16238,T6070n,probabilidad
16239,T6070n,probabilidad
16240,u18,probabilidad
16240,LS,probabilidad
16241,T8636c73,probabilidad
16242,T8636c73,probabilidad
16243,T8636c73,probabilidad
16245,u18,probabilidad
16245,LS,probabilidad
16246,T6070n,probabilidad
16247,T6070,probabilidad
16248,u18,probabilidad
16248,LS,probabilidad
16249,u18,probabilidad
16249,LS,probabilidad
16250,u18,probabilidad
16250,LS,probabilidad
16251,T6070,probabilidad
16252,T6070,probabilidad
16254,T8637,probabilidad
16255,T8636c73,probabilidad
16256,u18,probabilidad
16256,LS,probabilidad
16258,T8636c73,probabilidad
16259,T8636c73,probabilidad
16260,T8636c73,probabilidad
16261,T8636c73,probabilidad
16262,T8636c73,probabilidad
16263,T8636c73,probabilidad
16264,T8636c73,probabilidad
16265,T8636c73,probabilidad
16266,u18,probabilidad
16266,LS,probabilidad
16267,T8636c73,probabilidad
16268,T8636c73,probabilidad
16269,T8636c73,probabilidad
16270,T8636c73,probabilidad
16271,T8636c73,probabilidad
16272,T5118LS,probabilidad
16273,T5118LS,probabilidad
16274,T8636c73,probabilidad
16275,T8636c73,probabilidad
16276,T8636c73,probabilidad
16277,T8636c73,probabilidad
16278,T8636c73,probabilidad
16279,T8636c73,probabilidad
16280,T8636c73,probabilidad
16281,T8636c73,probabilidad
16282,T8636c73,probabilidad
16283,T8636c73,probabilidad
16284,T8636c73,probabilidad
16285,T8636c73,probabilidad
16286,T8636c73,probabilidad
16287,T8636c73,probabilidad
16288,T8636c73,probabilidad
16289,T8636c73,probabilidad
16290,T8636c73,probabilidad
16291,T8636c73,probabilidad
16292,T8636c73,probabilidad
16293,T8636c73,probabilidad
16294,T8636c73,probabilidad
16295,T8636c73,probabilidad
16296,T8636c73,probabilidad
16297,T8636c73,probabilidad
16298,T8636c73,probabilidad
16299,T8636c73,probabilidad
16300,T8636c73,probabilidad
16301,T8636c73,probabilidad
16302,T8636c73,probabilidad
16303,T8636c73,probabilidad
16304,T8636c73,probabilidad
16305,T8636c73,probabilidad
16306,T8636c73,probabilidad
16307,T8636c73,probabilidad
16308,T8636c73,probabilidad
16309,T8636c73,probabilidad
16310,T8636c73,probabilidad
16311,T8636c73,probabilidad
16312,T8636c73,probabilidad
16313,T8636c73,probabilidad
16314,T8636c73,probabilidad
16315,T8636c73,probabilidad
16316,T8636c73,probabilidad
16317,T8636c73,probabilidad
16318,T8636c73,probabilidad
16319,T8636c73,probabilidad
16320,T8636c73,probabilidad
16321,T8636c73,probabilidad
16322,T8636c73,probabilidad
16323,T8636c73,probabilidad
16324,T8636c73,probabilidad
16325,T8636c73,probabilidad
16326,T8636c73,probabilidad
16327,T8636c73,probabilidad
16328,T8636c73,probabilidad
16329,T8636c73,probabilidad
16330,T8636c73,probabilidad
16331,T8636c73,probabilidad
16332,T8636c73,probabilidad
16333,T8636c73,probabilidad
16334,T8637,probabilidad
16336,T10276,probabilidad
16338,T7476,probabilidad
16339,T8636c73,probabilidad
16340,T8636c73,probabilidad
16341,T8636c73,probabilidad
16342,T8636c73,probabilidad
16343,T8636c73,probabilidad
16344,T8636c73,probabilidad
16345,T8636c73,probabilidad
16346,T8636c73,probabilidad
16348,T8637,probabilidad
16354,T6172,probabilidad
16355,T6172,probabilidad
16356,u18,probabilidad
16356,LS,probabilidad
16357,T6172,probabilidad
16360,T8636c73,probabilidad
16361,T8636c73,probabilidad
16362,T8636c73,probabilidad
16363,T8636c73,probabilidad
16364,T5520,probabilidad
16365,T8637,probabilidad
16366,u18,probabilidad
16366,LS,probabilidad
16367,T5714n,probabilidad
16368,u18,probabilidad
16368,LS,probabilidad
16372,T6976,probabilidad
16373,T6172,probabilidad
16374,u18,probabilidad
16374,LS,probabilidad
16375,u18,probabilidad
16375,LS,probabilidad
16376,T6172,probabilidad
16377,T6070,probabilidad
16378,u18,probabilidad
16378,LS,probabilidad
16379,u18,probabilidad
16379,LS,probabilidad
16381,T8637,probabilidad
16382,T5714n,probabilidad
16383,T5714n,probabilidad
16384,u18,probabilidad
16384,LS,probabilidad
16385,T6976,probabilidad
16386,u18,probabilidad
16386,LS,probabilidad
16387,u18,probabilidad
16387,LS,probabilidad
16388,T8636c73,probabilidad
16389,T8636c73,probabilidad
16390,T8636c73,probabilidad
16391,T8636c73,probabilidad
16392,T5713LS,probabilidad
16393,T5713LS,probabilidad
16394,T5713LS,probabilidad
16395,T5520,probabilidad
16395,T6070,probabilidad
16396,T5118LS,probabilidad
16397,T5118LS,probabilidad
16398,u18,probabilidad
16398,LS,probabilidad
16399,T5713LS,probabilidad
16400,T5713LS,probabilidad
16402,u18,probabilidad
16402,LS,probabilidad
16403,u18,probabilidad
16403,LS,probabilidad
16404,T5713LS,probabilidad
16405,T8637,probabilidad
16406,u18,probabilidad
16406,LS,probabilidad
16407,u18,probabilidad
16407,LS,probabilidad
16408,u18,probabilidad
16408,LS,probabilidad
16409,T6070n,probabilidad
16410,u18,probabilidad
16410,LS,probabilidad
16411,T6070n,probabilidad
16412,u18,probabilidad
16412,LS,probabilidad
16413,T6070n,probabilidad
16414,T5520,probabilidad
16414,T6070,probabilidad
16415,u18,probabilidad
16415,LS,probabilidad
16416,T8636c73,probabilidad
16417,T8636c73,probabilidad
16418,u18,probabilidad
16418,LS,probabilidad
16419,u18,probabilidad
16419,LS,probabilidad
16420,T8636c73,probabilidad
16421,T8636c73,probabilidad
16422,T8636c73,probabilidad
16423,T8636c73,probabilidad
16424,T8636c73,probabilidad
16425,T8636c73,probabilidad
16426,u18,probabilidad
16426,LS,probabilidad
16427,T8636c73,probabilidad
16428,u18,probabilidad
16428,LS,probabilidad
16429,T8637,probabilidad
16430,u18,probabilidad
16430,LS,probabilidad
16431,u18,probabilidad
16431,LS,probabilidad
16432,u18,probabilidad
16432,LS,probabilidad
16433,T8636c73,probabilidad
16434,u18,probabilidad
16434,LS,probabilidad
16435,T8636c73,probabilidad
16436,T8636c73,probabilidad
16437,T8636c73,probabilidad
16438,T8636c73,probabilidad
16439,T8636c73,probabilidad
16440,u18,probabilidad
16440,LS,probabilidad
16441,u18,probabilidad
16441,LS,probabilidad
16442,u18,probabilidad
16442,LS,probabilidad
16443,T10276,probabilidad
16444,T10276,probabilidad
16445,u18,probabilidad
16445,LS,probabilidad
16446,T5520,probabilidad
16446,T6070,probabilidad
16447,u18,probabilidad
16447,LS,probabilidad
16448,u18,probabilidad
16448,LS,probabilidad
16449,u18,probabilidad
16449,LS,probabilidad
16450,u18,probabilidad
16450,LS,probabilidad
16451,u18,probabilidad
16451,LS,probabilidad
16452,u18,probabilidad
16452,LS,probabilidad
16453,T8636c73,probabilidad
16454,T8636c73,probabilidad
16455,T8636c73,probabilidad
16456,T8636c73,probabilidad
16457,T8636c73,probabilidad
16458,T8636c73,probabilidad
16459,T8636c73,probabilidad
16460,T8636c73,probabilidad
16461,T8636c73,probabilidad
16462,T8636c73,probabilidad
16463,T8636c73,probabilidad
16464,u18,probabilidad
16464,LS,probabilidad
16465,T8636c73,probabilidad
16466,T8636c73,probabilidad
16467,T8636c73,probabilidad
16468,T8636c73,probabilidad
16469,T8636c73,probabilidad
16470,T8636c73,probabilidad
16471,T8636c73,probabilidad
16472,T8636c73,probabilidad
16473,T8636c73,probabilidad
16474,T8636c73,probabilidad
16475,T8636c73,probabilidad
16476,T8636c73,probabilidad
16477,T8636c73,probabilidad
16478,T8636c73,probabilidad
16479,T8636c73,probabilidad
16480,T8636c73,probabilidad
16481,T8636c73,probabilidad
16482,T8636c73,probabilidad
16483,T8636c73,probabilidad
16484,T8636c73,probabilidad
16485,T8636c73,probabilidad
16486,T8636c73,probabilidad
16487,T8636c73,probabilidad
16488,T8636c73,probabilidad
16489,T8636c73,probabilidad
16490,T8636c73,probabilidad
16491,T8636c73,probabilidad
16492,T8636c73,probabilidad
16493,T8636c73,probabilidad
16494,T8636c73,probabilidad
16495,T8636c73,probabilidad
16496,T8636c73,probabilidad
16497,T8636c73,probabilidad
16498,T8636c73,probabilidad
16499,T8636c73,probabilidad
16500,T8636c73,probabilidad
16501,T8636c73,probabilidad
16502,T8636c73,probabilidad
16503,T8636c73,probabilidad
16504,T8636c73,probabilidad
16505,T8636c73,probabilidad
16506,T8636c73,probabilidad
16507,T8636c73,probabilidad
16508,T8636c73,probabilidad
16509,T8636c73,probabilidad
16510,T8636c73,probabilidad
16511,T8636c73,probabilidad
16512,T8636c73,probabilidad
16513,T8636c73,probabilidad
16514,T8636c73,probabilidad
16515,T8636c73,probabilidad
16516,T8636c73,probabilidad
16517,T8636c73,probabilidad
16518,T8636c73,probabilidad
16519,T8636c73,probabilidad
16520,T8636c73,probabilidad
16521,T8636c73,probabilidad
16522,T8636c73,probabilidad
16523,T8636c73,probabilidad
16524,T8636c73,probabilidad
16525,T8636c73,probabilidad
16526,T8636c73,probabilidad
16527,T8637,probabilidad
16528,u18,probabilidad
16528,LS,probabilidad
16529,u18,probabilidad
16529,LS,probabilidad
16530,T8636c73,probabilidad
16531,T8636c73,probabilidad
16532,T8637,probabilidad
16533,T8636c73,probabilidad
16534,T8636c73,probabilidad
16535,T8636c73,probabilidad
16536,T8636c73,probabilidad
16537,T8636c73,probabilidad
16538,T8636c73,probabilidad
16539,T8636c73,probabilidad
16540,T5803,probabilidad
16540,LS,probabilidad
16541,T5803,probabilidad
16541,LS,probabilidad
16542,T5803,probabilidad
16542,LS,probabilidad
16543,T5803,probabilidad
16543,LS,probabilidad
16544,u18,probabilidad
16544,LS,probabilidad
16545,T5803,probabilidad
16545,LS,probabilidad
16546,T5803,probabilidad
16546,LS,probabilidad
16547,T5803,probabilidad
16547,LS,probabilidad
16548,T5803,probabilidad
16548,LS,probabilidad
16549,T5803,probabilidad
16549,LS,probabilidad
16550,T8636c73,probabilidad
16551,T8636c73,probabilidad
16552,T8636c73,probabilidad
16553,u18,probabilidad
16553,LS,probabilidad
16554,u18,probabilidad
16554,LS,probabilidad
16555,u18,probabilidad
16555,LS,probabilidad
16556,u18,probabilidad
16556,LS,probabilidad
16557,T8636c73,probabilidad
16558,u18,probabilidad
16558,LS,probabilidad
16559,T5118LS,probabilidad
16560,T5118LS,probabilidad
16561,u18,probabilidad
16561,LS,probabilidad
16562,u18,probabilidad
16562,LS,probabilidad
16563,u18,probabilidad
16563,LS,probabilidad
16564,T8636c73,probabilidad
16565,T8636c73,probabilidad
16566,T8636c73,probabilidad
16567,T5520,probabilidad
16567,T6070,probabilidad
16568,u18,probabilidad
16568,LS,probabilidad
16569,u18,probabilidad
16569,LS,probabilidad
16570,u18,probabilidad
16570,LS,probabilidad
16571,u18,probabilidad
16571,LS,probabilidad
16572,u18,probabilidad
16572,LS,probabilidad
16573,u18,probabilidad
16573,LS,probabilidad
16574,T8636c73,probabilidad
16575,u18,probabilidad
16575,LS,probabilidad
16576,u18,probabilidad
16576,LS,probabilidad
16577,T5803,probabilidad
16578,u18,probabilidad
16578,LS,probabilidad
16579,u18,probabilidad
16579,LS,probabilidad
16580,u18,probabilidad
16580,LS,probabilidad
16581,T7378,probabilidad
16582,u18,probabilidad
16582,LS,probabilidad
16583,u18,probabilidad
16583,LS,probabilidad
16584,u18,probabilidad
16584,LS,probabilidad
16585,u18,probabilidad
16585,LS,probabilidad
16586,T5520,probabilidad
16587,T8637,probabilidad
16588,T5520LS,probabilidad
16589,u18,probabilidad
16589,LS,probabilidad
16590,u18,probabilidad
16590,LS,probabilidad
16591,u18,probabilidad
16591,LS,probabilidad
16592,u18,probabilidad
16592,LS,probabilidad
16593,u18,probabilidad
16593,LS,probabilidad
16594,u18,probabilidad
16594,LS,probabilidad
16595,T6070,probabilidad
16596,u18,probabilidad
16596,LS,probabilidad
16597,u18,probabilidad
16597,LS,probabilidad
16598,u18,probabilidad
16598,LS,probabilidad
16599,T5520LS,probabilidad
16600,T6956,probabilidad
16601,T6956,probabilidad
16602,T6956,probabilidad
16603,u18,probabilidad
16603,LS,probabilidad
16604,u18,probabilidad
16604,LS,probabilidad
16605,u18,probabilidad
16605,LS,probabilidad
16606,u18,probabilidad
16606,LS,probabilidad
16607,T5520LS,probabilidad
16608,u18,probabilidad
16608,LS,probabilidad
16609,u18,probabilidad
16609,LS,probabilidad
16610,T5520LS,probabilidad
16611,T6070n,probabilidad
16612,T5520LS,probabilidad
16613,u18,probabilidad
16613,LS,probabilidad
16614,T5520LS,probabilidad
16615,T6070,probabilidad
16616,u18,probabilidad
16616,LS,probabilidad
16617,u18,probabilidad
16617,LS,probabilidad
16618,T6070n,probabilidad
16619,T8636c73,probabilidad
16620,T6070n,probabilidad
16621,T8637,probabilidad
16622,u18,probabilidad
16622,LS,probabilidad
16623,T6070n,probabilidad
16624,u18,probabilidad
16624,LS,probabilidad
16625,T6070n,probabilidad
16626,T8636c73,probabilidad
16627,T8636c73,probabilidad
16628,T8636c73,probabilidad
16629,T8636c73,probabilidad
16630,T8636c73,probabilidad
16631,u18,probabilidad
16631,LS,probabilidad
16632,T8636c73,probabilidad
16633,T8636c73,probabilidad
16634,T8636c73,probabilidad
16635,T6070n,probabilidad
16636,u18,probabilidad
16636,LS,probabilidad
16637,T6620LS,probabilidad
16638,T6620LS,probabilidad
16639,T5520,probabilidad
16640,T8637,probabilidad
16641,u18,probabilidad
16641,LS,probabilidad
16642,u18,probabilidad
16642,LS,probabilidad
16643,T5118LS,probabilidad
16644,T5118LS,probabilidad
16645,T5118LS,probabilidad
16646,u18,probabilidad
16646,LS,probabilidad
16647,T8637,probabilidad
16648,u18,probabilidad
16648,LS,probabilidad
16649,T8636c73,probabilidad
16650,T8636c73,probabilidad
16651,T8636c73,probabilidad
16652,T8636c73,probabilidad
16653,T8636c73,probabilidad
16654,T8636c73,probabilidad
16655,T8636c73,probabilidad
16656,T8636c73,probabilidad
16657,u18,probabilidad
16657,LS,probabilidad
16658,T5520LS,probabilidad
16659,u18,probabilidad
16659,LS,probabilidad
16660,u27,probabilidad
16661,u27,probabilidad
16662,u27,probabilidad
16663,T5118LS,probabilidad
16664,T5118LS,probabilidad
16665,T5118LS,probabilidad
16666,T8637,probabilidad
16667,T5723LS,probabilidad
16668,T5520LS,probabilidad
16669,T5520,probabilidad
16670,T5520LS,probabilidad
16671,u27,probabilidad
16672,u27,probabilidad
16673,u27,probabilidad
16674,T9787,probabilidad
16675,T9787,probabilidad
16676,u18,probabilidad
16676,LS,probabilidad
16677,T9787,probabilidad
16678,T9787,probabilidad
16679,T8636c73,probabilidad
16680,T8636c73,probabilidad
16681,T9787,probabilidad
16682,T9787,probabilidad
16683,T5520LS,probabilidad
16684,T5520,probabilidad
16685,u18,probabilidad
16685,LS,probabilidad
16686,T5520LS,probabilidad
16687,T9787,probabilidad
16688,T9787,probabilidad
16689,T5520LS,probabilidad
16690,T9787,probabilidad
16691,T9787,probabilidad
16692,T9787,probabilidad
16693,u18,probabilidad
16693,LS,probabilidad
16694,T9787,probabilidad
16695,T8636c73,probabilidad
16696,T8636c73,probabilidad
16697,T8636c73,probabilidad
16698,T8636c73,probabilidad
16699,T8636c73,probabilidad
16700,T8636c73,probabilidad
16701,T8636c73,probabilidad
16702,T8636c73,probabilidad
16703,T9787,probabilidad
16704,T9787,probabilidad
16705,T8636c73,probabilidad
16706,T9787,probabilidad
16707,T9787,probabilidad
16708,T8636c73,probabilidad
16709,T8636c73,probabilidad
16710,T8636c73,probabilidad
16711,T9787,probabilidad
16712,T9787,probabilidad
16713,T8636c73,probabilidad
16714,T8636c73,probabilidad
16715,T8636c73,probabilidad
16716,T8636c73,probabilidad
16717,T8636c73,probabilidad
16718,T8636c73,probabilidad
16719,T8636c73,probabilidad
16720,T8636c73,probabilidad
16721,T8636c73,probabilidad
16722,T8636c73,probabilidad
16723,T8636c73,probabilidad
16724,T8636c73,probabilidad
16725,T9787,probabilidad
16726,T9787,probabilidad
16727,T8636c73,probabilidad
16728,T8636c73,probabilidad
16729,T8636c73,probabilidad
16730,T8636c73,probabilidad
16731,T8636c73,probabilidad
16732,T8636c73,probabilidad
16733,T8636c73,probabilidad
16734,T8636c73,probabilidad
16735,T8636c73,probabilidad
16736,T8636c73,probabilidad
16737,T8636c73,probabilidad
16738,T8636c73,probabilidad
16739,T8636c73,probabilidad
16740,T8636c73,probabilidad
16741,T8636c73,probabilidad
16742,T8636c73,probabilidad
16743,T8636c73,probabilidad
16744,T8636c73,probabilidad
16745,T8636c73,probabilidad
16746,T8636c73,probabilidad
16747,T8636c73,probabilidad
16748,T8636c73,probabilidad
16749,T8636c73,probabilidad
16750,T7771,probabilidad
16751,T7771,probabilidad
16752,T7771,probabilidad
16753,T7771,probabilidad
16754,T7771,probabilidad
16755,T7771,probabilidad
16756,T7771,probabilidad
16757,T7771,probabilidad
16758,T7771,probabilidad
16759,T7771,probabilidad
16760,T7771,probabilidad
16761,T7771,probabilidad
16762,T7771,probabilidad
16763,T7771,probabilidad
16764,T7771,probabilidad
16765,T7771,probabilidad
16766,T7771,probabilidad
16767,T7771,probabilidad
16768,T7771,probabilidad
16769,T7771,probabilidad
16770,T7771,probabilidad
16771,T7771,probabilidad
16772,T7771,probabilidad
16773,T8637,probabilidad
16774,T7771,probabilidad
16775,T7771,probabilidad
16776,T8636c73,probabilidad
16777,T8636c73,probabilidad
16778,T9787,probabilidad
16779,T9787,probabilidad
16780,T8636c73,probabilidad
16781,T8636c73,probabilidad
16782,T8636c73,probabilidad
16783,T8636c73,probabilidad
16784,T8636c73,probabilidad
16785,T8636c73,probabilidad
16786,T8636c73,probabilidad
16787,T8636c73,probabilidad
16788,T9787,probabilidad
16789,T9787,probabilidad
16790,T5723LS,probabilidad
16791,T8636c73,probabilidad
16792,T8636c73,probabilidad
16793,T8636c73,probabilidad
16794,T8636c73,probabilidad
16795,T8636c73,probabilidad
16796,T8636c73,probabilidad
16797,T8636c73,probabilidad
16798,T8636c73,probabilidad
16799,T8636c73,probabilidad
16800,T8636c73,probabilidad
16801,T8636c73,probabilidad
16802,u18,probabilidad
16802,LS,probabilidad
16803,T8637,probabilidad
16804,T8636c73,probabilidad
16805,T8636c73,probabilidad
16806,T8636c73,probabilidad
16807,T8636c73,probabilidad
16808,T8636c73,probabilidad
16809,T8636c73,probabilidad
16810,T8636c73,probabilidad
16811,T8636c73,probabilidad
16812,T8636c73,probabilidad
16813,T8636c73,probabilidad
16814,T8636c73,probabilidad
16815,T8636c73,probabilidad
16816,T8636c73,probabilidad
16817,T8636c73,probabilidad
16818,T8636c73,probabilidad
16819,T8636c73,probabilidad
16820,T8636c73,probabilidad
16821,T8636c73,probabilidad
16822,T8636c73,probabilidad
16823,T8636c73,probabilidad
16824,T8636c73,probabilidad
16825,T8636c73,probabilidad
16826,T8636c73,probabilidad
16827,T8636c73,probabilidad
16828,T8636c73,probabilidad
16829,T8636c73,probabilidad
16830,T8636c73,probabilidad
16831,T8636c73,probabilidad
16832,T8636c73,probabilidad
16833,T8636c73,probabilidad
16834,T8636c73,probabilidad
16835,T8636c73,probabilidad
16836,T8636c73,probabilidad
16837,T8636c73,probabilidad
16838,T8636c73,probabilidad
16839,T8636c73,probabilidad
16840,T8636c73,probabilidad
16841,T8636c73,probabilidad
16842,T8636c73,probabilidad
16843,T8636c73,probabilidad
16844,T8636c73,probabilidad
16845,T8636c73,probabilidad
16846,T8636c73,probabilidad
16847,T8636c73,probabilidad
16848,T8636c73,probabilidad
16849,T8636c73,probabilidad
16850,T8636c73,probabilidad
16851,T8636c73,probabilidad
16852,T8636c73,probabilidad
16853,T8636c73,probabilidad
16854,T8636c73,probabilidad
16855,T8636c73,probabilidad
16856,T8636c73,probabilidad
16857,T8636c73,probabilidad
16858,T8637,probabilidad
16859,T1115CA,probabilidad
16860,T1115CA,probabilidad
16861,T1115CA,probabilidad
16862,T8636c73,probabilidad
16863,T8636c73,probabilidad
16864,T8636c73,probabilidad
16865,T8636c73,probabilidad
16866,T8636c73,probabilidad
16867,T8636c73,probabilidad
16868,T8636c73,probabilidad
16869,T8636c73,probabilidad
16870,T7378,probabilidad
16871,T8637,probabilidad
16872,u18,probabilidad
16872,LS,probabilidad
16873,u27,probabilidad
16874,u27,probabilidad
16875,u27,probabilidad
16876,T8636c73,probabilidad
16877,T8636c73,probabilidad
16878,T8636c73,probabilidad
16879,u27,probabilidad
16880,u27,probabilidad
16881,u27,probabilidad
16882,T5723LS,probabilidad
16883,T8636c73,probabilidad
16884,T8636c73,probabilidad
16885,T8636c73,probabilidad
16886,T8636c73,probabilidad
16887,T5118LS,probabilidad
16888,T5118LS,probabilidad
16889,T5118LS,probabilidad
16890,u18,probabilidad
16890,LS,probabilidad
16891,T8636c73,probabilidad
16892,T8636c73,probabilidad
16893,T8636c73,probabilidad
16894,T8636c73,probabilidad
16895,T8636c73,probabilidad
16896,T8636c73,probabilidad
16897,T8636c73,probabilidad
16898,T5118LS,probabilidad
16899,T5118LS,probabilidad
16900,T5118LS,probabilidad
16901,u18,probabilidad
16901,LS,probabilidad
16902,T8637,probabilidad
16903,u18,probabilidad
16903,LS,probabilidad
16904,T8636c73,probabilidad
16905,T8636c73,probabilidad
16906,T8636c73,probabilidad
16907,T8636c73,probabilidad
16908,T8636c73,probabilidad
16909,T8636c73,probabilidad
16910,T8636c73,probabilidad
16911,T8636c73,probabilidad
16912,T8636c73,probabilidad
16913,T8636c73,probabilidad
16914,T8636c73,probabilidad
16915,T8636c73,probabilidad
16916,T7378,probabilidad
16917,T6172n,probabilidad
16918,T6070,probabilidad
16919,u18,probabilidad
16919,LS,probabilidad
16920,T5520LS,probabilidad
16921,T8636c73,probabilidad
16922,T8636c73,probabilidad
16923,T5118LS,probabilidad
16924,T5118LS,probabilidad
16925,T8637,probabilidad
16926,T5520LS,probabilidad
16927,T5520LS,probabilidad
16928,u18,probabilidad
16928,LS,probabilidad
16929,T7378,probabilidad
16930,T5118LS,probabilidad
16931,T5118LS,probabilidad
16932,T5520LS,probabilidad
16933,T5520LS,probabilidad
16934,T5520LS,probabilidad
16935,T8636c73,probabilidad
16936,T8636c73,probabilidad
16937,T8636c73,probabilidad
16938,T8636c73,probabilidad
16939,T8636c73,probabilidad
16940,T8636c73,probabilidad
16941,T8636c73,probabilidad
16942,T5723LS,probabilidad
16943,u18,probabilidad
16943,LS,probabilidad
16944,u18,probabilidad
16944,LS,probabilidad
16945,T8636c73,probabilidad
16946,u18,probabilidad
16946,LS,probabilidad
16947,T8637,probabilidad
16948,u18,probabilidad
16948,LS,probabilidad
16949,T5520LS,probabilidad
16950,T8636c73,probabilidad
16951,T8636c73,probabilidad
16952,T8636c73,probabilidad
16953,T8636c73,probabilidad
16954,T8636c73,probabilidad
16955,T8636c73,probabilidad
16956,T8636c73,probabilidad
16957,T8636c73,probabilidad
16958,T8636c73,probabilidad
16959,T8636c73,probabilidad
16960,T8636c73,probabilidad
16961,T8636c73,probabilidad
16962,T8636c73,probabilidad
16963,T8636c73,probabilidad
16964,T8636c73,probabilidad
16965,T8636c73,probabilidad
16966,T8636c73,probabilidad
16967,T8636c73,probabilidad
16968,T8636c73,probabilidad
16969,T8636c73,probabilidad
16970,T8636c73,probabilidad
16971,T8636c73,probabilidad
16972,T8636c73,probabilidad
16973,T8636c73,probabilidad
16974,T8636c73,probabilidad
16975,T8636c73,probabilidad
16976,T8636c73,probabilidad
16977,T8636c73,probabilidad
16978,T8636c73,probabilidad
16979,T8636c73,probabilidad
16980,T8636c73,probabilidad
16981,T8636c73,probabilidad
16982,T8636c73,probabilidad
16983,T8636c73,probabilidad
16984,T8636c73,probabilidad
16985,T8636c73,probabilidad
16986,T8636c73,probabilidad
16987,T8636c73,probabilidad
16988,T8636c73,probabilidad
16989,T8636c73,probabilidad
16990,T8636c73,probabilidad
16991,T8636c73,probabilidad
16992,T8636c73,probabilidad
16993,T8636c73,probabilidad
16994,T8636c73,probabilidad
16995,T8636c73,probabilidad
16996,T8636c73,probabilidad
16997,T8636c73,probabilidad
16998,T8636c73,probabilidad
16999,T8636c73,probabilidad
17000,T8636c73,probabilidad
17001,T8636c73,probabilidad
17002,T8636c73,probabilidad
17003,T8636c73,probabilidad
17004,T8636c73,probabilidad
17005,T8636c73,probabilidad
17006,T8636c73,probabilidad
17007,T8636c73,probabilidad
17008,T8636c73,probabilidad
17009,T8636c73,probabilidad
17010,T8636c73,probabilidad
17011,T8636c73,probabilidad
17012,T8636c73,probabilidad
17013,T8636c73,probabilidad
17014,T8636c73,probabilidad
17015,T8636c73,probabilidad
17016,T8636c73,probabilidad
17017,T8636c73,probabilidad
17018,T8636c73,probabilidad
17019,T8636c73,probabilidad
17020,T8636c73,probabilidad
17021,T8636c73,probabilidad
17022,T8636c73,probabilidad
17023,T8636c73,probabilidad
17024,T8636c73,probabilidad
17025,T8636c73,probabilidad
17026,T8636c73,probabilidad
17027,T8636c73,probabilidad
17028,T8636c73,probabilidad
17029,T8636c73,probabilidad
17030,T8636c73,probabilidad
17031,T8637,probabilidad
17032,T5520LS,probabilidad
17033,T8636c73,probabilidad
17034,T8636c73,probabilidad
17035,T8636c73,probabilidad
17036,T8636c73,probabilidad
17037,T8636c73,probabilidad
17038,T5520LS,probabilidad
17039,T8636c73,probabilidad
17040,T8636c73,probabilidad
17041,T8636c73,probabilidad
17042,T8636c73,probabilidad
17043,T8636c73,probabilidad
17044,T8636c73,probabilidad
17045,T8636c73,probabilidad
17046,T5520LS,probabilidad
17047,T8636c73,probabilidad
17048,T8636c73,probabilidad
17049,T8636c73,probabilidad
17050,T5520LS,probabilidad
17051,T5520LS,probabilidad
17052,u18,probabilidad
17052,LS,probabilidad
17053,T5723LS,probabilidad
17054,T8636c73,probabilidad
17055,T5520LS,probabilidad
17056,T5520LS,probabilidad
17057,T5520LS,probabilidad
17058,u18,probabilidad
17058,LS,probabilidad
17059,u18,probabilidad
17059,LS,probabilidad
17060,T8636c73,probabilidad
17061,T8636c73,probabilidad
17062,T8636c73,probabilidad
17063,T5520LS,probabilidad
17064,T5520LS,probabilidad
17065,T10276,probabilidad
17066,T10276,probabilidad
17067,T7476,probabilidad
17068,T8637,probabilidad
17069,T5520LS,probabilidad
17070,T5520LS,probabilidad
17071,u18,probabilidad
17071,LS,probabilidad
17072,T5520LS,probabilidad
17073,T6172n,probabilidad
17074,T5520LS,probabilidad
17075,T8636c73,probabilidad
17076,T8636c73,probabilidad
17077,T8636c73,probabilidad
17078,T8637,probabilidad
17079,T6172,probabilidad
17080,T5723LS,probabilidad
17081,T5520LS,probabilidad
17082,T8637,probabilidad
17083,u18,probabilidad
17083,LS,probabilidad
17084,u18,probabilidad
17084,LS,probabilidad
17085,T7378,probabilidad
17086,T5520LS,probabilidad
17087,u18,probabilidad
17087,LS,probabilidad
17088,u18,probabilidad
17088,LS,probabilidad
17089,u18,probabilidad
17089,LS,probabilidad
17090,T6172,probabilidad
17091,T8637,probabilidad
17092,u27,probabilidad
17092,LS,probabilidad
17093,u27,probabilidad
17093,LS,probabilidad
17094,u27,probabilidad
17094,LS,probabilidad
17095,u27,probabilidad
17095,LS,probabilidad
17096,u27,probabilidad
17096,LS,probabilidad
17097,u27,probabilidad
17097,LS,probabilidad
17098,u18,probabilidad
17098,LS,probabilidad
17099,T10276,probabilidad
17100,T10276,probabilidad
17101,u18,probabilidad
17101,LS,probabilidad
17102,u18,probabilidad
17102,LS,probabilidad
17103,T5520LS,probabilidad
17104,T5520LS,probabilidad
17105,u18,probabilidad
17105,LS,probabilidad
17106,u18,probabilidad
17106,LS,probabilidad
17107,u18,probabilidad
17107,LS,probabilidad
17108,u18,probabilidad
17108,LS,probabilidad
17109,T8636c73,probabilidad
17110,u18,probabilidad
17110,LS,probabilidad
17111,T8637,probabilidad
17112,T5118LS,probabilidad
17113,T5118LS,probabilidad
17114,u18,probabilidad
17114,LS,probabilidad
17115,T7476,probabilidad
17116,T5109LS,probabilidad
17117,u18,probabilidad
17117,LS,probabilidad
17118,T8636c73,probabilidad
17119,u18,probabilidad
17119,LS,probabilidad
17120,T5713LS,probabilidad
17121,T5713LS,probabilidad
17122,T5713LS,probabilidad
17123,T5713LS,probabilidad
17124,T5713LS,probabilidad
17125,u18,probabilidad
17125,LS,probabilidad
17126,u18,probabilidad
17126,LS,probabilidad
17127,u18,probabilidad
17127,LS,probabilidad
17128,u18,probabilidad
17128,LS,probabilidad
17129,u18,probabilidad
17129,LS,probabilidad
17130,u18,probabilidad
17130,LS,probabilidad
17131,u18,probabilidad
17131,LS,probabilidad
17132,u18,probabilidad
17132,LS,probabilidad
17133,T8637,probabilidad
17134,T8636c73,probabilidad
17135,T6172,probabilidad
17136,T8636c73,probabilidad
17137,T7476,probabilidad
17138,T5109LS,probabilidad
17139,T8636c73,probabilidad
17140,u18,probabilidad
17140,LS,probabilidad
17141,u18,probabilidad
17141,LS,probabilidad
17142,u18,probabilidad
17142,LS,probabilidad
17143,u18,probabilidad
17143,LS,probabilidad
17144,u18,probabilidad
17144,LS,probabilidad
17145,T8636c73,probabilidad
17146,T8636c73,probabilidad
17147,T8636c73,probabilidad
17148,T8636c73,probabilidad
17149,T8636c73,probabilidad
17150,T8636c73,probabilidad
17151,T8636c73,probabilidad
17152,T8637,probabilidad
17153,u18,probabilidad
17153,LS,probabilidad
17154,u18,probabilidad
17154,LS,probabilidad
17155,u18,probabilidad
17155,LS,probabilidad
17156,T8636c73,probabilidad
17157,T8636c73,probabilidad
17158,T8636c73,probabilidad
17159,u18,probabilidad
17159,LS,probabilidad
17160,u18,probabilidad
17160,LS,probabilidad
17161,T6172,probabilidad
17162,u18,probabilidad
17162,LS,probabilidad
17163,u18,probabilidad
17163,LS,probabilidad
17164,u18,probabilidad
17164,LS,probabilidad
17165,T8636c73,probabilidad
17166,T8636c73,probabilidad
17167,T8636c73,probabilidad
17168,T8636c73,probabilidad
17169,T8636c73,probabilidad
17170,T8636c73,probabilidad
17171,T8636c73,probabilidad
17172,T8636c73,probabilidad
17173,T8636c73,probabilidad
17174,T8636c73,probabilidad
17175,T8636c73,probabilidad
17176,T8636c73,probabilidad
17177,T8636c73,probabilidad
17178,u18,probabilidad
17178,LS,probabilidad
17179,T8636c73,probabilidad
17180,T8636c73,probabilidad
17181,T8636c73,probabilidad
17182,T8636c73,probabilidad
17183,T8636c73,probabilidad
17184,T8636c73,probabilidad
17185,T8636c73,probabilidad
17186,T8636c73,probabilidad
17187,T8636c73,probabilidad
17188,T8636c73,probabilidad
17189,T8636c73,probabilidad
17190,T8636c73,probabilidad
17191,T8636c73,probabilidad
17192,T8636c73,probabilidad
17193,T8636c73,probabilidad
17194,T8636c73,probabilidad
17195,T8636c73,probabilidad
17196,T8636c73,probabilidad
17197,T8636c73,probabilidad
17198,T8636c73,probabilidad
17199,T8636c73,probabilidad
17200,T8636c73,probabilidad
17201,T8636c73,probabilidad
17202,T8636c73,probabilidad
17203,T8636c73,probabilidad
17204,T8636c73,probabilidad
17205,T8636c73,probabilidad
17206,T8636c73,probabilidad
17207,T8636c73,probabilidad
17208,T8636c73,probabilidad
17209,T8636c73,probabilidad
17210,T8636c73,probabilidad
17211,T8636c73,probabilidad
17212,T8636c73,probabilidad
17213,T8636c73,probabilidad
17214,T8636c73,probabilidad
17215,T8636c73,probabilidad
17216,T8636c73,probabilidad
17217,T8636c73,probabilidad
17218,T8636c73,probabilidad
17219,T8636c73,probabilidad
17220,T8636c73,probabilidad
17221,T8636c73,probabilidad
17222,T8636c73,probabilidad
17223,T8636c73,probabilidad
17224,T8636c73,probabilidad
17225,T8636c73,probabilidad
17226,T8636c73,probabilidad
17227,T8636c73,probabilidad
17228,T8636c73,probabilidad
17229,T8636c73,probabilidad
17230,T8636c73,probabilidad
17231,T8636c73,probabilidad
17232,T8636c73,probabilidad
17233,T8636c73,probabilidad
17234,T8636c73,probabilidad
17235,T8636c73,probabilidad
17236,T8636c73,probabilidad
17237,T8636c73,probabilidad
17238,T8636c73,probabilidad
17239,T8636c73,probabilidad
17240,u18,probabilidad
17240,LS,probabilidad
17241,T8637,probabilidad
17242,T8636c73,probabilidad
17243,T8636c73,probabilidad
17244,T8636c73,probabilidad
17245,T8636c73,probabilidad
17246,T8636c73,probabilidad
17247,T8636c73,probabilidad
17248,T8636c73,probabilidad
17249,T8636c73,probabilidad
17250,T8636c73,probabilidad
17251,T8636c73,probabilidad
17252,T5520LS,probabilidad
17253,u18,probabilidad
17253,LS,probabilidad
17254,T6172n,probabilidad
17255,T8636c73,probabilidad
17256,T8636c73,probabilidad
17257,T8636c73,probabilidad
17258,T8636c73,probabilidad
17259,T8636c73,probabilidad
17260,T8636c73,probabilidad
17261,T8636c73,probabilidad
17262,T8636c73,probabilidad
17263,T8636c73,probabilidad
17264,T8636c73,probabilidad
17265,u18,probabilidad
17265,LS,probabilidad
17266,T8637,probabilidad
17267,T8636c73,probabilidad
17268,T8636c73,probabilidad
17269,T8636c73,probabilidad
17270,T8636c73,probabilidad
17271,T8636c73,probabilidad
17272,T8636c73,probabilidad
17273,T8636c73,probabilidad
17274,u18,probabilidad
17274,LS,probabilidad
17275,u18,probabilidad
17275,LS,probabilidad
17276,u18,probabilidad
17276,LS,probabilidad
17277,T5118LS,probabilidad
17278,T5118LS,probabilidad
17279,T5118LS,probabilidad
17280,T10276,probabilidad
17281,T10276,probabilidad
17282,T3999LS,probabilidad
17283,T5520LS,probabilidad
17284,u18,probabilidad
17284,LS,probabilidad
17285,u18,probabilidad
17285,LS,probabilidad
17286,T8636c73,probabilidad
17287,T8636c73,probabilidad
17288,T8636c73,probabilidad
17289,u27,probabilidad
17290,u27,probabilidad
17291,u27,probabilidad
17292,T5520LS,probabilidad
17293,T8636c73,probabilidad
17294,T5520LS,probabilidad
17295,u27,probabilidad
17295,LS,probabilidad
17296,u27,probabilidad
17296,LS,probabilidad
17297,u27,probabilidad
17297,LS,probabilidad
17298,u27,probabilidad
17298,LS,probabilidad
17299,u27,probabilidad
17299,LS,probabilidad
17300,u27,probabilidad
17300,LS,probabilidad
17301,T8637,probabilidad
17302,u18,probabilidad
17302,LS,probabilidad
17303,T5520,probabilidad
17304,T5520LS,probabilidad
17305,T8636c73,probabilidad
17306,T8636c73,probabilidad
17307,u18,probabilidad
17307,LS,probabilidad
17308,u18,probabilidad
17308,LS,probabilidad
17309,T5520LS,probabilidad
17310,T8636c73,probabilidad
17311,T8636c73,probabilidad
17312,T8636c73,probabilidad
17313,T8636c73,probabilidad
17314,T8636c73,probabilidad
17315,T8636c73,probabilidad
17316,T8636c73,probabilidad
17317,T8636c73,probabilidad
17318,T8636c73,probabilidad
17319,T8636c73,probabilidad
17320,T8636c73,probabilidad
17321,T8636c73,probabilidad
17322,T8636c73,probabilidad
17323,T8636c73,probabilidad
17324,T8636c73,probabilidad
17325,T8636c73,probabilidad
17326,T8636c73,probabilidad
17327,T8636c73,probabilidad
17328,T8636c73,probabilidad
17329,T8636c73,probabilidad
17330,T8636c73,probabilidad
17331,T8636c73,probabilidad
17332,T8636c73,probabilidad
17333,T8636c73,probabilidad
17334,T8636c73,probabilidad
17335,T8636c73,probabilidad
17336,T8636c73,probabilidad
17337,T8636c73,probabilidad
17338,T8636c73,probabilidad
17339,T8636c73,probabilidad
17340,T8636c73,probabilidad
17341,T8636c73,probabilidad
17342,T8636c73,probabilidad
17343,T8636c73,probabilidad
17344,T8636c73,probabilidad
17345,T8636c73,probabilidad
17346,T8636c73,probabilidad
17347,T8636c73,probabilidad
17348,T8636c73,probabilidad
17349,T8636c73,probabilidad
17350,T8636c73,probabilidad
17351,T8636c73,probabilidad
17352,T8636c73,probabilidad
17353,T8636c73,probabilidad
17354,T8636c73,probabilidad
17355,T8636c73,probabilidad
17356,T8636c73,probabilidad
17357,T8636c73,probabilidad
17358,T8636c73,probabilidad
17359,T8636c73,probabilidad
17360,T8636c73,probabilidad
17361,T8636c73,probabilidad
17362,T8636c73,probabilidad
17363,u18,probabilidad
17363,LS,probabilidad
17364,T8636c73,probabilidad
17365,T8636c73,probabilidad
17366,T8636c73,probabilidad
17367,T8636c73,probabilidad
17368,T8636c73,probabilidad
17369,T8636c73,probabilidad
17370,T8636c73,probabilidad
17371,T8636c73,probabilidad
17372,T8636c73,probabilidad
17373,T8636c73,probabilidad
17374,T8636c73,probabilidad
17375,T8637,probabilidad
17376,T8636c73,probabilidad
17377,T8636c73,probabilidad
17378,T8637,probabilidad
17379,T8636c73,probabilidad
17380,T8636c73,probabilidad
17381,T8636c73,probabilidad
17382,T8636c73,probabilidad
17383,T8636c73,probabilidad
17384,T8636c73,probabilidad
17385,T8636c73,probabilidad
17386,T8636c73,probabilidad
17387,u18,probabilidad
17387,LS,probabilidad
17388,u18,probabilidad
17388,LS,probabilidad
17389,u27,probabilidad
17390,u27,probabilidad
17391,u27,probabilidad
17392,T8636c73,probabilidad
17393,T8636c73,probabilidad
17394,T8637,probabilidad
17395,u18,probabilidad
17395,LS,probabilidad
17396,T8637,probabilidad
17397,T5118LS,probabilidad
17398,T5118LS,probabilidad
17399,T335,probabilidad
17400,T5118LS,probabilidad
17401,T5118LS,probabilidad
17402,T5118LS,probabilidad
17403,u18,probabilidad
17403,LS,probabilidad
17404,u18,probabilidad
17404,LS,probabilidad
17405,T8636c73,probabilidad
17406,T8636c73,probabilidad
17407,T8636c73,probabilidad
17408,T8636c73,probabilidad
17409,T8636c73,probabilidad
17410,T8636c73,probabilidad
17411,T8636c73,probabilidad
17412,T8636c73,probabilidad
17413,u18,probabilidad
17413,LS,probabilidad
17414,u18,probabilidad
17414,LS,probabilidad
17415,T5713LS,probabilidad
17416,T5713LS,probabilidad
17417,T5713LS,probabilidad
17418,T5713LS,probabilidad
17419,T5713LS,probabilidad
17420,T5713LS,probabilidad
17421,T5713LS,probabilidad
17422,T5713LS,probabilidad
17423,T5713LS,probabilidad
17424,T8637,probabilidad
17425,u18,probabilidad
17425,LS,probabilidad
17426,T7194,probabilidad
17427,T7194,probabilidad
17428,T7194,probabilidad
17429,u18,probabilidad
17429,LS,probabilidad
17430,u18,probabilidad
17430,LS,probabilidad
17431,T8636c73,probabilidad
17432,T8636c73,probabilidad
17433,u18,probabilidad
17433,LS,probabilidad
17434,T8636c73,probabilidad
17435,T8636c73,probabilidad
17436,T8636c73,probabilidad
17437,T8636c73,probabilidad
17438,T8636c73,probabilidad
17439,T8636c73,probabilidad
17440,T8636c73,probabilidad
17441,T8636c73,probabilidad
17442,T8636c73,probabilidad
17443,T8637,probabilidad
17444,T5118LS,probabilidad
17445,T5118LS,probabilidad
17446,T8637,probabilidad
17447,T8636c73,probabilidad
17448,T8636c73,probabilidad
17449,T8636c73,probabilidad
17450,T8636c73,probabilidad
17451,T8636c73,probabilidad
17452,T8636c73,probabilidad
17453,T8636c73,probabilidad
17454,T8636c73,probabilidad
17455,T8637,probabilidad
17456,T5118LS,probabilidad
17457,T5118LS,probabilidad
17458,T5118LS,probabilidad
17459,T8636c73,probabilidad
17460,T8636c73,probabilidad
17461,T8636c73,probabilidad
17462,T8636c73,probabilidad
17463,T8636c73,probabilidad
17464,T8636c73,probabilidad
17465,T8636c73,probabilidad
17466,T8636c73,probabilidad
17467,u18,probabilidad
17467,LS,probabilidad
17468,T8637,probabilidad
17469,u18,probabilidad
17469,LS,probabilidad
17470,T5109LS,probabilidad
17471,T5109LS,probabilidad
17472,T8636c73,probabilidad
17473,T8636c73,probabilidad
17474,T8636c73,probabilidad
17475,T8636c73,probabilidad
17476,T8636c73,probabilidad
17477,T8636c73,probabilidad
17478,T8636c73,probabilidad
17479,T8636c73,probabilidad
17480,T8636c73,probabilidad
17481,T8636c73,probabilidad
17482,T8636c73,probabilidad
17483,T8636c73,probabilidad
17484,T8636c73,probabilidad
17485,T8636c73,probabilidad
17486,T8636c73,probabilidad
17487,T8636c73,probabilidad
17488,T8636c73,probabilidad
17489,T8636c73,probabilidad
17490,T8636c73,probabilidad
17491,T8636c73,probabilidad
17492,T8636c73,probabilidad
17493,T8636c73,probabilidad
17494,T8636c73,probabilidad
17495,T8636c73,probabilidad
17496,T8636c73,probabilidad
17497,T8636c73,probabilidad
17498,T8636c73,probabilidad
17499,T8636c73,probabilidad
17500,T8636c73,probabilidad
17501,T8636c73,probabilidad
17502,T8636c73,probabilidad
17503,T8636c73,probabilidad
17504,T8636c73,probabilidad
17505,T8636c73,probabilidad
17506,T8636c73,probabilidad
17507,T8636c73,probabilidad
17508,T8636c73,probabilidad
17509,T8636c73,probabilidad
17510,T8636c73,probabilidad
17511,T8636c73,probabilidad
17512,T8636c73,probabilidad
17513,T8636c73,probabilidad
17514,T8636c73,probabilidad
17515,T8636c73,probabilidad
17516,T8636c73,probabilidad
17517,T8636c73,probabilidad
17518,T8636c73,probabilidad
17519,T8636c73,probabilidad
17520,T8636c73,probabilidad
17521,T8636c73,probabilidad
17522,T8636c73,probabilidad
17523,T8636c73,probabilidad
17524,T8636c73,probabilidad
17525,T8636c73,probabilidad
17526,T8636c73,probabilidad
17527,T8636c73,probabilidad
17528,T8636c73,probabilidad
17529,T8636c73,probabilidad
17530,T8636c73,probabilidad
17531,T8636c73,probabilidad
17532,T8636c73,probabilidad
17533,T8636c73,probabilidad
17534,T8636c73,probabilidad
17535,T8636c73,probabilidad
17536,T8636c73,probabilidad
17537,T8636c73,probabilidad
17538,T8636c73,probabilidad
17539,T8636c73,probabilidad
17540,T8636c73,probabilidad
17541,T8636c73,probabilidad
17542,T8636c73,probabilidad
17543,T8636c73,probabilidad
17544,T8636c73,probabilidad
17545,T8636c73,probabilidad
17546,T8636c73,probabilidad
17547,T8636c73,probabilidad
17548,T8636c73,probabilidad
17549,T8636c73,probabilidad
17550,T8636c73,probabilidad
17551,T8636c73,probabilidad
17552,T8636c73,probabilidad
17553,T8637,probabilidad
17554,T8636c73,probabilidad
17555,T8636c73,probabilidad
17556,T8636c73,probabilidad
17557,T8636c73,probabilidad
17558,T8636c73,probabilidad
17559,T8636c73,probabilidad
17560,T8636c73,probabilidad
17561,T8636c73,probabilidad
17562,T8636c73,probabilidad
17563,T8636c73,probabilidad
17564,T8636c73,probabilidad
17565,T8636c73,probabilidad
17566,T8637,probabilidad
17567,T10276,probabilidad
17568,u18,probabilidad
17568,LS,probabilidad
17569,T10276,probabilidad
17570,T7476,probabilidad
17571,T5109LS,probabilidad
17572,T8636c73,probabilidad
17573,T8636c73,probabilidad
17574,T8636c73,probabilidad
17575,T8636c73,probabilidad
17576,T8636c73,probabilidad
17577,T8636c73,probabilidad
17578,T8637,probabilidad
17579,T8637,probabilidad
17580,T8636c73,probabilidad
17581,T8636c73,probabilidad
17582,T8636c73,probabilidad
17583,T8636c73,probabilidad
17584,T5118LS,probabilidad
17585,T5118LS,probabilidad
17586,T8636c73,probabilidad
17587,T8636c73,probabilidad
17588,T8637,probabilidad
17589,T8636c73,probabilidad
17590,T8636c73,probabilidad
17591,T8636c73,probabilidad
17592,T8636c73,probabilidad
17593,T8636c73,probabilidad
17594,T8636c73,probabilidad
17595,T5118LS,probabilidad
17596,T5118LS,probabilidad
17597,T5118LS,probabilidad
17598,T8636c73,probabilidad
17599,u27,probabilidad
17600,u27,probabilidad
17601,u27,probabilidad
17602,T8636c73,probabilidad
17603,T8636c73,probabilidad
17604,T8636c73,probabilidad
17605,T8636c73,probabilidad
17606,T8637,probabilidad
17607,T8636c73,probabilidad
17608,T8636c73,probabilidad
17609,T8636c73,probabilidad
17610,T8636c73,probabilidad
17611,T8636c73,probabilidad
17612,T8636c73,probabilidad
17613,T8636c73,probabilidad
17614,T8636c73,probabilidad
17615,T8637,probabilidad
17616,T8636c73,probabilidad
17617,T8636c73,probabilidad
17618,T8636c73,probabilidad
17619,T8636c73,probabilidad
17620,T8636c73,probabilidad
17621,T8636c73,probabilidad
17622,T8636c73,probabilidad
17623,T8636c73,probabilidad
17624,T8636c73,probabilidad
17625,T8636c73,probabilidad
17626,T8636c73,probabilidad
17627,T8636c73,probabilidad
17628,T8636c73,probabilidad
17629,T8636c73,probabilidad
17630,T8636c73,probabilidad
17631,T8636c73,probabilidad
17632,T8636c73,probabilidad
17633,T8636c73,probabilidad
17634,T8636c73,probabilidad
17635,T8636c73,probabilidad
17636,T8636c73,probabilidad
17637,T8636c73,probabilidad
17638,T7378,probabilidad
17639,T8636c73,probabilidad
17640,T8636c73,probabilidad
17641,T8636c73,probabilidad
17642,T8636c73,probabilidad
17643,T8636c73,probabilidad
17644,T8636c73,probabilidad
17645,T8636c73,probabilidad
17646,T8636c73,probabilidad
17647,T8636c73,probabilidad
17648,T8636c73,probabilidad
17649,T8636c73,probabilidad
17650,T8636c73,probabilidad
17651,T8636c73,probabilidad
17652,T8636c73,probabilidad
17653,T8636c73,probabilidad
17654,T8636c73,probabilidad
17655,T8636c73,probabilidad
17656,T8636c73,probabilidad
17657,T8636c73,probabilidad
17658,T8636c73,probabilidad
17659,T8636c73,probabilidad
17660,T8636c73,probabilidad
17661,T8636c73,probabilidad
17662,T8636c73,probabilidad
17663,T8636c73,probabilidad
17664,T8636c73,probabilidad
17665,T8636c73,probabilidad
17666,T8636c73,probabilidad
17667,T8636c73,probabilidad
17668,T8636c73,probabilidad
17669,T8636c73,probabilidad
17670,T8636c73,probabilidad
17671,T8636c73,probabilidad
17672,T8636c73,probabilidad
17673,T8636c73,probabilidad
17674,T8636c73,probabilidad
17675,T8636c73,probabilidad
17676,T8636c73,probabilidad
17677,T8636c73,probabilidad
17678,T8636c73,probabilidad
17679,T8636c73,probabilidad
17680,T8636c73,probabilidad
17681,T8636c73,probabilidad
17682,T8636c73,probabilidad
17683,T8636c73,probabilidad
17684,T8636c73,probabilidad
17685,T8636c73,probabilidad
17686,T8636c73,probabilidad
17687,T8636c73,probabilidad
17688,T8636c73,probabilidad
17689,T8636c73,probabilidad
17690,T8637,probabilidad
17691,T8636c73,probabilidad
17692,T8636c73,probabilidad
17693,T8636c73,probabilidad
17694,T8636c73,probabilidad
17695,T8636c73,probabilidad
17696,T8636c73,probabilidad
17697,T8636c73,probabilidad
17698,T8636c73,probabilidad
17699,T8636c73,probabilidad
17700,T8636c73,probabilidad
17701,u27,probabilidad
17702,u27,probabilidad
17703,u27,probabilidad
17704,T8636c73,probabilidad
17705,T8636c73,probabilidad
17706,u18,probabilidad
17706,LS,probabilidad
17707,T8636c73,probabilidad
17708,T8636c73,probabilidad
17709,u18,probabilidad
17709,LS,probabilidad
17710,T7378,probabilidad
17711,T5118LS,probabilidad
17712,T5118LS,probabilidad
17713,T5118LS,probabilidad
17714,T8636c73,probabilidad
17715,T8636c73,probabilidad
17716,T8636c73,probabilidad
17717,T8636c73,probabilidad
17718,T8636c73,probabilidad
17719,T8636c73,probabilidad
17720,T8636c73,probabilidad
17721,T333,probabilidad
17722,u18,probabilidad
17722,LS,probabilidad
17723,T8637,probabilidad
17724,u18,probabilidad
17724,LS,probabilidad
17725,u18,probabilidad
17725,LS,probabilidad
17726,T8636c73,probabilidad
17727,T8637,probabilidad
17728,T8636c73,probabilidad
17729,T8636c73,probabilidad
17730,T8636c73,probabilidad
17731,T10276,probabilidad
17732,T10276,probabilidad
17733,T7476,probabilidad
17734,T8637,probabilidad
17735,T8636c73,probabilidad
17736,T8636c73,probabilidad
17737,T8636c73,probabilidad
17738,T8636c73,probabilidad
17739,T8637,probabilidad
17740,T8637,probabilidad
17741,u18,probabilidad
17741,LS,probabilidad
17742,T8636c73,probabilidad
17743,T8636c73,probabilidad
17744,T8636c73,probabilidad
17745,T8636c73,probabilidad
17746,T8637,probabilidad
17747,T8637,probabilidad
17748,u18,probabilidad
17748,LS,probabilidad
17749,T7663,probabilidad
17750,T5118LS,probabilidad
17751,T5118LS,probabilidad
17752,T8636c73,probabilidad
17753,T8636c73,probabilidad
17754,T8636c73,probabilidad
17755,T8636c73,probabilidad
17756,T8636c73,probabilidad
17757,T8636c73,probabilidad
17758,T8636c73,probabilidad
17759,T8637,probabilidad
17760,T8636c73,probabilidad
17761,T8636c73,probabilidad
17762,T8637,probabilidad
17763,T8636c73,probabilidad
17764,T8636c73,probabilidad
17765,T8636c73,probabilidad
17766,T5118LS,probabilidad
17767,T5118LS,probabilidad
17768,T8636c73,probabilidad
17769,T8636c73,probabilidad
17770,T8636c73,probabilidad
17771,u27,probabilidad
17772,T8636c73,probabilidad
17773,T8636c73,probabilidad
17774,T8636c73,probabilidad
17775,T8636c73,probabilidad
17776,T8636c73,probabilidad
17777,T8636c73,probabilidad
17778,T8636c73,probabilidad
17779,T8636c73,probabilidad
17780,T8636c73,probabilidad
17781,T8636c73,probabilidad
17782,T8636c73,probabilidad
17783,T8636c73,probabilidad
17784,T8636c73,probabilidad
17785,T8636c73,probabilidad
17786,T8636c73,probabilidad
17787,T8636c73,probabilidad
17788,T8636c73,probabilidad
17789,T8636c73,probabilidad
17790,T8636c73,probabilidad
17791,T8636c73,probabilidad
17792,T8636c73,probabilidad
17793,T8636c73,probabilidad
17794,T8636c73,probabilidad
17795,T8636c73,probabilidad
17796,T8636c73,probabilidad
17797,T8636c73,probabilidad
17798,T8636c73,probabilidad
17799,T8636c73,probabilidad
17800,T8636c73,probabilidad
17801,T8636c73,probabilidad
17802,T8636c73,probabilidad
17803,T8636c73,probabilidad
17804,T8636c73,probabilidad
17805,T8636c73,probabilidad
17806,T8636c73,probabilidad
17807,T8636c73,probabilidad
17808,T8636c73,probabilidad
17809,T8636c73,probabilidad
17810,T8636c73,probabilidad
17811,T8636c73,probabilidad
17812,T8636c73,probabilidad
17813,T8636c73,probabilidad
17814,T8636c73,probabilidad
17815,T8636c73,probabilidad
17816,T8636c73,probabilidad
17817,T8636c73,probabilidad
17818,T8636c73,probabilidad
17819,T8636c73,probabilidad
17820,T8636c73,probabilidad
17821,T8636c73,probabilidad
17822,T8636c73,probabilidad
17823,T8636c73,probabilidad
17824,T8636c73,probabilidad
17825,T8636c73,probabilidad
17826,T8636c73,probabilidad
17827,T8636c73,probabilidad
17828,T8636c73,probabilidad
17829,T8636c73,probabilidad
17830,T8636c73,probabilidad
17831,T8636c73,probabilidad
17832,T8636c73,probabilidad
17833,T8636c73,probabilidad
17834,T8636c73,probabilidad
17835,T8636c73,probabilidad
17836,T8636c73,probabilidad
17837,T8636c73,probabilidad
17838,T8636c73,probabilidad
17839,T8636c73,probabilidad
17840,T8636c73,probabilidad
17841,T8636c73,probabilidad
17842,T8636c73,probabilidad
17843,T8636c73,probabilidad
17844,T8636c73,probabilidad
17845,T8636c73,probabilidad
17846,T8636c73,probabilidad
17847,T8636c73,probabilidad
17848,T8636c73,probabilidad
17849,T8636c73,probabilidad
17850,T8636c73,probabilidad
17851,T8636c73,probabilidad
17852,T8636c73,probabilidad
17853,T8636c73,probabilidad
17854,T8637,probabilidad
17855,T8636c73,probabilidad
17856,T8636c73,probabilidad
17857,T8636c73,probabilidad
17858,T8636c73,probabilidad
17859,T8636c73,probabilidad
17860,T8636c73,probabilidad
17861,T8636c73,probabilidad
17862,T8636c73,probabilidad
17863,T8636c73,probabilidad
17864,T8636c73,probabilidad
17865,T7401LS,probabilidad
17866,T7401LS,probabilidad
17867,T7401LS,probabilidad
17868,T8636c73,probabilidad
17869,T8636c73,probabilidad
17870,T8636c73,probabilidad
17871,T8637,probabilidad
17872,T8637,probabilidad
17873,T333,probabilidad
17873,T335,probabilidad
17874,T333,probabilidad
17875,T8636c73,probabilidad
17876,T8636c73,probabilidad
17877,T8636c73,probabilidad
17878,T8636c73,probabilidad
17879,T8636c73,probabilidad
17880,T8636c73,probabilidad
17881,T8636c73,probabilidad
17882,T5118LS,probabilidad
17883,T5118LS,probabilidad
17884,T5118LS,probabilidad
17885,T8636c73,probabilidad
17886,T8636c73,probabilidad
17887,T8636c73,probabilidad
17888,T8637,probabilidad
17889,T8637,probabilidad
17890,u18,probabilidad
17890,LS,probabilidad
17891,T8636c73,probabilidad
17892,T8637,probabilidad
17893,T8636c73,probabilidad
17894,T7378,probabilidad
17895,u18,probabilidad
17895,LS,probabilidad
17896,T8636c73,probabilidad
17897,T8636c73,probabilidad
17898,T8636c73,probabilidad
17899,T8637,probabilidad
17900,T8636c73,probabilidad
17901,T8636c73,probabilidad
17902,T8636c73,probabilidad
17903,T8636c73,probabilidad
17904,T8636c73,probabilidad
17905,T8636c73,probabilidad
17906,T8636c73,probabilidad
17907,u18,probabilidad
17907,LS,probabilidad
17908,T8637,probabilidad
17909,T8637,probabilidad
17910,T8636c73,probabilidad
17911,u18,probabilidad
17911,LS,probabilidad
17912,T8636c73,probabilidad
17913,T8636c73,probabilidad
17914,T8636c73,probabilidad
17915,T8636c73,probabilidad
17916,T8636c73,probabilidad
17917,T8636c73,probabilidad
17918,T8636c73,probabilidad
17919,T8636c73,probabilidad
17920,T8636c73,probabilidad
17921,T8636c73,probabilidad
17922,T8636c73,probabilidad
17923,T8636c73,probabilidad
17924,T8636c73,probabilidad
17925,T8636c73,probabilidad
17926,T8636c73,probabilidad
17927,T8636c73,probabilidad
17928,T8636c73,probabilidad
17929,T8636c73,probabilidad
17930,T8636c73,probabilidad
17931,T8636c73,probabilidad
17932,T8636c73,probabilidad
17933,T8637,probabilidad
17934,T8636c73,probabilidad
17935,T8636c73,probabilidad
17936,T8636c73,probabilidad
17937,T8636c73,probabilidad
17938,T8636c73,probabilidad
17939,T8636c73,probabilidad
17940,T8636c73,probabilidad
17941,T8636c73,probabilidad
17942,T8636c73,probabilidad
17943,T8636c73,probabilidad
17944,T8636c73,probabilidad
17945,T8636c73,probabilidad
17946,T8636c73,probabilidad
17947,T8636c73,probabilidad
17948,T8636c73,probabilidad
17949,T8636c73,probabilidad
17950,T8636c73,probabilidad
17951,T8636c73,probabilidad
17952,T8636c73,probabilidad
17953,T8636c73,probabilidad
17954,T8636c73,probabilidad
17955,T8636c73,probabilidad
17956,T8636c73,probabilidad
17957,T8636c73,probabilidad
17958,T8636c73,probabilidad
17959,T8636c73,probabilidad
17960,T8636c73,probabilidad
17961,T8636c73,probabilidad
17962,T8636c73,probabilidad
17963,T8636c73,probabilidad
17964,T8636c73,probabilidad
17965,T8636c73,probabilidad
17966,T8636c73,probabilidad
17967,T8636c73,probabilidad
17968,T8636c73,probabilidad
17969,T8636c73,probabilidad
17970,T8636c73,probabilidad
17971,T8636c73,probabilidad
17972,T8636c73,probabilidad
17973,T8636c73,probabilidad
17974,T8636c73,probabilidad
17975,T8636c73,probabilidad
17976,T8636c73,probabilidad
17977,T8636c73,probabilidad
17978,T8636c73,probabilidad
17979,T8636c73,probabilidad
17980,T8636c73,probabilidad
17981,T8636c73,probabilidad
17982,T8636c73,probabilidad
17983,T8636c73,probabilidad
17984,T8636c73,probabilidad
17985,T8636c73,probabilidad
17986,T8636c73,probabilidad
17987,T8636c73,probabilidad
17988,T8636c73,probabilidad
17989,T8636c73,probabilidad
17990,T8636c73,probabilidad
17991,T8636c73,probabilidad
17992,T8636c73,probabilidad
17993,T8636c73,probabilidad
17994,T8637,probabilidad
17995,T8636c73,probabilidad
17996,T8636c73,probabilidad
17997,T8636c73,probabilidad
17998,T8636c73,probabilidad
17999,T8636c73,probabilidad
18000,T8636c73,probabilidad
18001,T8636c73,probabilidad
18002,T8636c73,probabilidad
18003,T8636c73,probabilidad
18004,T8636c73,probabilidad
18005,T8636c73,probabilidad
18006,T8636c73,probabilidad
18007,T8636c73,probabilidad
18008,T8637,probabilidad
18009,T8636c73,probabilidad
18010,T7378,probabilidad
18011,T8636c73,probabilidad
18012,T8636c73,probabilidad
18013,T5118LS,probabilidad
18014,T5118LS,probabilidad
18015,T8636c73,probabilidad
18016,T8636c73,probabilidad
18017,T8636c73,probabilidad
18018,T8636c73,probabilidad
18019,T8636c73,probabilidad
18020,T8636c73,probabilidad
18021,u18,probabilidad
18021,LS,probabilidad
18022,T8636c73,probabilidad
18023,T8636c73,probabilidad
18024,T8636c73,probabilidad
18025,T8636c73,probabilidad
18026,T8636c73,probabilidad
18027,T8636c73,probabilidad
18028,T4539,probabilidad
18028,T5081,probabilidad
18029,T8636c73,probabilidad
18030,T8637,probabilidad
18031,T8637,probabilidad
18032,T8636c73,probabilidad
18033,T8636c73,probabilidad
18034,T8636c73,probabilidad
18035,T8636c73,probabilidad
18036,T8637,probabilidad
18037,T8636c73,probabilidad
18038,T8636c73,probabilidad
18039,T8636c73,probabilidad
18040,T8636c73,probabilidad
18041,T8636c73,probabilidad
18042,T8636c73,probabilidad
18043,T8636c73,probabilidad
18044,T8636c73,probabilidad
18045,T8636c73,probabilidad
18046,T8636c73,probabilidad
18047,T8637,probabilidad
18048,T8636c73,probabilidad
18049,T8637,probabilidad
18050,T8637,probabilidad
18051,u18,probabilidad
18051,LS,probabilidad
18052,T8637,probabilidad
18053,T5118LS,probabilidad
18054,T5118LS,probabilidad
18055,T8637,probabilidad
18056,T8636c73,probabilidad
18057,T8636c73,probabilidad
18058,T8636c73,probabilidad
18059,T8636c73,probabilidad
18060,T4539,probabilidad
18061,T4539,probabilidad
18061,T5081,probabilidad
18062,T8637,probabilidad
18063,T6620LS,probabilidad
18064,T6620LS,probabilidad
18065,T6620LS,probabilidad
18066,T8637,probabilidad
18067,T333,probabilidad
18067,T335,probabilidad
18068,T7378,probabilidad
18069,T8637,probabilidad
18070,T8636c73,probabilidad
18071,T8637,probabilidad
18072,T8636c73,probabilidad
18073,T7333,probabilidad
18074,T8637,probabilidad
18075,T8636c73,probabilidad
18076,T8636c73,probabilidad
18077,T8636c73,probabilidad
18078,T8636c73,probabilidad
18079,T8636c73,probabilidad
18080,T8636c73,probabilidad
18081,T8636c73,probabilidad
18082,T8637,probabilidad
18083,T8637,probabilidad
18084,T8636c73,probabilidad
18085,T8636c73,probabilidad
18086,T8636c73,probabilidad
18087,T8636c73,probabilidad
18088,T8636c73,probabilidad
18089,T8637,probabilidad
18090,T8636c73,probabilidad
18091,T5713LS,probabilidad
18092,T5713LS,probabilidad
18093,T5713LS,probabilidad
18094,T5713LS,probabilidad
18095,T5713LS,probabilidad
18096,T5713LS,probabilidad
18097,T5713LS,probabilidad
18098,T5713LS,probabilidad
18099,T5713LS,probabilidad
18100,T5713LS,probabilidad
18101,T5713LS,probabilidad
18102,T5713LS,probabilidad
18103,T8636c73,probabilidad
18104,T8637,probabilidad
18105,T8637,probabilidad
18106,T7370,probabilidad
18107,T7333,probabilidad
18108,T5118LS,probabilidad
18109,T5118LS,probabilidad
18110,T5118LS,probabilidad
18111,T8637,probabilidad
18112,T8636c73,probabilidad
18113,T8636c73,probabilidad
18114,T8636c73,probabilidad
18115,T8637,probabilidad
18116,T4539,probabilidad
18117,T8636c73,probabilidad
18118,T8636c73,probabilidad
18119,T8636c73,probabilidad
18120,T8636c73,probabilidad
18121,T8636c73,probabilidad
18122,T8636c73,probabilidad
18123,T8636c73,probabilidad
18124,T8637,probabilidad
18125,T7663c52,probabilidad
18126,T5713LS,probabilidad
18127,T5713LS,probabilidad
18128,T5713LS,probabilidad
18129,T5713LS,probabilidad
18130,T5713LS,probabilidad
18131,T5713LS,probabilidad
18132,T8637,probabilidad
18133,T8636c73,probabilidad
18134,T8636c73,probabilidad
18135,T8636c73,probabilidad
18136,T8637,probabilidad
18137,T7333,probabilidad
18138,T8636c73,probabilidad
18139,T8636c73,probabilidad
18140,T8636c73,probabilidad
18141,T8636c73,probabilidad
18142,T5118LS,probabilidad
18143,T5118LS,probabilidad
18144,T5118LS,probabilidad
18145,T8636c73,probabilidad
18146,T7851,probabilidad
18147,T8636c73,probabilidad
18148,T8636c73,probabilidad
18149,T8636c73,probabilidad
18150,T8636c73,probabilidad
18151,T8636c73,probabilidad
18152,T8636c73,probabilidad
18153,T8637,probabilidad
18154,T8637,probabilidad
18155,T8636c73,probabilidad
18156,T8637,probabilidad
18157,T5118LS,probabilidad
18158,T5118LS,probabilidad
18159,T5118LS,probabilidad
18160,T8636c73,probabilidad
18161,T8636c73,probabilidad
18162,T8636c73,probabilidad
18163,T8636c73,probabilidad
18164,T8636c73,probabilidad
18165,T8636c73,probabilidad
18166,T6070,probabilidad
18167,T7851,probabilidad
18169,T8636c73,probabilidad
18170,T8636c73,probabilidad
18171,T8636c73,probabilidad
18172,T7194,probabilidad
18174,T7405,probabilidad
18175,T6070,probabilidad
18176,T6070,probabilidad
18177,T247,probabilidad
18178,T5047,probabilidad
18178,T4644,probabilidad
18179,T8636c73,probabilidad
18180,T8636c73,probabilidad
18181,T8636c73,probabilidad
18182,T8636c73,probabilidad
18183,T8636c73,probabilidad
18184,T8636c73,probabilidad
18185,T5118LS,probabilidad
18186,T5118LS,probabilidad
18187,T5118LS,probabilidad
18190,T7851,probabilidad
18191,T7194,probabilidad
18192,T7194,probabilidad
18193,T7194,probabilidad
18194,T7194,probabilidad
18196,T8636c73,probabilidad
18197,T8636c73,probabilidad
18198,T8636c73,probabilidad
18199,T8636c73,probabilidad
18200,T8636c73,probabilidad
18201,T8636c73,probabilidad
18202,T8636c73,probabilidad
18203,T8636c73,probabilidad
18204,T8636c73,probabilidad
18205,T7417,probabilidad
18206,T7405,probabilidad
18209,T7194,probabilidad
18210,T1115CA,probabilidad
18211,T1115CA,probabilidad
18212,T1115CA,probabilidad
18213,T7370,probabilidad
18214,T7417,probabilidad
18215,T8020,probabilidad
18216,T8020,probabilidad
18217,T8020,probabilidad
18218,T8020,probabilidad
18219,T8020,probabilidad
18220,T8020,probabilidad
18221,T1115CA,probabilidad
18222,T1115CA,probabilidad
18223,T1115CA,probabilidad
18224,T7194,probabilidad
18225,T7194,probabilidad
18226,T7194,probabilidad
18227,T8020,probabilidad
18228,T7194,probabilidad
18229,T7194,probabilidad
18230,T8636c73,probabilidad
18231,T8636c73,probabilidad
18232,T7096c75,probabilidad
18233,T7096c75,probabilidad
18234,T7096c75,probabilidad
18235,T5047,probabilidad
18235,T4644,probabilidad
18236,T247,probabilidad
18237,T7096c75,probabilidad
18238,T7370,probabilidad
18240,T7771,probabilidad
18243,T7771,probabilidad
18244,T7771,probabilidad
18247,T7771,probabilidad
18249,T7771,probabilidad
18252,T7771,probabilidad
18254,T7771,probabilidad
18256,T7771,probabilidad
18258,T7771,probabilidad
18259,T7771,probabilidad
18264,T7771,probabilidad
18265,T7771,probabilidad
18270,T7771,probabilidad
1,L20274,longitud_onda
2,L20274,longitud_onda
3,L20274,longitud_onda
4,L20274,longitud_onda
5,L20274,longitud_onda
6,L20274,longitud_onda
7,L20274,longitud_onda
8,L20274,longitud_onda
9,L20274,longitud_onda
10,L20274,longitud_onda
11,L20274,longitud_onda
12,L20274,longitud_onda
13,L20274,longitud_onda
14,L20274,longitud_onda
15,L20274,longitud_onda
16,L20274,longitud_onda
17,L20274,longitud_onda
18,L20274,longitud_onda
19,L20274,longitud_onda
20,L20274,longitud_onda
21,L20274,longitud_onda
22,L20274,longitud_onda
23,L20274,longitud_onda
24,L20274,longitud_onda
25,L20274,longitud_onda
26,L20274,longitud_onda
27,L20274,longitud_onda
28,L12120,longitud_onda
29,L12120,longitud_onda
30,L12120,longitud_onda
31,L12120,longitud_onda
32,L11176,longitud_onda
33,L11176,longitud_onda
34,L11176,longitud_onda
35,L11176,longitud_onda
36,L11176,longitud_onda
37,L11176,longitud_onda
38,L11176,longitud_onda
39,L11176,longitud_onda
40,L11176,longitud_onda
41,L11176,longitud_onda
42,L11176,longitud_onda
43,L11176,longitud_onda
44,L12120,longitud_onda
45,L11176,longitud_onda
46,L11176,longitud_onda
47,L11176,longitud_onda
48,L11176,longitud_onda
49,L11176,longitud_onda
50,L11176,longitud_onda
51,L12158,longitud_onda
52,L12158,longitud_onda
53,L12158,longitud_onda
54,L12158,longitud_onda
55,L12158,longitud_onda
56,L12158,longitud_onda
57,L12158,longitud_onda
58,L2305,longitud_onda
59,L6979,longitud_onda
60,L2305,longitud_onda
61,L12158,longitud_onda
62,L12158,longitud_onda
63,L12158,longitud_onda
64,L12158,longitud_onda
65,L6979,longitud_onda
66,L12158,longitud_onda
67,L12158,longitud_onda
68,L12158,longitud_onda
69,L12158,longitud_onda
70,L12158,longitud_onda
71,L12158,longitud_onda
72,L12158,longitud_onda
73,L12158,longitud_onda
74,L12158,longitud_onda
75,L12158,longitud_onda
76,L12158,longitud_onda
77,L12158,longitud_onda
78,L12158,longitud_onda
79,L12158,longitud_onda
80,L12158,longitud_onda
81,L12158,longitud_onda
82,L12158,longitud_onda
83,L12158,longitud_onda
84,L12158,longitud_onda
85,L12158,longitud_onda
86,L12158,longitud_onda
87,L12158,longitud_onda
88,L12158,longitud_onda
89,L12158,longitud_onda
90,L12158,longitud_onda
91,L12158,longitud_onda
92,L12158,longitud_onda
93,L12158,longitud_onda
94,L12158,longitud_onda
95,L12158,longitud_onda
96,L12158,longitud_onda
97,L12158,longitud_onda
98,L12158,longitud_onda
99,L12158,longitud_onda
100,L12158,longitud_onda
101,L12158,longitud_onda
102,L12158,longitud_onda
103,L12158,longitud_onda
104,L2305,longitud_onda
105,L2305,longitud_onda
106,L2305,longitud_onda
107,L2305,longitud_onda
108,L12158,longitud_onda
109,L12158,longitud_onda
110,L12158,longitud_onda
111,L2305,longitud_onda
112,L2305,longitud_onda
113,L2305,longitud_onda
114,L12158,longitud_onda
115,L12158,longitud_onda
116,L12158,longitud_onda
117,L12158,longitud_onda
118,L12158,longitud_onda
119,L12158,longitud_onda
120,L12158,longitud_onda
121,L12158,longitud_onda
122,L12158,longitud_onda
123,L12158,longitud_onda
124,L12158,longitud_onda
125,L2305,longitud_onda
126,L12158,longitud_onda
127,L12158,longitud_onda
128,L12158,longitud_onda
129,L2305,longitud_onda
130,L12158,longitud_onda
131,L12158,longitud_onda
132,L2305,longitud_onda
133,L12158,longitud_onda
134,L12158,longitud_onda
135,L12158,longitud_onda
136,L12158,longitud_onda
137,L12158,longitud_onda
138,L12158,longitud_onda
139,L12158,longitud_onda
140,L12158,longitud_onda
141,L12158,longitud_onda
142,L12158,longitud_onda
143,L12158,longitud_onda
144,L12158,longitud_onda
145,L12158,longitud_onda
146,L12158,longitud_onda
147,L2305,longitud_onda
148,L2305,longitud_onda
149,L2305,longitud_onda
150,L2305,longitud_onda
151,L2305,longitud_onda
152,L2305,longitud_onda
153,L2305,longitud_onda
154,L2305,longitud_onda
155,L2305,longitud_onda
156,L2305,longitud_onda
157,L2305,longitud_onda
158,L2305,longitud_onda
159,L2305,longitud_onda
160,L2305,longitud_onda
161,L2305,longitud_onda
162,L2305,longitud_onda
163,L3160,longitud_onda
163,L1992,longitud_onda
164,L3160,longitud_onda
164,L1992,longitud_onda
165,L3160,longitud_onda
165,L1992,longitud_onda
166,L3160,longitud_onda
166,L1992,longitud_onda
167,L3160,longitud_onda
167,L1992,longitud_onda
168,L3160,longitud_onda
168,L1992,longitud_onda
169,L3160,longitud_onda
169,L1992,longitud_onda
170,L3160,longitud_onda
170,L1992,longitud_onda
171,L3160,longitud_onda
171,L1992,longitud_onda
172,L3160,longitud_onda
172,L1992,longitud_onda
173,L3160,longitud_onda
173,L1992,longitud_onda
174,L3160,longitud_onda
174,L1992,longitud_onda
175,L3160,longitud_onda
175,L1992,longitud_onda
176,L3160,longitud_onda
176,L1992,longitud_onda
177,L3160,longitud_onda
177,L1992,longitud_onda
178,L3160,longitud_onda
178,L1992,longitud_onda
179,L3160,longitud_onda
179,L1992,longitud_onda
180,L3160,longitud_onda
180,L1992,longitud_onda
181,L3160,longitud_onda
181,L1992,longitud_onda
182,L3160,longitud_onda
182,L1992,longitud_onda
183,L3160,longitud_onda
183,L1992,longitud_onda
184,L3160,longitud_onda
184,L1992,longitud_onda
185,L3160,longitud_onda
185,L1992,longitud_onda
186,L3160,longitud_onda
186,L1992,longitud_onda
187,L3160,longitud_onda
187,L1992,longitud_onda
188,L3160,longitud_onda
188,L1992,longitud_onda
189,L3160,longitud_onda
189,L1992,longitud_onda
190,L3160,longitud_onda
190,L1992,longitud_onda
191,L3160,longitud_onda
191,L1992,longitud_onda
192,L3160,longitud_onda
192,L1992,longitud_onda
193,L3160,longitud_onda
193,L1992,longitud_onda
195,L7397,longitud_onda
198,L7397,longitud_onda
201,L7397,longitud_onda
204,L7397,longitud_onda
207,L7397,longitud_onda
209,L3160,longitud_onda
209,L1992,longitud_onda
211,L3359,longitud_onda
212,L3359,longitud_onda
213,L3359,longitud_onda
214,L3359,longitud_onda
215,L3359,longitud_onda
216,L3359,longitud_onda
217,L3359,longitud_onda
218,L21570,longitud_onda
219,L21570,longitud_onda
220,L21570,longitud_onda
221,L3359,longitud_onda
222,L3359,longitud_onda
223,L21570,longitud_onda
224,L21570,longitud_onda
225,L21570,longitud_onda
226,L21570,longitud_onda
227,L21570,longitud_onda
228,L21570,longitud_onda
229,L21570,longitud_onda
230,L3359,longitud_onda
231,L12157,longitud_onda
232,L12157,longitud_onda
233,L12157,longitud_onda
234,L12157,longitud_onda
235,L12157,longitud_onda
236,L12157,longitud_onda
237,L12157c153,longitud_onda
238,L12157c153,longitud_onda
239,L12157,longitud_onda
240,L12157,longitud_onda
241,L1406c153,longitud_onda
242,L12157c153,longitud_onda
243,L12157c153,longitud_onda
245,L12157,longitud_onda
246,L12157,longitud_onda
247,L12157,longitud_onda
248,L12157,longitud_onda
249,L12157,longitud_onda
250,L12157,longitud_onda
251,L12157,longitud_onda
252,L12157,longitud_onda
253,L12157,longitud_onda
254,L12157,longitud_onda
255,L12157,longitud_onda
256,L12157,longitud_onda
257,L12157,longitud_onda
258,L12157,longitud_onda
259,L12157,longitud_onda
260,L12157,longitud_onda
261,L12157,longitud_onda
262,L12157,longitud_onda
263,L12157,longitud_onda
264,L12157,longitud_onda
265,L21570,longitud_onda
266,L21570,longitud_onda
267,L12157,longitud_onda
268,L12157,longitud_onda
269,L12157,longitud_onda
270,L12157,longitud_onda
271,L12157,longitud_onda
272,L12157,longitud_onda
273,L21570,longitud_onda
274,L21570,longitud_onda
275,L21570,longitud_onda
276,L12157,longitud_onda
277,L12157c153,longitud_onda
278,L12157,longitud_onda
279,L12157,longitud_onda
280,L12157,longitud_onda
281,L12157,longitud_onda
282,L12157,longitud_onda
283,L12157,longitud_onda
284,L12157,longitud_onda
285,L12157,longitud_onda
286,L12157,longitud_onda
287,L12157c153,longitud_onda
288,L12157c153,longitud_onda
289,L12157,longitud_onda
290,L12157,longitud_onda
291,L12157,longitud_onda
292,L12157,longitud_onda
293,L12157,longitud_onda
294,L12157,longitud_onda
295,L21570,longitud_onda
296,L21570,longitud_onda
297,L21570,longitud_onda
298,L12157c153,longitud_onda
299,L12157c153,longitud_onda
300,L12157c153,longitud_onda
301,L12157c153,longitud_onda
302,L12157c153,longitud_onda
303,L12157c153,longitud_onda
304,L12157c153,longitud_onda
305,L12157c153,longitud_onda
306,L12157c153,longitud_onda
307,L12157c153,longitud_onda
308,L12157c153,longitud_onda
309,L12157c153,longitud_onda
310,L12157c153,longitud_onda
311,L12157c153,longitud_onda
312,L12157c153,longitud_onda
313,L12157c153,longitud_onda
314,L12157c153,longitud_onda
315,L12157c153,longitud_onda
316,L12157c153,longitud_onda
317,L12157c153,longitud_onda
318,L1341,longitud_onda
319,L1341,longitud_onda
320,L1341,longitud_onda
321,L21570,longitud_onda
322,L21570,longitud_onda
323,L21570,longitud_onda
324,L21570,longitud_onda
325,L12157c153,longitud_onda
326,L12157c153,longitud_onda
327,L12157c153,longitud_onda
328,L1406c153,longitud_onda
329,L1406,longitud_onda
330,L1406,longitud_onda
332,L21570,longitud_onda
333,L21570,longitud_onda
334,L21570,longitud_onda
336,L1406,longitud_onda
337,L1406,longitud_onda
339,L1406,longitud_onda
340,L1406,longitud_onda
341,L1406,longitud_onda
342,L1406,longitud_onda
343,L1406,longitud_onda
355,L1406,longitud_onda
356,L1406,longitud_onda
360,L1406,longitud_onda
362,L1406,longitud_onda
364,L3401,longitud_onda
365,L3401,longitud_onda
366,L3401,longitud_onda
369,L3401,longitud_onda
372,L21570,longitud_onda
373,L21570,longitud_onda
374,L21570,longitud_onda
375,L21570,longitud_onda
376,L21570,longitud_onda
377,L21570,longitud_onda
378,L21570,longitud_onda
379,L21570,longitud_onda
380,L21570,longitud_onda
381,L21570,longitud_onda
382,L21570,longitud_onda
383,L21570,longitud_onda
384,L21570,longitud_onda
385,L21570,longitud_onda
386,L21570,longitud_onda
387,L21570,longitud_onda
388,L21570,longitud_onda
389,L21570,longitud_onda
390,L1406,longitud_onda
391,L1406,longitud_onda
392,L1406,longitud_onda
394,L1406,longitud_onda
398,L21570,longitud_onda
399,L21570,longitud_onda
400,L21570,longitud_onda
401,L21570,longitud_onda
402,L1406,longitud_onda
404,L1406,longitud_onda
405,L1406,longitud_onda
406,L3401,longitud_onda
409,L1406,longitud_onda
410,L1406,longitud_onda
412,L1406,longitud_onda
413,L1406,longitud_onda
414,L1406,longitud_onda
415,L1406,longitud_onda
418,L1406,longitud_onda
422,L21570,longitud_onda
423,L21570,longitud_onda
426,L21570,longitud_onda
427,L21570,longitud_onda
428,L21570,longitud_onda
429,L1406,longitud_onda
430,L1406,longitud_onda
431,L21570,longitud_onda
432,L21570,longitud_onda
433,L21570,longitud_onda
434,L11267,longitud_onda
435,L11267,longitud_onda
436,L11267,longitud_onda
437,L369,longitud_onda
438,L3492,longitud_onda
439,L3492,longitud_onda
440,L3492,longitud_onda
441,L3492,longitud_onda
442,L369,longitud_onda
443,L21570,longitud_onda
444,L21570,longitud_onda
445,L21570,longitud_onda
446,L21570,longitud_onda
447,L11267,longitud_onda
448,L11267,longitud_onda
449,L11267,longitud_onda
450,L11267,longitud_onda
454,L3492,longitud_onda
455,L3492,longitud_onda
456,L3492,longitud_onda
457,L3492,longitud_onda
458,L3492,longitud_onda
459,L11267,longitud_onda
460,L11267,longitud_onda
461,L11267,longitud_onda
462,L11267,longitud_onda
463,L7084,longitud_onda
464,L7084,longitud_onda
465,L7084,longitud_onda
466,L7084,longitud_onda
467,L11267,longitud_onda
468,L11267,longitud_onda
469,L3492,longitud_onda
470,L11267,longitud_onda
471,L11267,longitud_onda
472,L3492,longitud_onda
473,L3492,longitud_onda
474,L11267,longitud_onda
475,L3492,longitud_onda
476,L12120,longitud_onda
477,L11267,longitud_onda
478,L11267,longitud_onda
479,L11267,longitud_onda
480,L12120,longitud_onda
482,L1406,longitud_onda
483,L12120,longitud_onda
484,L369,longitud_onda
485,L1406,longitud_onda
486,L12120,longitud_onda
487,L12120,longitud_onda
488,L12120,longitud_onda
489,L9808,longitud_onda
489,L21570,longitud_onda
490,L9808,longitud_onda
490,L21570,longitud_onda
491,L9808,longitud_onda
491,L21570,longitud_onda
492,L9808,longitud_onda
492,L21570,longitud_onda
493,L9808,longitud_onda
493,L21570,longitud_onda
494,L9808,longitud_onda
494,L21570,longitud_onda
495,L9808,longitud_onda
495,L21570,longitud_onda
496,L12120,longitud_onda
497,L11267,longitud_onda
498,L11267,longitud_onda
499,L9808,longitud_onda
499,L21570,longitud_onda
500,L9808,longitud_onda
500,L21570,longitud_onda
501,L9808,longitud_onda
501,L21570,longitud_onda
502,L9808,longitud_onda
502,L21570,longitud_onda
503,L9808,longitud_onda
503,L21570,longitud_onda
504,L9808,longitud_onda
504,L21570,longitud_onda
505,L9808,longitud_onda
505,L21570,longitud_onda
506,L12120,longitud_onda
507,L11267,longitud_onda
508,L11267,longitud_onda
509,L11267,longitud_onda
510,L12120,longitud_onda
511,L9808,longitud_onda
511,L21570,longitud_onda
512,L9808,longitud_onda
512,L21570,longitud_onda
513,L9808,longitud_onda
513,L21570,longitud_onda
514,L11267,longitud_onda
515,L11267,longitud_onda
516,L3492,longitud_onda
517,L9808,longitud_onda
517,L21570,longitud_onda
518,L9808,longitud_onda
518,L21570,longitud_onda
519,L9808,longitud_onda
519,L21570,longitud_onda
520,L9808,longitud_onda
520,L21570,longitud_onda
521,L3492,longitud_onda
522,L11267,longitud_onda
523,L11267,longitud_onda
524,L7084,longitud_onda
525,L7084,longitud_onda
526,L7084,longitud_onda
527,L12120,longitud_onda
528,L9808,longitud_onda
528,L21570,longitud_onda
529,L9808,longitud_onda
529,L21570,longitud_onda
530,L9808,longitud_onda
530,L21570,longitud_onda
531,L11267,longitud_onda
532,L3492,longitud_onda
533,L3492,longitud_onda
534,L11267,longitud_onda
535,L11267,longitud_onda
536,L3492,longitud_onda
537,L3492,longitud_onda
538,L3492,longitud_onda
538,L9808,longitud_onda
538,L21570,longitud_onda
538,L22145,longitud_onda
539,L3492,longitud_onda
539,L9808,longitud_onda
539,L21570,longitud_onda
539,L22145,longitud_onda
540,L9808,longitud_onda
540,L21570,longitud_onda
540,L22145,longitud_onda
541,L9808,longitud_onda
541,L21570,longitud_onda
541,L22145,longitud_onda
542,L9808,longitud_onda
542,L21570,longitud_onda
542,L22145,longitud_onda
543,L9808,longitud_onda
543,L21570,longitud_onda
543,L22145,longitud_onda
545,L3492,longitud_onda
546,L3492,longitud_onda
547,L3492,longitud_onda
548,L12120,longitud_onda
549,L9808,longitud_onda
549,L21570,longitud_onda
549,L22145,longitud_onda
550,L9808,longitud_onda
550,L21570,longitud_onda
550,L22145,longitud_onda
551,L9808,longitud_onda
551,L21570,longitud_onda
551,L22145,longitud_onda
553,L3492,longitud_onda
554,L3492,longitud_onda
555,L3492,longitud_onda
556,L3492,longitud_onda
557,L3492,longitud_onda
558,L3492,longitud_onda
559,L9808,longitud_onda
559,L21570,longitud_onda
559,L22145,longitud_onda
560,L9808,longitud_onda
560,L21570,longitud_onda
560,L22145,longitud_onda
561,L9808,longitud_onda
561,L21570,longitud_onda
561,L22145,longitud_onda
562,L9808,longitud_onda
562,L21570,longitud_onda
562,L22145,longitud_onda
563,L11267,longitud_onda
564,L11267,longitud_onda
565,L3492,longitud_onda
566,L11267,longitud_onda
567,L11267,longitud_onda
568,L369,longitud_onda
569,L11267,longitud_onda
570,L11267,longitud_onda
571,L369,longitud_onda
572,L11267,longitud_onda
573,L12120,longitud_onda
574,L369,longitud_onda
575,L9808,longitud_onda
575,L21570,longitud_onda
576,L9808,longitud_onda
576,L21570,longitud_onda
577,L3492,longitud_onda
578,L11267,longitud_onda
579,L11267,longitud_onda
580,L3492,longitud_onda
581,L3492,longitud_onda
581,L9808,longitud_onda
581,L21570,longitud_onda
582,L3492,longitud_onda
582,L9808,longitud_onda
582,L21570,longitud_onda
583,L3492,longitud_onda
583,L9808,longitud_onda
583,L21570,longitud_onda
587,L3492,longitud_onda
591,L11267,longitud_onda
592,L3492,longitud_onda
593,L11267,longitud_onda
594,L11267,longitud_onda
595,L11267,longitud_onda
596,L3492,longitud_onda
596,L9676,longitud_onda
596,L21570,longitud_onda
597,L3492,longitud_onda
597,L9676,longitud_onda
597,L21570,longitud_onda
598,L3492,longitud_onda
598,L9676,longitud_onda
598,L21570,longitud_onda
599,L3492,longitud_onda
599,L9676,longitud_onda
599,L21570,longitud_onda
600,L3492,longitud_onda
601,L3492,longitud_onda
602,L3492,longitud_onda
603,L11267,longitud_onda
604,L11267,longitud_onda
605,L11267,longitud_onda
606,L11267,longitud_onda
607,L9808,longitud_onda
608,L9808,longitud_onda
609,L9808,longitud_onda
610,L9808,longitud_onda
611,L9808,longitud_onda
612,L9808,longitud_onda
613,L9808,longitud_onda
614,L3492,longitud_onda
615,L3492,longitud_onda
616,L3492,longitud_onda
617,L3492,longitud_onda
618,L3492,longitud_onda
619,L12120,longitud_onda
620,L1406,longitud_onda
621,L9808,longitud_onda
622,L9808,longitud_onda
623,L9808,longitud_onda
624,L9808,longitud_onda
625,L9808,longitud_onda
626,L9808,longitud_onda
627,L9808,longitud_onda
628,L9808,longitud_onda
629,L3492,longitud_onda
630,L3492,longitud_onda
631,L3492,longitud_onda
632,L1406,longitud_onda
633,L1406,longitud_onda
634,L1406,longitud_onda
635,L1406,longitud_onda
636,L1406,longitud_onda
637,L1406,longitud_onda
638,L1406,longitud_onda
639,L1406,longitud_onda
640,L3492,longitud_onda
641,L3492,longitud_onda
642,L3492,longitud_onda
643,L369,longitud_onda
644,L9808,longitud_onda
644,L21570,longitud_onda
645,L9808,longitud_onda
645,L21570,longitud_onda
646,L3492,longitud_onda
647,L3492,longitud_onda
648,L11267,longitud_onda
649,L11267,longitud_onda
650,L1406,longitud_onda
651,L12120,longitud_onda
652,L3492,longitud_onda
652,L9808,longitud_onda
652,L21570,longitud_onda
653,L3492,longitud_onda
653,L9808,longitud_onda
653,L21570,longitud_onda
654,L3492,longitud_onda
654,L9808,longitud_onda
654,L21570,longitud_onda
655,L1406,longitud_onda
656,L3492,longitud_onda
657,L3492,longitud_onda
658,L3492,longitud_onda
659,L3492,longitud_onda
660,L3492,longitud_onda
661,L3492,longitud_onda
662,L3492,longitud_onda
663,L3492,longitud_onda
664,L3492,longitud_onda
665,L3492,longitud_onda
665,L9676,longitud_onda
666,L3492,longitud_onda
666,L9676,longitud_onda
667,L3492,longitud_onda
667,L9676,longitud_onda
668,L3492,longitud_onda
668,L9676,longitud_onda
669,L3492,longitud_onda
670,L11267,longitud_onda
671,L11267,longitud_onda
672,L3492,longitud_onda
673,L3492,longitud_onda
674,L3492,longitud_onda
675,L3492,longitud_onda
676,L3492,longitud_onda
677,L3492,longitud_onda
678,L3492,longitud_onda
679,L369,longitud_onda
680,L369,longitud_onda
681,L369,longitud_onda
682,L369,longitud_onda
683,L12120,longitud_onda
684,L12120,longitud_onda
685,L12120,longitud_onda
688,L12120,longitud_onda
689,L12120,longitud_onda
690,L12120,longitud_onda
701,L12120,longitud_onda
702,L12120,longitud_onda
703,L12120,longitud_onda
704,L12120,longitud_onda
705,L12120,longitud_onda
706,L12120,longitud_onda
707,L12120,longitud_onda
708,L12120,longitud_onda
709,L12120,longitud_onda
710,L3492,longitud_onda
711,L3492,longitud_onda
712,L3492,longitud_onda
713,L3492,longitud_onda
714,L3492,longitud_onda
715,L3492,longitud_onda
716,L12120,longitud_onda
717,L12120,longitud_onda
718,L12120,longitud_onda
719,L3492,longitud_onda
720,L369,longitud_onda
721,L3492,longitud_onda
722,L3492,longitud_onda
723,L3492,longitud_onda
724,L3492,longitud_onda
725,L3492,longitud_onda
726,L3492,longitud_onda
727,L3492,longitud_onda
728,L3492,longitud_onda
735,L12120,longitud_onda
738,L12120,longitud_onda
739,L12120,longitud_onda
740,L12120,longitud_onda
741,L12120,longitud_onda
742,L12120,longitud_onda
743,L12120,longitud_onda
744,L9808,longitud_onda
744,L21570,longitud_onda
745,L9808,longitud_onda
745,L21570,longitud_onda
746,L9808,longitud_onda
746,L21570,longitud_onda
747,L9808,longitud_onda
747,L21570,longitud_onda
748,L9808,longitud_onda
748,L21570,longitud_onda
749,L9808,longitud_onda
749,L21570,longitud_onda
750,L9808,longitud_onda
750,L21570,longitud_onda
751,L9808,longitud_onda
751,L21570,longitud_onda
752,L9808,longitud_onda
752,L21570,longitud_onda
753,L9808,longitud_onda
753,L21570,longitud_onda
754,L9808,longitud_onda
754,L21570,longitud_onda
755,L9808,longitud_onda
755,L21570,longitud_onda
756,L9808,longitud_onda
756,L21570,longitud_onda
757,L9808,longitud_onda
757,L21570,longitud_onda
758,L9808,longitud_onda
758,L21570,longitud_onda
759,L12120,longitud_onda
760,L12120,longitud_onda
761,L12120,longitud_onda
762,L3492,longitud_onda
763,L3492,longitud_onda
764,L3492,longitud_onda
765,L3492,longitud_onda
766,L9808,longitud_onda
766,L21570,longitud_onda
767,L9808,longitud_onda
767,L21570,longitud_onda
768,L9808,longitud_onda
768,L21570,longitud_onda
769,L9808,longitud_onda
769,L21570,longitud_onda
770,L9808,longitud_onda
770,L21570,longitud_onda
771,L9808,longitud_onda
771,L21570,longitud_onda
772,L9808,longitud_onda
772,L21570,longitud_onda
773,L9808,longitud_onda
773,L21570,longitud_onda
774,L9808,longitud_onda
774,L21570,longitud_onda
775,L9808,longitud_onda
775,L21570,longitud_onda
776,L9808,longitud_onda
776,L21570,longitud_onda
777,L9808,longitud_onda
777,L21570,longitud_onda
778,L9808,longitud_onda
778,L21570,longitud_onda
779,L9808,longitud_onda
779,L21570,longitud_onda
780,L9808,longitud_onda
780,L21570,longitud_onda
781,L14923,longitud_onda
782,L14923,longitud_onda
783,L14923,longitud_onda
787,L14923,longitud_onda
788,L14922,longitud_onda
789,L14922,longitud_onda
790,L12120,longitud_onda
791,L14922,longitud_onda
792,L9808,longitud_onda
792,L21570,longitud_onda
793,L9808,longitud_onda
793,L21570,longitud_onda
794,L9808,longitud_onda
794,L21570,longitud_onda
795,L9808,longitud_onda
795,L21570,longitud_onda
796,L9808,longitud_onda
796,L21570,longitud_onda
797,L9808,longitud_onda
797,L21570,longitud_onda
798,L9808,longitud_onda
798,L21570,longitud_onda
799,L9808,longitud_onda
799,L21570,longitud_onda
800,L9808,longitud_onda
800,L21570,longitud_onda
801,L9808,longitud_onda
801,L21570,longitud_onda
802,L9808,longitud_onda
802,L21570,longitud_onda
803,L9808,longitud_onda
803,L21570,longitud_onda
804,L9808,longitud_onda
804,L21570,longitud_onda
805,L9808,longitud_onda
805,L21570,longitud_onda
806,L9808,longitud_onda
806,L21570,longitud_onda
808,L14922,longitud_onda
814,L14922,longitud_onda
817,L12120,longitud_onda
818,L14922,longitud_onda
821,L9808,longitud_onda
821,L22145,longitud_onda
822,L9808,longitud_onda
822,L22145,longitud_onda
823,L9808,longitud_onda
823,L22145,longitud_onda
824,L9808,longitud_onda
824,L22145,longitud_onda
825,L9808,longitud_onda
825,L22145,longitud_onda
826,L9808,longitud_onda
826,L22145,longitud_onda
827,L9808,longitud_onda
827,L22145,longitud_onda
828,L12120,longitud_onda
829,L12120,longitud_onda
830,L12120,longitud_onda
831,L369,longitud_onda
833,L9808,longitud_onda
833,L22145,longitud_onda
834,L9808,longitud_onda
834,L22145,longitud_onda
835,L9808,longitud_onda
835,L22145,longitud_onda
836,L369,longitud_onda
837,L12120,longitud_onda
838,L12120,longitud_onda
839,L12120,longitud_onda
840,L3492,longitud_onda
841,L14922,longitud_onda
842,L3492,longitud_onda
843,L3492,longitud_onda
846,L3492,longitud_onda
846,L9808,longitud_onda
847,L3492,longitud_onda
847,L9808,longitud_onda
848,L3492,longitud_onda
848,L9808,longitud_onda
849,L3492,longitud_onda
849,L9808,longitud_onda
850,L3492,longitud_onda
850,L9808,longitud_onda
851,L3492,longitud_onda
851,L9808,longitud_onda
852,L3492,longitud_onda
852,L9808,longitud_onda
853,L3492,longitud_onda
853,L9808,longitud_onda
854,L3492,longitud_onda
854,L9808,longitud_onda
855,L3492,longitud_onda
855,L9808,longitud_onda
856,L3492,longitud_onda
856,L9808,longitud_onda
856,L21570,longitud_onda
857,L3492,longitud_onda
857,L9808,longitud_onda
857,L21570,longitud_onda
858,L3492,longitud_onda
858,L9808,longitud_onda
858,L21570,longitud_onda
859,L3492,longitud_onda
859,L9808,longitud_onda
859,L21570,longitud_onda
860,L3492,longitud_onda
860,L9808,longitud_onda
860,L21570,longitud_onda
861,L3492,longitud_onda
861,L9808,longitud_onda
861,L21570,longitud_onda
862,L3492,longitud_onda
862,L9808,longitud_onda
862,L21570,longitud_onda
863,L3492,longitud_onda
863,L9808,longitud_onda
863,L21570,longitud_onda
864,L12120,longitud_onda
865,L3492,longitud_onda
866,L3492,longitud_onda
867,L3492,longitud_onda
868,L3492,longitud_onda
869,L9808,longitud_onda
870,L9808,longitud_onda
871,L9808,longitud_onda
877,L9808,longitud_onda
878,L9808,longitud_onda
879,L9808,longitud_onda
883,L14922,longitud_onda
886,L9808,longitud_onda
887,L9808,longitud_onda
888,L9808,longitud_onda
889,L9808,longitud_onda
889,L9676,longitud_onda
890,L9808,longitud_onda
890,L9676,longitud_onda
891,L9808,longitud_onda
891,L9676,longitud_onda
892,L9808,longitud_onda
892,L9676,longitud_onda
893,L9808,longitud_onda
893,L9676,longitud_onda
894,L9808,longitud_onda
894,L9676,longitud_onda
895,L9808,longitud_onda
895,L9676,longitud_onda
896,L12120,longitud_onda
897,L6915,longitud_onda
898,L6915,longitud_onda
902,L9808,longitud_onda
903,L9808,longitud_onda
904,L9808,longitud_onda
912,L3492,longitud_onda
914,L3492,longitud_onda
918,L3492,longitud_onda
919,L3492,longitud_onda
920,L3492,longitud_onda
921,L3492,longitud_onda
922,L3492,longitud_onda
923,L3492,longitud_onda
923,L9808,longitud_onda
924,L3492,longitud_onda
924,L9808,longitud_onda
925,L3492,longitud_onda
925,L9808,longitud_onda
926,L3492,longitud_onda
926,L9808,longitud_onda
927,L3492,longitud_onda
927,L9808,longitud_onda
928,L3492,longitud_onda
928,L9808,longitud_onda
929,L3492,longitud_onda
929,L9808,longitud_onda
930,L3492,longitud_onda
930,L9808,longitud_onda
939,L3492,longitud_onda
942,L12120,longitud_onda
946,L551,longitud_onda
948,L6915,longitud_onda
949,L6915,longitud_onda
950,L6915,longitud_onda
951,L9808,longitud_onda
952,L9808,longitud_onda
954,L6915,longitud_onda
955,L6915,longitud_onda
956,L6915,longitud_onda
959,L3492,longitud_onda
961,L3492,longitud_onda
962,L12120,longitud_onda
963,L12120,longitud_onda
964,L12120,longitud_onda
965,L369,longitud_onda
968,L3492,longitud_onda
971,L3492,longitud_onda
972,L3492,longitud_onda
974,L369,longitud_onda
975,L369,longitud_onda
976,L369,longitud_onda
977,L12120,longitud_onda
978,L12120,longitud_onda
979,L12120,longitud_onda
980,L3492,longitud_onda
981,L3492,longitud_onda
982,L3492,longitud_onda
983,L3492,longitud_onda
984,L12120,longitud_onda
986,L3492,longitud_onda
987,L3492,longitud_onda
987,L6915,longitud_onda
988,L3492,longitud_onda
988,L6915,longitud_onda
989,L3492,longitud_onda
989,L6915,longitud_onda
990,L3492,longitud_onda
990,L6915,longitud_onda
992,L3492,longitud_onda
996,L3492,longitud_onda
998,L3492,longitud_onda
999,L3492,longitud_onda
1001,L3492,longitud_onda
1002,L3492,longitud_onda
1003,L3492,longitud_onda
1007,L3492,longitud_onda
1008,L3492,longitud_onda
1009,L3492,longitud_onda
1010,L3492,longitud_onda
1011,L3492,longitud_onda
1012,L3492,longitud_onda
1013,L3492,longitud_onda
1014,L3492,longitud_onda
1022,L10092,longitud_onda
1023,L10092,longitud_onda
1024,L10092,longitud_onda
1025,L10092,longitud_onda
1026,L10092,longitud_onda
1027,L10092,longitud_onda
1028,L10092,longitud_onda
1029,L10092,longitud_onda
1030,L10092,longitud_onda
1031,L10092,longitud_onda
1032,L10092,longitud_onda
1033,L10092,longitud_onda
1034,L10092,longitud_onda
1035,L10092,longitud_onda
1036,L10092,longitud_onda
1038,L10092,longitud_onda
1039,L10092,longitud_onda
1040,L10092,longitud_onda
1041,L10092,longitud_onda
1042,L10092,longitud_onda
1043,L10092,longitud_onda
1044,L10092,longitud_onda
1045,L10092,longitud_onda
1047,L10092,longitud_onda
1048,L10092,longitud_onda
1049,L10092,longitud_onda
1050,L10092,longitud_onda
1052,L10092,longitud_onda
1053,L10092,longitud_onda
1054,L10092,longitud_onda
1055,L10092,longitud_onda
1056,L10092,longitud_onda
1057,L10092,longitud_onda
1058,L10092,longitud_onda
1059,L10092,longitud_onda
1060,L10092,longitud_onda
1061,L10092,longitud_onda
1062,L3492,longitud_onda
1063,L10092,longitud_onda
1064,L10092,longitud_onda
1065,L3492,longitud_onda
1066,L10092,longitud_onda
1067,L10092,longitud_onda
1068,L10092,longitud_onda
1069,L10092,longitud_onda
1070,L10092,longitud_onda
1071,L10092,longitud_onda
1072,L10092,longitud_onda
1073,L10092,longitud_onda
1074,L10092,longitud_onda
1075,L10092,longitud_onda
1076,L10092,longitud_onda
1077,L10092,longitud_onda
1078,L10092,longitud_onda
1079,L10092,longitud_onda
1080,L10092,longitud_onda
1081,L10092,longitud_onda
1082,L10092,longitud_onda
1083,L6915,longitud_onda
1084,L6915,longitud_onda
1085,L10092,longitud_onda
1086,L10092,longitud_onda
1087,L10092,longitud_onda
1090,L6915,longitud_onda
1091,L6915,longitud_onda
1092,L10092,longitud_onda
1094,L10092,longitud_onda
1095,L10092,longitud_onda
1096,L10092,longitud_onda
1097,L10092,longitud_onda
1098,L10092,longitud_onda
1101,L551,longitud_onda
1102,L10092,longitud_onda
1103,L10092,longitud_onda
1104,L12120,longitud_onda
1105,L10092,longitud_onda
1106,L10092,longitud_onda
1107,L10092,longitud_onda
1108,L10092,longitud_onda
1109,L10092,longitud_onda
1110,L551,longitud_onda
1112,L10092,longitud_onda
1113,L22145,longitud_onda
1113,L3492,longitud_onda
1113,L477,longitud_onda
1114,L22145,longitud_onda
1114,L3492,longitud_onda
1114,L477,longitud_onda
1115,L22145,longitud_onda
1115,L3492,longitud_onda
1115,L477,longitud_onda
1116,L6178,longitud_onda
1117,L6178,longitud_onda
1118,L6178,longitud_onda
1121,L6178,longitud_onda
1123,L3492,longitud_onda
1125,L3492,longitud_onda
1128,L3492,longitud_onda
1129,L3492,longitud_onda
1130,L6915,longitud_onda
1131,L6915,longitud_onda
1132,L6915,longitud_onda
1133,L12158,longitud_onda
1134,L12158,longitud_onda
1135,L12158,longitud_onda
1136,L12158,longitud_onda
1137,L6178,longitud_onda
1138,L12158,longitud_onda
1139,L12158,longitud_onda
1140,L12158,longitud_onda
1141,L12158,longitud_onda
1142,L12158,longitud_onda
1143,L12158,longitud_onda
1144,L12158,longitud_onda
1145,L12158,longitud_onda
1146,L12158,longitud_onda
1147,L12158,longitud_onda
1149,L369,longitud_onda
1150,L369,longitud_onda
1151,L369,longitud_onda
1152,L369,longitud_onda
1153,L369,longitud_onda
1154,L369,longitud_onda
1155,L12158,longitud_onda
1156,L12158,longitud_onda
1157,L12158,longitud_onda
1158,L12158,longitud_onda
1159,L12158,longitud_onda
1160,L12158,longitud_onda
1161,L12158,longitud_onda
1162,L12158,longitud_onda
1164,L6178,longitud_onda
1165,L6915,longitud_onda
1166,L6915,longitud_onda
1167,L6915,longitud_onda
1168,L1790,longitud_onda
1169,L6178,longitud_onda
1170,L6178,longitud_onda
1171,L1790,longitud_onda
1172,L12120,longitud_onda
1173,L12120,longitud_onda
1174,L12120,longitud_onda
1175,L1790,longitud_onda
1176,L12120,longitud_onda
1177,L12120,longitud_onda
1178,L12120,longitud_onda
1180,L1790,longitud_onda
1181,L6178,longitud_onda
1185,L6178,longitud_onda
1186,L12120,longitud_onda
1187,L12120,longitud_onda
1188,L12120,longitud_onda
1192,L12120,longitud_onda
1193,L12120,longitud_onda
1195,L12120,longitud_onda
1196,L12120,longitud_onda
1197,L12120,longitud_onda
1199,L3492,longitud_onda
1200,L3492,longitud_onda
1202,L12120,longitud_onda
1203,L12120,longitud_onda
1204,L12120,longitud_onda
1207,L12120,longitud_onda
1208,L12120,longitud_onda
1209,L12120,longitud_onda
1210,L3492,longitud_onda
1211,L3492,longitud_onda
1213,L3492,longitud_onda
1214,L3492,longitud_onda
1215,L3492,longitud_onda
1221,L6915,longitud_onda
1222,L6915,longitud_onda
1223,L3513,longitud_onda
1224,L3513,longitud_onda
1225,L3513,longitud_onda
1226,L12120,longitud_onda
1227,L12120,longitud_onda
1228,L12120,longitud_onda
1230,L3513,longitud_onda
1231,L12120,longitud_onda
1232,L12120,longitud_onda
1233,L12120,longitud_onda
1237,L3492,longitud_onda
1239,L3492,longitud_onda
1242,L3492,longitud_onda
1243,L3492,longitud_onda
1244,L3492,longitud_onda
1245,L12120,longitud_onda
1246,L12120,longitud_onda
1247,L12120,longitud_onda
1254,L1790,longitud_onda
1255,L3513,longitud_onda
1256,L12120,longitud_onda
1257,L12120,longitud_onda
1258,L12120,longitud_onda
1259,L12158,longitud_onda
1260,L12158,longitud_onda
1261,L12158,longitud_onda
1262,L12158,longitud_onda
1263,L12158,longitud_onda
1264,L12158,longitud_onda
1265,L12158,longitud_onda
1266,L12158,longitud_onda
1270,L3513,longitud_onda
1271,L3513,longitud_onda
1273,L3513,longitud_onda
1274,L3513,longitud_onda
1275,L3513,longitud_onda
1276,L6915,longitud_onda
1277,L6915,longitud_onda
1278,L6915,longitud_onda
1279,L6915,longitud_onda
1280,L12120,longitud_onda
1281,L12120,longitud_onda
1282,L12120,longitud_onda
1283,L12120,longitud_onda
1284,L12120,longitud_onda
1285,L12120,longitud_onda
1289,L3760,longitud_onda
1292,L3492,longitud_onda
1293,L3492,longitud_onda
1294,L22145,longitud_onda
1294,L3492,longitud_onda
1294,L477,longitud_onda
1294,L8445,longitud_onda
1295,L12120,longitud_onda
1296,L22145,longitud_onda
1296,L3492,longitud_onda
1296,L477,longitud_onda
1296,L8445,longitud_onda
1297,L22145,longitud_onda
1297,L3492,longitud_onda
1297,L477,longitud_onda
1297,L8445,longitud_onda
1298,L3513,longitud_onda
1300,L12120,longitud_onda
1303,L12120,longitud_onda
1304,L12120,longitud_onda
1305,L12120,longitud_onda
1312,L1790,longitud_onda
1313,L12158,longitud_onda
1314,L12158,longitud_onda
1315,L12158,longitud_onda
1316,L12158,longitud_onda
1317,L12158,longitud_onda
1318,L12158,longitud_onda
1319,L12158,longitud_onda
1320,L12158,longitud_onda
1321,L12158,longitud_onda
1322,L12158,longitud_onda
1323,L12158,longitud_onda
1324,L12158,longitud_onda
1325,L12158,longitud_onda
1326,L12158,longitud_onda
1327,L12158,longitud_onda
1328,L12158,longitud_onda
1329,L12158,longitud_onda
1330,L12158,longitud_onda
1331,L12158,longitud_onda
1332,L12158,longitud_onda
1333,L12158,longitud_onda
1334,L12158,longitud_onda
1335,L12158,longitud_onda
1336,L12158,longitud_onda
1337,L12158,longitud_onda
1338,L12158,longitud_onda
1339,L12158,longitud_onda
1341,L12158,longitud_onda
1342,L12158,longitud_onda
1343,L12158,longitud_onda
1344,L11267,longitud_onda
1345,L6915,longitud_onda
1346,L6915,longitud_onda
1347,L11267,longitud_onda
1353,L12158,longitud_onda
1354,L12158,longitud_onda
1357,L12120,longitud_onda
1358,L12120,longitud_onda
1361,L12120,longitud_onda
1362,L6178,longitud_onda
1363,L12158,longitud_onda
1364,L12158,longitud_onda
1365,L12158,longitud_onda
1366,L12158,longitud_onda
1367,L12158,longitud_onda
1368,L12158,longitud_onda
1369,L12158,longitud_onda
1370,L12158,longitud_onda
1371,L3493,longitud_onda
1372,L3493,longitud_onda
1373,L3493,longitud_onda
1374,L12158,longitud_onda
1375,L12158,longitud_onda
1376,L12158,longitud_onda
1377,L12158,longitud_onda
1378,L12158,longitud_onda
1379,L12158,longitud_onda
1380,L12158,longitud_onda
1381,L12158,longitud_onda
1382,L12158,longitud_onda
1383,L12158,longitud_onda
1384,L1407,longitud_onda
1385,L12120,longitud_onda
1386,L12120,longitud_onda
1387,L12120,longitud_onda
1388,L3760,longitud_onda
1390,L3513,longitud_onda
1393,L5263,longitud_onda
1394,L5263,longitud_onda
1395,L5263,longitud_onda
1396,L5263,longitud_onda
1397,L5263,longitud_onda
1398,L5263,longitud_onda
1399,L5263,longitud_onda
1400,L5263,longitud_onda
1401,L5263,longitud_onda
1402,L12158,longitud_onda
1403,L12158,longitud_onda
1404,L12158,longitud_onda
1406,L5263,longitud_onda
1407,L5263,longitud_onda
1408,L5263,longitud_onda
1409,L5263,longitud_onda
1410,L5263,longitud_onda
1411,L5263,longitud_onda
1412,L5263,longitud_onda
1413,L5263,longitud_onda
1414,L5263,longitud_onda
1415,L5263,longitud_onda
1416,L5263,longitud_onda
1417,L5263,longitud_onda
1424,L3760,longitud_onda
1425,L12120,longitud_onda
1428,L3760,longitud_onda
1435,L12120,longitud_onda
1436,L12120,longitud_onda
1437,L3760,longitud_onda
1438,L12158,longitud_onda
1439,L12158,longitud_onda
1440,L3513,longitud_onda
1441,L5263,longitud_onda
1442,L5263,longitud_onda
1443,L5263,longitud_onda
1444,L5263,longitud_onda
1445,L7481,longitud_onda
1446,L5263,longitud_onda
1447,L7481,longitud_onda
1448,L7481,longitud_onda
1449,L7481,longitud_onda
1450,L7481,longitud_onda
1452,L7481,longitud_onda
1453,L3760,longitud_onda
1456,L7481,longitud_onda
1459,L7481,longitud_onda
1460,L7481,longitud_onda
1461,L3492,longitud_onda
1462,L3492,longitud_onda
1463,L11267,longitud_onda
1464,L6915,longitud_onda
1465,L6915,longitud_onda
1466,L22145,longitud_onda
1466,L3492,longitud_onda
1466,L8445,longitud_onda
1467,L22145,longitud_onda
1467,L3492,longitud_onda
1467,L8445,longitud_onda
1468,L22145,longitud_onda
1468,L3492,longitud_onda
1468,L8445,longitud_onda
1469,L3698,longitud_onda
1470,L5263,longitud_onda
1471,L5263,longitud_onda
1472,L5263,longitud_onda
1473,L12158,longitud_onda
1474,L12158,longitud_onda
1475,L12158,longitud_onda
1476,L12158,longitud_onda
1477,L12158,longitud_onda
1478,L12158,longitud_onda
1479,L12158,longitud_onda
1480,L12158,longitud_onda
1481,L5263,longitud_onda
1482,L5263,longitud_onda
1483,L5263,longitud_onda
1484,L3760,longitud_onda
1487,L3760,longitud_onda
1488,L3760,longitud_onda
1489,L12120,longitud_onda
1490,L12120,longitud_onda
1491,L12120,longitud_onda
1494,L3760,longitud_onda
1496,L3492,longitud_onda
1497,L22145,longitud_onda
1497,L8445,longitud_onda
1497,L3492,longitud_onda
1498,L22145,longitud_onda
1498,L8445,longitud_onda
1498,L3492,longitud_onda
1499,L22145,longitud_onda
1499,L3492,longitud_onda
1499,L8445,longitud_onda
1500,L22145,longitud_onda
1500,L3492,longitud_onda
1500,L8445,longitud_onda
1501,L22145,longitud_onda
1501,L8445,longitud_onda
1501,L3492,longitud_onda
1502,L22145,longitud_onda
1502,L8445,longitud_onda
1502,L3492,longitud_onda
1503,L7481,longitud_onda
1504,L7481,longitud_onda
1505,L12120,longitud_onda
1506,L7481,longitud_onda
1507,L22145,longitud_onda
1507,L3492,longitud_onda
1507,L8445,longitud_onda
1508,L22145,longitud_onda
1508,L3492,longitud_onda
1508,L8445,longitud_onda
1509,L3492,longitud_onda
1510,L3492,longitud_onda
1517,L12158,longitud_onda
1518,L12158,longitud_onda
1519,L12158,longitud_onda
1520,L12158,longitud_onda
1528,L3698,longitud_onda
1529,L3698,longitud_onda
1530,L3698,longitud_onda
1531,L6915u17,longitud_onda
1532,L6915u17,longitud_onda
1534,L6915u17,longitud_onda
1540,L12120,longitud_onda
1550,L12158,longitud_onda
1551,L12158,longitud_onda
1560,L12120,longitud_onda
1561,L12120,longitud_onda
1562,L22145,longitud_onda
1562,L21249,longitud_onda
1562,L3492,longitud_onda
1562,L477,longitud_onda
1562,L8445,longitud_onda
1564,L22145,longitud_onda
1564,L21249,longitud_onda
1564,L3492,longitud_onda
1564,L477,longitud_onda
1564,L8445,longitud_onda
1569,L3698,longitud_onda
1570,L3698,longitud_onda
1571,L3698,longitud_onda
1573,L12120,longitud_onda
1577,L12158,longitud_onda
1578,L12158,longitud_onda
1579,L12158,longitud_onda
1580,L12158,longitud_onda
1581,L12158,longitud_onda
1582,L12158,longitud_onda
1583,L12158,longitud_onda
1584,L12158,longitud_onda
1585,L12120,longitud_onda
1586,L5263,longitud_onda
1587,L5263,longitud_onda
1588,L5263,longitud_onda
1589,L5263,longitud_onda
1590,L5263,longitud_onda
1591,L5263,longitud_onda
1601,L12158,longitud_onda
1602,L12158,longitud_onda
1603,L12158,longitud_onda
1604,L12158,longitud_onda
1606,L3760,longitud_onda
1614,L12120,longitud_onda
1615,L12120,longitud_onda
1619,L12120,longitud_onda
1621,L3513,longitud_onda
1631,L12120,longitud_onda
1645,L22145,longitud_onda
1645,L21249,longitud_onda
1645,L3492,longitud_onda
1645,L477,longitud_onda
1645,L8445,longitud_onda
1646,L22145,longitud_onda
1646,L21249,longitud_onda
1646,L3492,longitud_onda
1646,L477,longitud_onda
1646,L8445,longitud_onda
1649,L22145,longitud_onda
1649,L21249,longitud_onda
1649,L3492,longitud_onda
1649,L477,longitud_onda
1649,L8445,longitud_onda
1650,L22145,longitud_onda
1650,L21249,longitud_onda
1650,L3492,longitud_onda
1650,L477,longitud_onda
1650,L8445,longitud_onda
1656,L3698,longitud_onda
1663,L3513,longitud_onda
1664,L7084,longitud_onda
1665,L7084,longitud_onda
1666,L7084,longitud_onda
1668,L3513,longitud_onda
1669,L3513,longitud_onda
1702,L3513,longitud_onda
1704,L3513,longitud_onda
1705,L3513,longitud_onda
1708,L3513,longitud_onda
1711,L3698,longitud_onda
1712,L3698,longitud_onda
1713,L3698,longitud_onda
1714,L3698,longitud_onda
1715,L3698,longitud_onda
1716,L3698,longitud_onda
1717,L8834,longitud_onda
1718,L15291c36,longitud_onda
1719,L8445,longitud_onda
1720,L8445,longitud_onda
1721,L8834,longitud_onda
1722,L8445,longitud_onda
1723,L8445,longitud_onda
1724,L15291c37,longitud_onda
1725,L15291c36,longitud_onda
1726,L8834,longitud_onda
1727,L15291c36,longitud_onda
1728,L8445,longitud_onda
1729,L8445,longitud_onda
1730,L3760,longitud_onda
1733,L8834,longitud_onda
1734,L15291c37,longitud_onda
1735,L15291c36,longitud_onda
1736,L8445,longitud_onda
1737,L8445,longitud_onda
1738,L12158,longitud_onda
1739,L12158,longitud_onda
1740,L12158,longitud_onda
1745,L12158,longitud_onda
1746,L12158,longitud_onda
1747,L12158,longitud_onda
1752,L8445,longitud_onda
1753,L8445,longitud_onda
1754,L8834,longitud_onda
1762,L15291c37,longitud_onda
1763,L15291c36,longitud_onda
1764,L8445,longitud_onda
1765,L8445,longitud_onda
1766,L8834,longitud_onda
1772,L3760,longitud_onda
1773,L3698,longitud_onda
1774,L3698,longitud_onda
1775,L3698,longitud_onda
1776,L3698,longitud_onda
1777,L3698,longitud_onda
1778,L3698,longitud_onda
1782,L8445,longitud_onda
1783,L8445,longitud_onda
1785,L8834,longitud_onda
1797,L1790,longitud_onda
1798,L1790,longitud_onda
1799,L1790,longitud_onda
1800,L12158,longitud_onda
1801,L12158,longitud_onda
1802,L12158,longitud_onda
1803,L1790,longitud_onda
1804,L3698,longitud_onda
1805,L3698,longitud_onda
1806,L3698,longitud_onda
1807,L12129,longitud_onda
1808,L12129,longitud_onda
1809,L12129,longitud_onda
1810,L22145,longitud_onda
1810,L3492,longitud_onda
1810,L8445,longitud_onda
1811,L22145,longitud_onda
1811,L3492,longitud_onda
1811,L8445,longitud_onda
1812,L1790,longitud_onda
1813,L3760,longitud_onda
1814,L3760,longitud_onda
1815,L3760,longitud_onda
1816,L3545,longitud_onda
1817,L3545,longitud_onda
1818,L3545,longitud_onda
1819,L15291c37,longitud_onda
1820,L15291c36,longitud_onda
1821,L12158,longitud_onda
1822,L12158,longitud_onda
1829,L1790,longitud_onda
1830,L7481,longitud_onda
1836,L3513,longitud_onda
1837,L3513,longitud_onda
1838,L3513,longitud_onda
1840,L7481,longitud_onda
1844,L7481,longitud_onda
1846,L1790,longitud_onda
1847,L7481,longitud_onda
1849,L481,longitud_onda
1850,L12158,longitud_onda
1851,L12158,longitud_onda
1852,L12158,longitud_onda
1853,L12158,longitud_onda
1854,L12158,longitud_onda
1855,L12158,longitud_onda
1856,L12158,longitud_onda
1861,L3513,longitud_onda
1862,L3513,longitud_onda
1863,L3698,longitud_onda
1864,L3698,longitud_onda
1865,L3698,longitud_onda
1866,L3698,longitud_onda
1867,L3698,longitud_onda
1868,L3698,longitud_onda
1869,L3513,longitud_onda
1870,L1790,longitud_onda
1871,L3760,longitud_onda
1872,L3760,longitud_onda
1873,L3760,longitud_onda
1874,L481,longitud_onda
1875,L3698,longitud_onda
1876,L3698,longitud_onda
1877,L3698,longitud_onda
1881,L7481,longitud_onda
1882,L8834,longitud_onda
1884,L8445,longitud_onda
1885,L8445,longitud_onda
1886,L12158,longitud_onda
1889,L12158,longitud_onda
1890,L12158,longitud_onda
1891,L12120,longitud_onda
1893,L7481,longitud_onda
1902,L7481,longitud_onda
1903,L3760,longitud_onda
1904,L7481,longitud_onda
1906,L7481,longitud_onda
1909,L12120,longitud_onda
1913,L12158,longitud_onda
1914,L12158,longitud_onda
1915,L12158,longitud_onda
1916,L12158,longitud_onda
1917,L12158,longitud_onda
1918,L12158,longitud_onda
1919,L12158,longitud_onda
1920,L12158,longitud_onda
1921,L12158,longitud_onda
1922,L12158,longitud_onda
1923,L12120,longitud_onda
1924,L12120,longitud_onda
1926,L12120,longitud_onda
1929,L1790,longitud_onda
1930,L3698,longitud_onda
1934,L3760,longitud_onda
1939,L3760,longitud_onda
1945,L1406,longitud_onda
1946,L3744,longitud_onda
1947,L1406,longitud_onda
1948,L481,longitud_onda
1960,L12158,longitud_onda
1961,L12158,longitud_onda
1962,L12158,longitud_onda
1965,L22145,longitud_onda
1965,L21249,longitud_onda
1965,L3492,longitud_onda
1965,L477,longitud_onda
1965,L3383,longitud_onda
1965,L8445,longitud_onda
1966,L22145,longitud_onda
1966,L21249,longitud_onda
1966,L3492,longitud_onda
1966,L477,longitud_onda
1966,L3383,longitud_onda
1966,L8445,longitud_onda
1967,L22145,longitud_onda
1967,L21249,longitud_onda
1967,L3492,longitud_onda
1967,L477,longitud_onda
1967,L3383,longitud_onda
1967,L8445,longitud_onda
1969,L3744,longitud_onda
1971,L3744,longitud_onda
1974,L3698,longitud_onda
1975,L3698,longitud_onda
1976,L3698,longitud_onda
1977,L3698,longitud_onda
1978,L3698,longitud_onda
1979,L3698,longitud_onda
1980,L12158,longitud_onda
1981,L12158,longitud_onda
1982,L12158,longitud_onda
1983,L1790,longitud_onda
1987,L3545,longitud_onda
1988,L3545,longitud_onda
1989,L3545,longitud_onda
1990,L3760,longitud_onda
1991,L3760,longitud_onda
1992,L3760,longitud_onda
1993,L12158,longitud_onda
1994,L12158,longitud_onda
1995,L12158,longitud_onda
1996,L3760,longitud_onda
1997,L3760,longitud_onda
1999,L3698,longitud_onda
2000,L3698,longitud_onda
2001,L3698,longitud_onda
2002,L3160,longitud_onda
2002,L1992,longitud_onda
2003,L12158,longitud_onda
2004,L12158,longitud_onda
2005,L22145,longitud_onda
2005,L21249,longitud_onda
2005,L3492,longitud_onda
2005,L477,longitud_onda
2005,L3383,longitud_onda
2005,L8445,longitud_onda
2006,L22145,longitud_onda
2006,L21249,longitud_onda
2006,L3492,longitud_onda
2006,L477,longitud_onda
2006,L3383,longitud_onda
2006,L8445,longitud_onda
2007,L3760,longitud_onda
2013,L3760,longitud_onda
2017,L1790,longitud_onda
2018,L3744,longitud_onda
2019,L3744,longitud_onda
2020,L3744,longitud_onda
2021,L3744,longitud_onda
2022,L12158,longitud_onda
2023,L12158,longitud_onda
2024,L12120,longitud_onda
2025,L12120,longitud_onda
2029,L3492,longitud_onda
2030,L3492,longitud_onda
2031,L3492,longitud_onda
2040,L22145,longitud_onda
2040,L21249,longitud_onda
2040,L3492,longitud_onda
2040,L8445,longitud_onda
2042,L22145,longitud_onda
2042,L21249,longitud_onda
2042,L3492,longitud_onda
2042,L8445,longitud_onda
2043,L1406,longitud_onda
2044,L3513,longitud_onda
2047,L3513,longitud_onda
2048,L1406,longitud_onda
2054,L1406,longitud_onda
2055,L1406,longitud_onda
2056,L10549,longitud_onda
2057,L1406,longitud_onda
2058,L12120,longitud_onda
2059,L12120,longitud_onda
2060,L12120,longitud_onda
2062,L10549,longitud_onda
2063,L3513,longitud_onda
2065,L3513,longitud_onda
2066,L10549,longitud_onda
2068,L3513,longitud_onda
2069,L3513,longitud_onda
2072,L10549,longitud_onda
2076,L1406,longitud_onda
2079,L1406,longitud_onda
2080,L3492,longitud_onda
2081,L3492,longitud_onda
2082,L3492,longitud_onda
2083,L22145,longitud_onda
2083,L3492,longitud_onda
2083,L8445,longitud_onda
2084,L3698,longitud_onda
2092,L3513,longitud_onda
2093,L3513,longitud_onda
2095,L3513,longitud_onda
2096,L3513,longitud_onda
2097,L3513,longitud_onda
2099,L3513,longitud_onda
2100,L3698,longitud_onda
2101,L8834c153,longitud_onda
2102,L8445,longitud_onda
2103,L8445,longitud_onda
2104,L8445,longitud_onda
2105,L8445,longitud_onda
2106,L8445,longitud_onda
2107,L5455,longitud_onda
2108,L5455,longitud_onda
2109,L8445,longitud_onda
2110,L5455,longitud_onda
2111,L5455,longitud_onda
2112,L8834,longitud_onda
2113,L8834,longitud_onda
2114,L8445,longitud_onda
2115,L5455,longitud_onda
2116,L5455,longitud_onda
2117,L8445,longitud_onda
2118,L5455,longitud_onda
2119,L5455,longitud_onda
2120,L8445,longitud_onda
2121,L8445,longitud_onda
2122,L8445,longitud_onda
2123,L8445,longitud_onda
2124,L5455,longitud_onda
2125,L5455,longitud_onda
2126,L8445,longitud_onda
2127,L8445,longitud_onda
2128,L5455,longitud_onda
2129,L5455,longitud_onda
2130,L5455,longitud_onda
2131,L8445,longitud_onda
2132,L5455,longitud_onda
2133,L5455,longitud_onda
2137,L8445,longitud_onda
2138,L5455,longitud_onda
2139,L5455,longitud_onda
2141,L5455,longitud_onda
2142,L5455,longitud_onda
2143,L5455,longitud_onda
2144,L5455,longitud_onda
2145,L5455,longitud_onda
2146,L8445,longitud_onda
2148,L5455,longitud_onda
2149,L5455,longitud_onda
2150,L8834,longitud_onda
2151,L8445,longitud_onda
2152,L5455,longitud_onda
2153,L5455,longitud_onda
2154,L5455,longitud_onda
2157,L8445,longitud_onda
2158,L5455,longitud_onda
2159,L5455,longitud_onda
2160,L8834,longitud_onda
2161,L8445,longitud_onda
2162,L5455,longitud_onda
2163,L5455,longitud_onda
2164,L5455,longitud_onda
2165,L5455,longitud_onda
2166,L5455,longitud_onda
2167,L8445,longitud_onda
2168,L5455,longitud_onda
2169,L5455,longitud_onda
2170,L3698,longitud_onda
2171,L5455,longitud_onda
2172,L8445,longitud_onda
2173,L5455,longitud_onda
2174,L5455,longitud_onda
2175,L5455,longitud_onda
2176,L5455,longitud_onda
2177,L5455,longitud_onda
2178,L8445,longitud_onda
2179,L5455,longitud_onda
2180,L5455,longitud_onda
2181,L5455,longitud_onda
2182,L8445,longitud_onda
2183,L5455,longitud_onda
2184,L5455,longitud_onda
2185,L8445,longitud_onda
2186,L8445,longitud_onda
2187,L5455,longitud_onda
2188,L5455,longitud_onda
2189,L5455,longitud_onda
2190,L5455,longitud_onda
2191,L5455,longitud_onda
2192,L5455,longitud_onda
2193,L5455,longitud_onda
2194,L5455,longitud_onda
2195,L8445,longitud_onda
2196,L8445,longitud_onda
2197,L5455,longitud_onda
2198,L5455,longitud_onda
2199,L5455,longitud_onda
2200,L5455,longitud_onda
2201,L12158,longitud_onda
2202,L12158,longitud_onda
2203,L12158,longitud_onda
2204,L12158,longitud_onda
2205,L5455,longitud_onda
2206,L5455,longitud_onda
2207,L8445,longitud_onda
2208,L8445,longitud_onda
2209,L5455,longitud_onda
2210,L5455,longitud_onda
2211,L5455,longitud_onda
2212,L5455,longitud_onda
2213,L8445,longitud_onda
2214,L5455,longitud_onda
2215,L5455,longitud_onda
2216,L8445,longitud_onda
2217,L5455,longitud_onda
2218,L5455,longitud_onda
2219,L5455,longitud_onda
2220,L5455,longitud_onda
2221,L5455,longitud_onda
2222,L5455,longitud_onda
2223,L5455,longitud_onda
2224,L5455,longitud_onda
2225,L8445,longitud_onda
2226,L5455,longitud_onda
2227,L5455,longitud_onda
2228,L5455,longitud_onda
2229,L5455,longitud_onda
2230,L8445,longitud_onda
2231,L5455,longitud_onda
2232,L5455,longitud_onda
2233,L5455,longitud_onda
2234,L12670,longitud_onda
2235,L5455,longitud_onda
2236,L5455,longitud_onda
2237,L8445,longitud_onda
2238,L5455,longitud_onda
2239,L5455,longitud_onda
2240,L5455,longitud_onda
2241,L5455,longitud_onda
2242,L5455,longitud_onda
2243,L5455,longitud_onda
2244,L5455,longitud_onda
2245,L8445,longitud_onda
2246,L8445,longitud_onda
2247,L5455,longitud_onda
2248,L5455,longitud_onda
2249,L5455,longitud_onda
2250,L5455,longitud_onda
2251,L5455,longitud_onda
2252,L5455,longitud_onda
2253,L5455,longitud_onda
2254,L5455,longitud_onda
2255,L8445,longitud_onda
2256,L5455,longitud_onda
2257,L5455,longitud_onda
2258,L8445,longitud_onda
2259,L5455,longitud_onda
2260,L5455,longitud_onda
2261,L5455,longitud_onda
2263,L5455,longitud_onda
2264,L5455,longitud_onda
2265,L5455,longitud_onda
2266,L5455,longitud_onda
2267,L5455,longitud_onda
2268,L5455,longitud_onda
2270,L5455,longitud_onda
2271,L5455,longitud_onda
2272,L5455,longitud_onda
2274,L5455,longitud_onda
2276,L5455,longitud_onda
2277,L5455,longitud_onda
2278,L5455,longitud_onda
2279,L5455,longitud_onda
2280,L5455,longitud_onda
2281,L5455,longitud_onda
2282,L5455,longitud_onda
2283,L5455,longitud_onda
2284,L5455,longitud_onda
2285,L5455,longitud_onda
2286,L8445,longitud_onda
2287,L5455,longitud_onda
2288,L5455,longitud_onda
2289,L5455,longitud_onda
2291,L5455,longitud_onda
2297,L5455,longitud_onda
2298,L10549,longitud_onda
2300,L5455,longitud_onda
2301,L5455,longitud_onda
2302,L5455,longitud_onda
2303,L5455,longitud_onda
2304,L5455,longitud_onda
2305,L5455,longitud_onda
2306,L5455,longitud_onda
2307,L5455,longitud_onda
2308,L5455,longitud_onda
2309,L5455,longitud_onda
2310,L5455,longitud_onda
2311,L12670,longitud_onda
2312,L5455,longitud_onda
2313,L5455,longitud_onda
2314,L5455,longitud_onda
2315,L5455,longitud_onda
2316,L10549,longitud_onda
2317,L5455,longitud_onda
2318,L5455,longitud_onda
2319,L5455c153,longitud_onda
2321,L5455,longitud_onda
2322,L5455,longitud_onda
2323,L3744,longitud_onda
2325,L369,longitud_onda
2326,L3744,longitud_onda
2327,L5455,longitud_onda
2328,L5455,longitud_onda
2330,L10549,longitud_onda
2331,L5455,longitud_onda
2332,L5455,longitud_onda
2333,L10549,longitud_onda
2334,L1406,longitud_onda
2337,L1406,longitud_onda
2341,L10549,longitud_onda
2342,L3501,longitud_onda
2343,L10549,longitud_onda
2344,L10549,longitud_onda
2345,L1790,longitud_onda
2346,L3513,longitud_onda
2347,L3513,longitud_onda
2348,L3513,longitud_onda
2350,L5455,longitud_onda
2352,L5455,longitud_onda
2353,L5455,longitud_onda
2354,L5455,longitud_onda
2355,L5455,longitud_onda
2356,L22145,longitud_onda
2356,L3492,longitud_onda
2356,L8445,longitud_onda
2357,L5455,longitud_onda
2358,L5455,longitud_onda
2359,L5455,longitud_onda
2361,L5455,longitud_onda
2362,L22145,longitud_onda
2362,L21249,longitud_onda
2362,L3492,longitud_onda
2362,L8445,longitud_onda
2363,L5455,longitud_onda
2364,L3492,longitud_onda
2365,L5455,longitud_onda
2366,L5455,longitud_onda
2367,L5455,longitud_onda
2368,L5455,longitud_onda
2369,L3731,longitud_onda
2370,L5455,longitud_onda
2371,L5455,longitud_onda
2372,L5455,longitud_onda
2373,L5455,longitud_onda
2374,L5455,longitud_onda
2375,L5455,longitud_onda
2376,L5455,longitud_onda
2377,L5455,longitud_onda
2378,L5455,longitud_onda
2379,L5455,longitud_onda
2380,L5455,longitud_onda
2381,L3160,longitud_onda
2381,L1992,longitud_onda
2382,L5455,longitud_onda
2383,L22145,longitud_onda
2383,L21249,longitud_onda
2383,L3492,longitud_onda
2383,L477,longitud_onda
2385,L5455,longitud_onda
2386,L22145,longitud_onda
2386,L21249,longitud_onda
2386,L3492,longitud_onda
2387,L3744,longitud_onda
2388,L3744,longitud_onda
2389,L10549,longitud_onda
2390,L10549,longitud_onda
2391,L12158,longitud_onda
2392,L12158,longitud_onda
2393,L12158,longitud_onda
2394,L10549,longitud_onda
2395,L10549,longitud_onda
2396,L3513,longitud_onda
2397,L10549,longitud_onda
2398,L10549,longitud_onda
2402,L11267,longitud_onda
2403,L11267,longitud_onda
2404,L3744,longitud_onda
2405,L3744,longitud_onda
2406,L3744,longitud_onda
2407,L3744,longitud_onda
2408,L3460,longitud_onda
2409,L11267,longitud_onda
2410,L11267,longitud_onda
2411,L10549,longitud_onda
2412,L10549,longitud_onda
2413,L5455,longitud_onda
2414,L12158,longitud_onda
2415,L12158,longitud_onda
2416,L12158,longitud_onda
2417,L12158,longitud_onda
2418,L12158,longitud_onda
2419,L12158,longitud_onda
2420,L12158,longitud_onda
2421,L5455,longitud_onda
2422,L5455,longitud_onda
2425,L5455,longitud_onda
2426,L5455,longitud_onda
2427,L5455,longitud_onda
2429,L3731,longitud_onda
2430,L12670,longitud_onda
2431,L5455,longitud_onda
2432,L5455,longitud_onda
2433,L5455,longitud_onda
2434,L3731,longitud_onda
2435,L3731,longitud_onda
2436,L5455,longitud_onda
2437,L3731,longitud_onda
2438,L3731,longitud_onda
2439,L5455,longitud_onda
2440,L5455,longitud_onda
2441,L5455,longitud_onda
2442,L5455,longitud_onda
2443,L5455,longitud_onda
2444,L5455,longitud_onda
2445,L5455,longitud_onda
2446,L5455,longitud_onda
2447,L5455,longitud_onda
2448,L3731,longitud_onda
2449,L5455,longitud_onda
2451,L5455,longitud_onda
2452,L5455,longitud_onda
2455,L3513,longitud_onda
2457,L3513,longitud_onda
2458,L3513,longitud_onda
2465,L3501,longitud_onda
2468,L3513,longitud_onda
2473,L3513,longitud_onda
2474,L3513,longitud_onda
2475,L3513,longitud_onda
2487,L3513,longitud_onda
2488,L3513,longitud_onda
2489,L3513,longitud_onda
2501,L12120,longitud_onda
2502,L12158,longitud_onda
2503,L12158,longitud_onda
2504,L12158,longitud_onda
2505,L7000,longitud_onda
2507,L7000,longitud_onda
2508,L7000,longitud_onda
2511,L3731,longitud_onda
2512,L7000,longitud_onda
2513,L7000,longitud_onda
2514,L7000,longitud_onda
2515,L3731,longitud_onda
2521,L7000,longitud_onda
2522,L7000,longitud_onda
2523,L7000,longitud_onda
2524,L7000,longitud_onda
2525,L3731,longitud_onda
2526,L3731,longitud_onda
2527,L7000,longitud_onda
2528,L5455,longitud_onda
2529,L5455,longitud_onda
2530,L3731,longitud_onda
2531,L3731,longitud_onda
2532,L5455,longitud_onda
2533,L7000,longitud_onda
2534,L7000,longitud_onda
2535,L7000,longitud_onda
2536,L5455,longitud_onda
2537,L7000,longitud_onda
2538,L7000,longitud_onda
2539,L5455,longitud_onda
2540,L12158,longitud_onda
2541,L12158,longitud_onda
2542,L7000,longitud_onda
2543,L3501,longitud_onda
2544,L3501,longitud_onda
2545,L3501,longitud_onda
2546,L5455,longitud_onda
2547,L3513,longitud_onda
2548,L3513,longitud_onda
2549,L3513,longitud_onda
2550,L10549,longitud_onda
2551,L10549,longitud_onda
2552,L10549,longitud_onda
2553,L10549,longitud_onda
2554,L10549,longitud_onda
2555,L11267,longitud_onda
2556,L11267,longitud_onda
2557,L12120,longitud_onda
2558,L12120,longitud_onda
2559,L12120,longitud_onda
2560,L12120,longitud_onda
2561,L12120,longitud_onda
2562,L12120,longitud_onda
2567,L12120,longitud_onda
2568,L12020,longitud_onda
2569,L12020,longitud_onda
2570,L12020,longitud_onda
2571,L12363,longitud_onda
2573,L3513,longitud_onda
2574,L3513,longitud_onda
2576,L3513,longitud_onda
2579,L3513,longitud_onda
2580,L1406,longitud_onda
2581,L1406,longitud_onda
2583,L12120,longitud_onda
2587,L3698,longitud_onda
2588,L1406,longitud_onda
2589,L1406,longitud_onda
2590,L3731,longitud_onda
2591,L7000,longitud_onda
2592,L7000,longitud_onda
2593,L7000,longitud_onda
2594,L3731,longitud_onda
2596,L3513,longitud_onda
2597,L3513,longitud_onda
2599,L3731,longitud_onda
2600,L7000,longitud_onda
2601,L7000,longitud_onda
2602,L7000,longitud_onda
2603,L7000,longitud_onda
2604,L7000,longitud_onda
2605,L3731,longitud_onda
2606,L7000,longitud_onda
2607,L7000,longitud_onda
2608,L7000,longitud_onda
2609,L7000,longitud_onda
2610,L7000,longitud_onda
2611,L7000,longitud_onda
2612,L7000,longitud_onda
2613,L7000,longitud_onda
2614,L7000,longitud_onda
2615,L7000,longitud_onda
2616,L3731,longitud_onda
2617,L3731,longitud_onda
2618,L7000,longitud_onda
2619,L7000,longitud_onda
2620,L7000,longitud_onda
2621,L3501,longitud_onda
2622,L7000,longitud_onda
2623,L11267,longitud_onda
2624,L10549,longitud_onda
2625,L7000,longitud_onda
2626,L10549,longitud_onda
2627,L11267,longitud_onda
2628,L7000,longitud_onda
2629,L10549,longitud_onda
2630,L12120,longitud_onda
2631,L10549,longitud_onda
2632,L7000,longitud_onda
2633,L7000,longitud_onda
2634,L7000,longitud_onda
2635,L7000,longitud_onda
2636,L10549,longitud_onda
2637,L7000,longitud_onda
2638,L7000,longitud_onda
2639,L7000,longitud_onda
2640,L7000,longitud_onda
2641,L7000,longitud_onda
2642,L7000,longitud_onda
2643,L7000,longitud_onda
2644,L7000,longitud_onda
2645,L7000,longitud_onda
2646,L7000,longitud_onda
2649,L7000,longitud_onda
2650,L3731,longitud_onda
2652,L11267,longitud_onda
2653,L11267,longitud_onda
2654,L7000,longitud_onda
2655,L3731,longitud_onda
2656,L7000,longitud_onda
2657,L7000,longitud_onda
2659,L10549,longitud_onda
2660,L7000,longitud_onda
2663,L7000,longitud_onda
2664,L11267,longitud_onda
2666,L7000,longitud_onda
2668,L7000,longitud_onda
2669,L7000,longitud_onda
2670,L7000,longitud_onda
2672,L7000,longitud_onda
2674,L7000,longitud_onda
2675,L7000,longitud_onda
2676,L7000,longitud_onda
2677,L7000,longitud_onda
2678,L7000,longitud_onda
2679,L7000,longitud_onda
2680,L7000,longitud_onda
2681,L7000,longitud_onda
2682,L7000,longitud_onda
2683,L7000,longitud_onda
2684,L7000,longitud_onda
2685,L7000,longitud_onda
2686,L7000,longitud_onda
2687,L7000,longitud_onda
2688,L7000,longitud_onda
2689,L10549,longitud_onda
2690,L7000,longitud_onda
2691,L7000,longitud_onda
2692,L7000,longitud_onda
2693,L3731,longitud_onda
2694,L7000,longitud_onda
2695,L7000,longitud_onda
2696,L7000,longitud_onda
2697,L10549,longitud_onda
2698,L10549,longitud_onda
2699,L7000,longitud_onda
2700,L7000,longitud_onda
2701,L12120,longitud_onda
2703,L7000,longitud_onda
2706,L1406,longitud_onda
2709,L1406,longitud_onda
2713,L3760,longitud_onda
2716,L3760,longitud_onda
2717,L3760,longitud_onda
2719,L7000,longitud_onda
2720,L3513,longitud_onda
2721,L7000,longitud_onda
2723,L3513,longitud_onda
2724,L7000,longitud_onda
2725,L7000,longitud_onda
2726,L7000,longitud_onda
2727,L7000,longitud_onda
2733,L7000,longitud_onda
2734,L7000,longitud_onda
2735,L7000,longitud_onda
2742,L10549,longitud_onda
2745,L10549,longitud_onda
2746,L7000,longitud_onda
2748,L10549,longitud_onda
2750,L10549,longitud_onda
2751,L11267,longitud_onda
2752,L10549,longitud_onda
2756,L3513,longitud_onda
2759,L3513,longitud_onda
2760,L10549,longitud_onda
2761,L10549,longitud_onda
2762,L10549,longitud_onda
2763,L10549,longitud_onda
2764,L11267,longitud_onda
2765,L10549,longitud_onda
2766,L11267,longitud_onda
2767,L10549,longitud_onda
2768,L22145,longitud_onda
2768,L8445,longitud_onda
2768,L3492,longitud_onda
2768,L21249,longitud_onda
2769,L22145,longitud_onda
2769,L8445,longitud_onda
2769,L3492,longitud_onda
2769,L21249,longitud_onda
2770,L12120,longitud_onda
2771,L22145,longitud_onda
2771,L8445,longitud_onda
2771,L3492,longitud_onda
2771,L21249,longitud_onda
2772,L22145,longitud_onda
2772,L8445,longitud_onda
2772,L3492,longitud_onda
2772,L21249,longitud_onda
2773,L11267,longitud_onda
2775,L3513,longitud_onda
2776,L369,longitud_onda
2777,L3513,longitud_onda
2779,L369,longitud_onda
2780,L551,longitud_onda
2781,L551,longitud_onda
2782,L551,longitud_onda
2783,L551,longitud_onda
2784,L551,longitud_onda
2785,L551,longitud_onda
2786,L369,longitud_onda
2787,L22145,longitud_onda
2787,L551,longitud_onda
2787,L21615,longitud_onda
2789,L22145,longitud_onda
2789,L551,longitud_onda
2790,L22145,longitud_onda
2790,L551,longitud_onda
2790,L21615,longitud_onda
2797,L1790,longitud_onda
2800,L369,longitud_onda
2801,L369,longitud_onda
2802,L1790,longitud_onda
2808,L1790,longitud_onda
2809,L1790,longitud_onda
2810,L3731,longitud_onda
2811,L7000,longitud_onda
2812,L11529,longitud_onda
2814,L7000,longitud_onda
2815,L1790,longitud_onda
2816,L11529,longitud_onda
2817,L7000,longitud_onda
2818,L7000,longitud_onda
2819,L7000,longitud_onda
2821,L7000,longitud_onda
2822,L7000,longitud_onda
2823,L7000,longitud_onda
2824,L12120,longitud_onda
2826,L7000,longitud_onda
2827,L1790,longitud_onda
2828,L10549,longitud_onda
2829,L10549,longitud_onda
2830,L11529c153,longitud_onda
2831,L1790,longitud_onda
2832,L11529,longitud_onda
2834,L10549,longitud_onda
2840,L12120,longitud_onda
2841,L2166,longitud_onda
2842,L2166,longitud_onda
2843,L2166,longitud_onda
2844,L2166,longitud_onda
2845,L1406,longitud_onda
2848,L1406,longitud_onda
2855,L1406,longitud_onda
2856,L1406,longitud_onda
2857,L1406,longitud_onda
2858,L1406,longitud_onda
2859,L1406,longitud_onda
2860,L1406,longitud_onda
2861,L10549,longitud_onda
2862,L1790,longitud_onda
2863,L10549,longitud_onda
2864,L1406,longitud_onda
2865,L1406,longitud_onda
2866,L369,longitud_onda
2867,L1406,longitud_onda
2868,L1406,longitud_onda
2869,L1406,longitud_onda
2870,L1406,longitud_onda
2871,L1406,longitud_onda
2872,L1406,longitud_onda
2873,L369,longitud_onda
2874,L1406,longitud_onda
2875,L1406,longitud_onda
2877,L3513,longitud_onda
2879,L3744,longitud_onda
2880,L1406,longitud_onda
2881,L1406,longitud_onda
2882,L1406,longitud_onda
2883,L1406,longitud_onda
2884,L1406,longitud_onda
2885,L4834,longitud_onda
2886,L1406,longitud_onda
2889,L4743,longitud_onda
2890,L11529,longitud_onda
2891,L1406,longitud_onda
2893,L7000,longitud_onda
2894,L7000,longitud_onda
2895,L3529,longitud_onda
2896,L10549,longitud_onda
2897,L10549,longitud_onda
2898,L1406,longitud_onda
2899,L10549,longitud_onda
2900,L11529,longitud_onda
2901,L1406,longitud_onda
2902,L11529c153,longitud_onda
2903,L1406,longitud_onda
2904,L3731,longitud_onda
2905,L11529,longitud_onda
2906,L7000,longitud_onda
2907,L7000,longitud_onda
2908,L7000,longitud_onda
2909,L1406,longitud_onda
2910,L3731,longitud_onda
2911,L3731,longitud_onda
2912,L7000,longitud_onda
2913,L7000,longitud_onda
2914,L7000,longitud_onda
2915,L3731,longitud_onda
2916,L22c181,longitud_onda
2917,L7000,longitud_onda
2918,L7000,longitud_onda
2919,L7000,longitud_onda
2920,L1406,longitud_onda
2921,L7000,longitud_onda
2922,L1406,longitud_onda
2923,L20057c182,longitud_onda
2924,L7000,longitud_onda
2925,L7000,longitud_onda
2926,L3731,longitud_onda
2927,L3744,longitud_onda
2929,L3744,longitud_onda
2930,L3744,longitud_onda
2931,L7000,longitud_onda
2932,L7000,longitud_onda
2933,L7000,longitud_onda
2935,L7000,longitud_onda
2936,L3744,longitud_onda
2937,L3744,longitud_onda
2938,L7000,longitud_onda
2939,L3744,longitud_onda
2944,L7000,longitud_onda
2946,L7000,longitud_onda
2951,L1406,longitud_onda
2952,L7000,longitud_onda
2953,L11529,longitud_onda
2954,L7000,longitud_onda
2955,L7000,longitud_onda
2956,L1406,longitud_onda
2957,L7000,longitud_onda
2958,L1406,longitud_onda
2959,L11529c153,longitud_onda
2960,L3731,longitud_onda
2961,L7000,longitud_onda
2962,L7000,longitud_onda
2963,L22c181,longitud_onda
2964,L11529c153,longitud_onda
2965,L7000,longitud_onda
2966,L1406,longitud_onda
2967,L11529,longitud_onda
2969,L11529c153,longitud_onda
2974,L11529c153,longitud_onda
2977,L11529c153,longitud_onda
2978,L4743,longitud_onda
2981,L7000,longitud_onda
2982,L3513,longitud_onda
2983,L7000,longitud_onda
2984,L3513,longitud_onda
2986,L3501,longitud_onda
2988,L3501,longitud_onda
2990,L3501,longitud_onda
2991,L369,longitud_onda
2992,L369,longitud_onda
2993,L7000,longitud_onda
2994,L369,longitud_onda
2995,L7000,longitud_onda
2996,L3513,longitud_onda
2997,L2166,longitud_onda
2998,L2166,longitud_onda
2999,L2166,longitud_onda
3000,L2166,longitud_onda
3001,L2166,longitud_onda
3002,L2166,longitud_onda
3003,L2166,longitud_onda
3004,L2166,longitud_onda
3005,L2166,longitud_onda
3006,L2166,longitud_onda
3007,L2166,longitud_onda
3008,L2166,longitud_onda
3009,L2166,longitud_onda
3010,L2166,longitud_onda
3011,L2166,longitud_onda
3012,L2166,longitud_onda
3013,L2166,longitud_onda
3014,L2166,longitud_onda
3015,L2166,longitud_onda
3016,L2166,longitud_onda
3017,L2166,longitud_onda
3018,L2166,longitud_onda
3019,L2166,longitud_onda
3020,L2166,longitud_onda
3021,L2166,longitud_onda
3022,L1406,longitud_onda
3023,L2166,longitud_onda
3024,L2166,longitud_onda
3025,L2166,longitud_onda
3026,L2166,longitud_onda
3027,L2166,longitud_onda
3028,L2166,longitud_onda
3029,L2166,longitud_onda
3030,L2166,longitud_onda
3031,L2166,longitud_onda
3032,L2166,longitud_onda
3033,L2166,longitud_onda
3034,L2166,longitud_onda
3035,L10549,longitud_onda
3036,L10549,longitud_onda
3037,L2166,longitud_onda
3038,L2166,longitud_onda
3039,L11529c153,longitud_onda
3040,L10549,longitud_onda
3041,L2166,longitud_onda
3044,L2166,longitud_onda
3045,L2166,longitud_onda
3046,L2166,longitud_onda
3047,L2166,longitud_onda
3048,L2166,longitud_onda
3049,L2166,longitud_onda
3050,L7000,longitud_onda
3051,L3731,longitud_onda
3052,L2166,longitud_onda
3053,L2166,longitud_onda
3054,L7000,longitud_onda
3055,L12158,longitud_onda
3056,L12158,longitud_onda
3057,L12158,longitud_onda
3058,L7000,longitud_onda
3061,L2166,longitud_onda
3062,L2166,longitud_onda
3063,L11529c153,longitud_onda
3064,L2166,longitud_onda
3065,L2166,longitud_onda
3066,L2166,longitud_onda
3067,L2166,longitud_onda
3068,L2166,longitud_onda
3069,L2166,longitud_onda
3074,L2166,longitud_onda
3075,L2166,longitud_onda
3076,L2166,longitud_onda
3077,L2166,longitud_onda
3078,L2166,longitud_onda
3083,L7000,longitud_onda
3084,L22c181,longitud_onda
3085,L2166,longitud_onda
3086,L2166,longitud_onda
3087,L7000,longitud_onda
3088,L7000,longitud_onda
3089,L11529,longitud_onda
3091,L2166,longitud_onda
3093,L2166,longitud_onda
3094,L2166,longitud_onda
3097,L11529,longitud_onda
3098,L11529,longitud_onda
3099,L21345,longitud_onda
3100,L3160,longitud_onda
3100,L1992,longitud_onda
3101,L11529,longitud_onda
3102,L12120,longitud_onda
3103,L1406,longitud_onda
3104,L2166,longitud_onda
3105,L2166,longitud_onda
3106,L10549,longitud_onda
3107,L10549,longitud_onda
3108,L20057c182,longitud_onda
3109,L20057c182,longitud_onda
3110,L20057c182,longitud_onda
3111,L20057c182,longitud_onda
3112,L3731,longitud_onda
3113,L20057c182,longitud_onda
3114,L11529c153,longitud_onda
3115,L11267,longitud_onda
3116,L10549,longitud_onda
3119,L10549,longitud_onda
3120,L11529c153,longitud_onda
3121,L11267,longitud_onda
3123,L10549,longitud_onda
3124,L10549,longitud_onda
3125,L11529c153,longitud_onda
3126,L2166,longitud_onda
3127,L2166,longitud_onda
3128,L2166,longitud_onda
3129,L1406,longitud_onda
3130,L11529c153,longitud_onda
3131,L1406,longitud_onda
3132,L11529c153,longitud_onda
3133,L2166,longitud_onda
3134,L2166,longitud_onda
3135,L3744,longitud_onda
3136,L11529c153,longitud_onda
3137,L11529c153,longitud_onda
3140,L10549,longitud_onda
3141,L11529c153,longitud_onda
3142,L11529c153,longitud_onda
3146,L11267,longitud_onda
3149,L3744,longitud_onda
3150,L3744,longitud_onda
3151,L3744,longitud_onda
3152,L3744,longitud_onda
3153,L3744,longitud_onda
3154,L3744,longitud_onda
3155,L3744,longitud_onda
3163,L10549,longitud_onda
3165,L10549,longitud_onda
3166,L10549,longitud_onda
3168,L1406,longitud_onda
3171,L1406,longitud_onda
3173,L1406,longitud_onda
3174,L2166,longitud_onda
3175,L2166,longitud_onda
3176,L2166,longitud_onda
3177,L2166,longitud_onda
3178,L7000,longitud_onda
3179,L2166,longitud_onda
3182,L22c181,longitud_onda
3183,L1406,longitud_onda
3184,L1406,longitud_onda
3185,L7000,longitud_onda
3186,L3744,longitud_onda
3187,L3744,longitud_onda
3188,L3744,longitud_onda
3189,L3744,longitud_onda
3190,L3744,longitud_onda
3191,L11529c153,longitud_onda
3192,L3731,longitud_onda
3193,L1406,longitud_onda
3194,L11529c153,longitud_onda
3195,L7000,longitud_onda
3196,L7000,longitud_onda
3197,L3731,longitud_onda
3198,L10549,longitud_onda
3199,L11267,longitud_onda
3200,L11267,longitud_onda
3205,L12120,longitud_onda
3206,L12120,longitud_onda
3207,L12120,longitud_onda
3208,L12120,longitud_onda
3209,L12120,longitud_onda
3210,L12120,longitud_onda
3219,L10549,longitud_onda
3230,L11267,longitud_onda
3231,L10549,longitud_onda
3232,L11267,longitud_onda
3233,L10549,longitud_onda
3234,L10549,longitud_onda
3235,L10549,longitud_onda
3236,L10549,longitud_onda
3237,L11267,longitud_onda
3239,L11529c153,longitud_onda
3240,L10549,longitud_onda
3242,L11529c153,longitud_onda
3245,L10549,longitud_onda
3246,L10549,longitud_onda
3247,L11267,longitud_onda
3248,L10549,longitud_onda
3249,L3501,longitud_onda
3250,L3501,longitud_onda
3251,L3501,longitud_onda
3252,L10549,longitud_onda
3253,L11267,longitud_onda
3254,L10549,longitud_onda
3255,L20057c182,longitud_onda
3256,L20057c182,longitud_onda
3257,L20057c182,longitud_onda
3258,L20057c182,longitud_onda
3259,L11267,longitud_onda
3260,L20057c182,longitud_onda
3261,L20057c182,longitud_onda
3262,L4743,longitud_onda
3263,L11267,longitud_onda
3264,L2166,longitud_onda
3265,L2166,longitud_onda
3266,L10549,longitud_onda
3267,L11267,longitud_onda
3268,L11267,longitud_onda
3269,L2166,longitud_onda
3270,L2166,longitud_onda
3271,L2166,longitud_onda
3272,L10549,longitud_onda
3273,L10549,longitud_onda
3274,L1406,longitud_onda
3276,L10549,longitud_onda
3277,L10549,longitud_onda
3278,L1406,longitud_onda
3279,L1406,longitud_onda
3282,L10549,longitud_onda
3284,L11267,longitud_onda
3285,L11267,longitud_onda
3286,L10549,longitud_onda
3287,L10549,longitud_onda
3288,L11267,longitud_onda
3289,L10549,longitud_onda
3291,L11529c153,longitud_onda
3292,L1406,longitud_onda
3293,L3501,longitud_onda
3294,L1406,longitud_onda
3296,L11529c153,longitud_onda
3297,L10549,longitud_onda
3298,L10549,longitud_onda
3299,L1406,longitud_onda
3304,L10549,longitud_onda
3305,L10549,longitud_onda
3306,L1406,longitud_onda
3307,L1406,longitud_onda
3308,L1406,longitud_onda
3309,L1406,longitud_onda
3310,L12120,longitud_onda
3311,L11529c153,longitud_onda
3312,L10549,longitud_onda
3315,L369,longitud_onda
3317,L10549,longitud_onda
3320,L10549,longitud_onda
3321,L10549,longitud_onda
3322,L10549,longitud_onda
3323,L11529c153,longitud_onda
3324,L10549,longitud_onda
3325,L11267,longitud_onda
3326,L10549,longitud_onda
3327,L10549,longitud_onda
3328,L10549,longitud_onda
3329,L10549,longitud_onda
3331,L3492,longitud_onda
3334,L3492,longitud_onda
3336,L3492,longitud_onda
3338,L3492,longitud_onda
3340,L1406,longitud_onda
3344,L1406,longitud_onda
3347,L1406,longitud_onda
3348,L1406,longitud_onda
3351,L3513,longitud_onda
3352,L1406,longitud_onda
3355,L1406,longitud_onda
3356,L1406,longitud_onda
3357,L369,longitud_onda
3360,L3513,longitud_onda
3363,L369,longitud_onda
3364,L10549,longitud_onda
3365,L10549,longitud_onda
3366,L369,longitud_onda
3367,L1406,longitud_onda
3368,L10549,longitud_onda
3369,L11267,longitud_onda
3370,L1406,longitud_onda
3371,L22c181,longitud_onda
3372,L11267,longitud_onda
3373,L10549,longitud_onda
3374,L3501,longitud_onda
3375,L1406,longitud_onda
3377,L1406,longitud_onda
3378,L1406,longitud_onda
3379,L1406,longitud_onda
3382,L22145,longitud_onda
3382,L551,longitud_onda
3384,L22145,longitud_onda
3384,L551,longitud_onda
3386,L1406,longitud_onda
3387,L3731,longitud_onda
3388,L1406,longitud_onda
3390,L3731,longitud_onda
3391,L1406,longitud_onda
3393,L1406,longitud_onda
3394,L1406,longitud_onda
3398,L12158,longitud_onda
3399,L12158,longitud_onda
3400,L1406,longitud_onda
3401,L1406,longitud_onda
3403,L10549,longitud_onda
3404,L1406,longitud_onda
3405,L12120,longitud_onda
3406,L10549,longitud_onda
3408,L1406,longitud_onda
3409,L11267,longitud_onda
3410,L1406,longitud_onda
3411,L1406,longitud_onda
3415,L1406,longitud_onda
3416,L10549,longitud_onda
3417,L10549,longitud_onda
3418,L1406,longitud_onda
3419,L1406,longitud_onda
3420,L1406,longitud_onda
3421,L10549,longitud_onda
3422,L11267,longitud_onda
3426,L1406,longitud_onda
3427,L10549,longitud_onda
3428,L11529c153,longitud_onda
3429,u29,longitud_onda
3430,u29,longitud_onda
3431,L10549,longitud_onda
3432,L11267,longitud_onda
3433,L10549,longitud_onda
3434,L1406,longitud_onda
3435,L1406,longitud_onda
3436,u29,longitud_onda
3437,u29,longitud_onda
3438,u29,longitud_onda
3439,L1406,longitud_onda
3440,L1406,longitud_onda
3446,L10549,longitud_onda
3447,L10549,longitud_onda
3448,L10549,longitud_onda
3449,L10549,longitud_onda
3451,L1406,longitud_onda
3453,L10549,longitud_onda
3454,L9088,longitud_onda
3455,L10549,longitud_onda
3460,L1406,longitud_onda
3461,L12120,longitud_onda
3463,L1406,longitud_onda
3466,L9088,longitud_onda
3467,L1406,longitud_onda
3469,L12120,longitud_onda
3470,L9088,longitud_onda
3471,L1406,longitud_onda
3476,L9088,longitud_onda
3477,L1406,longitud_onda
3478,L9088,longitud_onda
3479,L9088,longitud_onda
3480,L1406,longitud_onda
3484,L1406,longitud_onda
3486,L1406,longitud_onda
3487,L9088,longitud_onda
3489,L1406,longitud_onda
3491,L1406,longitud_onda
3493,L1406,longitud_onda
3498,L1406,longitud_onda
3499,L1406,longitud_onda
3500,L1406,longitud_onda
3501,L1406,longitud_onda
3502,L1406,longitud_onda
3503,L1406,longitud_onda
3504,L1406,longitud_onda
3505,L1406,longitud_onda
3507,L1406,longitud_onda
3509,L1406,longitud_onda
3510,L1406,longitud_onda
3511,L10549,longitud_onda
3512,L11267,longitud_onda
3513,L10549,longitud_onda
3514,L1406,longitud_onda
3515,L1406,longitud_onda
3516,L9088,longitud_onda
3517,L10549,longitud_onda
3518,L10549,longitud_onda
3519,L10549,longitud_onda
3521,L9088,longitud_onda
3522,L10549,longitud_onda
3523,L1406,longitud_onda
3527,L12120,longitud_onda
3529,L1406,longitud_onda
3530,L1406,longitud_onda
3531,L11267,longitud_onda
3532,L1406,longitud_onda
3533,L10549,longitud_onda
3534,L9088,longitud_onda
3535,L1406,longitud_onda
3536,L1406,longitud_onda
3537,L11267,longitud_onda
3538,L1406,longitud_onda
3539,L1406,longitud_onda
3540,L1406,longitud_onda
3541,L1406,longitud_onda
3542,L9088,longitud_onda
3543,L1406,longitud_onda
3546,L9088,longitud_onda
3547,L7412,longitud_onda
3548,L7412,longitud_onda
3549,L7412,longitud_onda
3550,L7412,longitud_onda
3551,L7412,longitud_onda
3552,L7412,longitud_onda
3553,L9088,longitud_onda
3555,L5311c4,longitud_onda
3556,L5311c4,longitud_onda
3557,L5311c4,longitud_onda
3561,L7412,longitud_onda
3562,L7412,longitud_onda
3563,L7412,longitud_onda
3564,L7412,longitud_onda
3565,L7412,longitud_onda
3566,L7412,longitud_onda
3567,L1406,longitud_onda
3570,L9088,longitud_onda
3571,L7412,longitud_onda
3572,L7412,longitud_onda
3573,L7412,longitud_onda
3574,L7412,longitud_onda
3575,L7412,longitud_onda
3576,L7412,longitud_onda
3577,L9088,longitud_onda
3581,L1406,longitud_onda
3584,L9088,longitud_onda
3590,L12120,longitud_onda
3594,L12120,longitud_onda
3596,L1406,longitud_onda
3597,L12120,longitud_onda
3600,L1406,longitud_onda
3601,L1406,longitud_onda
3602,L1406,longitud_onda
3603,L7412,longitud_onda
3604,L7412,longitud_onda
3605,L7412,longitud_onda
3606,L7412,longitud_onda
3607,L7412,longitud_onda
3608,L7412,longitud_onda
3609,L9088,longitud_onda
3610,L1406,longitud_onda
3611,L1406,longitud_onda
3612,L20057c182,longitud_onda
3613,L1406,longitud_onda
3614,L9088,longitud_onda
3615,L1406,longitud_onda
3616,L1406,longitud_onda
3617,L12120,longitud_onda
3618,L12120,longitud_onda
3619,L12120,longitud_onda
3621,L12120,longitud_onda
3622,L12120,longitud_onda
3623,L9088,longitud_onda
3624,L1406,longitud_onda
3625,L7412,longitud_onda
3626,L7412,longitud_onda
3627,L7412,longitud_onda
3628,L7412,longitud_onda
3629,L7412,longitud_onda
3630,L7412,longitud_onda
3631,L1406,longitud_onda
3632,L9088,longitud_onda
3634,L1406,longitud_onda
3635,L1406,longitud_onda
3636,L1406,longitud_onda
3637,L1406,longitud_onda
3639,L11267,longitud_onda
3640,L1406,longitud_onda
3641,L7412,longitud_onda
3642,L7412,longitud_onda
3643,L7412,longitud_onda
3644,L10549,longitud_onda
3645,L10549,longitud_onda
3646,L1406,longitud_onda
3647,L10549,longitud_onda
3648,L1406,longitud_onda
3649,L1406,longitud_onda
3650,L11267,longitud_onda
3651,L10549,longitud_onda
3652,L10549,longitud_onda
3653,L10549,longitud_onda
3654,L7412,longitud_onda
3655,L7412,longitud_onda
3656,L7412,longitud_onda
3657,L7412,longitud_onda
3658,L7412,longitud_onda
3659,L7412,longitud_onda
3660,L1406,longitud_onda
3661,L1406,longitud_onda
3662,L1406,longitud_onda
3663,L7412,longitud_onda
3664,L7412,longitud_onda
3665,L7412,longitud_onda
3666,L1176,longitud_onda
3667,L1176,longitud_onda
3668,L1176,longitud_onda
3669,L1176,longitud_onda
3670,L9088,longitud_onda
3673,L3456,longitud_onda
3674,L1406,longitud_onda
3676,L1406,longitud_onda
3680,L12120,longitud_onda
3681,L12120,longitud_onda
3682,L12120,longitud_onda
3683,L7412,longitud_onda
3684,L7412,longitud_onda
3685,L7412,longitud_onda
3686,L7412,longitud_onda
3687,L7412,longitud_onda
3688,L7412,longitud_onda
3689,L1406,longitud_onda
3691,L9088,longitud_onda
3692,L1406,longitud_onda
3693,L1406,longitud_onda
3694,L12120,longitud_onda
3696,L12120,longitud_onda
3699,L12120,longitud_onda
3701,L1406,longitud_onda
3702,L1614,longitud_onda
3703,L1406,longitud_onda
3704,L1406,longitud_onda
3705,L10549,longitud_onda
3706,L1176,longitud_onda
3707,L12120,longitud_onda
3708,L12120,longitud_onda
3709,L12120,longitud_onda
3710,L1176,longitud_onda
3711,L1406,longitud_onda
3712,L10549,longitud_onda
3713,L10549,longitud_onda
3714,L10549,longitud_onda
3715,L11267,longitud_onda
3718,L10549,longitud_onda
3719,L10549,longitud_onda
3724,L9088,longitud_onda
3725,L10549,longitud_onda
3732,L10549,longitud_onda
3733,L10549,longitud_onda
3738,L1406,longitud_onda
3739,L7412,longitud_onda
3740,L7412,longitud_onda
3741,L7412,longitud_onda
3746,L1614,longitud_onda
3749,L12120,longitud_onda
3754,L12120,longitud_onda
3755,L12120,longitud_onda
3756,L12120,longitud_onda
3757,L1406,longitud_onda
3759,L12120,longitud_onda
3764,L1176,longitud_onda
3765,L1176,longitud_onda
3766,L1176,longitud_onda
3767,L1176,longitud_onda
3772,L1406,longitud_onda
3774,L4743,longitud_onda
3775,L4743,longitud_onda
3776,L4743,longitud_onda
3777,L4743,longitud_onda
3778,L4743,longitud_onda
3779,L4743,longitud_onda
3781,L1461,longitud_onda
3782,L1461,longitud_onda
3783,L1461,longitud_onda
3784,L1461,longitud_onda
3785,L776,longitud_onda
3786,L1461,longitud_onda
3787,L1461,longitud_onda
3788,L1614,longitud_onda
3789,L1406,longitud_onda
3790,L10549,longitud_onda
3791,L10549,longitud_onda
3792,L10549,longitud_onda
3793,L11267,longitud_onda
3794,L11267,longitud_onda
3795,L10549,longitud_onda
3796,L10549,longitud_onda
3797,L1406,longitud_onda
3801,L9088,longitud_onda
3803,L11406,longitud_onda
3804,L12120,longitud_onda
3805,L12120,longitud_onda
3806,L12120,longitud_onda
3807,L11406,longitud_onda
3808,L11406,longitud_onda
3809,L11529c153,longitud_onda
3810,L1176,longitud_onda
3811,L1176,longitud_onda
3813,L1176,longitud_onda
3814,L1176,longitud_onda
3815,L1176,longitud_onda
3817,L10549,longitud_onda
3818,L11267,longitud_onda
3819,L1176,longitud_onda
3822,L3513,longitud_onda
3823,L9088,longitud_onda
3824,L3513,longitud_onda
3825,L9088,longitud_onda
3826,L3513,longitud_onda
3827,L10549,longitud_onda
3828,L10549,longitud_onda
3829,L10549,longitud_onda
3830,L10549,longitud_onda
3831,L11529,longitud_onda
3832,L11267,longitud_onda
3833,L10549,longitud_onda
3834,L10549,longitud_onda
3835,L10549,longitud_onda
3836,L11267,longitud_onda
3837,L11267,longitud_onda
3838,L11267,longitud_onda
3842,L1176,longitud_onda
3849,L11529,longitud_onda
3850,L11529c153,longitud_onda
3851,L10549,longitud_onda
3852,L12120,longitud_onda
3853,L12120,longitud_onda
3854,L12120,longitud_onda
3855,L12120,longitud_onda
3857,L12120,longitud_onda
3858,L12120,longitud_onda
3861,L4743,longitud_onda
3862,L4743,longitud_onda
3863,L4743,longitud_onda
3864,L3513,longitud_onda
3865,L1614,longitud_onda
3866,L10549,longitud_onda
3867,L10549,longitud_onda
3872,L1176,longitud_onda
3873,L1176,longitud_onda
3876,L3513,longitud_onda
3877,L2771,longitud_onda
3878,L10621,longitud_onda
3879,L10621,longitud_onda
3880,L11267,longitud_onda
3881,L1176,longitud_onda
3882,L1176,longitud_onda
3883,L1176,longitud_onda
3885,L12120,longitud_onda
3886,L12120,longitud_onda
3887,L12120,longitud_onda
3888,L12158,longitud_onda
3889,L12158,longitud_onda
3890,L1614,longitud_onda
3891,L1406,longitud_onda
3893,L1406,longitud_onda
3894,L1406,longitud_onda
3900,L1560,longitud_onda
3901,L1560,longitud_onda
3902,L1560,longitud_onda
3904,L1176,longitud_onda
3905,L1176,longitud_onda
3906,L4743,longitud_onda
3907,L4743,longitud_onda
3908,L4743,longitud_onda
3909,L4743,longitud_onda
3910,L4743,longitud_onda
3911,L4743,longitud_onda
3915,L1406,longitud_onda
3916,L10621,longitud_onda
3917,L1614,longitud_onda
3919,L1176,longitud_onda
3920,L11529,longitud_onda
3921,L1176,longitud_onda
3922,L1176,longitud_onda
3923,L1176,longitud_onda
3924,L1406,longitud_onda
3925,L10621,longitud_onda
3926,L2771,longitud_onda
3927,L10621,longitud_onda
3933,L3513,longitud_onda
3934,L1406,longitud_onda
3938,L1614,longitud_onda
3939,L10621,longitud_onda
3945,L11529,longitud_onda
3946,L11267,longitud_onda
3947,L10621,longitud_onda
3949,L12120,longitud_onda
3950,L1614,longitud_onda
3953,L12158,longitud_onda
3954,L12158,longitud_onda
3955,L12158,longitud_onda
3959,L1406,longitud_onda
3961,L1406,longitud_onda
3962,L1406,longitud_onda
3964,L1406,longitud_onda
3966,L1406,longitud_onda
3967,L1406,longitud_onda
3968,L1406,longitud_onda
3969,L1614,longitud_onda
3974,L1176,longitud_onda
3975,L1176,longitud_onda
3976,L1176,longitud_onda
3977,L1406,longitud_onda
3979,L3501,longitud_onda
3980,L3501,longitud_onda
3981,L3501,longitud_onda
3982,L3501,longitud_onda
3983,L3501,longitud_onda
3984,L3501,longitud_onda
3985,L10621,longitud_onda
3986,L1406,longitud_onda
3987,L10621,longitud_onda
3988,L1406,longitud_onda
3989,L1176,longitud_onda
3990,L1176,longitud_onda
3991,L1176,longitud_onda
3992,L1176,longitud_onda
3993,L1406,longitud_onda
3994,L1176,longitud_onda
3995,L1406,longitud_onda
3996,L1406,longitud_onda
3998,L10621,longitud_onda
3999,L10621,longitud_onda
4000,L12120,longitud_onda
4001,L12120,longitud_onda
4002,L12120,longitud_onda
4003,L12120,longitud_onda
4005,L1176,longitud_onda
4007,L1176,longitud_onda
4008,L1176,longitud_onda
4009,L1176,longitud_onda
4010,L1176,longitud_onda
4011,L1176,longitud_onda
4012,L1406,longitud_onda
4013,L10228,longitud_onda
4014,L10228,longitud_onda
4015,L10228,longitud_onda
4016,L10621,longitud_onda
4018,L10621,longitud_onda
4022,L3513,longitud_onda
4023,L3501,longitud_onda
4024,L3501,longitud_onda
4025,L3501,longitud_onda
4026,L3501,longitud_onda
4027,L3501,longitud_onda
4028,L3501,longitud_onda
4029,L3513,longitud_onda
4037,L10621,longitud_onda
4040,L10621,longitud_onda
4042,L11267,longitud_onda
4045,L12158,longitud_onda
4046,L12158,longitud_onda
4047,L12158,longitud_onda
4049,L1406,longitud_onda
4050,L1406,longitud_onda
4051,L10621,longitud_onda
4053,L1406,longitud_onda
4054,L3501,longitud_onda
4055,L3501,longitud_onda
4056,L3501,longitud_onda
4057,L3501,longitud_onda
4058,L3501,longitud_onda
4059,L3501,longitud_onda
4060,L10621,longitud_onda
4064,L3501,longitud_onda
4065,L3501,longitud_onda
4066,L3501,longitud_onda
4067,L7397,longitud_onda
4068,L7397,longitud_onda
4069,L1406,longitud_onda
4070,L7397,longitud_onda
4071,L7397,longitud_onda
4072,L1406,longitud_onda
4073,L7397,longitud_onda
4074,L7397,longitud_onda
4075,L7397,longitud_onda
4076,L7397,longitud_onda
4077,L1406,longitud_onda
4078,L5846,longitud_onda
4079,L5846,longitud_onda
4080,L5846,longitud_onda
4081,L7397,longitud_onda
4082,L7397,longitud_onda
4083,L1406,longitud_onda
4084,L7397,longitud_onda
4085,L7397,longitud_onda
4086,L7397,longitud_onda
4087,L7397,longitud_onda
4088,L11267,longitud_onda
4089,L11267,longitud_onda
4090,L10621,longitud_onda
4091,L10621,longitud_onda
4092,L7397,longitud_onda
4093,L7397,longitud_onda
4094,L7397,longitud_onda
4095,L7397,longitud_onda
4096,L1406,longitud_onda
4097,L1406,longitud_onda
4098,L7397,longitud_onda
4099,L7397,longitud_onda
4100,L1406,longitud_onda
4101,L1406,longitud_onda
4102,L7397,longitud_onda
4103,L7397,longitud_onda
4104,L10621,longitud_onda
4105,L10621,longitud_onda
4106,L7397,longitud_onda
4107,L7397,longitud_onda
4108,L1406,longitud_onda
4109,L7397,longitud_onda
4110,L7397,longitud_onda
4111,L1406,longitud_onda
4112,L1406,longitud_onda
4113,L10621,longitud_onda
4114,L3513,longitud_onda
4115,L3513,longitud_onda
4116,L10621,longitud_onda
4117,L10621,longitud_onda
4118,L7397,longitud_onda
4119,L7397,longitud_onda
4120,L3513,longitud_onda
4121,L1406,longitud_onda
4122,L1406,longitud_onda
4123,L7397,longitud_onda
4124,L7397,longitud_onda
4125,L10621,longitud_onda
4128,L7397,longitud_onda
4129,L7397,longitud_onda
4130,L10621,longitud_onda
4131,L1406,longitud_onda
4132,L12120,longitud_onda
4133,L22145,longitud_onda
4133,L4509,longitud_onda
4133,L11613,longitud_onda
4133,L17711,longitud_onda
4134,L1406,longitud_onda
4135,L12158,longitud_onda
4136,L12158,longitud_onda
4137,L12158,longitud_onda
4138,L12158,longitud_onda
4139,L12158,longitud_onda
4140,L12158,longitud_onda
4141,L12158,longitud_onda
4142,L12158,longitud_onda
4143,L12158,longitud_onda
4144,L12158,longitud_onda
4145,L12158,longitud_onda
4146,L12158,longitud_onda
4147,L12158,longitud_onda
4148,L12158,longitud_onda
4149,L12158,longitud_onda
4150,L22145,longitud_onda
4150,L4509,longitud_onda
4150,L11613,longitud_onda
4150,L17711,longitud_onda
4150,L1122,longitud_onda
4152,L10621,longitud_onda
4153,L7397,longitud_onda
4154,L7397,longitud_onda
4156,L22145,longitud_onda
4156,L4509,longitud_onda
4156,L11613,longitud_onda
4156,L17711,longitud_onda
4156,L1122,longitud_onda
4157,L10621,longitud_onda
4159,L22145,longitud_onda
4159,L4509,longitud_onda
4159,L11613,longitud_onda
4159,L17711,longitud_onda
4160,L10621,longitud_onda
4161,L22145,longitud_onda
4161,L4509,longitud_onda
4161,L11613,longitud_onda
4161,L17711,longitud_onda
4161,L1122,longitud_onda
4162,L12120,longitud_onda
4163,L7397,longitud_onda
4164,L7397,longitud_onda
4165,L1406,longitud_onda
4166,L3501,longitud_onda
4167,L3501,longitud_onda
4168,L3501,longitud_onda
4169,L2771,longitud_onda
4170,L2771,longitud_onda
4171,L2771,longitud_onda
4172,L7397,longitud_onda
4173,L7397,longitud_onda
4174,L2771,longitud_onda
4175,L3501,longitud_onda
4176,L3501,longitud_onda
4177,L3501,longitud_onda
4178,L10621,longitud_onda
4179,L1406,longitud_onda
4180,L1406,longitud_onda
4181,L7397,longitud_onda
4182,L7397,longitud_onda
4183,L7397,longitud_onda
4184,L7397,longitud_onda
4185,L20591,longitud_onda
4185,L4743,longitud_onda
4186,L4743,longitud_onda
4187,L4743,longitud_onda
4188,L4743,longitud_onda
4191,L11529,longitud_onda
4193,L7397,longitud_onda
4194,L7397,longitud_onda
4195,L11529,longitud_onda
4196,L1406,longitud_onda
4197,L11267,longitud_onda
4198,L10621,longitud_onda
4199,L9088,longitud_onda
4201,L1406,longitud_onda
4202,L7397,longitud_onda
4203,L7397,longitud_onda
4204,L1406,longitud_onda
4205,L1406,longitud_onda
4206,L1176,longitud_onda
4207,L1176,longitud_onda
4208,L1176,longitud_onda
4209,L1406,longitud_onda
4210,L10621,longitud_onda
4211,L1406,longitud_onda
4212,L3501,longitud_onda
4213,L3501,longitud_onda
4214,L3501,longitud_onda
4215,L3501,longitud_onda
4216,L3501,longitud_onda
4217,L3501,longitud_onda
4218,L12158,longitud_onda
4219,L12158,longitud_onda
4220,L12158,longitud_onda
4221,L3501,longitud_onda
4223,L1406,longitud_onda
4224,L1406,longitud_onda
4225,L12158,longitud_onda
4226,L12158,longitud_onda
4228,L6232,longitud_onda
4229,L6232,longitud_onda
4233,L12120,longitud_onda
4236,L11529c153,longitud_onda
4237,L7397,longitud_onda
4238,L7397,longitud_onda
4239,L12120,longitud_onda
4240,L11529c153,longitud_onda
4241,L10621,longitud_onda
4242,L10621,longitud_onda
4245,L1176,longitud_onda
4246,L3501,longitud_onda
4247,L3501,longitud_onda
4248,L3501,longitud_onda
4249,L3501,longitud_onda
4250,L3501,longitud_onda
4251,L3501,longitud_onda
4252,L10621,longitud_onda
4253,L1176,longitud_onda
4254,L1406,longitud_onda
4255,L10621,longitud_onda
4256,L11267,longitud_onda
4257,L1406,longitud_onda
4258,L11529,longitud_onda
4259,L11267,longitud_onda
4260,L10621,longitud_onda
4261,L3501,longitud_onda
4262,L10621,longitud_onda
4263,L10621,longitud_onda
4264,L12158,longitud_onda
4265,L12158,longitud_onda
4266,L12158,longitud_onda
4267,L10621,longitud_onda
4268,L1406,longitud_onda
4269,L1406,longitud_onda
4270,L9088,longitud_onda
4273,L1406,longitud_onda
4278,L10621,longitud_onda
4279,L11267,longitud_onda
4280,L1406,longitud_onda
4281,L1406,longitud_onda
4282,L9088,longitud_onda
4283,L1406,longitud_onda
4284,L1406,longitud_onda
4285,L12120,longitud_onda
4286,L7397,longitud_onda
4287,L7397,longitud_onda
4288,L10621,longitud_onda
4289,L11267,longitud_onda
4291,L1176,longitud_onda
4292,L1176,longitud_onda
4293,L1406,longitud_onda
4294,L1406,longitud_onda
4295,L1406,longitud_onda
4296,L1406,longitud_onda
4297,L3501,longitud_onda
4298,L3501,longitud_onda
4299,L3501,longitud_onda
4300,L1406,longitud_onda
4301,L1406,longitud_onda
4302,L1176,longitud_onda
4303,L1406,longitud_onda
4304,L10621,longitud_onda
4308,L1406,longitud_onda
4309,L1176,longitud_onda
4310,L1176,longitud_onda
4311,L1406,longitud_onda
4312,L1176,longitud_onda
4313,L10621,longitud_onda
4316,L1176,longitud_onda
4319,L1406,longitud_onda
4320,L1406,longitud_onda
4322,L1176,longitud_onda
4323,L1176,longitud_onda
4324,L1176,longitud_onda
4326,L10621,longitud_onda
4327,L1406,longitud_onda
4328,L11267,longitud_onda
4329,L10621,longitud_onda
4330,L1406,longitud_onda
4331,L1406,longitud_onda
4332,L10621,longitud_onda
4333,L1406,longitud_onda
4334,L1406,longitud_onda
4335,L1406,longitud_onda
4336,L10621,longitud_onda
4340,L1406,longitud_onda
4346,L10621,longitud_onda
4347,L1406,longitud_onda
4350,L1406,longitud_onda
4351,L10621,longitud_onda
4352,L12158,longitud_onda
4353,L12158,longitud_onda
4356,L1406,longitud_onda
4357,L1406,longitud_onda
4358,L1406,longitud_onda
4359,L1406,longitud_onda
4360,L11529c153,longitud_onda
4361,L12120,longitud_onda
4362,L12120,longitud_onda
4364,L12120,longitud_onda
4367,L1560,longitud_onda
4368,L1406,longitud_onda
4369,L3513,longitud_onda
4370,L1406,longitud_onda
4371,L1406,longitud_onda
4373,L11267,longitud_onda
4374,L11267,longitud_onda
4376,L7397,longitud_onda
4377,L7397,longitud_onda
4378,L1406,longitud_onda
4379,L1406,longitud_onda
4380,L20057c182,longitud_onda
4381,L1406,longitud_onda
4382,L2771,longitud_onda
4383,L2771,longitud_onda
4384,L2771,longitud_onda
4389,L1176,longitud_onda
4390,L1176,longitud_onda
4391,L1176,longitud_onda
4394,L1176,longitud_onda
4400,L4743,longitud_onda
4401,L5964,longitud_onda
4402,L5964,longitud_onda
4403,L5964,longitud_onda
4404,L5964,longitud_onda
4405,L5964,longitud_onda
4406,L11406,longitud_onda
4407,L3513,longitud_onda
4408,L3513,longitud_onda
4409,L11406,longitud_onda
4411,L3501,longitud_onda
4412,L3501,longitud_onda
4413,L3501,longitud_onda
4414,L3501,longitud_onda
4415,L3501,longitud_onda
4416,L3501,longitud_onda
4418,L12158,longitud_onda
4419,L12158,longitud_onda
4420,L12158,longitud_onda
4421,L3501,longitud_onda
4422,L3501,longitud_onda
4424,L1176,longitud_onda
4425,L1176,longitud_onda
4426,L1176,longitud_onda
4427,L1406,longitud_onda
4429,L10621,longitud_onda
4430,L1614,longitud_onda
4431,L1406,longitud_onda
4432,L1406,longitud_onda
4433,L1406,longitud_onda
4434,L12120,longitud_onda
4435,L12120,longitud_onda
4436,L12120,longitud_onda
4440,L1406,longitud_onda
4441,L1406,longitud_onda
4442,L3513,longitud_onda
4443,L3513,longitud_onda
4444,L3513,longitud_onda
4446,L11267,longitud_onda
4447,L10621,longitud_onda
4448,L1406,longitud_onda
4450,L1406,longitud_onda
4452,L10621,longitud_onda
4453,L11267,longitud_onda
4454,L11267,longitud_onda
4455,L1406,longitud_onda
4456,L10621,longitud_onda
4457,L1406,longitud_onda
4458,L1406,longitud_onda
4459,L1406,longitud_onda
4460,L1176,longitud_onda
4461,L3501,longitud_onda
4462,L1176,longitud_onda
4463,L1176,longitud_onda
4466,L1176,longitud_onda
4467,L1176,longitud_onda
4473,L1176,longitud_onda
4474,L1176,longitud_onda
4475,L1176,longitud_onda
4476,L1176,longitud_onda
4477,L7397,longitud_onda
4478,L1176,longitud_onda
4479,L1176,longitud_onda
4480,L369,longitud_onda
4481,L1176,longitud_onda
4483,L1614,longitud_onda
4484,L1406,longitud_onda
4485,L3469,longitud_onda
4486,L1406,longitud_onda
4487,L1406,longitud_onda
4488,L9088,longitud_onda
4489,L7397,longitud_onda
4490,L7397,longitud_onda
4491,L12158,longitud_onda
4492,L12158,longitud_onda
4493,L12158,longitud_onda
4494,L1406,longitud_onda
4495,L1406,longitud_onda
4496,L9088,longitud_onda
4497,L9088,longitud_onda
4498,L9088,longitud_onda
4499,L1176,longitud_onda
4499,L22145,longitud_onda
4500,L1406,longitud_onda
4501,L10621,longitud_onda
4502,L1406,longitud_onda
4503,L1176,longitud_onda
4503,L22145,longitud_onda
4504,L1406,longitud_onda
4505,L9088,longitud_onda
4506,L3469,longitud_onda
4507,L3469,longitud_onda
4508,L1176,longitud_onda
4509,L1176,longitud_onda
4510,L1176,longitud_onda
4511,L10621,longitud_onda
4512,L11267,longitud_onda
4513,L1786,longitud_onda
4514,L1406,longitud_onda
4515,L1406,longitud_onda
4516,L1406,longitud_onda
4517,L3529,longitud_onda
4518,L1406,longitud_onda
4519,L1406,longitud_onda
4520,L3469,longitud_onda
4521,L3469,longitud_onda
4522,L3469,longitud_onda
4523,L3513,longitud_onda
4524,L3469,longitud_onda
4525,L1176,longitud_onda
4526,L1176,longitud_onda
4527,L1176,longitud_onda
4528,L3469,longitud_onda
4529,L3469,longitud_onda
4533,L12158,longitud_onda
4534,L12158,longitud_onda
4535,L12158,longitud_onda
4536,L12158,longitud_onda
4537,L12158,longitud_onda
4538,L12158,longitud_onda
4539,L12158,longitud_onda
4540,L12158,longitud_onda
4541,L12158,longitud_onda
4548,L1176,longitud_onda
4550,L1176,longitud_onda
4551,L1176,longitud_onda
4552,L1176,longitud_onda
4553,L1176,longitud_onda
4554,L1176,longitud_onda
4555,L1176,longitud_onda
4556,L1176,longitud_onda
4557,L1176,longitud_onda
4559,L3501,longitud_onda
4560,L3501,longitud_onda
4564,L1176,longitud_onda
4565,L1406,longitud_onda
4566,L9088,longitud_onda
4567,L1406,longitud_onda
4573,L1176,longitud_onda
4574,L1176,longitud_onda
4577,L3469,longitud_onda
4578,L3469,longitud_onda
4581,L2637,longitud_onda
4582,L3469,longitud_onda
4583,L3469,longitud_onda
4584,L12158,longitud_onda
4585,L12158,longitud_onda
4586,L12158,longitud_onda
4587,L3469,longitud_onda
4588,L3469,longitud_onda
4589,L3469,longitud_onda
4590,L1176,longitud_onda
4591,L1406,longitud_onda
4593,L3469,longitud_onda
4594,L1406,longitud_onda
4596,L3469,longitud_onda
4597,L1176,longitud_onda
4598,L1406,longitud_onda
4599,L1406,longitud_onda
4600,L9088,longitud_onda
4601,L1406,longitud_onda
4602,L1406,longitud_onda
4603,L1406,longitud_onda
4604,L1176,longitud_onda
4605,L9088,longitud_onda
4606,L9088,longitud_onda
4608,L1406,longitud_onda
4609,L1406,longitud_onda
4611,L1406,longitud_onda
4612,L1406,longitud_onda
4613,L1406,longitud_onda
4614,L1406,longitud_onda
4615,L1406,longitud_onda
4616,L9088,longitud_onda
4617,L9088,longitud_onda
4618,L9088c153,longitud_onda
4619,L3469,longitud_onda
4620,L1176,longitud_onda
4621,L1176,longitud_onda
4622,L9088,longitud_onda
4623,L1176,longitud_onda
4624,L1176,longitud_onda
4625,L1176,longitud_onda
4626,L9088,longitud_onda
4627,L1176,longitud_onda
4628,L3469,longitud_onda
4629,L3469,longitud_onda
4631,L1176,longitud_onda
4632,L1406,longitud_onda
4633,L1406,longitud_onda
4634,L1406,longitud_onda
4636,L3469,longitud_onda
4637,L1406,longitud_onda
4638,L3469,longitud_onda
4639,L1406,longitud_onda
4640,L3469,longitud_onda
4641,L3469,longitud_onda
4642,L3469,longitud_onda
4643,L3469,longitud_onda
4644,L4743,longitud_onda
4645,L4743,longitud_onda
4646,L7412,longitud_onda
4647,L4743,longitud_onda
4648,L4743,longitud_onda
4649,L4743,longitud_onda
4650,L3469,longitud_onda
4651,L9088,longitud_onda
4652,L1406,longitud_onda
4655,L1406,longitud_onda
4658,L3501,longitud_onda
4659,L3501,longitud_onda
4661,L3469,longitud_onda
4662,L3469,longitud_onda
4663,L1406,longitud_onda
4664,L3469,longitud_onda
4665,L1406,longitud_onda
4666,L1406,longitud_onda
4667,L1406,longitud_onda
4668,L3469,longitud_onda
4669,L12120,longitud_onda
4670,L1176,longitud_onda
4671,L1176,longitud_onda
4672,L1176,longitud_onda
4673,L1406,longitud_onda
4674,L1406,longitud_onda
4675,L1406,longitud_onda
4676,L1406,longitud_onda
4677,L1406,longitud_onda
4679,L3501,longitud_onda
4681,L9088,longitud_onda
4682,L2637,longitud_onda
4683,L1406,longitud_onda
4684,L3469,longitud_onda
4685,L1406,longitud_onda
4687,L1406,longitud_onda
4688,L3469,longitud_onda
4689,L14924,longitud_onda
4690,L14924,longitud_onda
4691,L14924,longitud_onda
4693,L2637,longitud_onda
4694,L3469,longitud_onda
4695,L3469,longitud_onda
4696,L1406,longitud_onda
4697,L1406,longitud_onda
4698,L1406,longitud_onda
4699,L1406,longitud_onda
4700,L2637,longitud_onda
4701,L1406,longitud_onda
4702,L1406,longitud_onda
4703,L1406,longitud_onda
4704,L1406,longitud_onda
4705,L12120,longitud_onda
4706,L1406,longitud_onda
4707,L9088,longitud_onda
4708,L1406,longitud_onda
4709,L1406,longitud_onda
4710,L1406,longitud_onda
4711,L14924,longitud_onda
4712,L14924,longitud_onda
4713,L14924,longitud_onda
4714,L11529c153,longitud_onda
4715,L12158,longitud_onda
4716,L12158,longitud_onda
4717,L3469,longitud_onda
4718,L3469,longitud_onda
4719,L1406,longitud_onda
4720,L2637,longitud_onda
4721,L3469,longitud_onda
4724,L2637,longitud_onda
4725,L1406,longitud_onda
4726,L1406,longitud_onda
4729,L3469,longitud_onda
4731,L3469,longitud_onda
4732,L11529c153,longitud_onda
4733,L1176,longitud_onda
4734,L1176,longitud_onda
4735,L12120,longitud_onda
4736,L12120,longitud_onda
4737,L12120,longitud_onda
4740,L3513,longitud_onda
4743,L1176,longitud_onda
4744,L1406,longitud_onda
4745,L1406,longitud_onda
4746,L1406,longitud_onda
4747,L1176,longitud_onda
4748,L1406,longitud_onda
4749,L1406,longitud_onda
4750,L1406,longitud_onda
4751,L10621,longitud_onda
4752,L11529c153,longitud_onda
4753,L10621,longitud_onda
4754,L9088,longitud_onda
4755,L9088,longitud_onda
4756,L14924,longitud_onda
4757,L14924,longitud_onda
4758,L14924,longitud_onda
4759,L3456,longitud_onda
4760,L1176,longitud_onda
4762,L3501,longitud_onda
4763,L3501,longitud_onda
4765,L3501,longitud_onda
4766,L3501,longitud_onda
4767,L3501,longitud_onda
4768,L3501,longitud_onda
4769,L1176,longitud_onda
4770,L12158,longitud_onda
4771,L12158,longitud_onda
4772,L12158,longitud_onda
4773,L1176,longitud_onda
4774,L3501,longitud_onda
4775,L3501,longitud_onda
4777,L1176,longitud_onda
4778,L3469,longitud_onda
4779,L3469,longitud_onda
4780,L3469,longitud_onda
4781,L10621,longitud_onda
4784,L3469,longitud_onda
4785,L3469,longitud_onda
4786,L3469,longitud_onda
4787,L3456,longitud_onda
4788,L4743,longitud_onda
4789,L1406,longitud_onda
4790,L1406,longitud_onda
4791,L7397,longitud_onda
4792,L7397,longitud_onda
4793,L1406,longitud_onda
4794,L3469,longitud_onda
4802,L1176,longitud_onda
4803,L1176,longitud_onda
4805,L10621,longitud_onda
4807,L3469,longitud_onda
4808,L3469,longitud_onda
4809,L9088,longitud_onda
4810,L3469,longitud_onda
4811,L3469,longitud_onda
4812,L11529c153,longitud_onda
4813,L3469,longitud_onda
4814,L1406,longitud_onda
4815,L366,longitud_onda
4816,L366,longitud_onda
4817,L366,longitud_onda
4818,L12158,longitud_onda
4819,L12158,longitud_onda
4820,L12158,longitud_onda
4821,L12158,longitud_onda
4822,L12158,longitud_onda
4823,L12158,longitud_onda
4824,L12158,longitud_onda
4825,L12158,longitud_onda
4826,L12158,longitud_onda
4827,L1176,longitud_onda
4828,L1176,longitud_onda
4829,L3456,longitud_onda
4830,L3501,longitud_onda
4831,L3469,longitud_onda
4832,L1176,longitud_onda
4833,L3469,longitud_onda
4834,L1406,longitud_onda
4841,L12158,longitud_onda
4842,L12158,longitud_onda
4843,L12158,longitud_onda
4844,L12158,longitud_onda
4845,L12158,longitud_onda
4846,L12158,longitud_onda
4847,L12158,longitud_onda
4848,L11529,longitud_onda
4849,L5951,longitud_onda
4851,L3469,longitud_onda
4852,L3469,longitud_onda
4853,L3469,longitud_onda
4854,L3469,longitud_onda
4855,L10621,longitud_onda
4856,L10621,longitud_onda
4857,L3501,longitud_onda
4858,L5951,longitud_onda
4859,L4498,longitud_onda
4860,L3469,longitud_onda
4861,L5951,longitud_onda
4862,L3456,longitud_onda
4863,L3456,longitud_onda
4864,L3469,longitud_onda
4865,L4498,longitud_onda
4867,L12120,longitud_onda
4868,L10621,longitud_onda
4869,L10621,longitud_onda
4870,L1176,longitud_onda
4871,L1176,longitud_onda
4872,L3513,longitud_onda
4873,L3469,longitud_onda
4877,L1614,longitud_onda
4878,L1176,longitud_onda
4879,L1176,longitud_onda
4880,L1176,longitud_onda
4881,L1176,longitud_onda
4882,L1176,longitud_onda
4883,L1176,longitud_onda
4884,L10621,longitud_onda
4885,L1176,longitud_onda
4892,L10621,longitud_onda
4893,L5951,longitud_onda
4894,L11529,longitud_onda
4895,L1786,longitud_onda
4896,L1176,longitud_onda
4897,L1176,longitud_onda
4898,L1176,longitud_onda
4900,L1176,longitud_onda
4900,L22145,longitud_onda
4901,L1176,longitud_onda
4903,L1176,longitud_onda
4904,L1176,longitud_onda
4904,L22145,longitud_onda
4905,L1176,longitud_onda
4906,L1176,longitud_onda
4907,L1176,longitud_onda
4908,L11267,longitud_onda
4909,L1176,longitud_onda
4910,L3513,longitud_onda
4911,L3469,longitud_onda
4912,L3456,longitud_onda
4913,L2637,longitud_onda
4914,L12158,longitud_onda
4915,L12158,longitud_onda
4916,L12158,longitud_onda
4917,L12158,longitud_onda
4918,L366,longitud_onda
4919,L366,longitud_onda
4920,L366,longitud_onda
4921,L4498,longitud_onda
4922,L4498,longitud_onda
4923,L10621,longitud_onda
4924,L22145,longitud_onda
4924,L21572,longitud_onda
4925,L22145,longitud_onda
4925,L21572,longitud_onda
4926,L3469,longitud_onda
4927,L11529c153,longitud_onda
4928,L3469,longitud_onda
4929,L12158,longitud_onda
4930,L12158,longitud_onda
4931,L12158,longitud_onda
4932,L1614,longitud_onda
4934,L3469,longitud_onda
4935,L9088c153,longitud_onda
4936,L3469,longitud_onda
4937,L1176,longitud_onda
4938,L1176,longitud_onda
4938,L22145,longitud_onda
4939,L5951,longitud_onda
4943,L1176,longitud_onda
4944,L6232,longitud_onda
4945,L6232,longitud_onda
4948,L3469,longitud_onda
4949,L1235,longitud_onda
4949,L3354,longitud_onda
4950,L1235,longitud_onda
4950,L3354,longitud_onda
4951,L1235,longitud_onda
4951,L3354,longitud_onda
4952,L1235,longitud_onda
4952,L3354,longitud_onda
4953,L1235,longitud_onda
4953,L3354,longitud_onda
4954,L1235,longitud_onda
4954,L3354,longitud_onda
4955,L1235,longitud_onda
4955,L3354,longitud_onda
4956,L1235,longitud_onda
4956,L3354,longitud_onda
4957,L5951,longitud_onda
4958,L369,longitud_onda
4959,L5951,longitud_onda
4960,L5951,longitud_onda
4962,L5951,longitud_onda
4963,L5951,longitud_onda
4964,L1406,longitud_onda
4968,L3469,longitud_onda
4969,L3469,longitud_onda
4970,L3469,longitud_onda
4973,L10621,longitud_onda
4974,L10621,longitud_onda
4975,L1176,longitud_onda
4976,L1176,longitud_onda
4977,L1176,longitud_onda
4979,L3513,longitud_onda
4980,L1176,longitud_onda
4981,L1176,longitud_onda
4982,L1176,longitud_onda
4985,L11267,longitud_onda
4990,L10621,longitud_onda
4991,L11267,longitud_onda
4992,L1406,longitud_onda
4994,L10621,longitud_onda
4995,L1406,longitud_onda
4996,L10621,longitud_onda
4997,L10621,longitud_onda
4998,L10621,longitud_onda
4999,L1614,longitud_onda
5000,L12158,longitud_onda
5001,L12158,longitud_onda
5002,L12158,longitud_onda
5003,L12158,longitud_onda
5004,L12158,longitud_onda
5005,L12158,longitud_onda
5006,L12158,longitud_onda
5007,L12158,longitud_onda
5010,L1406,longitud_onda
5011,L1406,longitud_onda
5012,L10621,longitud_onda
5013,L5951,longitud_onda
5014,L4743,longitud_onda
5015,L4743,longitud_onda
5016,L4743,longitud_onda
5017,L4743,longitud_onda
5018,L4743,longitud_onda
5019,L11267,longitud_onda
5020,L10621,longitud_onda
5021,L11267,longitud_onda
5022,L1406,longitud_onda
5023,L7393,longitud_onda
5024,L7393,longitud_onda
5025,L10621,longitud_onda
5027,L7393,longitud_onda
5028,L10621,longitud_onda
5029,L1176,longitud_onda
5030,L1176,longitud_onda
5031,L11267,longitud_onda
5032,L10621,longitud_onda
5033,L1406,longitud_onda
5034,L5951,longitud_onda
5035,L1176,longitud_onda
5037,L10621,longitud_onda
5038,L10621,longitud_onda
5039,L1176,longitud_onda
5040,L1176,longitud_onda
5041,L5951,longitud_onda
5042,L1406,longitud_onda
5043,L1176,longitud_onda
5044,L10621,longitud_onda
5045,L1406,longitud_onda
5046,L4498,longitud_onda
5047,L11267,longitud_onda
5048,L10621,longitud_onda
5049,L1406,longitud_onda
5050,L5951,longitud_onda
5051,L3469,longitud_onda
5052,L5951,longitud_onda
5053,L10621,longitud_onda
5054,L10621,longitud_onda
5055,L11267,longitud_onda
5056,L1406,longitud_onda
5057,L12120,longitud_onda
5058,L12120,longitud_onda
5059,L12120,longitud_onda
5063,L1406,longitud_onda
5064,L11267,longitud_onda
5065,L1406,longitud_onda
5066,L1406,longitud_onda
5067,L1406,longitud_onda
5068,L5951,longitud_onda
5069,L1406,longitud_onda
5070,L11529,longitud_onda
5071,L5951,longitud_onda
5072,L1406,longitud_onda
5073,L5951,longitud_onda
5074,L1406,longitud_onda
5075,L3501,longitud_onda
5076,L3501,longitud_onda
5077,L3501,longitud_onda
5078,L3501,longitud_onda
5080,L1406,longitud_onda
5081,L5951,longitud_onda
5082,L3469,longitud_onda
5083,L14925c72,longitud_onda
5084,L14925c72,longitud_onda
5085,L14925c72,longitud_onda
5086,L1406,longitud_onda
5087,L3469,longitud_onda
5088,L5951,longitud_onda
5089,L11529,longitud_onda
5090,L4498,longitud_onda
5091,L4498,longitud_onda
5092,L1406,longitud_onda
5093,L1406,longitud_onda
5094,L3469,longitud_onda
5096,L1406,longitud_onda
5097,L5951,longitud_onda
5098,L3469,longitud_onda
5099,L3469,longitud_onda
5101,L1406,longitud_onda
5102,L5951,longitud_onda
5104,L10621,longitud_onda
5105,L3529,longitud_onda
5106,L10621,longitud_onda
5107,L1176,longitud_onda
5108,L1176,longitud_onda
5109,L1176,longitud_onda
5110,L5951,longitud_onda
5111,L3529,longitud_onda
5112,L1176,longitud_onda
5113,L1176,longitud_onda
5114,L1614,longitud_onda
5116,L1176,longitud_onda
5117,L1406,longitud_onda
5118,L1176,longitud_onda
5119,L11529,longitud_onda
5120,L5951,longitud_onda
5121,L3760,longitud_onda
5122,L10621,longitud_onda
5123,L1406,longitud_onda
5124,L5951,longitud_onda
5129,L5951,longitud_onda
5130,L5951,longitud_onda
5131,L5951,longitud_onda
5132,L1406,longitud_onda
5133,L10621,longitud_onda
5134,L5951,longitud_onda
5135,L5951,longitud_onda
5136,L5951,longitud_onda
5137,L10621,longitud_onda
5138,L5951,longitud_onda
5139,L5951,longitud_onda
5140,L1406,longitud_onda
5141,L5951,longitud_onda
5142,L5951,longitud_onda
5143,L4743,longitud_onda
5144,L4743,longitud_onda
5145,L7412,longitud_onda
5146,L1406,longitud_onda
5147,L5951,longitud_onda
5148,L10621,longitud_onda
5149,L1406,longitud_onda
5150,L11267,longitud_onda
5151,L1406,longitud_onda
5152,L5951,longitud_onda
5153,L1176,longitud_onda
5154,L1176,longitud_onda
5155,L1176,longitud_onda
5156,L1406,longitud_onda
5157,L3469,longitud_onda
5158,L5951,longitud_onda
5159,L1406,longitud_onda
5160,L10621,longitud_onda
5161,L10621,longitud_onda
5162,L10621,longitud_onda
5163,L11267,longitud_onda
5164,L11267,longitud_onda
5165,L1406,longitud_onda
5166,L1406,longitud_onda
5167,L5951,longitud_onda
5168,L10621,longitud_onda
5169,L10621,longitud_onda
5170,L10621,longitud_onda
5171,L10621,longitud_onda
5172,L11267,longitud_onda
5173,L10621,longitud_onda
5174,L3513,longitud_onda
5175,L1406,longitud_onda
5176,L10621,longitud_onda
5177,L10621,longitud_onda
5178,L11267,longitud_onda
5179,L11267,longitud_onda
5180,L10621,longitud_onda
5181,L10621,longitud_onda
5182,L1406,longitud_onda
5183,L1406,longitud_onda
5184,L10621,longitud_onda
5185,L11267,longitud_onda
5186,L10621,longitud_onda
5187,L11267,longitud_onda
5188,L11267,longitud_onda
5189,L1406,longitud_onda
5190,L10621,longitud_onda
5191,L10621,longitud_onda
5192,L5951,longitud_onda
5193,L11267,longitud_onda
5194,L10621,longitud_onda
5195,L10621,longitud_onda
5196,L5951,longitud_onda
5197,L10621,longitud_onda
5198,L11267,longitud_onda
5199,L1786,longitud_onda
5200,L1406,longitud_onda
5201,L10621,longitud_onda
5202,L10621,longitud_onda
5204,L11267,longitud_onda
5205,L10621,longitud_onda
5206,L5951,longitud_onda
5207,L5951,longitud_onda
5208,L4743,longitud_onda
5209,L4743,longitud_onda
5210,L4743,longitud_onda
5211,L4743,longitud_onda
5212,L4743,longitud_onda
5213,L10621,longitud_onda
5215,L10621,longitud_onda
5216,L10621,longitud_onda
5217,L10621,longitud_onda
5218,L10621,longitud_onda
5219,L3469,longitud_onda
5220,L3469,longitud_onda
5221,L5951,longitud_onda
5222,L10621,longitud_onda
5223,L10621,longitud_onda
5224,L10621,longitud_onda
5225,L3469,longitud_onda
5226,L3469,longitud_onda
5227,L11267,longitud_onda
5228,L5951,longitud_onda
5229,L10621,longitud_onda
5230,L5951,longitud_onda
5232,L3501,longitud_onda
5233,L3501,longitud_onda
5234,L3501,longitud_onda
5237,L1406,longitud_onda
5238,L4498,longitud_onda
5239,L5951,longitud_onda
5240,L1406,longitud_onda
5241,L12158,longitud_onda
5242,L12158,longitud_onda
5243,L12158,longitud_onda
5244,L12158,longitud_onda
5245,L12158,longitud_onda
5246,L12158,longitud_onda
5247,L12158,longitud_onda
5248,L12158,longitud_onda
5249,L12158,longitud_onda
5250,L10621,longitud_onda
5251,L10621,longitud_onda
5252,L11267,longitud_onda
5253,L10621,longitud_onda
5254,L11267,longitud_onda
5255,L12120,longitud_onda
5256,L12120,longitud_onda
5257,L12120,longitud_onda
5258,L12120,longitud_onda
5259,L12120,longitud_onda
5262,L10621,longitud_onda
5263,L11267,longitud_onda
5264,L1406,longitud_onda
5265,L5951,longitud_onda
5266,L5951,longitud_onda
5267,L10621,longitud_onda
5268,L1406,longitud_onda
5269,L5951,longitud_onda
5270,L10621,longitud_onda
5271,L10621,longitud_onda
5272,L5951,longitud_onda
5273,L11267,longitud_onda
5274,L1176,longitud_onda
5275,L11267,longitud_onda
5276,L1176,longitud_onda
5277,L10621,longitud_onda
5278,L5951,longitud_onda
5279,L1406,longitud_onda
5280,L4498,longitud_onda
5281,L12158,longitud_onda
5282,L12158,longitud_onda
5283,L10621,longitud_onda
5285,L10621,longitud_onda
5286,L5951,longitud_onda
5287,L1176,longitud_onda
5288,L1176,longitud_onda
5289,L1176,longitud_onda
5290,L1176,longitud_onda
5291,L5951,longitud_onda
5292,L1406,longitud_onda
5293,L12120,longitud_onda
5294,L5951,longitud_onda
5295,L1406,longitud_onda
5296,L5951,longitud_onda
5297,L1176,longitud_onda
5298,L1176,longitud_onda
5299,L1176,longitud_onda
5299,L22145,longitud_onda
5300,L1176,longitud_onda
5300,L22145,longitud_onda
5301,L5951,longitud_onda
5302,L5951,longitud_onda
5303,L1176,longitud_onda
5304,L1176,longitud_onda
5305,L1176,longitud_onda
5306,L1176,longitud_onda
5307,L5951,longitud_onda
5308,L10621,longitud_onda
5309,L1406,longitud_onda
5310,L1176,longitud_onda
5311,L369,longitud_onda
5312,L1176,longitud_onda
5313,L1406,longitud_onda
5314,L5951,longitud_onda
5316,L5951,longitud_onda
5317,L4498,longitud_onda
5318,L1406,longitud_onda
5319,L3469,longitud_onda
5320,L1406,longitud_onda
5321,L3469,longitud_onda
5322,L3469,longitud_onda
5323,L5951,longitud_onda
5325,L5951,longitud_onda
5326,L5951,longitud_onda
5327,L5951,longitud_onda
5328,L1406,longitud_onda
5329,L5951,longitud_onda
5330,L5951,longitud_onda
5331,L1406,longitud_onda
5332,L1406,longitud_onda
5333,L5951,longitud_onda
5334,L5951,longitud_onda
5335,L5951,longitud_onda
5336,L5951,longitud_onda
5338,L5951,longitud_onda
5339,L5951,longitud_onda
5340,L4498,longitud_onda
5341,L4498,longitud_onda
5345,L5951,longitud_onda
5346,L10621,longitud_onda
5348,L1176,longitud_onda
5349,L1406,longitud_onda
5350,L1406,longitud_onda
5351,L1176,longitud_onda
5352,L1176,longitud_onda
5353,L1176,longitud_onda
5354,L1406,longitud_onda
5355,L5951,longitud_onda
5358,L1406,longitud_onda
5359,L1406,longitud_onda
5361,L1176,longitud_onda
5363,L1176,longitud_onda
5365,L5951,longitud_onda
5366,L1406,longitud_onda
5368,L2771,longitud_onda
5369,L2771,longitud_onda
5370,L2771,longitud_onda
5371,L2771,longitud_onda
5372,L2771,longitud_onda
5373,L2771,longitud_onda
5374,L10621,longitud_onda
5375,L10621,longitud_onda
5376,L5951,longitud_onda
5377,L5951,longitud_onda
5378,L5951,longitud_onda
5379,L5951,longitud_onda
5380,L5951,longitud_onda
5381,L5951,longitud_onda
5382,L12120,longitud_onda
5383,L5951,longitud_onda
5384,L10621,longitud_onda
5385,L1406,longitud_onda
5386,L1406,longitud_onda
5387,L1406,longitud_onda
5389,L1176,longitud_onda
5390,L3469,longitud_onda
5392,L10621,longitud_onda
5393,L10621,longitud_onda
5394,L10621,longitud_onda
5395,L4743,longitud_onda
5396,L4743,longitud_onda
5397,L4743,longitud_onda
5398,L4743,longitud_onda
5399,L4743,longitud_onda
5400,L4743,longitud_onda
5401,L4743,longitud_onda
5402,L2771,longitud_onda
5403,L2771,longitud_onda
5404,L2771,longitud_onda
5405,L2771,longitud_onda
5406,L2771,longitud_onda
5407,L2771,longitud_onda
5408,L1406,longitud_onda
5409,L10621,longitud_onda
5410,L1406,longitud_onda
5411,L1406,longitud_onda
5412,L1406,longitud_onda
5413,L1406,longitud_onda
5414,L1406,longitud_onda
5415,L5951,longitud_onda
5416,L5951,longitud_onda
5417,L11529,longitud_onda
5418,L1406,longitud_onda
5419,L2771,longitud_onda
5420,L2771,longitud_onda
5421,L2771,longitud_onda
5422,L2771,longitud_onda
5423,L2771,longitud_onda
5424,L2771,longitud_onda
5425,L2771,longitud_onda
5426,L1406,longitud_onda
5428,L1176,longitud_onda
5429,L10621,longitud_onda
5430,L1406,longitud_onda
5431,L1406,longitud_onda
5432,L1406,longitud_onda
5433,L10621,longitud_onda
5434,L1176,longitud_onda
5435,L5951,longitud_onda
5436,L1406,longitud_onda
5437,L2771,longitud_onda
5438,L2771,longitud_onda
5439,L2771,longitud_onda
5440,L2771,longitud_onda
5441,L2771,longitud_onda
5444,L5951,longitud_onda
5445,L10621,longitud_onda
5447,L12158,longitud_onda
5448,L12158,longitud_onda
5449,L1406,longitud_onda
5450,L1406,longitud_onda
5451,L1406,longitud_onda
5452,L10621,longitud_onda
5453,L10621,longitud_onda
5454,L2771,longitud_onda
5456,L1406,longitud_onda
5457,L3514,longitud_onda
5458,L1406,longitud_onda
5459,L1176,longitud_onda
5460,L1406,longitud_onda
5461,L10621,longitud_onda
5462,L2771,longitud_onda
5463,L10621,longitud_onda
5464,L1406,longitud_onda
5465,L5951,longitud_onda
5466,L1176,longitud_onda
5467,L1176,longitud_onda
5468,L1406,longitud_onda
5469,L5951,longitud_onda
5470,L1614,longitud_onda
5471,L2771,longitud_onda
5472,L1406,longitud_onda
5473,L4498,longitud_onda
5474,L10621,longitud_onda
5475,L3451,longitud_onda
5476,L5951,longitud_onda
5477,L3514,longitud_onda
5478,L5951,longitud_onda
5479,L1406,longitud_onda
5480,L3451,longitud_onda
5481,L369,longitud_onda
5482,L1406,longitud_onda
5483,L1406,longitud_onda
5484,L3501,longitud_onda
5485,L3501,longitud_onda
5487,L10621,longitud_onda
5489,L1406,longitud_onda
5490,L1176,longitud_onda
5493,L1406,longitud_onda
5496,L2771,longitud_onda
5501,L1406,longitud_onda
5502,L3514,longitud_onda
5503,L1406,longitud_onda
5504,L5951,longitud_onda
5505,L5951,longitud_onda
5506,L1176,longitud_onda
5507,L5951,longitud_onda
5508,L1176,longitud_onda
5509,L1406,longitud_onda
5510,L10621,longitud_onda
5511,L3451,longitud_onda
5512,L1176,longitud_onda
5513,L2771,longitud_onda
5514,L10621,longitud_onda
5515,L1406,longitud_onda
5516,L1176,longitud_onda
5517,L10621,longitud_onda
5518,L10621,longitud_onda
5519,L1176,longitud_onda
5520,L1406,longitud_onda
5521,L1176,longitud_onda
5522,L5951,longitud_onda
5523,L1406,longitud_onda
5524,L1176,longitud_onda
5525,L5951,longitud_onda
5526,L1406,longitud_onda
5527,L1406,longitud_onda
5529,L1406,longitud_onda
5530,L12120,longitud_onda
5531,L12158,longitud_onda
5532,L12158,longitud_onda
5533,L12158,longitud_onda
5535,L3514,longitud_onda
5536,L10621,longitud_onda
5537,L5951,longitud_onda
5540,L14925c72,longitud_onda
5541,L14925c72,longitud_onda
5543,L5951,longitud_onda
5545,L5951,longitud_onda
5546,L1406,longitud_onda
5547,L10621,longitud_onda
5548,L10621,longitud_onda
5549,L2771,longitud_onda
5550,L5951,longitud_onda
5552,L3501,longitud_onda
5553,L3501,longitud_onda
5555,L3501,longitud_onda
5556,L3501,longitud_onda
5557,L3501,longitud_onda
5558,L3501,longitud_onda
5560,L12158,longitud_onda
5561,L12158,longitud_onda
5562,L12158,longitud_onda
5563,L10621,longitud_onda
5564,L5951,longitud_onda
5565,L1406,longitud_onda
5566,L3501,longitud_onda
5567,L3501,longitud_onda
5569,L10621,longitud_onda
5570,L369,longitud_onda
5571,L3469,longitud_onda
5572,L3469,longitud_onda
5573,L3469,longitud_onda
5575,L2031,longitud_onda
5576,L1406,longitud_onda
5577,L5951,longitud_onda
5578,L1406,longitud_onda
5579,L5951,longitud_onda
5580,L5951,longitud_onda
5581,L1406,longitud_onda
5582,L5951,longitud_onda
5583,L10621,longitud_onda
5584,L10621,longitud_onda
5586,L10621,longitud_onda
5587,L5951,longitud_onda
5588,L3514,longitud_onda
5592,L12120,longitud_onda
5593,L12120,longitud_onda
5595,L5951,longitud_onda
5596,L12120,longitud_onda
5597,L1406,longitud_onda
5598,L5951,longitud_onda
5599,L4743,longitud_onda
5600,L5951,longitud_onda
5601,L5951,longitud_onda
5602,L12158,longitud_onda
5603,L12158,longitud_onda
5604,L12158,longitud_onda
5605,L12158,longitud_onda
5606,L12158,longitud_onda
5607,L12158,longitud_onda
5608,L12158,longitud_onda
5609,L14924,longitud_onda
5610,L1406,longitud_onda
5612,L5951,longitud_onda
5613,L7397,longitud_onda
5614,L7397,longitud_onda
5615,L12158,longitud_onda
5616,L12158,longitud_onda
5617,L12158,longitud_onda
5625,L12158,longitud_onda
5626,L12158,longitud_onda
5627,L12158,longitud_onda
5628,L12158,longitud_onda
5629,L12158,longitud_onda
5630,L12158,longitud_onda
5631,L12158,longitud_onda
5632,L12158,longitud_onda
5633,L12158,longitud_onda
5634,L12158,longitud_onda
5635,L5951,longitud_onda
5636,L5951,longitud_onda
5637,L5951,longitud_onda
5638,L5951,longitud_onda
5639,L12157c153,longitud_onda
5640,L3501,longitud_onda
5641,L5951,longitud_onda
5643,L5951,longitud_onda
5644,L14924,longitud_onda
5645,L5951,longitud_onda
5646,L369,longitud_onda
5647,L2771,longitud_onda
5648,L5951,longitud_onda
5649,L1406,longitud_onda
5650,L10621,longitud_onda
5651,L11267,longitud_onda
5652,L10621,longitud_onda
5653,L12158,longitud_onda
5654,L12158,longitud_onda
5655,L5951,longitud_onda
5656,L10621,longitud_onda
5657,L12158,longitud_onda
5658,L12158,longitud_onda
5659,L12158,longitud_onda
5660,L10621,longitud_onda
5662,L4743,longitud_onda
5663,L10621,longitud_onda
5664,L10621,longitud_onda
5665,L10621,longitud_onda
5666,L10621,longitud_onda
5668,L5951,longitud_onda
5679,L10621,longitud_onda
5680,L12120,longitud_onda
5681,L10621,longitud_onda
5682,L3501,longitud_onda
5683,L10621,longitud_onda
5684,L5951,longitud_onda
5685,L1406,longitud_onda
5686,L5951,longitud_onda
5688,L5951,longitud_onda
5690,L1406,longitud_onda
5691,L5951,longitud_onda
5692,L4743,longitud_onda
5693,L4743,longitud_onda
5694,L4743,longitud_onda
5695,L12120,longitud_onda
5696,L12120,longitud_onda
5698,L12120,longitud_onda
5701,L5951,longitud_onda
5706,L5951,longitud_onda
5708,L5951,longitud_onda
5715,L5951,longitud_onda
5719,L5951,longitud_onda
5720,L5951,longitud_onda
5721,L5951,longitud_onda
5722,L2771,longitud_onda
5723,L5951,longitud_onda
5724,L5951,longitud_onda
5726,L11267,longitud_onda
5727,L4498,longitud_onda
5728,L1176,longitud_onda
5729,L5951,longitud_onda
5730,L366,longitud_onda
5731,L5951,longitud_onda
5732,L1176,longitud_onda
5733,L5951,longitud_onda
5734,L1176,longitud_onda
5735,L5951,longitud_onda
5736,L10621,longitud_onda
5737,L1406,longitud_onda
5738,L10621,longitud_onda
5739,L1406,longitud_onda
5740,L11267,longitud_onda
5741,L1176,longitud_onda
5742,L1176,longitud_onda
5743,L1176,longitud_onda
5744,L5951,longitud_onda
5745,L5951,longitud_onda
5746,L5951,longitud_onda
5751,L10621,longitud_onda
5752,L1406,longitud_onda
5753,L5951,longitud_onda
5754,L4743,longitud_onda
5755,L3451,longitud_onda
5756,L3451,longitud_onda
5757,L10621,longitud_onda
5758,L10621,longitud_onda
5759,L1406,longitud_onda
5760,L5951,longitud_onda
5761,L10621,longitud_onda
5762,L10621,longitud_onda
5763,L10621,longitud_onda
5764,L10621,longitud_onda
5765,L3451,longitud_onda
5766,L10621,longitud_onda
5767,L10621,longitud_onda
5768,L5951,longitud_onda
5769,L5951,longitud_onda
5770,L5951,longitud_onda
5771,L12158,longitud_onda
5772,L12158,longitud_onda
5773,L12158,longitud_onda
5774,L12158,longitud_onda
5775,L12158,longitud_onda
5776,L12158,longitud_onda
5777,L12158,longitud_onda
5778,L12158,longitud_onda
5779,L12158,longitud_onda
5780,L12158,longitud_onda
5781,L5951,longitud_onda
5784,L5951,longitud_onda
5785,L5951,longitud_onda
5786,L10621,longitud_onda
5787,L5951,longitud_onda
5788,L1176,longitud_onda
5789,L1406,longitud_onda
5790,L5951,longitud_onda
5791,L1406,longitud_onda
5792,L1176,longitud_onda
5794,L1406,longitud_onda
5795,L1176,longitud_onda
5796,L1176,longitud_onda
5797,L1176,longitud_onda
5798,L11529,longitud_onda
5799,L1176,longitud_onda
5800,L5951,longitud_onda
5801,L12158,longitud_onda
5802,L12158,longitud_onda
5803,L12158,longitud_onda
5804,L12158,longitud_onda
5805,L12158,longitud_onda
5806,L12158,longitud_onda
5807,L12158,longitud_onda
5808,L12158,longitud_onda
5809,L12158,longitud_onda
5810,L12158,longitud_onda
5811,L1176,longitud_onda
5812,L5951,longitud_onda
5813,L11267,longitud_onda
5814,L10621,longitud_onda
5816,L10621,longitud_onda
5817,L11267,longitud_onda
5818,L5951,longitud_onda
5819,L5951,longitud_onda
5820,L369,longitud_onda
5821,L5951,longitud_onda
5822,L369,longitud_onda
5823,L369,longitud_onda
5824,L5951,longitud_onda
5825,L369,longitud_onda
5826,L5951,longitud_onda
5827,L3451,longitud_onda
5828,L5951,longitud_onda
5829,L10621,longitud_onda
5830,L17684,longitud_onda
5831,L10621,longitud_onda
5832,L3451,longitud_onda
5833,L10621,longitud_onda
5834,L9088,longitud_onda
5835,L12158,longitud_onda
5836,L12158,longitud_onda
5837,L12158,longitud_onda
5838,L10621,longitud_onda
5839,L3513,longitud_onda
5845,L1406,longitud_onda
5846,L5951,longitud_onda
5847,L5951,longitud_onda
5848,L5951,longitud_onda
5849,L11267,longitud_onda
5850,L366,longitud_onda
5851,L3451,longitud_onda
5852,L10621,longitud_onda
5854,L3451,longitud_onda
5856,L12120,longitud_onda
5857,L4743,longitud_onda
5858,L5951,longitud_onda
5859,L10621,longitud_onda
5860,L3451,longitud_onda
5861,L10621,longitud_onda
5862,L5951,longitud_onda
5863,L10621,longitud_onda
5864,L4743,longitud_onda
5865,L5951,longitud_onda
5866,L5951,longitud_onda
5867,L1406,longitud_onda
5868,L10621,longitud_onda
5869,L17684,longitud_onda
5870,L10621,longitud_onda
5871,L5951,longitud_onda
5872,L10621,longitud_onda
5873,L3451,longitud_onda
5874,L9088c153,longitud_onda
5875,L3451,longitud_onda
5878,L3451,longitud_onda
5879,L10621,longitud_onda
5880,L11267,longitud_onda
5881,L10621,longitud_onda
5882,L10621,longitud_onda
5884,L10621,longitud_onda
5885,L3451,longitud_onda
5886,L369,longitud_onda
5887,L369,longitud_onda
5888,L369,longitud_onda
5889,L10621,longitud_onda
5890,L1406,longitud_onda
5891,L4743,longitud_onda
5892,L5951,longitud_onda
5893,L10621,longitud_onda
5895,L9088,longitud_onda
5897,L11267,longitud_onda
5898,L5951,longitud_onda
5899,L11267,longitud_onda
5900,L5951,longitud_onda
5901,L11267,longitud_onda
5902,L1235,longitud_onda
5902,L3354,longitud_onda
5903,L1235,longitud_onda
5903,L3354,longitud_onda
5904,L1235,longitud_onda
5904,L3354,longitud_onda
5905,L1235,longitud_onda
5905,L3354,longitud_onda
5906,L1235,longitud_onda
5906,L3354,longitud_onda
5907,L1235,longitud_onda
5907,L3354,longitud_onda
5908,L1235,longitud_onda
5908,L3354,longitud_onda
5909,L10621,longitud_onda
5910,L10621,longitud_onda
5911,L11267,longitud_onda
5915,L11267,longitud_onda
5918,L11267,longitud_onda
5919,L11267,longitud_onda
5920,L10621,longitud_onda
5921,L10621,longitud_onda
5922,L10621,longitud_onda
5923,L10621,longitud_onda
5924,L3451,longitud_onda
5925,L1406,longitud_onda
5926,L3451,longitud_onda
5927,L369,longitud_onda
5928,L369,longitud_onda
5929,L369,longitud_onda
5930,L10621,longitud_onda
5931,L369,longitud_onda
5932,L369,longitud_onda
5933,L369,longitud_onda
5934,L5951,longitud_onda
5935,L369,longitud_onda
5936,L369,longitud_onda
5937,L369,longitud_onda
5938,L10621,longitud_onda
5939,L11267,longitud_onda
5940,L11267,longitud_onda
5941,L5951,longitud_onda
5942,L10621,longitud_onda
5943,L11267,longitud_onda
5944,L11529,longitud_onda
5945,L12158,longitud_onda
5946,L12158,longitud_onda
5947,L12158,longitud_onda
5948,L12158,longitud_onda
5949,L12158,longitud_onda
5950,L12158,longitud_onda
5951,L12158,longitud_onda
5952,L12158,longitud_onda
5953,L12158,longitud_onda
5954,L3451,longitud_onda
5955,L1406,longitud_onda
5956,L10621,longitud_onda
5957,L12158,longitud_onda
5958,L12158,longitud_onda
5959,L12158,longitud_onda
5960,L12158,longitud_onda
5961,L12158,longitud_onda
5962,L12158,longitud_onda
5963,L12158,longitud_onda
5964,L17684,longitud_onda
5965,L10621,longitud_onda
5966,L3451,longitud_onda
5968,L4743,longitud_onda
5969,L10621,longitud_onda
5970,L10621,longitud_onda
5971,L10621,longitud_onda
5972,L17684,longitud_onda
5973,L3451,longitud_onda
5974,L1406,longitud_onda
5975,L369,longitud_onda
5976,L11267,longitud_onda
5977,L11529c153,longitud_onda
5978,L11267,longitud_onda
5979,L12158,longitud_onda
5980,L12158,longitud_onda
5981,L12158,longitud_onda
5982,L11267,longitud_onda
5983,L11267,longitud_onda
5984,L10621,longitud_onda
5985,L11267,longitud_onda
5986,L11529,longitud_onda
5989,L369,longitud_onda
5990,L1406,longitud_onda
5991,L5951,longitud_onda
5992,L9088c153,longitud_onda
5994,L10621,longitud_onda
5995,L1406,longitud_onda
5996,L369,longitud_onda
5997,L5951,longitud_onda
5998,L5951,longitud_onda
5999,L10621,longitud_onda
6000,L11267,longitud_onda
6001,L5951,longitud_onda
6004,L1406,longitud_onda
6005,L10621,longitud_onda
6007,L1406,longitud_onda
6008,L10621,longitud_onda
6009,L10621,longitud_onda
6010,L11267,longitud_onda
6011,L10621,longitud_onda
6012,L1406,longitud_onda
6014,L551,longitud_onda
6015,L551,longitud_onda
6016,L551,longitud_onda
6017,L551,longitud_onda
6018,L551,longitud_onda
6020,L1406,longitud_onda
6021,L1406,longitud_onda
6022,L1406,longitud_onda
6023,L1406,longitud_onda
6024,L5951,longitud_onda
6025,L2771,longitud_onda
6027,L3451,longitud_onda
6028,L366,longitud_onda
6029,L366,longitud_onda
6031,L1406,longitud_onda
6032,L10621,longitud_onda
6033,L1406,longitud_onda
6034,L5951,longitud_onda
6035,L5951,longitud_onda
6036,L1406,longitud_onda
6037,L1406,longitud_onda
6039,L5951,longitud_onda
6041,L5951,longitud_onda
6042,L10621,longitud_onda
6043,L5951,longitud_onda
6044,L1560,longitud_onda
6045,L10621,longitud_onda
6046,L1176,longitud_onda
6047,L1406,longitud_onda
6049,L1406,longitud_onda
6050,L1176,longitud_onda
6051,L1406,longitud_onda
6052,L1176,longitud_onda
6053,L551,longitud_onda
6054,L551,longitud_onda
6055,L551,longitud_onda
6056,L551,longitud_onda
6057,L551,longitud_onda
6058,L551,longitud_onda
6059,L1176,longitud_onda
6060,L1176,longitud_onda
6061,L1406,longitud_onda
6062,L1176,longitud_onda
6063,L1406,longitud_onda
6064,L369,longitud_onda
6065,L21568,longitud_onda
6065,L1176,longitud_onda
6066,L21568,longitud_onda
6066,L1176,longitud_onda
6067,L1406,longitud_onda
6068,L3451,longitud_onda
6070,L5951,longitud_onda
6071,L7481,longitud_onda
6072,L5951,longitud_onda
6073,L17684,longitud_onda
6074,L17684,longitud_onda
6075,L17684,longitud_onda
6077,L369,longitud_onda
6081,L3451,longitud_onda
6082,L1406,longitud_onda
6083,L369,longitud_onda
6084,L17684,longitud_onda
6085,L1406,longitud_onda
6086,L369,longitud_onda
6087,L1406,longitud_onda
6088,L17684,longitud_onda
6089,L17684,longitud_onda
6090,L17684,longitud_onda
6091,L10621,longitud_onda
6092,L10621,longitud_onda
6093,L1406,longitud_onda
6094,L17684,longitud_onda
6095,L1406,longitud_onda
6096,L17684,longitud_onda
6098,L3451,longitud_onda
6099,L17684,longitud_onda
6100,L1406,longitud_onda
6101,L9088,longitud_onda
6102,L1406,longitud_onda
6103,L14925c72,longitud_onda
6105,L1406,longitud_onda
6107,L1235,longitud_onda
6107,L3354,longitud_onda
6108,L1235,longitud_onda
6108,L3354,longitud_onda
6109,L1235,longitud_onda
6109,L3354,longitud_onda
6110,L1235,longitud_onda
6110,L3354,longitud_onda
6111,L1235,longitud_onda
6111,L3354,longitud_onda
6112,L1235,longitud_onda
6112,L3354,longitud_onda
6113,L1235,longitud_onda
6113,L3354,longitud_onda
6114,L1406,longitud_onda
6115,L12158,longitud_onda
6116,L12158,longitud_onda
6117,L12158,longitud_onda
6118,L12158,longitud_onda
6119,L12158,longitud_onda
6120,L12158,longitud_onda
6121,L12158,longitud_onda
6122,L12158,longitud_onda
6123,L12158,longitud_onda
6124,L12158,longitud_onda
6125,L17684,longitud_onda
6126,L5951,longitud_onda
6129,L5951,longitud_onda
6130,L1406,longitud_onda
6131,L5951,longitud_onda
6132,L3451,longitud_onda
6133,L366,longitud_onda
6134,L366,longitud_onda
6135,L366,longitud_onda
6136,L366,longitud_onda
6137,L366,longitud_onda
6138,L366,longitud_onda
6139,L1406,longitud_onda
6140,L12158,longitud_onda
6141,L12158,longitud_onda
6142,L12158,longitud_onda
6143,L12158,longitud_onda
6144,L12158,longitud_onda
6145,L12158,longitud_onda
6146,L12158,longitud_onda
6147,L12158,longitud_onda
6149,L11529,longitud_onda
6158,L5951,longitud_onda
6159,L5951,longitud_onda
6160,L10621,longitud_onda
6161,L1406,longitud_onda
6162,L17684,longitud_onda
6163,L1406,longitud_onda
6164,L366,longitud_onda
6165,L366,longitud_onda
6166,L366,longitud_onda
6167,L1406,longitud_onda
6168,L17684,longitud_onda
6172,L1406,longitud_onda
6173,L7400c29,longitud_onda
6174,L7400c29,longitud_onda
6175,L7400c29,longitud_onda
6176,L7400c29,longitud_onda
6177,L7400c29,longitud_onda
6178,L5951,longitud_onda
6179,L12158,longitud_onda
6180,L12158,longitud_onda
6181,L12158,longitud_onda
6182,L12158,longitud_onda
6183,L12158,longitud_onda
6184,L12158,longitud_onda
6185,L12158,longitud_onda
6186,L12158,longitud_onda
6187,L12158,longitud_onda
6188,L12158,longitud_onda
6189,L7400c29,longitud_onda
6190,L7400c29,longitud_onda
6191,L1406,longitud_onda
6192,L1614,longitud_onda
6193,L7400c29,longitud_onda
6194,L10621,longitud_onda
6195,L7400c29,longitud_onda
6197,L5951,longitud_onda
6198,L7400c29,longitud_onda
6199,L7400c29,longitud_onda
6200,L7400c29,longitud_onda
6201,L5951,longitud_onda
6202,L10621,longitud_onda
6203,L7481,longitud_onda
6205,L17684,longitud_onda
6206,L7400c29,longitud_onda
6207,L10621,longitud_onda
6208,L7400c29,longitud_onda
6216,L7400c29,longitud_onda
6217,L1406,longitud_onda
6218,L7436c29,longitud_onda
6220,L1406,longitud_onda
6221,L11529,longitud_onda
6222,L1406,longitud_onda
6224,L7436c29,longitud_onda
6225,L5951,longitud_onda
6226,L5951,longitud_onda
6227,L1406,longitud_onda
6228,L5951,longitud_onda
6230,L3451,longitud_onda
6231,L1406,longitud_onda
6232,L7436c29,longitud_onda
6233,L10621,longitud_onda
6234,L11529c153,longitud_onda
6235,L3501,longitud_onda
6238,L3451,longitud_onda
6240,L7436c29,longitud_onda
6241,L1406,longitud_onda
6242,L1406,longitud_onda
6243,L7436c29,longitud_onda
6244,L1406,longitud_onda
6245,L12120,longitud_onda
6249,L1406,longitud_onda
6250,L5951,longitud_onda
6251,L1406,longitud_onda
6252,L1406,longitud_onda
6253,L12120,longitud_onda
6254,L11529c153,longitud_onda
6255,L5951,longitud_onda
6256,L7436c29,longitud_onda
6257,L1406,longitud_onda
6258,L11529,longitud_onda
6259,L1406,longitud_onda
6260,L3451,longitud_onda
6261,L5951,longitud_onda
6262,L7436c29,longitud_onda
6263,L369,longitud_onda
6264,L14925c72,longitud_onda
6265,L14925c72,longitud_onda
6266,L14925c72,longitud_onda
6267,L14925c72,longitud_onda
6268,L14925c72,longitud_onda
6269,L366,longitud_onda
6270,L17684,longitud_onda
6271,L1406,longitud_onda
6272,L1406,longitud_onda
6273,L1406,longitud_onda
6274,L12158,longitud_onda
6275,L12158,longitud_onda
6276,L12158,longitud_onda
6277,L12158,longitud_onda
6278,L12158,longitud_onda
6279,L12158,longitud_onda
6280,L12158,longitud_onda
6281,L12158,longitud_onda
6282,L5951,longitud_onda
6283,L369,longitud_onda
6284,L7436c29,longitud_onda
6285,L17684,longitud_onda
6286,L10621,longitud_onda
6287,L5951,longitud_onda
6289,L3501,longitud_onda
6290,L3501,longitud_onda
6291,L3501,longitud_onda
6292,L3501,longitud_onda
6293,L3501,longitud_onda
6294,L3501,longitud_onda
6295,L3501,longitud_onda
6296,L3501,longitud_onda
6297,L1406,longitud_onda
6299,L11529,longitud_onda
6300,L7397,longitud_onda
6301,L7397,longitud_onda
6302,L7397,longitud_onda
6303,L1406,longitud_onda
6304,L1406,longitud_onda
6305,L7436c29,longitud_onda
6307,L3452,longitud_onda
6308,L1406,longitud_onda
6309,L5951,longitud_onda
6310,L10621,longitud_onda
6312,L3452,longitud_onda
6314,L17684,longitud_onda
6315,L11529,longitud_onda
6316,L10621,longitud_onda
6317,L1406,longitud_onda
6318,L1406,longitud_onda
6319,L17684,longitud_onda
6320,L1406,longitud_onda
6321,L366,longitud_onda
6322,L366,longitud_onda
6324,L7436c29,longitud_onda
6325,L17684,longitud_onda
6326,L5951,longitud_onda
6327,L11267,longitud_onda
6328,L17684,longitud_onda
6329,L10621,longitud_onda
6331,L4743,longitud_onda
6332,L17684,longitud_onda
6333,L11267,longitud_onda
6335,L1406,longitud_onda
6336,L369,longitud_onda
6337,L10621,longitud_onda
6340,L5951,longitud_onda
6341,L17684,longitud_onda
6342,L1406,longitud_onda
6343,L17684,longitud_onda
6344,L10621,longitud_onda
6345,L17684,longitud_onda
6347,L5951,longitud_onda
6348,L1406,longitud_onda
6351,L1406,longitud_onda
6352,L10621,longitud_onda
6353,L12158,longitud_onda
6354,L12158,longitud_onda
6355,L12158,longitud_onda
6356,L12158,longitud_onda
6357,L12158,longitud_onda
6358,L12158,longitud_onda
6359,L12158,longitud_onda
6360,L12158,longitud_onda
6361,L10621,longitud_onda
6364,c39,longitud_onda
6365,L11759,longitud_onda
6367,L11759,longitud_onda
6370,L7436c29,longitud_onda
6371,c40,longitud_onda
6373,c41,longitud_onda
6376,L1406,longitud_onda
6377,L5951,longitud_onda
6379,L5951,longitud_onda
6380,L3451,longitud_onda
6381,L1406,longitud_onda
6382,L17684,longitud_onda
6383,L1406,longitud_onda
6384,L17684,longitud_onda
6385,L17684,longitud_onda
6386,L17684,longitud_onda
6388,L11529,longitud_onda
6389,L10621,longitud_onda
6390,L17684,longitud_onda
6391,L10621,longitud_onda
6392,L1406,longitud_onda
6393,L17684,longitud_onda
6394,L1406,longitud_onda
6395,L11267,longitud_onda
6398,L3469,longitud_onda
6399,L1406,longitud_onda
6400,L1406,longitud_onda
6401,L3469,longitud_onda
6402,L3469,longitud_onda
6403,L3469,longitud_onda
6404,L11529,longitud_onda
6407,c42,longitud_onda
6411,c43,longitud_onda
6412,L7436c29,longitud_onda
6414,c44,longitud_onda
6418,L11529c153,longitud_onda
6421,L5951,longitud_onda
6422,L10621,longitud_onda
6424,L12158,longitud_onda
6425,L12158,longitud_onda
6426,L12158,longitud_onda
6427,L12158,longitud_onda
6428,L12158,longitud_onda
6429,L12158,longitud_onda
6430,L12158,longitud_onda
6431,L12158,longitud_onda
6432,L12158,longitud_onda
6433,L12158,longitud_onda
6434,L11529,longitud_onda
6436,L12120,longitud_onda
6437,L1406,longitud_onda
6438,L1406,longitud_onda
6439,L11529,longitud_onda
6440,L17684,longitud_onda
6441,L10621,longitud_onda
6442,L7397,longitud_onda
6443,L7397,longitud_onda
6444,L7397,longitud_onda
6445,L11529,longitud_onda
6448,c45,longitud_onda
6449,L7369u33,longitud_onda
6453,c46,longitud_onda
6454,L7436c29,longitud_onda
6456,c47,longitud_onda
6459,L5951,longitud_onda
6460,L5951,longitud_onda
6461,L5951,longitud_onda
6462,L1406,longitud_onda
6463,L1406,longitud_onda
6464,L1406,longitud_onda
6465,L10621,longitud_onda
6466,L21568,longitud_onda
6466,L22145,longitud_onda
6467,L21568,longitud_onda
6467,L22145,longitud_onda
6468,L21568,longitud_onda
6468,L22145,longitud_onda
6469,L11529c153,longitud_onda
6470,L10621,longitud_onda
6471,L17684,longitud_onda
6472,L369,longitud_onda
6473,L1406,longitud_onda
6474,L4743,longitud_onda
6475,L10621,longitud_onda
6477,L5951,longitud_onda
6478,L14926,longitud_onda
6479,L14926,longitud_onda
6480,L14926,longitud_onda
6481,L14926,longitud_onda
6482,L14926,longitud_onda
6483,L366,longitud_onda
6484,L10621,longitud_onda
6487,L1406,longitud_onda
6488,L3760,longitud_onda
6494,L17684,longitud_onda
6495,L5951,longitud_onda
6497,L10621,longitud_onda
6499,L1176,longitud_onda
6499,L4827,longitud_onda
6500,L10621,longitud_onda
6501,L17684,longitud_onda
6502,L551,longitud_onda
6502,L366,longitud_onda
6506,c48,longitud_onda
6510,c49,longitud_onda
6511,L7436c29,longitud_onda
6513,c50,longitud_onda
6518,L1176,longitud_onda
6518,L4827,longitud_onda
6519,L10621,longitud_onda
6520,L1176,longitud_onda
6523,L3513,longitud_onda
6524,L1406,longitud_onda
6528,L10621,longitud_onda
6529,L10621,longitud_onda
6531,L369,longitud_onda
6533,L10621,longitud_onda
6535,L369,longitud_onda
6538,L10621,longitud_onda
6539,L10621,longitud_onda
6540,L10621,longitud_onda
6541,L369,longitud_onda
6543,L12158,longitud_onda
6544,L12158,longitud_onda
6545,L12158,longitud_onda
6546,L12158,longitud_onda
6547,L12158,longitud_onda
6548,L12158,longitud_onda
6549,L12158,longitud_onda
6550,L12158,longitud_onda
6551,L10621,longitud_onda
6557,L11267,longitud_onda
6560,L10621,longitud_onda
6561,L1176,longitud_onda
6562,L10621,longitud_onda
6563,L1406,longitud_onda
6565,L11267,longitud_onda
6566,L1176,longitud_onda
6567,L10621,longitud_onda
6568,L11267,longitud_onda
6569,L10621,longitud_onda
6571,L10621,longitud_onda
6572,L10621,longitud_onda
6573,L483,longitud_onda
6574,L483,longitud_onda
6575,L483,longitud_onda
6576,L483,longitud_onda
6577,L483,longitud_onda
6578,L483,longitud_onda
6579,L366,longitud_onda
6580,L366,longitud_onda
6581,L366,longitud_onda
6582,L1176,longitud_onda
6583,L11529,longitud_onda
6584,L1176,longitud_onda
6585,L551,longitud_onda
6586,L10621,longitud_onda
6587,L1176,longitud_onda
6588,L10621,longitud_onda
6589,L1176,longitud_onda
6590,L10621,longitud_onda
6591,L1176,longitud_onda
6592,L1176,longitud_onda
6593,L1176,longitud_onda
6594,L1176,longitud_onda
6595,L1176,longitud_onda
6599,L1176,longitud_onda
6600,L1176,longitud_onda
6602,L1176,longitud_onda
6604,L10621,longitud_onda
6605,L10621,longitud_onda
6606,L3469,longitud_onda
6607,L10621,longitud_onda
6608,L1176,longitud_onda
6609,L3469,longitud_onda
6612,L14925c72,longitud_onda
6613,L14925c72,longitud_onda
6616,c51,longitud_onda
6617,L11759,longitud_onda
6619,L11759,longitud_onda
6620,L11759,longitud_onda
6622,c52,longitud_onda
6623,L7436c29,longitud_onda
6625,c53,longitud_onda
6628,L3469,longitud_onda
6630,L10621,longitud_onda
6631,L10621,longitud_onda
6632,L1406,longitud_onda
6633,L7481,longitud_onda
6634,L369,longitud_onda
6635,L3469,longitud_onda
6637,L369,longitud_onda
6638,L369,longitud_onda
6640,L10621,longitud_onda
6641,L10621,longitud_onda
6642,L10621,longitud_onda
6645,L7397,longitud_onda
6646,L7397,longitud_onda
6647,L7397,longitud_onda
6651,L10621,longitud_onda
6653,L1176,longitud_onda
6654,L3513,longitud_onda
6655,L10621,longitud_onda
6657,L1176,longitud_onda
6659,L21568,longitud_onda
6659,L22145,longitud_onda
6660,L21568,longitud_onda
6660,L22145,longitud_onda
6661,L21568,longitud_onda
6661,L22145,longitud_onda
6663,L366,longitud_onda
6664,L10621,longitud_onda
6665,L21568,longitud_onda
6666,L21568,longitud_onda
6667,L21568,longitud_onda
6668,L1406,longitud_onda
6670,L7481,longitud_onda
6671,L1406,longitud_onda
6672,L7481,longitud_onda
6673,L366,longitud_onda
6674,L17684,longitud_onda
6675,L1406,longitud_onda
6676,L11267,longitud_onda
6677,L3469,longitud_onda
6678,L1176,longitud_onda
6679,L1176,longitud_onda
6680,L6915,longitud_onda
6681,L1176,longitud_onda
6682,L11267,longitud_onda
6683,L1176,longitud_onda
6684,L12120,longitud_onda
6685,L12120,longitud_onda
6686,L12120,longitud_onda
6687,L1176,longitud_onda
6688,L1176,longitud_onda
6689,L3760,longitud_onda
6690,L3760,longitud_onda
6691,L3760,longitud_onda
6692,L1176,longitud_onda
6693,L1176,longitud_onda
6694,L1176,longitud_onda
6695,L7481,longitud_onda
6697,L1176,longitud_onda
6698,L1176,longitud_onda
6699,L12120,longitud_onda
6702,L1176,longitud_onda
6703,L1176,longitud_onda
6707,L1176,longitud_onda
6708,L6915,longitud_onda
6710,L3760,longitud_onda
6711,L3513,longitud_onda
6712,L1406,longitud_onda
6713,L17684,longitud_onda
6715,L14926,longitud_onda
6718,L1176,longitud_onda
6719,L1176,longitud_onda
6722,c54,longitud_onda
6726,c55,longitud_onda
6727,L7436c29,longitud_onda
6729,c56,longitud_onda
6732,L1176,longitud_onda
6733,L1176,longitud_onda
6734,L11529,longitud_onda
6735,L1176,longitud_onda
6737,L369,longitud_onda
6738,L10621,longitud_onda
6739,L1176,longitud_onda
6740,L1176,longitud_onda
6741,L369,longitud_onda
6742,L6915,longitud_onda
6743,L1406,longitud_onda
6744,L1176,longitud_onda
6745,L1176,longitud_onda
6746,L369,longitud_onda
6747,L10621,longitud_onda
6748,L1176,longitud_onda
6749,L1176,longitud_onda
6750,L1176,longitud_onda
6752,L1176,longitud_onda
6753,L1176,longitud_onda
6754,L1176,longitud_onda
6755,L6915,longitud_onda
6756,L3469,longitud_onda
6757,L3469,longitud_onda
6758,L10621,longitud_onda
6759,L7397,longitud_onda
6760,L7397,longitud_onda
6761,L1406,longitud_onda
6762,L17684,longitud_onda
6763,L17684,longitud_onda
6764,L12120,longitud_onda
6765,L10621,longitud_onda
6766,L3513,longitud_onda
6767,L3469,longitud_onda
6768,L12158,longitud_onda
6769,L12158,longitud_onda
6770,L12158,longitud_onda
6771,L3469,longitud_onda
6772,L17684,longitud_onda
6773,L17684,longitud_onda
6774,L17684,longitud_onda
6775,L17684,longitud_onda
6776,L17684,longitud_onda
6778,L3469,longitud_onda
6779,L3469,longitud_onda
6780,L1406,longitud_onda
6781,L1176,longitud_onda
6781,L22145,longitud_onda
6782,L1176,longitud_onda
6782,L22145,longitud_onda
6784,L17684,longitud_onda
6787,L10621,longitud_onda
6788,L366,longitud_onda
6789,L1176,longitud_onda
6790,L17684,longitud_onda
6791,L11529,longitud_onda
6793,L3469,longitud_onda
6794,L3469,longitud_onda
6795,L21568,longitud_onda
6795,L22145,longitud_onda
6796,L21568,longitud_onda
6796,L22145,longitud_onda
6797,L21568,longitud_onda
6797,L22145,longitud_onda
6798,L1176,longitud_onda
6799,L3469,longitud_onda
6800,L1176,longitud_onda
6801,L17684,longitud_onda
6802,L11529c153,longitud_onda
6803,L17684,longitud_onda
6804,L10621,longitud_onda
6805,L14924,longitud_onda
6806,L1406,longitud_onda
6808,L369,longitud_onda
6809,L369,longitud_onda
6810,L17684,longitud_onda
6812,L369,longitud_onda
6813,L14926,longitud_onda
6814,L14926,longitud_onda
6815,L14926,longitud_onda
6816,L14926,longitud_onda
6817,L14926,longitud_onda
6818,L10621,longitud_onda
6819,L366,longitud_onda
6822,L17684,longitud_onda
6823,L17684,longitud_onda
6824,L17684,longitud_onda
6825,L10621,longitud_onda
6826,L10621,longitud_onda
6827,L10621,longitud_onda
6828,L17684,longitud_onda
6829,L10621,longitud_onda
6830,L3513,longitud_onda
6831,L10621,longitud_onda
6832,L3469,longitud_onda
6833,L3469,longitud_onda
6834,L3469,longitud_onda
6835,L12158,longitud_onda
6836,L12158,longitud_onda
6837,L12158,longitud_onda
6838,L12158,longitud_onda
6839,L12158,longitud_onda
6840,L12158,longitud_onda
6841,L12158,longitud_onda
6842,L12158,longitud_onda
6843,L12158,longitud_onda
6844,L10621,longitud_onda
6845,L3513,longitud_onda
6846,L10621,longitud_onda
6847,L3469,longitud_onda
6848,L3469,longitud_onda
6849,L3513,longitud_onda
6850,L10621,longitud_onda
6851,L3469,longitud_onda
6852,L10621,longitud_onda
6854,L10621,longitud_onda
6855,L10621,longitud_onda
6856,L10621,longitud_onda
6857,L10621,longitud_onda
6858,L10621,longitud_onda
6859,L11529,longitud_onda
6860,L10621,longitud_onda
6861,L10621,longitud_onda
6865,L21568,longitud_onda
6865,L22145,longitud_onda
6866,L21568,longitud_onda
6866,L22145,longitud_onda
6867,L21568,longitud_onda
6867,L22145,longitud_onda
6868,L10621,longitud_onda
6869,L10621,longitud_onda
6870,L10621,longitud_onda
6871,L11267,longitud_onda
6872,L10621,longitud_onda
6873,L5951,longitud_onda
6874,L17684,longitud_onda
6875,L3469,longitud_onda
6876,L17684,longitud_onda
6877,L3469,longitud_onda
6878,L10621,longitud_onda
6879,L17684,longitud_onda
6883,L17684,longitud_onda
6886,L3469,longitud_onda
6887,L3469,longitud_onda
6888,L3469,longitud_onda
6890,L10621,longitud_onda
6891,L10621,longitud_onda
6892,L17684,longitud_onda
6893,L10621,longitud_onda
6894,L10621,longitud_onda
6895,L17684,longitud_onda
6896,L17684,longitud_onda
6897,L17684,longitud_onda
6898,L1176,longitud_onda
6899,L1176,longitud_onda
6900,L1176,longitud_onda
6901,L1176,longitud_onda
6902,L1176,longitud_onda
6903,L1176,longitud_onda
6904,L10621,longitud_onda
6905,L1176,longitud_onda
6906,L1176,longitud_onda
6907,L1176,longitud_onda
6908,L1176,longitud_onda
6909,L1176,longitud_onda
6910,L1176,longitud_onda
6911,L10621,longitud_onda
6912,L1176,longitud_onda
6913,L10621,longitud_onda
6914,L3469,longitud_onda
6915,L3469,longitud_onda
6916,L9088,longitud_onda
6917,L17684,longitud_onda
6918,L17684,longitud_onda
6919,L17684,longitud_onda
6920,L17684,longitud_onda
6921,L17684,longitud_onda
6922,L10621,longitud_onda
6923,L369,longitud_onda
6924,L10621,longitud_onda
6925,L6915,longitud_onda
6926,L11267,longitud_onda
6927,L9088,longitud_onda
6928,L6915,longitud_onda
6929,L10621,longitud_onda
6930,L6915,longitud_onda
6931,L6915,longitud_onda
6932,L10621,longitud_onda
6934,L6915,longitud_onda
6935,L10621,longitud_onda
6936,L6915,longitud_onda
6937,L10621,longitud_onda
6938,L6915,longitud_onda
6939,L6915,longitud_onda
6940,L6915,longitud_onda
6941,L1406,longitud_onda
6942,L9088,longitud_onda
6944,L3513,longitud_onda
6945,L1406,longitud_onda
6948,c57,longitud_onda
6949,L11759,longitud_onda
6951,L11759,longitud_onda
6953,L7436c29,longitud_onda
6954,c58,longitud_onda
6956,c59,longitud_onda
6959,L1406,longitud_onda
6961,L6915,longitud_onda
6962,L369,longitud_onda
6963,L369,longitud_onda
6964,L369,longitud_onda
6965,L369,longitud_onda
6966,L369,longitud_onda
6968,L6915,longitud_onda
6969,L6915,longitud_onda
6970,L10621,longitud_onda
6972,L6915,longitud_onda
6973,L10621,longitud_onda
6976,L10621,longitud_onda
6977,L369,longitud_onda
6978,L10621,longitud_onda
6980,L10621,longitud_onda
6981,L3513,longitud_onda
6982,L10621,longitud_onda
6983,L6915,longitud_onda
6985,L3469,longitud_onda
6986,L10621,longitud_onda
6988,L3469,longitud_onda
6989,L1406,longitud_onda
6990,L3469,longitud_onda
6992,L3469,longitud_onda
6994,L10621,longitud_onda
6996,L11529,longitud_onda
6997,L11267,longitud_onda
6999,L10621,longitud_onda
7000,L369,longitud_onda
7002,L1406,longitud_onda
7004,L369,longitud_onda
7005,L6915,longitud_onda
7006,L11267,longitud_onda
7007,L6915,longitud_onda
7008,L6915,longitud_onda
7009,L14926,longitud_onda
7010,L14926,longitud_onda
7011,L366,longitud_onda
7012,L6915,longitud_onda
7013,L12120,longitud_onda
7014,L12120,longitud_onda
7015,L12120,longitud_onda
7016,L12120,longitud_onda
7017,L12120,longitud_onda
7018,L12120,longitud_onda
7021,L11267,longitud_onda
7022,L3469,longitud_onda
7023,L3469,longitud_onda
7024,L10621,longitud_onda
7025,L3469,longitud_onda
7026,L4498,longitud_onda
7027,L7397,longitud_onda
7028,L7397,longitud_onda
7029,L7397,longitud_onda
7030,L6915,longitud_onda
7032,L1406,longitud_onda
7033,L1406,longitud_onda
7035,L10621,longitud_onda
7037,L10621,longitud_onda
7038,L10621,longitud_onda
7039,L10621,longitud_onda
7040,L10621,longitud_onda
7042,L10621,longitud_onda
7043,L10621,longitud_onda
7044,L14925c72,longitud_onda
7045,L10621,longitud_onda
7047,L10621,longitud_onda
7048,L6915,longitud_onda
7049,L17684,longitud_onda
7050,L17684,longitud_onda
7051,L17684,longitud_onda
7052,L5951,longitud_onda
7056,L6915,longitud_onda
7057,L17684,longitud_onda
7062,L21568,longitud_onda
7062,L22145,longitud_onda
7063,L21568,longitud_onda
7063,L22145,longitud_onda
7064,L21568,longitud_onda
7064,L22145,longitud_onda
7065,L3501,longitud_onda
7066,L10621,longitud_onda
7068,L2138c153,longitud_onda
7069,L4498,longitud_onda
7070,L3469,longitud_onda
7071,L366,longitud_onda
7072,L10621,longitud_onda
7072,L3448,longitud_onda
7073,L3469,longitud_onda
7074,L4498,longitud_onda
7075,L4498,longitud_onda
7076,L3469,longitud_onda
7077,L3513,longitud_onda
7082,L10621,longitud_onda
7083,L1406,longitud_onda
7084,L11267,longitud_onda
7085,L10621,longitud_onda
7085,L3448,longitud_onda
7087,L10621,longitud_onda
7088,L12120,longitud_onda
7089,L1614,longitud_onda
7090,L10621,longitud_onda
7091,L3469,longitud_onda
7092,L10621,longitud_onda
7093,L4498,longitud_onda
7094,L3469,longitud_onda
7095,L3469,longitud_onda
7096,L3469,longitud_onda
7097,L1406,longitud_onda
7098,L1406,longitud_onda
7099,L369,longitud_onda
7100,L17684,longitud_onda
7101,L17684,longitud_onda
7102,L17684,longitud_onda
7103,L17684,longitud_onda
7104,L17684,longitud_onda
7105,L17684,longitud_onda
7106,L17684,longitud_onda
7107,L17684,longitud_onda
7108,L17684,longitud_onda
7109,L17684,longitud_onda
7110,L17684,longitud_onda
7111,L17684,longitud_onda
7114,L9088,longitud_onda
7115,L1406,longitud_onda
7116,L9088,longitud_onda
7117,L9088,longitud_onda
7118,L1406,longitud_onda
7119,L10621,longitud_onda
7120,L17684,longitud_onda
7121,L17684,longitud_onda
7125,L17684,longitud_onda
7126,L17684,longitud_onda
7127,L17684,longitud_onda
7128,L17684,longitud_onda
7129,L1406,longitud_onda
7130,L1406,longitud_onda
7131,L10621,longitud_onda
7132,L369,longitud_onda
7133,L11267,longitud_onda
7135,L3513,longitud_onda
7136,L17684,longitud_onda
7137,L5951,longitud_onda
7138,L9088,longitud_onda
7139,L3469,longitud_onda
7141,L3760,longitud_onda
7142,L9088,longitud_onda
7144,L3513,longitud_onda
7145,L3513,longitud_onda
7146,L10621,longitud_onda
7147,L5951,longitud_onda
7148,L5951,longitud_onda
7149,L3513,longitud_onda
7150,L1406,longitud_onda
7151,L1406,longitud_onda
7154,L369,longitud_onda
7155,L11267,longitud_onda
7156,L10621,longitud_onda
7157,L369,longitud_onda
7158,L369,longitud_onda
7160,L369,longitud_onda
7161,L369,longitud_onda
7162,L369,longitud_onda
7163,L3469,longitud_onda
7166,L9088,longitud_onda
7167,L12158,longitud_onda
7168,L12158,longitud_onda
7169,L12158,longitud_onda
7170,L3469,longitud_onda
7171,L3469,longitud_onda
7172,L7412,longitud_onda
7173,L7412,longitud_onda
7174,L7412,longitud_onda
7175,L7412,longitud_onda
7176,L7412,longitud_onda
7177,L6915,longitud_onda
7178,L11267,longitud_onda
7179,L7412,longitud_onda
7180,L6915,longitud_onda
7181,L3469,longitud_onda
7182,L3469,longitud_onda
7183,L1406,longitud_onda
7184,L1406,longitud_onda
7185,L10621,longitud_onda
7186,L9088,longitud_onda
7187,L3469,longitud_onda
7188,L1406,longitud_onda
7189,L3469,longitud_onda
7191,L1176,longitud_onda
7192,L1176,longitud_onda
7193,L1176,longitud_onda
7194,L3469,longitud_onda
7195,L1406,longitud_onda
7196,L3469,longitud_onda
7197,L4498,longitud_onda
7198,L12175c183,longitud_onda
7199,L4498,longitud_onda
7200,L4498,longitud_onda
7201,L12120,longitud_onda
7202,L7397,longitud_onda
7203,L10621,longitud_onda
7204,L7397,longitud_onda
7206,L10621,longitud_onda
7207,L4498,longitud_onda
7208,L3469,longitud_onda
7209,L369,longitud_onda
7210,L6915,longitud_onda
7211,L4498,longitud_onda
7212,L10621,longitud_onda
7213,L10621,longitud_onda
7214,L11267,longitud_onda
7215,L6915,longitud_onda
7216,L6915,longitud_onda
7217,L6915,longitud_onda
7218,L369,longitud_onda
7219,L10621,longitud_onda
7220,L6915,longitud_onda
7222,L3469,longitud_onda
7223,L369,longitud_onda
7224,L10621,longitud_onda
7226,L3469,longitud_onda
7229,L10621,longitud_onda
7230,L11267,longitud_onda
7231,L6915,longitud_onda
7232,L3469,longitud_onda
7233,L10621,longitud_onda
7234,L10621,longitud_onda
7235,L10621,longitud_onda
7236,L10621,longitud_onda
7237,L6915,longitud_onda
7238,L1176,longitud_onda
7239,L10621,longitud_onda
7240,L3469,longitud_onda
7241,L6915,longitud_onda
7242,L6915,longitud_onda
7243,L3469,longitud_onda
7244,L1176,longitud_onda
7245,L1176,longitud_onda
7246,L1406,longitud_onda
7247,L1406,longitud_onda
7248,L6915,longitud_onda
7249,L1176,longitud_onda
7250,L1176,longitud_onda
7251,L10621,longitud_onda
7252,L3469,longitud_onda
7253,L3469,longitud_onda
7254,L3469,longitud_onda
7256,L6915,longitud_onda
7257,L21568,longitud_onda
7258,L21568,longitud_onda
7259,L21568,longitud_onda
7260,L10621,longitud_onda
7263,L11529c153,longitud_onda
7264,L6915,longitud_onda
7265,L11267,longitud_onda
7266,L12120,longitud_onda
7267,L1176,longitud_onda
7268,L1406,longitud_onda
7269,L369,longitud_onda
7270,L10621,longitud_onda
7271,L10621,longitud_onda
7272,L10621,longitud_onda
7273,L3469,longitud_onda
7274,L6915,longitud_onda
7275,L3469,longitud_onda
7276,L6915,longitud_onda
7277,L3469,longitud_onda
7278,L11267,longitud_onda
7279,L10621,longitud_onda
7280,L10621,longitud_onda
7281,L10621,longitud_onda
7282,L4498,longitud_onda
7283,L1176,longitud_onda
7284,L10621,longitud_onda
7285,L6915,longitud_onda
7286,L1176,longitud_onda
7287,L10621,longitud_onda
7288,L10621,longitud_onda
7291,L3469,longitud_onda
7292,L10621,longitud_onda
7294,L1176,longitud_onda
7295,L10621,longitud_onda
7296,L3469,longitud_onda
7297,L3469,longitud_onda
7298,L10621,longitud_onda
7299,L10621,longitud_onda
7300,L10621,longitud_onda
7301,L3469,longitud_onda
7302,L10621,longitud_onda
7302,L3448,longitud_onda
7303,L1176,longitud_onda
7304,L10621,longitud_onda
7306,L1176,longitud_onda
7307,L3469,longitud_onda
7309,L3469,longitud_onda
7310,L10621,longitud_onda
7310,L3448,longitud_onda
7311,L11267,longitud_onda
7312,L3469,longitud_onda
7313,L1176,longitud_onda
7316,L1406,longitud_onda
7317,L10621,longitud_onda
7318,L9088,longitud_onda
7319,L1176,longitud_onda
7322,L11529c153,longitud_onda
7323,L10621,longitud_onda
7324,L1406,longitud_onda
7326,L3501,longitud_onda
7327,L3501,longitud_onda
7328,L3501,longitud_onda
7329,L3501,longitud_onda
7330,L10621,longitud_onda
7332,L1176,longitud_onda
7333,L1176,longitud_onda
7334,L3469,longitud_onda
7335,L10621,longitud_onda
7336,L10621,longitud_onda
7337,L10621,longitud_onda
7338,L12158,longitud_onda
7339,L12158,longitud_onda
7340,L12158,longitud_onda
7341,L12158,longitud_onda
7342,L12158,longitud_onda
7343,L12158,longitud_onda
7344,L12158,longitud_onda
7345,L12158,longitud_onda
7346,L12158,longitud_onda
7347,L21568,longitud_onda
7348,L21568,longitud_onda
7349,L21568,longitud_onda
7350,L11267,longitud_onda
7351,L10621,longitud_onda
7352,L10621,longitud_onda
7353,L10621,longitud_onda
7354,L11267,longitud_onda
7355,L10621,longitud_onda
7356,L12158,longitud_onda
7357,L12158,longitud_onda
7358,L12158,longitud_onda
7359,L10621,longitud_onda
7360,L3451,longitud_onda
7361,L10621,longitud_onda
7362,L11267,longitud_onda
7363,L10621,longitud_onda
7364,L4498,longitud_onda
7365,L10621,longitud_onda
7365,L3448,longitud_onda
7366,L3469,longitud_onda
7367,L9088,longitud_onda
7368,L1406,longitud_onda
7369,L3469,longitud_onda
7370,L10621,longitud_onda
7371,L3469,longitud_onda
7373,c60,longitud_onda
7378,c61,longitud_onda
7379,L7436c29,longitud_onda
7381,c62,longitud_onda
7384,L1406,longitud_onda
7385,L17684,longitud_onda
7386,L10621,longitud_onda
7387,L1406,longitud_onda
7388,L17684,longitud_onda
7389,L10621,longitud_onda
7390,L10621,longitud_onda
7391,L10621,longitud_onda
7392,L10621,longitud_onda
7393,L17684,longitud_onda
7394,L17684,longitud_onda
7395,L10621,longitud_onda
7396,L10621,longitud_onda
7397,L3469,longitud_onda
7398,L3469,longitud_onda
7399,L11267,longitud_onda
7400,L10621,longitud_onda
7400,L3448,longitud_onda
7401,L3469,longitud_onda
7402,L3469,longitud_onda
7403,L10621,longitud_onda
7404,L1406,longitud_onda
7405,L10621,longitud_onda
7406,L10621,longitud_onda
7407,L10621,longitud_onda
7407,L3448,longitud_onda
7408,L17684,longitud_onda
7409,L1406,longitud_onda
7410,L10621,longitud_onda
7410,L3448,longitud_onda
7411,L10621,longitud_onda
7411,L3448,longitud_onda
7412,L11267,longitud_onda
7414,L10621,longitud_onda
7415,L10621,longitud_onda
7417,L17684,longitud_onda
7419,L10621,longitud_onda
7420,L10621,longitud_onda
7421,L10621,longitud_onda
7422,L3469,longitud_onda
7423,L11267,longitud_onda
7424,L3469,longitud_onda
7425,L10621,longitud_onda
7426,L3469,longitud_onda
7427,L10621,longitud_onda
7428,L12158,longitud_onda
7429,L12158,longitud_onda
7430,L12158,longitud_onda
7431,L3469,longitud_onda
7432,L3469,longitud_onda
7433,L7292,longitud_onda
7435,L3469,longitud_onda
7436,L1406,longitud_onda
7437,L10621,longitud_onda
7438,L10621,longitud_onda
7438,L3448,longitud_onda
7439,L1176,longitud_onda
7442,L3760,longitud_onda
7443,L1176,longitud_onda
7444,L1176,longitud_onda
7445,L10621,longitud_onda
7446,L1176,longitud_onda
7447,L1406,longitud_onda
7448,L1176,longitud_onda
7449,L12158,longitud_onda
7450,L12158,longitud_onda
7451,L12158,longitud_onda
7452,L12158,longitud_onda
7453,L12158,longitud_onda
7454,L12158,longitud_onda
7455,L12158,longitud_onda
7456,L12158,longitud_onda
7457,L12158,longitud_onda
7458,L12175c183,longitud_onda
7459,L10621,longitud_onda
7460,L3469,longitud_onda
7461,L3469,longitud_onda
7462,L1176,longitud_onda
7463,L1176,longitud_onda
7464,L1176,longitud_onda
7465,L1176,longitud_onda
7466,L1176,longitud_onda
7467,L10621,longitud_onda
7469,L3469,longitud_onda
7470,L3469,longitud_onda
7471,L1176,longitud_onda
7472,L1176,longitud_onda
7474,L3469,longitud_onda
7475,L3469,longitud_onda
7476,L9088,longitud_onda
7477,L10621,longitud_onda
7478,L10621,longitud_onda
7479,L10621,longitud_onda
7480,L1406,longitud_onda
7481,L5951,longitud_onda
7483,L7292,longitud_onda
7485,L5951,longitud_onda
7486,L1406,longitud_onda
7488,L11267,longitud_onda
7490,L5951,longitud_onda
7491,L11267,longitud_onda
7493,L14926,longitud_onda
7494,L9088,longitud_onda
7499,L3469,longitud_onda
7500,L3469,longitud_onda
7501,L3469,longitud_onda
7502,L3469,longitud_onda
7503,L3469,longitud_onda
7504,L3469,longitud_onda
7505,L7292,longitud_onda
7506,L10621,longitud_onda
7507,L3469,longitud_onda
7508,L1406,longitud_onda
7509,L3469,longitud_onda
7510,L10621,longitud_onda
7511,L5951,longitud_onda
7512,L3469,longitud_onda
7514,L3469,longitud_onda
7515,L3469,longitud_onda
7516,L3469,longitud_onda
7517,L12158,longitud_onda
7518,L12158,longitud_onda
7519,L12158,longitud_onda
7520,L10621,longitud_onda
7522,L3469,longitud_onda
7523,L10621,longitud_onda
7524,L4743,longitud_onda
7525,L1176,longitud_onda
7526,L5951,longitud_onda
7527,L3469,longitud_onda
7528,L1406,longitud_onda
7529,L1176,longitud_onda
7530,L1176,longitud_onda
7531,L1176,longitud_onda
7532,L1406,longitud_onda
7533,L3469,longitud_onda
7535,L1406,longitud_onda
7536,L9088,longitud_onda
7537,L9088,longitud_onda
7538,L5951,longitud_onda
7539,L1176,longitud_onda
7540,L3469,longitud_onda
7542,L10621,longitud_onda
7542,L3448,longitud_onda
7543,L3469,longitud_onda
7544,L9088,longitud_onda
7545,L3469,longitud_onda
7546,L10621,longitud_onda
7546,L3448,longitud_onda
7547,L3469,longitud_onda
7548,L5951,longitud_onda
7549,L4498,longitud_onda
7550,L3451,longitud_onda
7551,L4498,longitud_onda
7552,L7292,longitud_onda
7553,L1406,longitud_onda
7554,L3469,longitud_onda
7556,L3469,longitud_onda
7557,L9088,longitud_onda
7558,L5951,longitud_onda
7559,L5951,longitud_onda
7560,L5951,longitud_onda
7561,L9088,longitud_onda
7562,L3469,longitud_onda
7563,L1406,longitud_onda
7564,L5951,longitud_onda
7565,L5951,longitud_onda
7566,L1406,longitud_onda
7567,L12120,longitud_onda
7568,L12120,longitud_onda
7569,L12120,longitud_onda
7570,L1406,longitud_onda
7571,L1406,longitud_onda
7572,L1406,longitud_onda
7573,L4498,longitud_onda
7574,L3513,longitud_onda
7575,L3469,longitud_onda
7576,L3451,longitud_onda
7577,L3469,longitud_onda
7580,L10621,longitud_onda
7581,L1406,longitud_onda
7582,L14925c72,longitud_onda
7583,L5951,longitud_onda
7584,L5951,longitud_onda
7586,L5951,longitud_onda
7587,L3469,longitud_onda
7588,L3469,longitud_onda
7589,L1406,longitud_onda
7590,L3469,longitud_onda
7591,L3469,longitud_onda
7595,L5951,longitud_onda
7596,L10621,longitud_onda
7597,L10621,longitud_onda
7598,L3469,longitud_onda
7600,L3469,longitud_onda
7601,L9088,longitud_onda
7602,L369,longitud_onda
7603,L3469,longitud_onda
7606,L369,longitud_onda
7607,L10621,longitud_onda
7608,L10621,longitud_onda
7609,L3513,longitud_onda
7612,L369,longitud_onda
7613,L10621,longitud_onda
7614,L10621,longitud_onda
7615,L10621,longitud_onda
7615,L3448,longitud_onda
7616,L1406,longitud_onda
7617,L3469,longitud_onda
7618,L3469,longitud_onda
7619,L3469,longitud_onda
7620,L3469,longitud_onda
7622,L3469,longitud_onda
7623,L3469,longitud_onda
7624,L3469,longitud_onda
7625,L1406,longitud_onda
7626,L9088,longitud_onda
7627,L1406,longitud_onda
7628,L1406,longitud_onda
7629,L9088,longitud_onda
7631,L7292,longitud_onda
7632,L17684,longitud_onda
7633,L17684,longitud_onda
7634,L17684,longitud_onda
7635,L17684,longitud_onda
7636,L3469,longitud_onda
7637,L17684,longitud_onda
7638,L17684,longitud_onda
7640,L17684,longitud_onda
7641,L17684,longitud_onda
7642,L17684,longitud_onda
7643,L10621,longitud_onda
7645,L4498,longitud_onda
7647,L1406,longitud_onda
7648,L3469,longitud_onda
7649,L10621,longitud_onda
7650,L10621,longitud_onda
7651,L17684,longitud_onda
7652,L17684,longitud_onda
7653,L3469,longitud_onda
7654,L3451,longitud_onda
7657,L17684,longitud_onda
7658,L10621,longitud_onda
7659,L3469,longitud_onda
7660,L1406,longitud_onda
7661,L12158,longitud_onda
7662,L12158,longitud_onda
7663,L10621,longitud_onda
7664,L5951,longitud_onda
7665,L10621,longitud_onda
7666,L3469,longitud_onda
7667,L3469,longitud_onda
7668,L14926,longitud_onda
7669,L14926,longitud_onda
7670,L14926,longitud_onda
7671,L14926,longitud_onda
7672,L14926,longitud_onda
7673,L1406,longitud_onda
7674,L366,longitud_onda
7675,L12120,longitud_onda
7676,L12120,longitud_onda
7677,L3469,longitud_onda
7678,L3469,longitud_onda
7679,L12120,longitud_onda
7681,L3469,longitud_onda
7682,L1406,longitud_onda
7683,L7292,longitud_onda
7686,L12158,longitud_onda
7687,L12158,longitud_onda
7688,L9088c153,longitud_onda
7689,L17684,longitud_onda
7690,L17684,longitud_onda
7692,L10621,longitud_onda
7693,L1406,longitud_onda
7694,L17684,longitud_onda
7695,L17684,longitud_onda
7696,L17684,longitud_onda
7697,L17684,longitud_onda
7698,L3469,longitud_onda
7699,L7292,longitud_onda
7701,L10621,longitud_onda
7702,L3451,longitud_onda
7704,L10621,longitud_onda
7705,L10621,longitud_onda
7706,L10621,longitud_onda
7708,L10621,longitud_onda
7709,L21568,longitud_onda
7710,L21568,longitud_onda
7711,L21568,longitud_onda
7712,L4498,longitud_onda
7713,L3469,longitud_onda
7715,L3469,longitud_onda
7716,L3469,longitud_onda
7717,L3469,longitud_onda
7718,L3469,longitud_onda
7719,L3469,longitud_onda
7720,L1406,longitud_onda
7723,L9088,longitud_onda
7724,L3469,longitud_onda
7725,L5951,longitud_onda
7726,L3469,longitud_onda
7727,L3469,longitud_onda
7728,L7292,longitud_onda
7731,L9088,longitud_onda
7732,L3469,longitud_onda
7733,L1406,longitud_onda
7734,L1406,longitud_onda
7735,L3469,longitud_onda
7736,L3469,longitud_onda
7737,L1406,longitud_onda
7738,L3469,longitud_onda
7739,L3469,longitud_onda
7740,L3469,longitud_onda
7741,L1406,longitud_onda
7742,L3469,longitud_onda
7743,L1406,longitud_onda
7744,L1406,longitud_onda
7745,L1406,longitud_onda
7746,L7292,longitud_onda
7747,L5951,longitud_onda
7748,L1406,longitud_onda
7749,L9088c153,longitud_onda
7750,L1406,longitud_onda
7751,L5951,longitud_onda
7752,L7292,longitud_onda
7753,L3469,longitud_onda
7754,L2771,longitud_onda
7755,L1406,longitud_onda
7756,L3469,longitud_onda
7757,L3469,longitud_onda
7758,L3469,longitud_onda
7759,L3469,longitud_onda
7760,L1406,longitud_onda
7761,L3469,longitud_onda
7762,L3513,longitud_onda
7764,L3469,longitud_onda
7765,L1406,longitud_onda
7766,L1406,longitud_onda
7767,L1406,longitud_onda
7768,L12158,longitud_onda
7769,L12158,longitud_onda
7770,L12158,longitud_onda
7771,L1406,longitud_onda
7772,L4498,longitud_onda
7773,L1406,longitud_onda
7774,L4498,longitud_onda
7775,L3451,longitud_onda
7776,L4498,longitud_onda
7777,L3469,longitud_onda
7778,L11267,longitud_onda
7779,L3451,longitud_onda
7780,L12158,longitud_onda
7781,L12158,longitud_onda
7782,L12158,longitud_onda
7783,L1406,longitud_onda
7784,L1406,longitud_onda
7785,L1406,longitud_onda
7786,L1406,longitud_onda
7787,L3469,longitud_onda
7788,L3469,longitud_onda
7789,L3469,longitud_onda
7790,L3469,longitud_onda
7791,L12158,longitud_onda
7792,L12158,longitud_onda
7793,L12158,longitud_onda
7795,L7430,longitud_onda
7796,L3469,longitud_onda
7797,L1406,longitud_onda
7798,L7292,longitud_onda
7799,L9088,longitud_onda
7800,L1406,longitud_onda
7801,L3469,longitud_onda
7802,L3469,longitud_onda
7803,L3469,longitud_onda
7804,L3469,longitud_onda
7805,L3469,longitud_onda
7809,L1406,longitud_onda
7810,L1406,longitud_onda
7811,L3469,longitud_onda
7812,L10621,longitud_onda
7814,L9088c153,longitud_onda
7815,L12175,longitud_onda
7816,L9088,longitud_onda
7817,L7292,longitud_onda
7818,L3469,longitud_onda
7819,L3469,longitud_onda
7820,L3469,longitud_onda
7821,L1406,longitud_onda
7822,L1406,longitud_onda
7823,L21345,longitud_onda
7823,L4743,longitud_onda
7824,L4498,longitud_onda
7825,L3469,longitud_onda
7826,L3469,longitud_onda
7827,L1406,longitud_onda
7828,L3451,longitud_onda
7829,L1406,longitud_onda
7830,L3469,longitud_onda
7831,L9088,longitud_onda
7832,L1406,longitud_onda
7833,L7292,longitud_onda
7834,L1406,longitud_onda
7835,L3469,longitud_onda
7836,L3451,longitud_onda
7837,L3469,longitud_onda
7838,L3469,longitud_onda
7839,L3469,longitud_onda
7840,L3469,longitud_onda
7841,L9088,longitud_onda
7842,L1406,longitud_onda
7843,L10621,longitud_onda
7844,L3469,longitud_onda
7845,L3469,longitud_onda
7846,L10621,longitud_onda
7847,L12158,longitud_onda
7848,L12158,longitud_onda
7849,L12158,longitud_onda
7850,L12158,longitud_onda
7851,L12158,longitud_onda
7852,L12158,longitud_onda
7853,L12158,longitud_onda
7854,L12158,longitud_onda
7855,L10621,longitud_onda
7855,L3448,longitud_onda
7856,L9088,longitud_onda
7857,L3513,longitud_onda
7859,L10621,longitud_onda
7860,L7397,longitud_onda
7861,L7397,longitud_onda
7862,L7397,longitud_onda
7863,L10621,longitud_onda
7865,L3469,longitud_onda
7866,L1406,longitud_onda
7867,L3469,longitud_onda
7868,L3469,longitud_onda
7869,L1406,longitud_onda
7870,L3513,longitud_onda
7871,L3501,longitud_onda
7872,L3469,longitud_onda
7873,L10621,longitud_onda
7874,L7292,longitud_onda
7875,L12158,longitud_onda
7876,L12158,longitud_onda
7877,L12158,longitud_onda
7878,L12158,longitud_onda
7879,L12158,longitud_onda
7880,L12158,longitud_onda
7881,L12158,longitud_onda
7882,L1406,longitud_onda
7883,L10621,longitud_onda
7884,L10621,longitud_onda
7885,L12120,longitud_onda
7886,L12120,longitud_onda
7888,L1406,longitud_onda
7889,L1406,longitud_onda
7890,L10621,longitud_onda
7891,L10621,longitud_onda
7892,L3513,longitud_onda
7893,L7292,longitud_onda
7894,L1406,longitud_onda
7895,L5951,longitud_onda
7896,L1406,longitud_onda
7897,L3469,longitud_onda
7898,L7292,longitud_onda
7899,L1176,longitud_onda
7900,L1176,longitud_onda
7901,L21568,longitud_onda
7902,L21568,longitud_onda
7903,L21568,longitud_onda
7904,L10621,longitud_onda
7905,L3513,longitud_onda
7906,L12175c183,longitud_onda
7907,L9088,longitud_onda
7908,L1176,longitud_onda
7909,L12175c183,longitud_onda
7910,L1176,longitud_onda
7912,L3469,longitud_onda
7913,L9088,longitud_onda
7914,L3451,longitud_onda
7915,L3469,longitud_onda
7916,L1176,longitud_onda
7917,L3513,longitud_onda
7919,L5951,longitud_onda
7920,L1406,longitud_onda
7921,L7292,longitud_onda
7922,L4498,longitud_onda
7923,L3469,longitud_onda
7924,L1176,longitud_onda
7926,L6915,longitud_onda
7927,L1176,longitud_onda
7929,L3469,longitud_onda
7930,L3469,longitud_onda
7931,L6915,longitud_onda
7932,L3513,longitud_onda
7933,L3469,longitud_onda
7934,L10621,longitud_onda
7935,L3469,longitud_onda
7936,L3469,longitud_onda
7937,L3451,longitud_onda
7938,L3469,longitud_onda
7939,L1406,longitud_onda
7940,L1406,longitud_onda
7941,L10621,longitud_onda
7942,L10621,longitud_onda
7943,L1406,longitud_onda
7944,L6915,longitud_onda
7945,L7292,longitud_onda
7946,L1406,longitud_onda
7947,L6915,longitud_onda
7949,L3469,longitud_onda
7950,L3469,longitud_onda
7961,L3451,longitud_onda
7963,L1406,longitud_onda
7964,L3451,longitud_onda
7965,L6915,longitud_onda
7967,L3469,longitud_onda
7968,L3469,longitud_onda
7969,L12158,longitud_onda
7970,L12158,longitud_onda
7971,L12158,longitud_onda
7972,L12158,longitud_onda
7973,L12158,longitud_onda
7974,L12158,longitud_onda
7975,L12158,longitud_onda
7976,L12158,longitud_onda
7977,L3469,longitud_onda
7979,L4498,longitud_onda
7980,L10621,longitud_onda
7981,L1406,longitud_onda
7982,L10621,longitud_onda
7986,L7292,longitud_onda
7988,L2138,longitud_onda
7989,L3501,longitud_onda
7990,L3501,longitud_onda
7992,L3501,longitud_onda
7993,L3501,longitud_onda
7994,L3501,longitud_onda
7995,L3501,longitud_onda
7996,L12158,longitud_onda
7997,L12158,longitud_onda
7998,L12158,longitud_onda
7999,L6915,longitud_onda
8001,L6915,longitud_onda
8002,L2138,longitud_onda
8003,L10621,longitud_onda
8004,L2138,longitud_onda
8005,L2138,longitud_onda
8006,L3501,longitud_onda
8007,L7292,longitud_onda
8009,L3501,longitud_onda
8010,L1406,longitud_onda
8013,L4498,longitud_onda
8014,L7292,longitud_onda
8015,L4498,longitud_onda
8016,L10621,longitud_onda
8017,L3469,longitud_onda
8018,L3469,longitud_onda
8020,L3469,longitud_onda
8021,L3469,longitud_onda
8022,L3469,longitud_onda
8023,L3469,longitud_onda
8024,L1406,longitud_onda
8025,L7292,longitud_onda
8026,L3469,longitud_onda
8027,L1406,longitud_onda
8028,L10621,longitud_onda
8029,L10621,longitud_onda
8030,L3469,longitud_onda
8031,L10621,longitud_onda
8033,L3469,longitud_onda
8035,L10621,longitud_onda
8036,L10621,longitud_onda
8037,L3469,longitud_onda
8039,L1406,longitud_onda
8040,L1406,longitud_onda
8041,L10621,longitud_onda
8043,L10621,longitud_onda
8044,L10621,longitud_onda
8046,L1406,longitud_onda
8048,L3469,longitud_onda
8049,L1406,longitud_onda
8050,L10621,longitud_onda
8051,L2138,longitud_onda
8052,L10621,longitud_onda
8054,L4498,longitud_onda
8055,L12158,longitud_onda
8056,L12158,longitud_onda
8057,L12158,longitud_onda
8058,L10621,longitud_onda
8059,L2138,longitud_onda
8061,L3451,longitud_onda
8062,L10621,longitud_onda
8062,L3448,longitud_onda
8064,L10621,longitud_onda
8065,L10621,longitud_onda
8066,L4498,longitud_onda
8067,L483,longitud_onda
8068,L483,longitud_onda
8069,L483,longitud_onda
8072,L10621,longitud_onda
8073,L1406,longitud_onda
8074,L4498,longitud_onda
8075,L4498,longitud_onda
8076,L4498,longitud_onda
8078,L4498,longitud_onda
8079,L4498,longitud_onda
8080,L3469,longitud_onda
8081,L1406,longitud_onda
8082,L14926,longitud_onda
8083,L14926,longitud_onda
8084,L366,longitud_onda
8085,L1406,longitud_onda
8086,L4498,longitud_onda
8087,L1406,longitud_onda
8088,L1406,longitud_onda
8089,L4498,longitud_onda
8090,L4498,longitud_onda
8091,L7292,longitud_onda
8092,L12120,longitud_onda
8093,L4498,longitud_onda
8095,L1406,longitud_onda
8096,L1406,longitud_onda
8098,L4498,longitud_onda
8100,L3469,longitud_onda
8101,L3469,longitud_onda
8103,L3469,longitud_onda
8104,L3469,longitud_onda
8105,L3469,longitud_onda
8106,L7292,longitud_onda
8107,L1176,longitud_onda
8108,L1406,longitud_onda
8109,L1406,longitud_onda
8111,L1406,longitud_onda
8113,L17684,longitud_onda
8114,L369,longitud_onda
8115,L1176,longitud_onda
8117,L17684,longitud_onda
8118,L1176,longitud_onda
8119,L1406,longitud_onda
8120,L1176,longitud_onda
8121,L17684,longitud_onda
8122,L17684,longitud_onda
8123,L10621,longitud_onda
8124,L17684,longitud_onda
8126,L1176,longitud_onda
8127,L1176,longitud_onda
8128,L3451,longitud_onda
8129,L4498,longitud_onda
8130,L10621,longitud_onda
8131,L3469,longitud_onda
8132,L10621,longitud_onda
8133,L3451,longitud_onda
8134,L3469,longitud_onda
8135,L3469,longitud_onda
8136,L7292,longitud_onda
8137,L1614,longitud_onda
8138,L12175c183,longitud_onda
8139,L12175c183,longitud_onda
8140,L1614,longitud_onda
8141,L12175c183,longitud_onda
8142,L1406,longitud_onda
8143,L12175c183,longitud_onda
8144,L12175c183,longitud_onda
8151,L1406,longitud_onda
8155,L10621,longitud_onda
8156,L10621,longitud_onda
8158,L17684,longitud_onda
8160,L2138,longitud_onda
8162,L7292,longitud_onda
8163,L3469,longitud_onda
8165,L3469,longitud_onda
8166,L1406,longitud_onda
8167,L17684,longitud_onda
8168,L3469,longitud_onda
8171,L12120,longitud_onda
8172,L12120,longitud_onda
8173,L12120,longitud_onda
8174,L12120,longitud_onda
8175,L3513,longitud_onda
8176,L3501,longitud_onda
8177,L7292,longitud_onda
8180,L4498,longitud_onda
8181,L4498,longitud_onda
8182,L3469,longitud_onda
8183,L17684,longitud_onda
8185,L17684,longitud_onda
8187,L17684,longitud_onda
8188,L1406,longitud_onda
8189,L17684,longitud_onda
8190,L7292,longitud_onda
8191,L3469,longitud_onda
8194,L3469,longitud_onda
8195,L21568,longitud_onda
8195,L1176,longitud_onda
8196,L21568,longitud_onda
8196,L1176,longitud_onda
8197,L21568,longitud_onda
8197,L1176,longitud_onda
8199,L3469,longitud_onda
8200,L3513,longitud_onda
8201,L2138,longitud_onda
8202,L12158,longitud_onda
8203,L12158,longitud_onda
8204,L2138,longitud_onda
8205,L3469,longitud_onda
8206,L3451,longitud_onda
8208,L4498,longitud_onda
8210,L17684,longitud_onda
8211,L3469,longitud_onda
8213,L3469,longitud_onda
8214,L17684,longitud_onda
8215,L3451,longitud_onda
8216,L4498,longitud_onda
8217,L3469,longitud_onda
8219,L4498,longitud_onda
8221,L4498,longitud_onda
8222,L3469,longitud_onda
8223,L3469,longitud_onda
8224,L17684,longitud_onda
8225,L7292,longitud_onda
8226,L7292,longitud_onda
8227,L12158,longitud_onda
8228,L12158,longitud_onda
8229,L12158,longitud_onda
8231,L3469,longitud_onda
8232,L17684,longitud_onda
8233,L3451,longitud_onda
8236,L2138,longitud_onda
8237,L2138,longitud_onda
8238,L3469,longitud_onda
8241,L3469,longitud_onda
8243,L1560,longitud_onda
8246,L10621,longitud_onda
8247,L10621,longitud_onda
8248,L3469,longitud_onda
8249,L3469,longitud_onda
8250,L3513,longitud_onda
8251,L2138,longitud_onda
8253,L483,longitud_onda
8254,L483,longitud_onda
8255,L483,longitud_onda
8256,L3469,longitud_onda
8257,L3469,longitud_onda
8258,L12158,longitud_onda
8259,L12158,longitud_onda
8260,L12158,longitud_onda
8261,L7292,longitud_onda
8262,L2138,longitud_onda
8263,L5964,longitud_onda
8265,L5964,longitud_onda
8266,L10621,longitud_onda
8268,L5964,longitud_onda
8269,L10621,longitud_onda
8270,L12158,longitud_onda
8271,L12158,longitud_onda
8272,L12158,longitud_onda
8273,L2138,longitud_onda
8274,L369,longitud_onda
8275,L3469,longitud_onda
8278,L10621,longitud_onda
8280,L9496,longitud_onda
8281,c63,longitud_onda
8282,L9477,longitud_onda
8284,L9496,longitud_onda
8285,L9477,longitud_onda
8286,c64,longitud_onda
8287,L7439c30,longitud_onda
8289,c65,longitud_onda
8292,L1176,longitud_onda
8293,L4498,longitud_onda
8294,L4498,longitud_onda
8295,L10621,longitud_onda
8296,L4498,longitud_onda
8297,L7292,longitud_onda
8298,L4498,longitud_onda
8299,L1176,longitud_onda
8300,L4498,longitud_onda
8303,L10621,longitud_onda
8304,L10621,longitud_onda
8305,L2138,longitud_onda
8307,L7393,longitud_onda
8308,L3501,longitud_onda
8309,L3501,longitud_onda
8310,L3501,longitud_onda
8311,L3469,longitud_onda
8312,L3451,longitud_onda
8313,L4498,longitud_onda
8314,L3469,longitud_onda
8315,L17684,longitud_onda
8316,L12175c183,longitud_onda
8317,L17684,longitud_onda
8318,L10621,longitud_onda
8319,L7292,longitud_onda
8320,L3469,longitud_onda
8321,L17684,longitud_onda
8322,L3513,longitud_onda
8324,L3469,longitud_onda
8325,L12175c183,longitud_onda
8326,L1406,longitud_onda
8327,L3469,longitud_onda
8329,L10621,longitud_onda
8330,L2138,longitud_onda
8332,L3513,longitud_onda
8335,L14926,longitud_onda
8336,L17684,longitud_onda
8337,L10621,longitud_onda
8338,L17684,longitud_onda
8339,L7292,longitud_onda
8340,L3469,longitud_onda
8341,L12175c183,longitud_onda
8342,L369,longitud_onda
8343,L3513,longitud_onda
8344,L1406,longitud_onda
8345,L7292,longitud_onda
8346,L12120,longitud_onda
8347,L10621,longitud_onda
8348,L17684,longitud_onda
8349,L10621,longitud_onda
8350,L17684,longitud_onda
8351,L7292,longitud_onda
8352,L3513,longitud_onda
8353,L2138,longitud_onda
8354,L1176,longitud_onda
8355,L4498,longitud_onda
8356,L10621,longitud_onda
8357,L3451,longitud_onda
8358,L7292,longitud_onda
8359,L1176,longitud_onda
8360,L1176,longitud_onda
8361,L7481,longitud_onda
8362,L3513,longitud_onda
8363,L1176,longitud_onda
8373,L7397,longitud_onda
8374,L7397,longitud_onda
8375,L4498,longitud_onda
8376,L3469,longitud_onda
8377,L3469,longitud_onda
8378,L3469,longitud_onda
8379,L3513,longitud_onda
8380,L21568,longitud_onda
8382,L17684,longitud_onda
8383,L3513,longitud_onda
8385,L7292,longitud_onda
8386,L3469,longitud_onda
8387,L2138,longitud_onda
8389,L3469,longitud_onda
8390,L2138,longitud_onda
8391,L3469,longitud_onda
8392,L3469,longitud_onda
8394,L3513,longitud_onda
8395,L369,longitud_onda
8396,L3513,longitud_onda
8397,L3469,longitud_onda
8398,L3513,longitud_onda
8399,L3451,longitud_onda
8401,L4498,longitud_onda
8402,L3513,longitud_onda
8403,L2138,longitud_onda
8404,L3513,longitud_onda
8405,L7292,longitud_onda
8408,L17684,longitud_onda
8409,L17684,longitud_onda
8411,L17684,longitud_onda
8412,L17684,longitud_onda
8413,L3469,longitud_onda
8415,L14926,longitud_onda
8416,L3513,longitud_onda
8417,L17684,longitud_onda
8418,L17684,longitud_onda
8419,L17684,longitud_onda
8420,L17684,longitud_onda
8421,L17684,longitud_onda
8426,L7292,longitud_onda
8428,L17684,longitud_onda
8429,L17684,longitud_onda
8430,L17684,longitud_onda
8431,L3513,longitud_onda
8433,L7292,longitud_onda
8434,L4498,longitud_onda
8435,L1176,longitud_onda
8436,L1176,longitud_onda
8437,L4498,longitud_onda
8438,L4498,longitud_onda
8439,L3451,longitud_onda
8440,L3501,longitud_onda
8441,L17684,longitud_onda
8442,L17684,longitud_onda
8444,L17684,longitud_onda
8446,L1176,longitud_onda
8447,L17684,longitud_onda
8448,L3469,longitud_onda
8449,L1176,longitud_onda
8450,L17684,longitud_onda
8451,L17684,longitud_onda
8452,L10621,longitud_onda
8454,L3469,longitud_onda
8456,L1176,longitud_onda
8457,L1176,longitud_onda
8458,L3513,longitud_onda
8459,L2138,longitud_onda
8460,L3469,longitud_onda
8462,L3469,longitud_onda
8463,L1176,longitud_onda
8464,L14925c72,longitud_onda
8466,L1176,longitud_onda
8467,L12175c183,longitud_onda
8468,L4498,longitud_onda
8469,L17684,longitud_onda
8470,L2138,longitud_onda
8471,L17684,longitud_onda
8472,L2138c153,longitud_onda
8473,L3469,longitud_onda
8474,L17684,longitud_onda
8475,L17684,longitud_onda
8477,L10621,longitud_onda
8479,L4498,longitud_onda
8480,L3451,longitud_onda
8481,L17684,longitud_onda
8482,L4498,longitud_onda
8483,L1406,longitud_onda
8484,L4498,longitud_onda
8485,L7292,longitud_onda
8486,L3469,longitud_onda
8487,L4498,longitud_onda
8488,L483,longitud_onda
8489,L483,longitud_onda
8490,L483,longitud_onda
8491,L17684,longitud_onda
8492,L3469,longitud_onda
8493,L10621,longitud_onda
8494,L4498,longitud_onda
8495,L9088,longitud_onda
8497,L3451,longitud_onda
8498,L1176,longitud_onda
8499,L10621,longitud_onda
8501,L1406,longitud_onda
8502,L3451,longitud_onda
8503,L1176,longitud_onda
8504,L1176,longitud_onda
8505,L1176,longitud_onda
8507,L3451,longitud_onda
8508,L1176,longitud_onda
8509,L4498,longitud_onda
8510,L1176,longitud_onda
8511,L1176,longitud_onda
8512,L1176,longitud_onda
8513,L4498,longitud_onda
8514,L1176,longitud_onda
8515,L3469,longitud_onda
8516,L1176,longitud_onda
8517,L1176,longitud_onda
8518,L1176,longitud_onda
8519,L3451,longitud_onda
8520,L4498,longitud_onda
8522,L1176,longitud_onda
8523,L12120,longitud_onda
8524,L12120,longitud_onda
8525,L12120,longitud_onda
8526,L1176,longitud_onda
8527,L3469,longitud_onda
8534,L1176,longitud_onda
8535,L1176,longitud_onda
8536,L1406,longitud_onda
8537,L1176,longitud_onda
8540,L1176,longitud_onda
8543,L3469,longitud_onda
8544,L1176,longitud_onda
8545,L3451,longitud_onda
8546,L3469,longitud_onda
8547,L4498,longitud_onda
8548,L1176,longitud_onda
8550,L4498,longitud_onda
8551,L1176,longitud_onda
8552,L3451,longitud_onda
8554,L17684,longitud_onda
8555,L3451,longitud_onda
8556,L17684,longitud_onda
8557,L2138c153,longitud_onda
8558,L3451,longitud_onda
8559,L3451,longitud_onda
8560,L17684,longitud_onda
8561,L10621,longitud_onda
8562,L4498,longitud_onda
8569,L369,longitud_onda
8573,L10621,longitud_onda
8576,L1406,longitud_onda
8580,L3469,longitud_onda
8586,L3451,longitud_onda
8587,L1406,longitud_onda
8589,L10621,longitud_onda
8590,L3451,longitud_onda
8592,L4498,longitud_onda
8593,L7292,longitud_onda
8594,L1406,longitud_onda
8597,L1406,longitud_onda
8609,L1406,longitud_onda
8610,L1406,longitud_onda
8611,L3451,longitud_onda
8612,L3469,longitud_onda
8613,L10621,longitud_onda
8615,L3451,longitud_onda
8616,L3451,longitud_onda
8617,L1406,longitud_onda
8618,L1406,longitud_onda
8619,L3451,longitud_onda
8620,L12158,longitud_onda
8621,L1406,longitud_onda
8622,L12158,longitud_onda
8623,L12158,longitud_onda
8624,L3451,longitud_onda
8625,L7481,longitud_onda
8626,L1406,longitud_onda
8627,L1406,longitud_onda
8628,L3451,longitud_onda
8629,L1406,longitud_onda
8630,L1406,longitud_onda
8634,L1406,longitud_onda
8635,L1176,longitud_onda
8638,L1176,longitud_onda
8639,L12158,longitud_onda
8640,L12158,longitud_onda
8641,L1176,longitud_onda
8642,L1176,longitud_onda
8643,L1176,longitud_onda
8644,L1176,longitud_onda
8645,L1176,longitud_onda
8646,L2771,longitud_onda
8647,L12120,longitud_onda
8648,L12120,longitud_onda
8649,L12120,longitud_onda
8650,L1406,longitud_onda
8651,L17684,longitud_onda
8652,L12158,longitud_onda
8654,L12158,longitud_onda
8655,L1235,longitud_onda
8655,L3354,longitud_onda
8656,L1235,longitud_onda
8656,L3354,longitud_onda
8657,L1235,longitud_onda
8657,L3354,longitud_onda
8658,L1235,longitud_onda
8658,L3354,longitud_onda
8659,L1235,longitud_onda
8659,L3354,longitud_onda
8660,L1235,longitud_onda
8660,L3354,longitud_onda
8661,L1235,longitud_onda
8661,L3354,longitud_onda
8662,L1235,longitud_onda
8662,L3354,longitud_onda
8663,L1235,longitud_onda
8663,L3354,longitud_onda
8664,L1235,longitud_onda
8664,L3354,longitud_onda
8665,L3451,longitud_onda
8673,L7481,longitud_onda
8674,L3451,longitud_onda
8676,L17684,longitud_onda
8677,L3513,longitud_onda
8680,L1176,longitud_onda
8681,L17684,longitud_onda
8682,L1176,longitud_onda
8683,L1176,longitud_onda
8685,L17684,longitud_onda
8686,L3513,longitud_onda
8687,L17684,longitud_onda
8688,L3451,longitud_onda
8692,L17684,longitud_onda
8693,L17684,longitud_onda
8694,L17684,longitud_onda
8695,L17684,longitud_onda
8696,L2138c153,longitud_onda
8697,L3451,longitud_onda
8698,L17684,longitud_onda
8700,L17684,longitud_onda
8703,L4498,longitud_onda
8704,L1614,longitud_onda
8705,L4498,longitud_onda
8706,L17684,longitud_onda
8708,L3469,longitud_onda
8710,L10621,longitud_onda
8711,L17684,longitud_onda
8712,L7292,longitud_onda
8715,L3760,longitud_onda
8716,L3760,longitud_onda
8721,L3760,longitud_onda
8724,L4498,longitud_onda
8727,L3760,longitud_onda
8728,L3451,longitud_onda
8729,L1176,longitud_onda
8730,L4498,longitud_onda
8732,L1176,longitud_onda
8733,L3469,longitud_onda
8735,L1176,longitud_onda
8736,L1176,longitud_onda
8737,L1176,longitud_onda
8738,L1176,longitud_onda
8740,L3451,longitud_onda
8741,L21568,longitud_onda
8741,L1176,longitud_onda
8742,L21568,longitud_onda
8742,L1176,longitud_onda
8743,L21568,longitud_onda
8743,L1176,longitud_onda
8744,L3469,longitud_onda
8745,L4498,longitud_onda
8746,L3451,longitud_onda
8748,L10621,longitud_onda
8750,L12120,longitud_onda
8751,L3451,longitud_onda
8753,L3469,longitud_onda
8756,L4498,longitud_onda
8757,L4498,longitud_onda
8758,L4498,longitud_onda
8760,L3469,longitud_onda
8761,L3451,longitud_onda
8762,L4498,longitud_onda
8763,L4498,longitud_onda
8765,L4498,longitud_onda
8767,L1176,longitud_onda
8768,L1176,longitud_onda
8769,L1176,longitud_onda
8770,L1176,longitud_onda
8771,L3451,longitud_onda
8774,L10621,longitud_onda
8775,L7292,longitud_onda
8776,L1406,longitud_onda
8777,L1406,longitud_onda
8778,L10621,longitud_onda
8780,L10621,longitud_onda
8781,L12175c183,longitud_onda
8782,L1406,longitud_onda
8783,L1406,longitud_onda
8784,L10621,longitud_onda
8785,L4498,longitud_onda
8788,L1406,longitud_onda
8789,L1406,longitud_onda
8792,L1406,longitud_onda
8793,L1406,longitud_onda
8794,L10621,longitud_onda
8795,L12120,longitud_onda
8796,L1614,longitud_onda
8797,L1406,longitud_onda
8798,L1406,longitud_onda
8799,L1406,longitud_onda
8800,L1406,longitud_onda
8801,L11267,longitud_onda
8804,L3451,longitud_onda
8806,L2138c153,longitud_onda
8814,L12158,longitud_onda
8815,L12158,longitud_onda
8816,L12158,longitud_onda
8817,L1406,longitud_onda
8818,L1406,longitud_onda
8822,L10621,longitud_onda
8823,L3469,longitud_onda
8824,L12158,longitud_onda
8825,L12158,longitud_onda
8826,L12158,longitud_onda
8828,L1406,longitud_onda
8830,L1406,longitud_onda
8839,L3451,longitud_onda
8840,L12158,longitud_onda
8841,L12158,longitud_onda
8842,L10621,longitud_onda
8843,L3451,longitud_onda
8844,L1406,longitud_onda
8845,L3469,longitud_onda
8846,L10621,longitud_onda
8847,L3451,longitud_onda
8848,L3760,longitud_onda
8849,L3760,longitud_onda
8850,L3760,longitud_onda
8851,L2138,longitud_onda
8852,L1614,longitud_onda
8856,L12158,longitud_onda
8857,L12158,longitud_onda
8858,L12158,longitud_onda
8860,L3469,longitud_onda
8861,L3451,longitud_onda
8865,L10621,longitud_onda
8872,L1176,longitud_onda
8875,L1176,longitud_onda
8876,L7397,longitud_onda
8878,L7397,longitud_onda
8879,L1176,longitud_onda
8881,L1176,longitud_onda
8882,L1176,longitud_onda
8887,L3451,longitud_onda
8888,L3513,longitud_onda
8890,L694,longitud_onda
8891,L694,longitud_onda
8892,L4498,longitud_onda
8893,L2138,longitud_onda
8895,L2138,longitud_onda
8896,L3469,longitud_onda
8897,L3469,longitud_onda
8906,L2138,longitud_onda
8907,L17684,longitud_onda
8908,L17684,longitud_onda
8912,L7441,longitud_onda
8914,L2138,longitud_onda
8916,L17684,longitud_onda
8919,L17684,longitud_onda
8922,L2138c153,longitud_onda
8923,L3451,longitud_onda
8925,L17684,longitud_onda
8926,L1176,longitud_onda
8927,L3513,longitud_onda
8929,L1176,longitud_onda
8930,L3451,longitud_onda
8932,L7481,longitud_onda
8933,L17684,longitud_onda
8935,L17684,longitud_onda
8937,L17684,longitud_onda
8938,L17684,longitud_onda
8941,L17684,longitud_onda
8942,L17684,longitud_onda
8943,L17684,longitud_onda
8944,L17684,longitud_onda
8945,L17684,longitud_onda
8947,L7481,longitud_onda
8949,L17684,longitud_onda
8954,L2031,longitud_onda
8955,L2031,longitud_onda
8956,L2031,longitud_onda
8957,L4498,longitud_onda
8960,L4498,longitud_onda
8961,L3451,longitud_onda
8962,L4498,longitud_onda
8963,L694,longitud_onda
8964,L694,longitud_onda
8971,L4498,longitud_onda
8973,L2138c153,longitud_onda
8974,L7481,longitud_onda
8975,L3760,longitud_onda
8977,L10621,longitud_onda
8979,L3469,longitud_onda
8981,L369,longitud_onda
8982,L4498,longitud_onda
8983,L7441,longitud_onda
8985,L17684,longitud_onda
8986,L17684,longitud_onda
8987,L10621,longitud_onda
8988,L2138,longitud_onda
8989,L10621,longitud_onda
8990,L17684,longitud_onda
8991,L17684,longitud_onda
8992,L2138,longitud_onda
8993,L7481,longitud_onda
8994,L2138c153,longitud_onda
8995,L7481,longitud_onda
8996,L17684,longitud_onda
8998,u30,longitud_onda
8999,u30,longitud_onda
9000,L1176,longitud_onda
9001,L2138,longitud_onda
9002,L694,longitud_onda
9003,L694,longitud_onda
9004,L1176,longitud_onda
9005,L2138,longitud_onda
9006,L3451,longitud_onda
9010,L4498,longitud_onda
9011,L3451,longitud_onda
9012,L7481,longitud_onda
9013,L1406,longitud_onda
9014,L1176,longitud_onda
9015,L3451,longitud_onda
9016,L3513,longitud_onda
9017,L7481,longitud_onda
9018,L17684,longitud_onda
9019,L7481,longitud_onda
9021,L3513,longitud_onda
9022,L3513,longitud_onda
9023,L3469,longitud_onda
9024,L3513,longitud_onda
9025,L7481,longitud_onda
9026,L3451,longitud_onda
9027,L17684,longitud_onda
9028,L1176,longitud_onda
9029,L7481,longitud_onda
9030,L1176,longitud_onda
9031,L1176,longitud_onda
9032,L7481,longitud_onda
9033,L1176,longitud_onda
9034,L3513,longitud_onda
9035,L1176,longitud_onda
9037,L1176,longitud_onda
9038,L4498,longitud_onda
9040,L4498,longitud_onda
9041,L3451,longitud_onda
9042,L4498,longitud_onda
9043,L17684,longitud_onda
9052,L1406,longitud_onda
9054,L3513,longitud_onda
9055,L3451,longitud_onda
9056,L4498,longitud_onda
9057,L3513,longitud_onda
9060,L10621,longitud_onda
9063,L3451,longitud_onda
9064,L10621,longitud_onda
9065,L694,longitud_onda
9066,L694,longitud_onda
9067,L694,longitud_onda
9068,L4498,longitud_onda
9069,L3451,longitud_onda
9070,L3513,longitud_onda
9074,L17684,longitud_onda
9075,L4498,longitud_onda
9082,L10621,longitud_onda
9083,L10621,longitud_onda
9091,L2138,longitud_onda
9093,L1176,longitud_onda
9094,L17684,longitud_onda
9095,L21568,longitud_onda
9098,L17684,longitud_onda
9099,L17684,longitud_onda
9100,L17684,longitud_onda
9101,L17684,longitud_onda
9102,L4498,longitud_onda
9103,L3451,longitud_onda
9104,L17684,longitud_onda
9105,L17684,longitud_onda
9106,L17684,longitud_onda
9107,L10621,longitud_onda
9108,L3451,longitud_onda
9110,L17684,longitud_onda
9111,L4498,longitud_onda
9112,L17684,longitud_onda
9113,L1176,longitud_onda
9114,L6232,longitud_onda
9115,L17684,longitud_onda
9116,L3451,longitud_onda
9117,L6232,longitud_onda
9118,L2138,longitud_onda
9119,L6232,longitud_onda
9120,L1176,longitud_onda
9121,L1176,longitud_onda
9122,L17684,longitud_onda
9123,L1176,longitud_onda
9124,L4498,longitud_onda
9125,L3513,longitud_onda
9127,L1176,longitud_onda
9128,L1176,longitud_onda
9129,L10621,longitud_onda
9130,L17684,longitud_onda
9131,L17684,longitud_onda
9132,L7292,longitud_onda
9133,L3513,longitud_onda
9134,L1176,longitud_onda
9135,L483,longitud_onda
9136,L17684,longitud_onda
9137,L4498,longitud_onda
9138,L17684,longitud_onda
9139,L4498,longitud_onda
9140,L3451,longitud_onda
9144,L366,longitud_onda
9145,L366,longitud_onda
9146,L366,longitud_onda
9147,L366,longitud_onda
9148,L366,longitud_onda
9149,L17684,longitud_onda
9151,L7292,longitud_onda
9156,L1176,longitud_onda
9157,L17684,longitud_onda
9158,L1176,longitud_onda
9161,L1176,longitud_onda
9162,L17684,longitud_onda
9172,L4498,longitud_onda
9174,L4498,longitud_onda
9175,L3451,longitud_onda
9176,L3451,longitud_onda
9177,L10621,longitud_onda
9178,L3451,longitud_onda
9179,L1176,longitud_onda
9181,L17684,longitud_onda
9182,L7292,longitud_onda
9184,L1176,longitud_onda
9185,L3451,longitud_onda
9186,L4498,longitud_onda
9187,L1176,longitud_onda
9189,L3513,longitud_onda
9190,L3513,longitud_onda
9191,L4498,longitud_onda
9192,L4498,longitud_onda
9193,L17684,longitud_onda
9194,L3513,longitud_onda
9196,L3513,longitud_onda
9197,L694,longitud_onda
9198,L694,longitud_onda
9199,L694,longitud_onda
9200,L17684,longitud_onda
9201,L7292,longitud_onda
9202,L17684,longitud_onda
9203,L17684,longitud_onda
9204,L7481,longitud_onda
9205,L17684,longitud_onda
9206,L3513,longitud_onda
9208,L3760,longitud_onda
9209,L3760,longitud_onda
9210,L3760,longitud_onda
9211,L3760,longitud_onda
9212,L3760,longitud_onda
9214,L7481,longitud_onda
9216,L3451,longitud_onda
9217,L17684,longitud_onda
9218,L7481,longitud_onda
9219,L3451,longitud_onda
9220,L4498,longitud_onda
9221,L17684,longitud_onda
9222,L17684,longitud_onda
9223,L17684,longitud_onda
9224,L3451,longitud_onda
9225,L7292,longitud_onda
9226,L17684,longitud_onda
9227,L17684,longitud_onda
9228,L4498,longitud_onda
9229,L17684,longitud_onda
9230,L17684,longitud_onda
9232,L3451,longitud_onda
9233,L17684,longitud_onda
9234,L17684,longitud_onda
9237,L4498,longitud_onda
9240,L7481,longitud_onda
9241,L3760,longitud_onda
9242,L17684,longitud_onda
9243,L3513,longitud_onda
9244,L3451,longitud_onda
9245,L17684,longitud_onda
9246,L17684,longitud_onda
9247,L17684,longitud_onda
9248,L17684,longitud_onda
9249,L17684,longitud_onda
9250,L3513,longitud_onda
9251,L17684,longitud_onda
9252,L17684,longitud_onda
9253,L17684,longitud_onda
9254,L17684,longitud_onda
9255,L12120,longitud_onda
9256,L12120,longitud_onda
9257,L12120,longitud_onda
9258,L17684,longitud_onda
9259,L7481,longitud_onda
9260,L17684,longitud_onda
9261,L17684,longitud_onda
9266,L7292,longitud_onda
9268,L1176,longitud_onda
9269,L7481,longitud_onda
9270,L17684,longitud_onda
9271,L3469,longitud_onda
9272,L17684,longitud_onda
9273,L17684,longitud_onda
9274,L3451,longitud_onda
9275,L3760,longitud_onda
9276,L3760,longitud_onda
9277,L3760,longitud_onda
9278,L7481,longitud_onda
9280,L17684,longitud_onda
9281,L3451,longitud_onda
9285,L17684,longitud_onda
9286,L17684,longitud_onda
9288,L7292,longitud_onda
9289,L17684,longitud_onda
9290,L17684,longitud_onda
9291,L7481,longitud_onda
9292,L12120,longitud_onda
9293,L10621,longitud_onda
9297,L17684,longitud_onda
9298,L17684,longitud_onda
9299,L17684,longitud_onda
9300,L1176,longitud_onda
9301,L7292,longitud_onda
9302,L1176,longitud_onda
9303,L17684,longitud_onda
9304,L17684,longitud_onda
9305,L17684,longitud_onda
9306,L1176,longitud_onda
9308,L10621,longitud_onda
9309,L7397,longitud_onda
9311,L7397,longitud_onda
9312,L3760,longitud_onda
9313,L17684,longitud_onda
9314,L17684,longitud_onda
9315,L1406,longitud_onda
9316,L1406,longitud_onda
9317,L10621,longitud_onda
9318,L17684,longitud_onda
9320,L17684,longitud_onda
9323,L4498,longitud_onda
9324,L17684,longitud_onda
9326,L3451,longitud_onda
9327,L1406,longitud_onda
9332,L3469,longitud_onda
9333,L7292,longitud_onda
9337,L12120,longitud_onda
9338,L12120,longitud_onda
9339,L12120,longitud_onda
9340,L7481,longitud_onda
9341,L4498,longitud_onda
9343,L1176,longitud_onda
9344,L1176,longitud_onda
9345,L1176,longitud_onda
9346,L10621,longitud_onda
9348,L3760,longitud_onda
9351,L4498,longitud_onda
9354,L3760,longitud_onda
9357,L3760,longitud_onda
9358,L7292,longitud_onda
9359,L1406,longitud_onda
9360,L3513,longitud_onda
9362,L4498,longitud_onda
9365,L3451,longitud_onda
9366,L4498,longitud_onda
9369,L3451,longitud_onda
9370,L4498,longitud_onda
9375,L3451,longitud_onda
9376,L3451,longitud_onda
9381,L10621,longitud_onda
9383,L4498,longitud_onda
9384,L3451,longitud_onda
9387,L7481,longitud_onda
9388,L3451,longitud_onda
9389,L10621,longitud_onda
9392,L7292,longitud_onda
9396,L1406,longitud_onda
9397,L4498,longitud_onda
9401,L4743,longitud_onda
9402,L17684,longitud_onda
9405,L1406,longitud_onda
9406,L7481,longitud_onda
9408,L17684,longitud_onda
9409,L694,longitud_onda
9410,L694,longitud_onda
9411,L694,longitud_onda
9412,L1176,longitud_onda
9413,L17684,longitud_onda
9414,L3451,longitud_onda
9415,L369,longitud_onda
9416,L3469,longitud_onda
9417,L1176,longitud_onda
9418,L1406,longitud_onda
9425,L3469,longitud_onda
9426,L1406,longitud_onda
9427,L1176,longitud_onda
9428,L1176,longitud_onda
9429,L3760,longitud_onda
9430,L21568,longitud_onda
9430,L1176,longitud_onda
9431,L1406,longitud_onda
9432,L4498,longitud_onda
9433,L1176,longitud_onda
9434,L1176,longitud_onda
9435,L3760,longitud_onda
9436,L7292,longitud_onda
9439,L1406,longitud_onda
9440,L1406,longitud_onda
9441,L4498,longitud_onda
9443,L1176,longitud_onda
9444,L4498,longitud_onda
9445,L12158,longitud_onda
9446,L12158,longitud_onda
9447,L12158,longitud_onda
9449,L1176,longitud_onda
9450,L12120,longitud_onda
9453,L1176,longitud_onda
9454,L17684,longitud_onda
9455,L3451,longitud_onda
9456,L1176,longitud_onda
9457,L1406,longitud_onda
9461,L1406,longitud_onda
9462,L7292,longitud_onda
9463,L1406,longitud_onda
9464,L1406,longitud_onda
9466,L4498,longitud_onda
9469,L1406,longitud_onda
9479,L3451,longitud_onda
9482,L4498,longitud_onda
9483,L7292,longitud_onda
9484,L17684,longitud_onda
9485,L17684,longitud_onda
9487,L17684,longitud_onda
9488,L1406,longitud_onda
9490,L7481,longitud_onda
9491,L12120,longitud_onda
9492,L12120,longitud_onda
9493,L12120,longitud_onda
9494,L4498,longitud_onda
9496,L12120,longitud_onda
9498,L10621,longitud_onda
9501,L4498,longitud_onda
9502,L3760,longitud_onda
9504,L3760,longitud_onda
9505,L17684,longitud_onda
9506,L3513,longitud_onda
9507,L7292,longitud_onda
9509,L1176,longitud_onda
9510,L17684,longitud_onda
9512,L21568,longitud_onda
9513,L17684,longitud_onda
9516,L3469,longitud_onda
9517,L7292,longitud_onda
9521,L4498,longitud_onda
9522,L3513,longitud_onda
9523,L17684,longitud_onda
9524,L7481,longitud_onda
9525,L17684,longitud_onda
9527,L3513,longitud_onda
9528,L4498,longitud_onda
9529,L3513,longitud_onda
9530,L3513,longitud_onda
9531,L2138,longitud_onda
9536,L3513,longitud_onda
9537,L3513,longitud_onda
9539,L3451,longitud_onda
9540,L3760,longitud_onda
9541,L3760,longitud_onda
9542,L1176,longitud_onda
9543,L1176,longitud_onda
9544,L1176,longitud_onda
9545,L1176,longitud_onda
9546,L3760,longitud_onda
9547,L10621,longitud_onda
9549,L6336,longitud_onda
9550,L6336,longitud_onda
9551,L6336,longitud_onda
9552,L3513,longitud_onda
9553,L21568,longitud_onda
9553,L1176,longitud_onda
9554,L21568,longitud_onda
9554,L1176,longitud_onda
9555,L21568,longitud_onda
9555,L1176,longitud_onda
9556,L7481,longitud_onda
9557,L3513,longitud_onda
9558,L6336,longitud_onda
9559,L6336,longitud_onda
9561,L4743,longitud_onda
9562,L6336,longitud_onda
9563,L10621,longitud_onda
9564,L10621,longitud_onda
9565,L3513,longitud_onda
9566,L3513,longitud_onda
9567,L3513,longitud_onda
9568,L3513,longitud_onda
9569,L10621,longitud_onda
9570,L3513,longitud_onda
9571,L11267,longitud_onda
9572,L6336,longitud_onda
9573,L6336,longitud_onda
9574,L3513,longitud_onda
9576,L10621,longitud_onda
9577,L6336,longitud_onda
9578,L6336,longitud_onda
9579,L11267,longitud_onda
9580,L6336,longitud_onda
9581,L3513,longitud_onda
9582,L6336,longitud_onda
9583,L6336,longitud_onda
9584,L11267,longitud_onda
9585,L6336,longitud_onda
9586,L6336,longitud_onda
9588,L10621,longitud_onda
9589,L3513,longitud_onda
9590,L7292,longitud_onda
9592,L6336,longitud_onda
9593,L6336,longitud_onda
9594,L10621,longitud_onda
9595,L1406,longitud_onda
9596,L1406,longitud_onda
9598,L1406,longitud_onda
9599,L1406,longitud_onda
9605,L1406,longitud_onda
9606,L1406,longitud_onda
9610,L7292,longitud_onda
9612,L10621,longitud_onda
9613,L6336,longitud_onda
9614,L1406,longitud_onda
9615,L1406,longitud_onda
9616,L11267,longitud_onda
9617,L6336,longitud_onda
9618,L1406,longitud_onda
9619,L1406,longitud_onda
9630,L12158,longitud_onda
9631,L12158,longitud_onda
9632,L12158,longitud_onda
9635,L10621,longitud_onda
9636,L6336,longitud_onda
9637,L1406,longitud_onda
9638,L1406,longitud_onda
9639,L6336,longitud_onda
9644,L6336,longitud_onda
9645,L6336,longitud_onda
9646,L6336,longitud_onda
9647,L6336,longitud_onda
9648,L6336,longitud_onda
9649,L12158,longitud_onda
9650,L12158,longitud_onda
9651,L12158,longitud_onda
9652,L1406,longitud_onda
9653,L6336,longitud_onda
9654,L1406,longitud_onda
9655,L11267,longitud_onda
9656,L11267,longitud_onda
9659,L10621,longitud_onda
9660,L10621,longitud_onda
9661,L11267,longitud_onda
9671,L2752,longitud_onda
9672,c67,longitud_onda
9673,c68,longitud_onda
9674,L6891c38,longitud_onda
9677,c66,longitud_onda
9678,L6891c38,longitud_onda
9679,L7400c29,longitud_onda
9680,c69,longitud_onda
9681,L2752,longitud_onda
9682,c71,longitud_onda
9683,c70,longitud_onda
9694,L4743,longitud_onda
9695,L10621,longitud_onda
9696,L17684,longitud_onda
9697,L7481,longitud_onda
9698,L10621,longitud_onda
9699,L12120,longitud_onda
9700,L1406,longitud_onda
9701,L1406,longitud_onda
9703,L22145,longitud_onda
9703,L21572,longitud_onda
9704,L17684,longitud_onda
9705,L7481,longitud_onda
9707,L22145,longitud_onda
9707,L21572,longitud_onda
9710,L17684,longitud_onda
9711,L17684,longitud_onda
9712,L10621,longitud_onda
9713,L17684,longitud_onda
9714,L17684,longitud_onda
9717,L17684,longitud_onda
9718,L7292,longitud_onda
9720,L17684,longitud_onda
9721,L4498,longitud_onda
9723,L3760,longitud_onda
9724,L17684,longitud_onda
9726,L3513,longitud_onda
9727,L17684,longitud_onda
9730,L17684,longitud_onda
9731,L1176,longitud_onda
9732,L1176,longitud_onda
9733,L1176,longitud_onda
9734,L3513,longitud_onda
9736,L11267,longitud_onda
9737,L11267,longitud_onda
9738,L10621,longitud_onda
9742,L12158,longitud_onda
9743,L12158,longitud_onda
9744,L12158,longitud_onda
9745,L3513,longitud_onda
9746,L4498,longitud_onda
9747,L7441,longitud_onda
9748,L10621,longitud_onda
9757,L3513,longitud_onda
9758,L10621,longitud_onda
9759,L3513,longitud_onda
9761,L7481,longitud_onda
9762,L2138,longitud_onda
9764,L3451,longitud_onda
9765,L10621,longitud_onda
9766,L3513,longitud_onda
9767,L3760,longitud_onda
9768,L17684,longitud_onda
9769,L17684,longitud_onda
9770,L17684,longitud_onda
9771,L3513,longitud_onda
9772,L17684,longitud_onda
9774,L17684,longitud_onda
9775,L17684,longitud_onda
9777,L10621,longitud_onda
9778,L5951,longitud_onda
9780,L17684,longitud_onda
9781,L17684,longitud_onda
9782,L10621,longitud_onda
9783,L366,longitud_onda
9784,L7292,longitud_onda
9786,L17684,longitud_onda
9788,L17684,longitud_onda
9790,L17684,longitud_onda
9791,L7481,longitud_onda
9795,L7397,longitud_onda
9796,L7397,longitud_onda
9797,L7481,longitud_onda
9799,L17684,longitud_onda
9807,L7292,longitud_onda
9808,L12120,longitud_onda
9809,L10621,longitud_onda
9811,L4498,longitud_onda
9812,L10621,longitud_onda
9813,L3513,longitud_onda
9815,L1176,longitud_onda
9816,L1176,longitud_onda
9817,L1176,longitud_onda
9818,L21568,longitud_onda
9819,L21568,longitud_onda
9820,L1176,longitud_onda
9821,L21568,longitud_onda
9822,L483,longitud_onda
9826,L1176,longitud_onda
9827,L1176,longitud_onda
9829,L1176,longitud_onda
9831,L1176,longitud_onda
9832,L1176,longitud_onda
9833,L4498,longitud_onda
9834,L1176,longitud_onda
9836,L1176,longitud_onda
9837,L1176,longitud_onda
9839,L2138c153,longitud_onda
9840,L1176,longitud_onda
9841,L12158,longitud_onda
9842,L12158,longitud_onda
9844,L4498,longitud_onda
9846,L7481,longitud_onda
9847,L10621,longitud_onda
9851,L1176,longitud_onda
9852,L1176,longitud_onda
9853,L1176,longitud_onda
9857,L12120,longitud_onda
9858,L4743,longitud_onda
9859,L4743,longitud_onda
9860,L4743,longitud_onda
9861,L1176,longitud_onda
9862,L1176,longitud_onda
9863,L7481,longitud_onda
9865,L1176,longitud_onda
9866,L1176,longitud_onda
9869,L11267,longitud_onda
9870,L1176,longitud_onda
9871,L2138,longitud_onda
9875,L21568,longitud_onda
9875,L22145,longitud_onda
9876,L21568,longitud_onda
9876,L22145,longitud_onda
9877,L21568,longitud_onda
9877,L22145,longitud_onda
9879,L17684,longitud_onda
9881,L7481,longitud_onda
9882,L11267,longitud_onda
9883,L10621,longitud_onda
9885,L7481,longitud_onda
9888,L10621,longitud_onda
9890,L7481,longitud_onda
9894,L483,longitud_onda
9897,L483,longitud_onda
9898,L483,longitud_onda
9899,L483,longitud_onda
9900,L10621,longitud_onda
9902,L10621,longitud_onda
9905,L7481,longitud_onda
9906,L10621,longitud_onda
9907,L10621,longitud_onda
9908,L7481,longitud_onda
9909,L10621,longitud_onda
9912,L10621,longitud_onda
9915,L17684,longitud_onda
9916,L3451,longitud_onda
9917,L10621,longitud_onda
9918,L17684,longitud_onda
9921,L2138c153,longitud_onda
9924,L17684,longitud_onda
9925,L7481,longitud_onda
9934,L4743,longitud_onda
9937,L3760,longitud_onda
9940,L3760,longitud_onda
9949,L3451,longitud_onda
9952,L12120,longitud_onda
9953,L12120,longitud_onda
9954,L3451,longitud_onda
9955,L12120,longitud_onda
9956,L7481,longitud_onda
9957,L1176,longitud_onda
9961,L9097,longitud_onda
9962,L1176,longitud_onda
9963,L17684,longitud_onda
9964,L3451,longitud_onda
9965,L1176,longitud_onda
9966,L9097,longitud_onda
9967,L14925c72,longitud_onda
9968,L14925c72,longitud_onda
9969,L366,longitud_onda
9971,L1406,longitud_onda
9973,L17684,longitud_onda
9974,L17684,longitud_onda
9975,L10621,longitud_onda
9976,L17684,longitud_onda
9977,L17684,longitud_onda
9979,L17684,longitud_onda
9980,L17684,longitud_onda
9981,L21568,longitud_onda
9981,L22145,longitud_onda
9982,L21568,longitud_onda
9982,L22145,longitud_onda
9983,L21568,longitud_onda
9983,L22145,longitud_onda
9984,L17684,longitud_onda
9985,L10621,longitud_onda
9986,L17684,longitud_onda
9987,L9097,longitud_onda
9988,L1176,longitud_onda
9989,L1176,longitud_onda
9990,L17684,longitud_onda
9991,L17684,longitud_onda
9992,L17684,longitud_onda
9993,L1176,longitud_onda
9994,L17684,longitud_onda
9995,L17684,longitud_onda
9996,L1176,longitud_onda
9997,L1176,longitud_onda
9998,L17684,longitud_onda
9999,L1176,longitud_onda
10000,L7481,longitud_onda
10001,L10621,longitud_onda
10002,L11267,longitud_onda
10003,L17684,longitud_onda
10004,L1176,longitud_onda
10005,L1406,longitud_onda
10006,L1176,longitud_onda
10009,L9097,longitud_onda
10011,L2138,longitud_onda
10012,L1176,longitud_onda
10013,L10621,longitud_onda
10014,L10621,longitud_onda
10016,L483,longitud_onda
10018,L483,longitud_onda
10019,L483,longitud_onda
10020,L483,longitud_onda
10021,L10621,longitud_onda
10022,L3760,longitud_onda
10029,L21568,longitud_onda
10029,L22145,longitud_onda
10030,L21568,longitud_onda
10030,L22145,longitud_onda
10031,L21568,longitud_onda
10031,L22145,longitud_onda
10033,L10621,longitud_onda
10036,L3451,longitud_onda
10038,L369,longitud_onda
10040,L10621,longitud_onda
10043,L10621,longitud_onda
10044,L17684,longitud_onda
10045,L7481,longitud_onda
10051,L4743,longitud_onda
10053,L369,longitud_onda
10054,L5951,longitud_onda
10057,L17684,longitud_onda
10058,L17684,longitud_onda
10060,L10621,longitud_onda
10061,L1176,longitud_onda
10062,L9088,longitud_onda
10063,L1176,longitud_onda
10064,L1176,longitud_onda
10065,L17684,longitud_onda
10067,L3451,longitud_onda
10068,L10621,longitud_onda
10070,L3760,longitud_onda
10071,L3760,longitud_onda
10072,L3760,longitud_onda
10074,L10621,longitud_onda
10076,L10621,longitud_onda
10077,L10621,longitud_onda
10078,L10621,longitud_onda
10079,L10621,longitud_onda
10080,L366,longitud_onda
10081,L17684,longitud_onda
10082,L10621,longitud_onda
10083,L10621,longitud_onda
10084,L10621,longitud_onda
10085,L10621,longitud_onda
10089,L10621,longitud_onda
10090,L7481,longitud_onda
10091,L11267,longitud_onda
10092,L1406,longitud_onda
10093,L10621,longitud_onda
10094,L9097,longitud_onda
10096,L483,longitud_onda
10097,L7481,longitud_onda
10098,L7481,longitud_onda
10099,L10621,longitud_onda
10100,L7481,longitud_onda
10101,L11267,longitud_onda
10103,L10621,longitud_onda
10104,L3452,longitud_onda
10107,L3452,longitud_onda
10108,L3452,longitud_onda
10110,L7481,longitud_onda
10112,L1406,longitud_onda
10113,L10621,longitud_onda
10114,L10621,longitud_onda
10116,L1406,longitud_onda
10118,L10621,longitud_onda
10120,L10621,longitud_onda
10121,L10621,longitud_onda
10122,L17684,longitud_onda
10123,L10621,longitud_onda
10125,L10621,longitud_onda
10126,L10621,longitud_onda
10127,L10621,longitud_onda
10130,L11267,longitud_onda
10131,L10621,longitud_onda
10132,L10621,longitud_onda
10133,L10621,longitud_onda
10135,L3513,longitud_onda
10136,L7481,longitud_onda
10137,L12158,longitud_onda
10138,L12158,longitud_onda
10141,L3513,longitud_onda
10142,L3513,longitud_onda
10143,L10621,longitud_onda
10144,L10621,longitud_onda
10146,L3513,longitud_onda
10147,L7481,longitud_onda
10155,L10621,longitud_onda
10156,L3451,longitud_onda
10157,L3513,longitud_onda
10165,L17684,longitud_onda
10166,L17684,longitud_onda
10167,L2138,longitud_onda
10168,L1406,longitud_onda
10169,L3513,longitud_onda
10170,L17684,longitud_onda
10171,L17684,longitud_onda
10172,L3451,longitud_onda
10173,L9405c184,longitud_onda
10174,L9405c184,longitud_onda
10175,L3760,longitud_onda
10176,L7481,longitud_onda
10177,L3760,longitud_onda
10178,L11267,longitud_onda
10179,L3760,longitud_onda
10180,L3760,longitud_onda
10181,L7481,longitud_onda
10182,L9405c184,longitud_onda
10184,L11267,longitud_onda
10185,L3451,longitud_onda
10186,L7481,longitud_onda
10187,L1406,longitud_onda
10188,L1406,longitud_onda
10189,L483,longitud_onda
10193,L1176,longitud_onda
10194,L17684,longitud_onda
10195,L17684,longitud_onda
10197,L1176,longitud_onda
10198,L21568,longitud_onda
10198,L22145,longitud_onda
10199,L21568,longitud_onda
10199,L22145,longitud_onda
10200,L21568,longitud_onda
10200,L22145,longitud_onda
10201,L7481,longitud_onda
10202,L1176,longitud_onda
10203,L1176,longitud_onda
10204,L1176,longitud_onda
10205,L5951,longitud_onda
10206,L21568,longitud_onda
10207,L10621,longitud_onda
10208,L11267,longitud_onda
10210,L1176,longitud_onda
10211,L10621,longitud_onda
10212,L3451,longitud_onda
10214,L3451,longitud_onda
10218,L4743,longitud_onda
10219,L7481,longitud_onda
10221,L10621,longitud_onda
10222,L11267,longitud_onda
10224,L10621,longitud_onda
10225,L7481,longitud_onda
10226,L21568,longitud_onda
10226,L22145,longitud_onda
10227,L21568,longitud_onda
10227,L22145,longitud_onda
10228,L21568,longitud_onda
10228,L22145,longitud_onda
10232,L1406,longitud_onda
10233,L11267,longitud_onda
10234,L10621,longitud_onda
10235,L10621,longitud_onda
10236,L10621,longitud_onda
10237,L1406,longitud_onda
10238,L7481,longitud_onda
10239,L3513,longitud_onda
10242,L4743,longitud_onda
10244,L4743,longitud_onda
10245,L4743,longitud_onda
10246,L4743,longitud_onda
10247,L7441,longitud_onda
10248,L10621,longitud_onda
10250,L10621,longitud_onda
10251,L1406,longitud_onda
10259,L10621,longitud_onda
10260,L10621,longitud_onda
10263,L1406,longitud_onda
10264,L11267,longitud_onda
10265,L9405c184,longitud_onda
10266,L10621,longitud_onda
10267,L9405c184,longitud_onda
10268,L1406,longitud_onda
10269,L17684,longitud_onda
10271,L3760,longitud_onda
10273,L9097,longitud_onda
10275,L1406,longitud_onda
10276,L5951,longitud_onda
10277,L1406,longitud_onda
10278,L7481,longitud_onda
10279,L3513,longitud_onda
10280,L3760,longitud_onda
10281,L3760,longitud_onda
10282,L3760,longitud_onda
10283,L483,longitud_onda
10284,L9692,longitud_onda
10284,L7481,longitud_onda
10285,L366,longitud_onda
10286,L366,longitud_onda
10287,L366,longitud_onda
10288,L7481,longitud_onda
10289,L17684,longitud_onda
10290,L9097,longitud_onda
10291,L17684,longitud_onda
10292,L1406,longitud_onda
10293,L9097,longitud_onda
10294,L9097,longitud_onda
10295,L17684,longitud_onda
10296,L17684,longitud_onda
10297,L17684,longitud_onda
10298,L21568,longitud_onda
10299,L21568,longitud_onda
10300,L21568,longitud_onda
10301,L9405c184,longitud_onda
10302,L1406,longitud_onda
10303,L1406,longitud_onda
10304,L1406,longitud_onda
10305,L7481,longitud_onda
10307,L3760,longitud_onda
10310,L10621,longitud_onda
10312,L10621,longitud_onda
10313,L7481,longitud_onda
10317,L1406,longitud_onda
10320,L5951,longitud_onda
10321,L3451,longitud_onda
10322,L7481,longitud_onda
10323,L7481,longitud_onda
10324,L9097,longitud_onda
10326,L3760,longitud_onda
10327,L3451,longitud_onda
10328,L9097,longitud_onda
10329,L17684,longitud_onda
10330,L17684,longitud_onda
10331,L1406,longitud_onda
10332,L3760,longitud_onda
10333,L3760,longitud_onda
10334,L3760,longitud_onda
10335,L17684,longitud_onda
10336,L3760,longitud_onda
10337,L17684,longitud_onda
10338,L17684,longitud_onda
10339,L7481,longitud_onda
10340,L7481,longitud_onda
10342,L3760,longitud_onda
10345,L3760,longitud_onda
10346,L1406,longitud_onda
10347,L3760,longitud_onda
10348,L3760,longitud_onda
10350,L17684,longitud_onda
10351,L17684,longitud_onda
10352,L17684,longitud_onda
10353,L17684,longitud_onda
10354,L3760,longitud_onda
10355,L10621,longitud_onda
10356,L9405c184,longitud_onda
10357,L369,longitud_onda
10359,L17684,longitud_onda
10360,L1406,longitud_onda
10361,L9405c184,longitud_onda
10362,L6099,longitud_onda
10363,L2138,longitud_onda
10364,L2138,longitud_onda
10365,L1176,longitud_onda
10366,L2138,longitud_onda
10367,L1176,longitud_onda
10368,L1176,longitud_onda
10369,L7481,longitud_onda
10370,L6099,longitud_onda
10371,L17684,longitud_onda
10372,L1176,longitud_onda
10373,L9405c184,longitud_onda
10374,L1176,longitud_onda
10375,L17684,longitud_onda
10376,L1176,longitud_onda
10378,L17684,longitud_onda
10379,L1406,longitud_onda
10380,L7481,longitud_onda
10381,L1406,longitud_onda
10382,L6099,longitud_onda
10383,L1406,longitud_onda
10384,L1176,longitud_onda
10385,L7481,longitud_onda
10387,L17684,longitud_onda
10388,L3451,longitud_onda
10389,L17684,longitud_onda
10390,L1406,longitud_onda
10392,L1406,longitud_onda
10393,L4743,longitud_onda
10394,L6099,longitud_onda
10397,L3451,longitud_onda
10398,L7397,longitud_onda
10399,L7397,longitud_onda
10400,L7481,longitud_onda
10402,L9097,longitud_onda
10404,L7481,longitud_onda
10405,L3451,longitud_onda
10406,L21568,longitud_onda
10406,L22145,longitud_onda
10407,L21568,longitud_onda
10407,L22145,longitud_onda
10408,L21568,longitud_onda
10408,L22145,longitud_onda
10409,L1406,longitud_onda
10410,L1406,longitud_onda
10412,L1406,longitud_onda
10415,L4743,longitud_onda
10417,L4743,longitud_onda
10418,L7481,longitud_onda
10419,L1406,longitud_onda
10420,L1406,longitud_onda
10424,L7481,longitud_onda
10426,L1406,longitud_onda
10427,L3513,longitud_onda
10428,L3513,longitud_onda
10429,L7481,longitud_onda
10430,L1406,longitud_onda
10431,L7481,longitud_onda
10432,L3513,longitud_onda
10435,L1406,longitud_onda
10436,L7481,longitud_onda
10437,L3513,longitud_onda
10439,L694,longitud_onda
10440,L694,longitud_onda
10441,L1406,longitud_onda
10442,L1406,longitud_onda
10443,L7481,longitud_onda
10444,L21568,longitud_onda
10444,L22145,longitud_onda
10445,L21568,longitud_onda
10445,L22145,longitud_onda
10446,L21568,longitud_onda
10446,L22145,longitud_onda
10447,L3513,longitud_onda
10449,L3760,longitud_onda
10450,L3513,longitud_onda
10454,L3760,longitud_onda
10457,L3760,longitud_onda
10458,L7481,longitud_onda
10459,L7481,longitud_onda
10460,L3760,longitud_onda
10461,L21568,longitud_onda
10462,L21568,longitud_onda
10463,L21568,longitud_onda
10464,L3760,longitud_onda
10465,L3513,longitud_onda
10466,L1406,longitud_onda
10467,L9097,longitud_onda
10468,L7400c29,longitud_onda
10469,L7400c29,longitud_onda
10470,L4743,longitud_onda
10471,L7400c29,longitud_onda
10472,L7400c29,longitud_onda
10473,L3451,longitud_onda
10474,L7400c29,longitud_onda
10475,L7400c29,longitud_onda
10476,L1406,longitud_onda
10478,L9097,longitud_onda
10479,L3451,longitud_onda
10480,L7400c29,longitud_onda
10481,L7400c29,longitud_onda
10482,L7481,longitud_onda
10483,L7400c29,longitud_onda
10484,L1406,longitud_onda
10485,L1406,longitud_onda
10486,L7400c29,longitud_onda
10487,L21568,longitud_onda
10487,L22145,longitud_onda
10488,L7400c29,longitud_onda
10489,L1406,longitud_onda
10490,L4743,longitud_onda
10492,L21568,longitud_onda
10493,L21568,longitud_onda
10494,L7400c29,longitud_onda
10496,L7481,longitud_onda
10497,L7400c29,longitud_onda
10498,L3451,longitud_onda
10499,L9097,longitud_onda
10500,L7481,longitud_onda
10501,L7400c29,longitud_onda
10503,L7400c29,longitud_onda
10504,L1406,longitud_onda
10505,L1406,longitud_onda
10506,L7400c29,longitud_onda
10509,L7400c29,longitud_onda
10510,L12175c183,longitud_onda
10514,L1406,longitud_onda
10515,L1406,longitud_onda
10518,L7400c29,longitud_onda
10519,L7481,longitud_onda
10520,L1406,longitud_onda
10521,L1406,longitud_onda
10522,L7400c29,longitud_onda
10523,L1406,longitud_onda
10524,L366,longitud_onda
10525,L366,longitud_onda
10526,L366,longitud_onda
10527,L3451,longitud_onda
10528,L1406,longitud_onda
10529,L7400c29,longitud_onda
10530,L10621,longitud_onda
10531,L9097,longitud_onda
10532,L7292,longitud_onda
10534,L7400c29,longitud_onda
10535,L10621,longitud_onda
10536,L1406,longitud_onda
10537,L1406,longitud_onda
10538,L7400c29,longitud_onda
10539,L1176,longitud_onda
10540,L1176,longitud_onda
10541,L1176,longitud_onda
10542,L1176,longitud_onda
10544,L9097,longitud_onda
10545,L3451,longitud_onda
10546,L1406,longitud_onda
10547,L3760,longitud_onda
10548,L17684,longitud_onda
10549,L1406,longitud_onda
10550,L21568,longitud_onda
10551,L7400c29,longitud_onda
10552,L3513,longitud_onda
10553,L3760,longitud_onda
10554,L3760,longitud_onda
10555,L3760,longitud_onda
10556,L1406,longitud_onda
10557,L3451,longitud_onda
10560,L7400c29,longitud_onda
10561,L3451,longitud_onda
10562,L1406,longitud_onda
10563,L3451,longitud_onda
10564,L1406,longitud_onda
10565,L7400c29,longitud_onda
10566,L17684,longitud_onda
10567,L3501,longitud_onda
10569,L1406,longitud_onda
10570,L17684,longitud_onda
10571,L1406,longitud_onda
10572,L1406,longitud_onda
10573,L3451,longitud_onda
10574,L7400c29,longitud_onda
10575,L4743,longitud_onda
10578,L4743,longitud_onda
10579,L4743,longitud_onda
10580,L4743,longitud_onda
10581,L1406,longitud_onda
10583,L3513,longitud_onda
10584,L3451,longitud_onda
10585,L1406,longitud_onda
10586,L2138,longitud_onda
10587,L1406,longitud_onda
10588,L1406,longitud_onda
10595,L9097,longitud_onda
10596,L3451,longitud_onda
10597,L3513,longitud_onda
10598,L7400c29,longitud_onda
10599,L1406,longitud_onda
10601,L7481,longitud_onda
10602,L10621,longitud_onda
10603,L3513,longitud_onda
10608,L3451,longitud_onda
10609,L9097,longitud_onda
10611,L9097,longitud_onda
10612,L9097,longitud_onda
10613,L9097,longitud_onda
10616,L3513,longitud_onda
10620,L1406,longitud_onda
10621,L7400c29,longitud_onda
10623,L776,longitud_onda
10624,L5951,longitud_onda
10625,L776,longitud_onda
10626,L7481,longitud_onda
10627,L3513,longitud_onda
10628,L1406,longitud_onda
10629,L9097,longitud_onda
10630,L3513,longitud_onda
10631,L1406,longitud_onda
10632,L3451,longitud_onda
10633,L1176,longitud_onda
10634,L3513,longitud_onda
10635,L10621,longitud_onda
10636,L3513,longitud_onda
10637,L10621,longitud_onda
10638,L3513,longitud_onda
10640,L1176,longitud_onda
10641,L10621,longitud_onda
10642,L3513,longitud_onda
10643,L3513,longitud_onda
10644,L9097,longitud_onda
10645,L1406,longitud_onda
10646,L10621,longitud_onda
10647,L5951,longitud_onda
10648,L10621,longitud_onda
10649,L3513,longitud_onda
10650,L3513,longitud_onda
10651,L3513,longitud_onda
10652,L12968,longitud_onda
10653,L3513,longitud_onda
10654,L7481,longitud_onda
10655,L5951,longitud_onda
10656,L3513,longitud_onda
10657,L5951,longitud_onda
10658,L7400c29,longitud_onda
10659,L9405c184,longitud_onda
10661,L10621,longitud_onda
10662,L10621,longitud_onda
10663,L7481,longitud_onda
10665,L9097,longitud_onda
10666,L9097,longitud_onda
10673,L7481,longitud_onda
10674,L9097,longitud_onda
10675,L3451,longitud_onda
10676,L9097,longitud_onda
10678,L3451,longitud_onda
10679,L10621,longitud_onda
10682,L10621,longitud_onda
10683,L9097,longitud_onda
10684,L1176,longitud_onda
10685,L1406,longitud_onda
10686,L1406,longitud_onda
10687,L1406,longitud_onda
10688,L1406,longitud_onda
10689,L7481,longitud_onda
10690,L1176,longitud_onda
10691,L4743,longitud_onda
10693,L7481,longitud_onda
10694,L17684,longitud_onda
10695,L11267,longitud_onda
10696,L3760,longitud_onda
10697,L5951,longitud_onda
10699,L9097,longitud_onda
10700,L7481,longitud_onda
10703,L7481,longitud_onda
10704,L10621,longitud_onda
10705,L7481,longitud_onda
10709,L3451,longitud_onda
10711,L10621,longitud_onda
10712,L10621,longitud_onda
10713,L1406,longitud_onda
10714,L7400c29,longitud_onda
10719,L3451,longitud_onda
10720,L3451,longitud_onda
10721,L1406,longitud_onda
10722,L17684,longitud_onda
10723,L21568,longitud_onda
10723,L22145,longitud_onda
10724,L21568,longitud_onda
10724,L22145,longitud_onda
10725,L21568,longitud_onda
10725,L22145,longitud_onda
10726,L1406,longitud_onda
10729,L483,longitud_onda
10730,L483,longitud_onda
10731,L483,longitud_onda
10732,L483,longitud_onda
10733,L483,longitud_onda
10734,L483,longitud_onda
10735,L1406,longitud_onda
10736,L10621,longitud_onda
10737,L17684,longitud_onda
10738,L17684,longitud_onda
10739,L9097,longitud_onda
10741,L6099,longitud_onda
10742,L1406,longitud_onda
10743,L5951,longitud_onda
10744,L1406,longitud_onda
10745,L7481,longitud_onda
10746,L9405c184,longitud_onda
10748,L9405c184,longitud_onda
10749,L1406,longitud_onda
10750,L7481,longitud_onda
10751,L7481,longitud_onda
10752,L7481,longitud_onda
10754,L1406,longitud_onda
10755,L6099,longitud_onda
10756,L7481,longitud_onda
10758,L9097,longitud_onda
10759,L6099,longitud_onda
10760,L9097,longitud_onda
10762,L9097,longitud_onda
10763,L1406,longitud_onda
10764,L17684,longitud_onda
10765,L17684,longitud_onda
10766,L9097,longitud_onda
10767,L1406,longitud_onda
10768,L7481,longitud_onda
10769,L6099,longitud_onda
10772,L7481,longitud_onda
10773,L7481,longitud_onda
10775,L9097,longitud_onda
10785,L10621,longitud_onda
10786,L10621,longitud_onda
10791,L7481,longitud_onda
10799,L1406,longitud_onda
10800,L1406,longitud_onda
10801,L7389,longitud_onda
10802,L20603,longitud_onda
10805,L7481,longitud_onda
10808,L9097,longitud_onda
10809,L7481,longitud_onda
10811,L6099,longitud_onda
10812,L6099,longitud_onda
10816,L9097,longitud_onda
10819,L10621,longitud_onda
10821,L9097,longitud_onda
10822,L9097,longitud_onda
10823,L3760,longitud_onda
10825,L1406,longitud_onda
10827,L12175c183,longitud_onda
10828,L12175c183,longitud_onda
10829,L366,longitud_onda
10830,L366,longitud_onda
10831,L366,longitud_onda
10832,L366,longitud_onda
10833,L366,longitud_onda
10835,L5951,longitud_onda
10838,L1406,longitud_onda
10839,L9097,longitud_onda
10840,L12175c183,longitud_onda
10841,L10621,longitud_onda
10843,L5951,longitud_onda
10844,L1406,longitud_onda
10845,L1406,longitud_onda
10847,L12175c183,longitud_onda
10850,L1406,longitud_onda
10851,L12175c183,longitud_onda
10852,L1406,longitud_onda
10855,L6099,longitud_onda
10856,L7481,longitud_onda
10857,L6099,longitud_onda
10858,L10621,longitud_onda
10859,L1406,longitud_onda
10863,L10621,longitud_onda
10864,L10621,longitud_onda
10865,L12175c183,longitud_onda
10866,L1406,longitud_onda
10867,L6099,longitud_onda
10868,L6099,longitud_onda
10869,L3760,longitud_onda
10870,L1406,longitud_onda
10872,L3760,longitud_onda
10873,L9097,longitud_onda
10874,L3760,longitud_onda
10875,L3760,longitud_onda
10876,L7481,longitud_onda
10877,L3760,longitud_onda
10879,L1406,longitud_onda
10880,L1406,longitud_onda
10884,L1406,longitud_onda
10885,L7481,longitud_onda
10886,L9405c184,longitud_onda
10889,L483,longitud_onda
10890,L483,longitud_onda
10891,L483,longitud_onda
10892,L483,longitud_onda
10893,L483,longitud_onda
10894,L483,longitud_onda
10895,L1406,longitud_onda
10896,L6099,longitud_onda
10897,L6099,longitud_onda
10898,L10621,longitud_onda
10899,L9097,longitud_onda
10900,L1406,longitud_onda
10904,L1406,longitud_onda
10909,L551,longitud_onda
10910,L551,longitud_onda
10911,L551,longitud_onda
10912,L551,longitud_onda
10913,L551,longitud_onda
10914,L551,longitud_onda
10921,L9097,longitud_onda
10922,L9097,longitud_onda
10923,L21568,longitud_onda
10923,L22145,longitud_onda
10924,L21568,longitud_onda
10924,L22145,longitud_onda
10925,L21568,longitud_onda
10925,L22145,longitud_onda
10929,L12120,longitud_onda
10930,L12120,longitud_onda
10931,L12120,longitud_onda
10932,L9097,longitud_onda
10939,L7389,longitud_onda
10940,L1176,longitud_onda
10941,L1176,longitud_onda
10942,L1176,longitud_onda
10943,L1176,longitud_onda
10944,L7481,longitud_onda
10945,L1406,longitud_onda
10946,L7481,longitud_onda
10947,L1406,longitud_onda
10948,L10621,longitud_onda
10949,L1176,longitud_onda
10951,L10621,longitud_onda
10952,L4743,longitud_onda
10953,L7481,longitud_onda
10954,L1406,longitud_onda
10955,L1406,longitud_onda
10956,L21568,longitud_onda
10957,L3760,longitud_onda
10958,L3760,longitud_onda
10959,L3760,longitud_onda
10960,L1406,longitud_onda
10961,L3760,longitud_onda
10962,L3760,longitud_onda
10963,L3760,longitud_onda
10965,L3760,longitud_onda
10966,L3760,longitud_onda
10967,L21568,longitud_onda
10968,L9097,longitud_onda
10971,L1406,longitud_onda
10972,L1406,longitud_onda
10973,L5951,longitud_onda
10974,L9097,longitud_onda
10975,L1406,longitud_onda
10977,L10621,longitud_onda
10978,L9097,longitud_onda
10979,L9097,longitud_onda
10980,L7481,longitud_onda
10981,L10621,longitud_onda
10982,L21568,longitud_onda
10982,L22145,longitud_onda
10983,L21568,longitud_onda
10983,L22145,longitud_onda
10984,L21568,longitud_onda
10984,L22145,longitud_onda
10986,L9097,longitud_onda
10987,L5951,longitud_onda
10989,L6099,longitud_onda
10990,L12158,longitud_onda
10991,L12158,longitud_onda
10992,L12158,longitud_onda
10995,L1406,longitud_onda
10996,L6099,longitud_onda
10997,L6099,longitud_onda
10998,L1406,longitud_onda
11001,L9097,longitud_onda
11004,L9097,longitud_onda
11006,L7481,longitud_onda
11007,L3513,longitud_onda
11009,L1406,longitud_onda
11011,L483,longitud_onda
11012,L483,longitud_onda
11013,L483,longitud_onda
11014,L483,longitud_onda
11015,L483,longitud_onda
11016,L483,longitud_onda
11017,L3513,longitud_onda
11020,L3760,longitud_onda
11022,L12175c183,longitud_onda
11023,L1406,longitud_onda
11026,L1406,longitud_onda
11027,L6099,longitud_onda
11028,L6099,longitud_onda
11031,L1406,longitud_onda
11038,L10621,longitud_onda
11040,L10621,longitud_onda
11041,L9097,longitud_onda
11042,L1406,longitud_onda
11043,L1406,longitud_onda
11044,L9097,longitud_onda
11045,L7481,longitud_onda
11047,L1406,longitud_onda
11051,L6099,longitud_onda
11052,L6099,longitud_onda
11053,L12120,longitud_onda
11054,L1406,longitud_onda
11055,L6099,longitud_onda
11058,L10621,longitud_onda
11059,L9097,longitud_onda
11060,L3513,longitud_onda
11061,L366,longitud_onda
11062,L366,longitud_onda
11063,L366,longitud_onda
11065,L12158,longitud_onda
11066,L12158,longitud_onda
11067,L11267,longitud_onda
11068,L12158,longitud_onda
11069,L1406,longitud_onda
11070,L3760,longitud_onda
11071,L3760,longitud_onda
11072,L9097,longitud_onda
11073,L3760,longitud_onda
11074,L1406,longitud_onda
11075,L1406,longitud_onda
11076,L10621,longitud_onda
11077,L3760,longitud_onda
11079,L3760,longitud_onda
11080,L3760,longitud_onda
11081,L7481,longitud_onda
11082,L3760,longitud_onda
11083,L6099,longitud_onda
11084,L6099,longitud_onda
11085,L1406,longitud_onda
11086,L1406,longitud_onda
11087,L366,longitud_onda
11088,L366,longitud_onda
11089,L366,longitud_onda
11090,L366,longitud_onda
11091,L366,longitud_onda
11092,L366,longitud_onda
11093,L3760,longitud_onda
11094,L3760,longitud_onda
11095,L3760,longitud_onda
11099,L8200,longitud_onda
11100,L8200,longitud_onda
11101,L8200,longitud_onda
11102,L8200,longitud_onda
11103,L8200,longitud_onda
11104,L8200,longitud_onda
11105,L3760,longitud_onda
11107,L366,longitud_onda
11109,L9097,longitud_onda
11111,L1406,longitud_onda
11113,L7389,longitud_onda
11114,L9097,longitud_onda
11115,L1406,longitud_onda
11125,L1406,longitud_onda
11126,L10621,longitud_onda
11127,L10621,longitud_onda
11128,L10621,longitud_onda
11129,L1406,longitud_onda
11130,L1406,longitud_onda
11132,L9097,longitud_onda
11133,L7481,longitud_onda
11137,L1406,longitud_onda
11138,L1406,longitud_onda
11140,L4834,longitud_onda
11141,L10621,longitud_onda
11142,L1406,longitud_onda
11143,L12175c183,longitud_onda
11144,L366,longitud_onda
11146,L10621,longitud_onda
11148,L12175c183,longitud_onda
11149,L3760,longitud_onda
11152,L3760,longitud_onda
11159,L6099,longitud_onda
11160,L10621,longitud_onda
11161,L12120,longitud_onda
11162,L12120,longitud_onda
11163,L12120,longitud_onda
11164,L12120,longitud_onda
11165,L1406,longitud_onda
11166,L12175c183,longitud_onda
11170,L7481,longitud_onda
11171,L7433,longitud_onda
11172,L3760,longitud_onda
11180,L3760,longitud_onda
11181,L3760,longitud_onda
11183,L7481,longitud_onda
11184,L366,longitud_onda
11185,L366,longitud_onda
11189,L7481,longitud_onda
11190,L6099,longitud_onda
11191,L7481,longitud_onda
11192,L7481,longitud_onda
11194,L3760,longitud_onda
11196,L10621,longitud_onda
11197,L3760,longitud_onda
11198,L1406,longitud_onda
11201,L6099,longitud_onda
11203,L1406,longitud_onda
11204,L7481,longitud_onda
11206,L6336,longitud_onda
11207,L1406,longitud_onda
11208,L6336,longitud_onda
11209,L6336,longitud_onda
11211,L5951,longitud_onda
11215,L7481,longitud_onda
11217,L9097,longitud_onda
11218,L7803c185,longitud_onda
11232,L9097,longitud_onda
11233,L9097,longitud_onda
11234,L4743,longitud_onda
11235,L11267,longitud_onda
11236,L7803c185,longitud_onda
11238,L3513,longitud_onda
11239,L3513,longitud_onda
11240,L3513,longitud_onda
11242,L1176,longitud_onda
11245,L1176,longitud_onda
11247,L7481,longitud_onda
11249,L3513,longitud_onda
11250,L3513,longitud_onda
11251,L10621,longitud_onda
11259,L6336,longitud_onda
11260,L6336,longitud_onda
11261,L4743,longitud_onda
11263,L4743,longitud_onda
11264,L6099,longitud_onda
11265,L6099,longitud_onda
11266,L6099,longitud_onda
11267,L9097,longitud_onda
11268,L9097,longitud_onda
11270,L6336,longitud_onda
11271,L6336,longitud_onda
11272,L6336,longitud_onda
11273,L9097,longitud_onda
11274,L7481,longitud_onda
11275,L11267,longitud_onda
11276,L1176,longitud_onda
11277,L10621,longitud_onda
11278,L1176,longitud_onda
11279,L1176,longitud_onda
11282,L3760,longitud_onda
11285,L9097,longitud_onda
11286,L9097,longitud_onda
11287,L9097,longitud_onda
11288,L6336,longitud_onda
11289,L6336,longitud_onda
11291,L6336,longitud_onda
11292,L11267,longitud_onda
11293,L6336,longitud_onda
11294,L9097,longitud_onda
11295,L3760,longitud_onda
11296,L6336,longitud_onda
11297,L6336,longitud_onda
11298,L6336,longitud_onda
11299,L9097,longitud_onda
11300,L483,longitud_onda
11301,L483,longitud_onda
11302,L483,longitud_onda
11303,L483,longitud_onda
11304,L483,longitud_onda
11305,L483,longitud_onda
11306,L3760,longitud_onda
11308,L9097,longitud_onda
11309,L9097,longitud_onda
11310,L9097,longitud_onda
11313,L9097,longitud_onda
11314,L6336,longitud_onda
11318,L6336,longitud_onda
11319,L6336,longitud_onda
11320,L3513,longitud_onda
11321,L6336,longitud_onda
11322,L9097,longitud_onda
11324,L1406,longitud_onda
11326,L3513,longitud_onda
11327,L6099,longitud_onda
11329,L6336,longitud_onda
11330,L11267,longitud_onda
11331,L6336,longitud_onda
11332,L6336,longitud_onda
11333,L6336,longitud_onda
11334,L6336,longitud_onda
11335,L11267,longitud_onda
11336,L6336,longitud_onda
11339,L3760,longitud_onda
11343,L9097,longitud_onda
11344,L9097,longitud_onda
11345,L9097,longitud_onda
11346,L6336,longitud_onda
11347,L6336,longitud_onda
11349,L5951,longitud_onda
11351,L1406,longitud_onda
11354,L3513,longitud_onda
11357,L8200,longitud_onda
11358,L8200,longitud_onda
11359,L8200,longitud_onda
11360,L8200,longitud_onda
11361,L8200,longitud_onda
11362,L8200,longitud_onda
11363,L5951,longitud_onda
11364,L5951,longitud_onda
11366,L8200,longitud_onda
11367,L6336,longitud_onda
11368,L3513,longitud_onda
11369,L6099,longitud_onda
11370,L6099,longitud_onda
11372,L369,longitud_onda
11373,L5951,longitud_onda
11375,L1406,longitud_onda
11376,L7389,longitud_onda
11378,L6336,longitud_onda
11379,L6336,longitud_onda
11384,L5951,longitud_onda
11387,L1406,longitud_onda
11389,L3513,longitud_onda
11394,L3513,longitud_onda
11401,L6336,longitud_onda
11402,L5951,longitud_onda
11403,L5951,longitud_onda
11404,L1406,longitud_onda
11407,L6336,longitud_onda
11408,L11267,longitud_onda
11409,L5951,longitud_onda
11414,L7481,longitud_onda
11424,L12158,longitud_onda
11425,L12158,longitud_onda
11427,L6336,longitud_onda
11428,L6336,longitud_onda
11430,L5951,longitud_onda
11431,L5951,longitud_onda
11432,L6336,longitud_onda
11434,L6336,longitud_onda
11436,L3513,longitud_onda
11438,L6336,longitud_onda
11439,L6336,longitud_onda
11440,L6336,longitud_onda
11441,L6336,longitud_onda
11444,L3513,longitud_onda
11447,L6336,longitud_onda
11448,L3513,longitud_onda
11451,L6336,longitud_onda
11452,L3513,longitud_onda
11454,L6336,longitud_onda
11455,L6336,longitud_onda
11457,L5951,longitud_onda
11459,L6336,longitud_onda
11460,L5951,longitud_onda
11461,L12158,longitud_onda
11462,L12158,longitud_onda
11463,L12158,longitud_onda
11464,L1614,longitud_onda
11465,L12175c183,longitud_onda
11466,L3513,longitud_onda
11476,L366,longitud_onda
11482,L1406,longitud_onda
11483,L5951,longitud_onda
11490,L6336,longitud_onda
11496,L7481,longitud_onda
11502,L7481,longitud_onda
11503,L9097,longitud_onda
11510,L9097,longitud_onda
11515,L9097,longitud_onda
11518,L6336,longitud_onda
11519,L6336,longitud_onda
11528,L5951,longitud_onda
11530,L7481,longitud_onda
11531,L7481,longitud_onda
11532,L9097,longitud_onda
11535,L366,longitud_onda
11536,L366,longitud_onda
11537,L366,longitud_onda
11538,L366,longitud_onda
11539,L366,longitud_onda
11540,L366,longitud_onda
11544,L1406,longitud_onda
11545,L5951,longitud_onda
11546,L5951,longitud_onda
11547,L6336,longitud_onda
11550,L483,longitud_onda
11551,L483,longitud_onda
11552,L483,longitud_onda
11553,L483,longitud_onda
11554,L483,longitud_onda
11555,L483,longitud_onda
11567,L7481,longitud_onda
11588,L3760,longitud_onda
11589,L7481,longitud_onda
11591,L9097,longitud_onda
11592,L9097,longitud_onda
11593,L6336,longitud_onda
11594,L6336,longitud_onda
11595,L9405c184,longitud_onda
11596,L5951,longitud_onda
11597,L1406,longitud_onda
11628,L3513,longitud_onda
11630,L9405c184,longitud_onda
11638,L9097,longitud_onda
11653,L1406,longitud_onda
11657,L9097,longitud_onda
11675,L366,longitud_onda
11676,L366,longitud_onda
11683,L9097,longitud_onda
11698,L12175c183,longitud_onda
11701,L12175c183,longitud_onda
11703,L9097,longitud_onda
11704,L9097,longitud_onda
11709,L12175c183,longitud_onda
11713,L12175c183,longitud_onda
11717,L12175c183,longitud_onda
11729,L9405c184,longitud_onda
11731,L9097,longitud_onda
11733,L9097,longitud_onda
11734,L9097,longitud_onda
11736,L9097,longitud_onda
11737,L5951,longitud_onda
11738,L9097,longitud_onda
11741,L9097,longitud_onda
11743,L9097,longitud_onda
11744,L9097,longitud_onda
11746,L9097,longitud_onda
11750,L7433,longitud_onda
11752,L9097,longitud_onda
11753,L9097,longitud_onda
11754,L9097,longitud_onda
11755,L9097,longitud_onda
11758,L366,longitud_onda
11759,L366,longitud_onda
11760,L366,longitud_onda
11761,L5951,longitud_onda
11762,L9097,longitud_onda
11763,L7433,longitud_onda
11764,L5951,longitud_onda
11765,L7481,longitud_onda
11770,L9097,longitud_onda
11771,L9097,longitud_onda
11772,L9097,longitud_onda
11778,L7293,longitud_onda
11779,L7293,longitud_onda
11780,L7293,longitud_onda
11781,L7293,longitud_onda
11782,L7293,longitud_onda
11785,L885,longitud_onda
11790,L885,longitud_onda
11809,L7421,longitud_onda
11812,L5951,longitud_onda
11814,L5951,longitud_onda
11815,L5951,longitud_onda
11831,L366,longitud_onda
11833,L9097,longitud_onda
11838,L9097,longitud_onda
11840,L366,longitud_onda
11841,L9097,longitud_onda
11843,L9097,longitud_onda
11845,L4743,longitud_onda
11847,L4743,longitud_onda
11848,L4743,longitud_onda
11849,L4743,longitud_onda
11862,L10621,longitud_onda
11863,L9097,longitud_onda
11872,L9097,longitud_onda
11873,L9097,longitud_onda
11874,L7433,longitud_onda
11875,L9097,longitud_onda
11876,L12158,longitud_onda
11877,L12158,longitud_onda
11878,L12158,longitud_onda
11879,L7433,longitud_onda
11882,L5951,longitud_onda
11888,L12175c183,longitud_onda
11890,L3760,longitud_onda
11892,L3760,longitud_onda
11893,L3760,longitud_onda
11895,L3760,longitud_onda
11897,L9097,longitud_onda
11899,L3760,longitud_onda
11900,L3760,longitud_onda
11901,L9097,longitud_onda
11902,L3760,longitud_onda
11903,L9097,longitud_onda
11904,L9097,longitud_onda
11908,L9097,longitud_onda
11909,L12175c183,longitud_onda
11912,L9097,longitud_onda
11915,L9405c186,longitud_onda
11916,L9405c186,longitud_onda
11920,L3760,longitud_onda
11921,L10621,longitud_onda
11922,L11301,longitud_onda
11924,L9097,longitud_onda
11926,L12175c183,longitud_onda
11938,L11301,longitud_onda
11940,L11301,longitud_onda
11941,L12175c183,longitud_onda
11944,L7433,longitud_onda
11948,L7433,longitud_onda
11950,L12175c183,longitud_onda
11953,L12175c183,longitud_onda
11962,L12175c183,longitud_onda
11963,L12175c183,longitud_onda
11964,L12175c183,longitud_onda
11967,L11301,longitud_onda
11969,L483,longitud_onda
11970,L483,longitud_onda
11971,L483,longitud_onda
11972,L483,longitud_onda
11973,L483,longitud_onda
11974,L483,longitud_onda
11982,L9097,longitud_onda
11983,L9097,longitud_onda
11986,L9097,longitud_onda
11991,L9405c186,longitud_onda
11994,L11301,longitud_onda
11998,L9405c186,longitud_onda
12004,L9405c186,longitud_onda
12010,L9097,longitud_onda
12019,L7433,longitud_onda
12024,L12175c183,longitud_onda
12026,L12158,longitud_onda
12027,L12158,longitud_onda
12028,L12158,longitud_onda
12032,L12175c183,longitud_onda
12043,L11301,longitud_onda
12044,L12175c183,longitud_onda
12046,L12175c183,longitud_onda
12047,L12175c183,longitud_onda
12048,L12158,longitud_onda
12049,L12175c183,longitud_onda
12050,u29,longitud_onda
12051,L12158,longitud_onda
12053,u29,longitud_onda
12054,L10621,longitud_onda
12058,L12175c183,longitud_onda
12059,L12175c183,longitud_onda
12060,L11301,longitud_onda
12061,L9097,longitud_onda
12065,L12175c183,longitud_onda
12067,L12175c183,longitud_onda
12068,L12175c183,longitud_onda
12069,L12175c183,longitud_onda
12073,L7433,longitud_onda
12075,L12175c183,longitud_onda
12081,L9097,longitud_onda
12086,L9097,longitud_onda
12090,L12175c183,longitud_onda
12093,L9405c186,longitud_onda
12094,L9405c186,longitud_onda
12095,L12175c183,longitud_onda
12102,L11301,longitud_onda
12103,L12175c183,longitud_onda
12110,L12175c183,longitud_onda
12111,L12175c183,longitud_onda
12112,L12175c183,longitud_onda
12119,L9405c186,longitud_onda
12121,L11301,longitud_onda
12139,L366,longitud_onda
12140,L366,longitud_onda
12141,L366,longitud_onda
12142,L366,longitud_onda
12143,L885,longitud_onda
12147,L9097,longitud_onda
12149,L9097,longitud_onda
12151,L11301,longitud_onda
12152,L9405c186,longitud_onda
12153,L9097,longitud_onda
12154,L9097,longitud_onda
12164,L7433,longitud_onda
12167,L3513,longitud_onda
12169,L12175c183,longitud_onda
12171,L9405c186,longitud_onda
12172,L12158,longitud_onda
12173,L12158,longitud_onda
12176,L12175c183,longitud_onda
12187,L12175c183,longitud_onda
12189,L11301,longitud_onda
12191,L12175c183,longitud_onda
12192,L12175c183,longitud_onda
12193,L12175c183,longitud_onda
12195,L11301,longitud_onda
12196,L3513,longitud_onda
12197,L9405c186,longitud_onda
12200,L12175c183,longitud_onda
12202,L9405c186,longitud_onda
12205,L7397,longitud_onda
12206,L7397,longitud_onda
12207,L7397,longitud_onda
12208,L11301,longitud_onda
12209,L12175c183,longitud_onda
12210,L9405c186,longitud_onda
12212,L12175c183,longitud_onda
12219,L9405c186,longitud_onda
12220,L3513,longitud_onda
12225,L11301,longitud_onda
12226,L12175c183,longitud_onda
12227,L3513,longitud_onda
12228,L12175c183,longitud_onda
12229,L12175c183,longitud_onda
12231,L9405c186,longitud_onda
12233,L9405c186,longitud_onda
12234,L11301,longitud_onda
12237,L3513,longitud_onda
12239,L9097,longitud_onda
12247,L9097,longitud_onda
12249,L9097,longitud_onda
12250,L3513,longitud_onda
12252,L9097,longitud_onda
12253,L9097,longitud_onda
12254,L3513,longitud_onda
12258,L3760,longitud_onda
12259,L3760,longitud_onda
12260,L3760,longitud_onda
12261,L9097,longitud_onda
12268,L3513,longitud_onda
12271,L9097,longitud_onda
12272,L9097,longitud_onda
12279,L9097,longitud_onda
12280,L9097,longitud_onda
12283,L11301,longitud_onda
12290,L9097,longitud_onda
12293,L885,longitud_onda
12294,L9097,longitud_onda
12296,L12175c183,longitud_onda
12299,L9097,longitud_onda
12300,L12175c183,longitud_onda
12302,L12175c183,longitud_onda
12303,L12175c183,longitud_onda
12305,L3760,longitud_onda
12306,L3760,longitud_onda
12310,L9097,longitud_onda
12311,L9097,longitud_onda
12312,L9097,longitud_onda
12313,L9097,longitud_onda
12314,L9097,longitud_onda
12316,L12175c183,longitud_onda
12317,L9097,longitud_onda
12318,L9097,longitud_onda
12319,L12175,longitud_onda
12322,L9097,longitud_onda
12323,L9097,longitud_onda
12324,L9760,longitud_onda
12325,L12175c183,longitud_onda
12326,L9097,longitud_onda
12328,L9097,longitud_onda
12329,L12175c183,longitud_onda
12331,L9097,longitud_onda
12333,L9097,longitud_onda
12336,L9097,longitud_onda
12338,L9097,longitud_onda
12341,L11301,longitud_onda
12342,L9097,longitud_onda
12349,L9097,longitud_onda
12350,L11301,longitud_onda
12351,L9097,longitud_onda
12352,L9097,longitud_onda
12354,L12175c183,longitud_onda
12355,L9097,longitud_onda
12357,L9097,longitud_onda
12363,L9097,longitud_onda
12366,L9097,longitud_onda
12371,L9097,longitud_onda
12372,L9097,longitud_onda
12373,L9097,longitud_onda
12374,L9097,longitud_onda
12376,L9097,longitud_onda
12380,L9097,longitud_onda
12383,L9097,longitud_onda
12384,L9097,longitud_onda
12386,L9097,longitud_onda
12389,L9097,longitud_onda
12391,L7397,longitud_onda
12392,L7397,longitud_onda
12393,L7397,longitud_onda
12394,L7384,longitud_onda
12395,L7384,longitud_onda
12396,L7384,longitud_onda
12397,L7384,longitud_onda
12398,L7384,longitud_onda
12401,L885,longitud_onda
12408,L885,longitud_onda
12419,L7421,longitud_onda
12431,L885,longitud_onda
12432,L885,longitud_onda
12435,L9097,longitud_onda
12438,L9097,longitud_onda
12439,L9097,longitud_onda
12440,L11301,longitud_onda
12442,L11301,longitud_onda
12449,L9097,longitud_onda
12452,L12175c183,longitud_onda
12455,u29,longitud_onda
12456,u29,longitud_onda
12457,u29,longitud_onda
12461,L9097,longitud_onda
12467,L9405c186,longitud_onda
12470,L885,longitud_onda
12474,L9405c186,longitud_onda
12476,L9097,longitud_onda
12477,L885,longitud_onda
12478,L885,longitud_onda
12479,L885,longitud_onda
12480,L885,longitud_onda
12481,L885,longitud_onda
12482,L885,longitud_onda
12483,L3760,longitud_onda
12496,L9097,longitud_onda
12504,L9097,longitud_onda
12510,L3760,longitud_onda
12514,L9097,longitud_onda
12518,L9097,longitud_onda
12519,L9097,longitud_onda
12520,L9097,longitud_onda
12522,L12175c183,longitud_onda
12523,L3760,longitud_onda
12524,L3760,longitud_onda
12525,L3760,longitud_onda
12532,L9097,longitud_onda
12538,L9097,longitud_onda
12550,L9097,longitud_onda
12554,L9097,longitud_onda
12564,L9097,longitud_onda
12575,L3513,longitud_onda
12592,L12175c183,longitud_onda
12595,L9097,longitud_onda
12597,L11301,longitud_onda
12601,L12175c183,longitud_onda
12602,L7397,longitud_onda
12603,L7397,longitud_onda
12606,L3513,longitud_onda
12607,L12175c183,longitud_onda
12608,L9097,longitud_onda
12609,L3513,longitud_onda
12611,L3513,longitud_onda
12614,L3513,longitud_onda
12626,L12175c183,longitud_onda
12627,L12175c183,longitud_onda
12629,L12175c183,longitud_onda
12632,L12175c183,longitud_onda
12636,L9097,longitud_onda
12637,L12175c183,longitud_onda
12638,L12175c183,longitud_onda
12640,L12175c183,longitud_onda
12661,L9097,longitud_onda
12669,L9097,longitud_onda
12671,L12175c183,longitud_onda
12672,L12175c183,longitud_onda
12678,L9097,longitud_onda
12682,L9097,longitud_onda
12683,L9097,longitud_onda
12684,L9097,longitud_onda
12688,L9097,longitud_onda
12714,L11301,longitud_onda
12727,L9097,longitud_onda
12732,L9097,longitud_onda
12739,L12175c183,longitud_onda
12744,L9405c186,longitud_onda
12748,L9097,longitud_onda
12749,L9097,longitud_onda
12755,L9097,longitud_onda
12761,L12175c183,longitud_onda
12763,L12175c183,longitud_onda
12767,L12175c183,longitud_onda
12769,L12175c183,longitud_onda
12773,L12175c183,longitud_onda
12782,L9405c186,longitud_onda
12789,L9097,longitud_onda
12793,L12175c183,longitud_onda
12795,L12175c183,longitud_onda
12801,L12175c183,longitud_onda
12805,L9405c186,longitud_onda
12815,L12175c183,longitud_onda
12819,L9405c186,longitud_onda
12820,L4743,longitud_onda
12821,L4743,longitud_onda
12822,L4743,longitud_onda
12833,L12175c183,longitud_onda
12834,L3513,longitud_onda
12837,L12175c183,longitud_onda
12838,L12175c183,longitud_onda
12840,L12175c183,longitud_onda
12844,L12175c183,longitud_onda
12850,L12175c183,longitud_onda
12852,L12175c183,longitud_onda
12855,L3513,longitud_onda
12858,L9097,longitud_onda
12859,L9097,longitud_onda
12861,L3513,longitud_onda
12862,L9097,longitud_onda
12865,L9097,longitud_onda
12866,L9097,longitud_onda
12883,L9097,longitud_onda
12888,L9097,longitud_onda
12889,L9097,longitud_onda
12890,L11301,longitud_onda
12891,L885,longitud_onda
12892,L9097,longitud_onda
12894,L9097,longitud_onda
12898,L9097,longitud_onda
12907,L9097,longitud_onda
12909,L9097,longitud_onda
12913,L9097,longitud_onda
12914,L9097,longitud_onda
12915,L9097,longitud_onda
12918,L9097,longitud_onda
12919,L9097,longitud_onda
12920,L9097,longitud_onda
12923,L9097,longitud_onda
12928,L9097,longitud_onda
12931,L11301,longitud_onda
12945,L9405c186,longitud_onda
12946,L9097,longitud_onda
12949,L9097,longitud_onda
12954,L9097,longitud_onda
12956,L9097,longitud_onda
12958,L9097,longitud_onda
12965,L9097,longitud_onda
12970,L9097,longitud_onda
12971,L9097,longitud_onda
12973,L9097,longitud_onda
12979,L9097,longitud_onda
12980,L9097,longitud_onda
12984,L11301,longitud_onda
12987,L11301,longitud_onda
12990,L7421c31,longitud_onda
12994,L3513,longitud_onda
12999,L9097,longitud_onda
13002,u29,longitud_onda
13004,u29,longitud_onda
13023,L12175c183,longitud_onda
13024,L9097,longitud_onda
13025,L11301,longitud_onda
13027,L12175c183,longitud_onda
13028,L12175c183,longitud_onda
13031,L9097,longitud_onda
13034,L9097,longitud_onda
13038,L11301,longitud_onda
13040,L12175c183,longitud_onda
13047,L12175,longitud_onda
13062,L11301,longitud_onda
13067,L11301,longitud_onda
13073,L12175c183,longitud_onda
13075,L12175c183,longitud_onda
13076,L9097,longitud_onda
13077,L11301,longitud_onda
13078,L9097,longitud_onda
13080,L9097,longitud_onda
13095,L483,longitud_onda
13096,L483,longitud_onda
13097,L483,longitud_onda
13098,L483,longitud_onda
13099,L483,longitud_onda
13100,L483,longitud_onda
13103,L3760,longitud_onda
13104,L11301,longitud_onda
13105,u29,longitud_onda
13109,u29,longitud_onda
13110,u29,longitud_onda
13111,L9097,longitud_onda
13114,L9097,longitud_onda
13115,L9097,longitud_onda
13117,L9097,longitud_onda
13118,L11301,longitud_onda
13119,L9097,longitud_onda
13127,L12175c183,longitud_onda
13128,L9097,longitud_onda
13134,L9097,longitud_onda
13136,L7421c31,longitud_onda
13138,L12175c183,longitud_onda
13139,L12175c183,longitud_onda
13140,L9097,longitud_onda
13143,L12175c183,longitud_onda
13144,L12175c183,longitud_onda
13145,L9097,longitud_onda
13146,L12175c183,longitud_onda
13154,L11301,longitud_onda
13155,L9097,longitud_onda
13161,L12175c183,longitud_onda
13163,L9097,longitud_onda
13169,L9097,longitud_onda
13171,L9097,longitud_onda
13174,L9097,longitud_onda
13175,L11301,longitud_onda
13176,L9097,longitud_onda
13178,L11301,longitud_onda
13181,L9097,longitud_onda
13198,L9097,longitud_onda
13199,L7421,longitud_onda
13200,L11301,longitud_onda
13203,L11301,longitud_onda
13204,L11301,longitud_onda
13205,L11301,longitud_onda
13206,L12175c183,longitud_onda
13210,L9097,longitud_onda
13212,L12175,longitud_onda
13218,L11301,longitud_onda
13221,L11301,longitud_onda
13222,L11301,longitud_onda
13223,L12175c183,longitud_onda
13224,L12175c183,longitud_onda
13225,L11301,longitud_onda
13226,L12175c183,longitud_onda
13229,L9097,longitud_onda
13231,L11301,longitud_onda
13233,L11301,longitud_onda
13234,L11301,longitud_onda
13235,L11301,longitud_onda
13236,L11301,longitud_onda
13238,L12175c183,longitud_onda
13245,L9097,longitud_onda
13252,L885,longitud_onda
13253,L885,longitud_onda
13254,L885,longitud_onda
13255,L885,longitud_onda
13256,L885,longitud_onda
13259,L11301,longitud_onda
13264,L11301,longitud_onda
13266,L11301,longitud_onda
13270,L12175c183,longitud_onda
13275,L11301,longitud_onda
13278,L12175c183,longitud_onda
13280,L12175c183,longitud_onda
13281,L12175c183,longitud_onda
13282,L11301,longitud_onda
13284,L9097,longitud_onda
13286,L11301,longitud_onda
13287,L11301,longitud_onda
13288,L11301,longitud_onda
13291,L11301,longitud_onda
13292,L11301,longitud_onda
13293,L11301,longitud_onda
13295,L11301,longitud_onda
13296,L9097,longitud_onda
13298,L11301,longitud_onda
13301,L9405c186,longitud_onda
13302,L12175c183,longitud_onda
13305,L9097,longitud_onda
13306,L12175c183,longitud_onda
13307,L11301,longitud_onda
13309,L9405c186,longitud_onda
13311,L12175c183,longitud_onda
13312,L11301,longitud_onda
13314,L9097,longitud_onda
13316,L11301,longitud_onda
13317,L9405c186,longitud_onda
13318,L11301,longitud_onda
13319,L9097,longitud_onda
13321,L12175c183,longitud_onda
13322,L12175c183,longitud_onda
13323,L12175c183,longitud_onda
13335,L12175c183,longitud_onda
13336,L12175c183,longitud_onda
13337,L11301,longitud_onda
13338,L12175c183,longitud_onda
13340,L11301,longitud_onda
13361,L11301,longitud_onda
13362,L7421,longitud_onda
13363,L11301,longitud_onda
13371,L11301,longitud_onda
13372,L11301,longitud_onda
13374,L11301,longitud_onda
13376,L11301,longitud_onda
13379,L12175c183,longitud_onda
13387,L11301,longitud_onda
13388,L11301,longitud_onda
13396,L12175c183,longitud_onda
13397,L9405c186,longitud_onda
13398,L12175c183,longitud_onda
13402,L12175c183,longitud_onda
13403,L12175c183,longitud_onda
13410,L12175c183,longitud_onda
13412,L12175c183,longitud_onda
13413,L12175c183,longitud_onda
13415,L9405c186,longitud_onda
13417,L12175c183,longitud_onda
13418,L11301,longitud_onda
13419,L11301,longitud_onda
13420,L11301,longitud_onda
13421,L11301,longitud_onda
13422,L12175c183,longitud_onda
13422,c153,longitud_onda
13427,L11301,longitud_onda
13428,L9405c186,longitud_onda
13429,L3513,longitud_onda
13430,L11301,longitud_onda
13431,L12175c183,longitud_onda
13432,L12175c183,longitud_onda
13435,L12175c183,longitud_onda
13442,L12175c183,longitud_onda
13443,L11301,longitud_onda
13444,L12175c183,longitud_onda
13446,L7397,longitud_onda
13447,L7397,longitud_onda
13448,L7397,longitud_onda
13449,L12175c183,longitud_onda
13450,L12175c183,longitud_onda
13451,L11301,longitud_onda
13455,L3513,longitud_onda
13456,L9405c186,longitud_onda
13458,L12175c183,longitud_onda
13459,L11301,longitud_onda
13460,L11301,longitud_onda
13461,L12175c183,longitud_onda
13463,L11301,longitud_onda
13464,L11301,longitud_onda
13467,L12175c183,longitud_onda
13469,L11301,longitud_onda
13471,L12175c183,longitud_onda
13472,L12175c183,longitud_onda
13473,L11301,longitud_onda
13474,L11301,longitud_onda
13475,L11301,longitud_onda
13476,L11301,longitud_onda
13478,L12175c183,longitud_onda
13479,L11301,longitud_onda
13480,L11301,longitud_onda
13481,L12175,longitud_onda
13482,L11301,longitud_onda
13486,L11301,longitud_onda
13487,L11301,longitud_onda
13499,L11301,longitud_onda
13500,L11301,longitud_onda
13501,L12175c183,longitud_onda
13504,L12175c183,longitud_onda
13505,L12175c183,longitud_onda
13506,L9405c187,longitud_onda
13507,L11301,longitud_onda
13508,L9405c186,longitud_onda
13510,L12175c183,longitud_onda
13515,L12175c183,longitud_onda
13516,L12175c183,longitud_onda
13517,L12175c183,longitud_onda
13518,L12175c183,longitud_onda
13520,L11301,longitud_onda
13525,L12175c183,longitud_onda
13526,L11301,longitud_onda
13529,L12175c183,longitud_onda
13531,L483,longitud_onda
13532,L483,longitud_onda
13533,L9405c187,longitud_onda
13535,L3513,longitud_onda
13538,L11301,longitud_onda
13540,L11301,longitud_onda
13541,L11301,longitud_onda
13544,L12175c183,longitud_onda
13547,L11301,longitud_onda
13549,L9405c187,longitud_onda
13550,L9097,longitud_onda
13552,L11301,longitud_onda
13553,L9405c186,longitud_onda
13554,L3760,longitud_onda
13555,L11301,longitud_onda
13573,L3760,longitud_onda
13574,L3760,longitud_onda
13575,L3760,longitud_onda
13581,L12175c183,longitud_onda
13583,L12175c183,longitud_onda
13584,L9097,longitud_onda
13585,L9405c187,longitud_onda
13586,L12175c183,longitud_onda
13587,L9097,longitud_onda
13591,L3760,longitud_onda
13592,L3760,longitud_onda
13593,L3760,longitud_onda
13598,L12175c183,longitud_onda
13599,L11301,longitud_onda
13600,L12175c183,longitud_onda
13601,L9097,longitud_onda
13602,L9097,longitud_onda
13603,L12175c183,longitud_onda
13604,L9405c186,longitud_onda
13605,L12175c183,longitud_onda
13606,L12175c183,longitud_onda
13608,L11301,longitud_onda
13609,L11301,longitud_onda
13619,L12175c183,longitud_onda
13620,L4743,longitud_onda
13624,L12175c183,longitud_onda
13645,L7421c31,longitud_onda
13646,L11301,longitud_onda
13657,L9097,longitud_onda
13658,L9097,longitud_onda
13659,L12175c183,longitud_onda
13660,L9097,longitud_onda
13662,L3760,longitud_onda
13665,L9405c187,longitud_onda
13670,L3760,longitud_onda
13671,L3760,longitud_onda
13675,L9097,longitud_onda
13676,L9097,longitud_onda
13677,L11301,longitud_onda
13678,L11301,longitud_onda
13679,L9097,longitud_onda
13680,L11301,longitud_onda
13681,L9097,longitud_onda
13682,L11301,longitud_onda
13684,L9097,longitud_onda
13685,L11301,longitud_onda
13686,L11301,longitud_onda
13687,L12175c183,longitud_onda
13688,L12175c183,longitud_onda
13689,L9097,longitud_onda
13690,L9097,longitud_onda
13691,L11301,longitud_onda
13692,L9097,longitud_onda
13693,L9097,longitud_onda
13694,L9097,longitud_onda
13695,L9097,longitud_onda
13696,L9097,longitud_onda
13697,L9097,longitud_onda
13698,L9097,longitud_onda
13699,L11301,longitud_onda
13703,L11301,longitud_onda
13705,L11301,longitud_onda
13706,L11301,longitud_onda
13707,L11301,longitud_onda
13711,L11301,longitud_onda
13712,L11301,longitud_onda
13713,L11301,longitud_onda
13716,L9097,longitud_onda
13717,L9097,longitud_onda
13721,L11301,longitud_onda
13722,L11301,longitud_onda
13723,L9097,longitud_onda
13724,L11301,longitud_onda
13725,L11301,longitud_onda
13726,L11301,longitud_onda
13727,L11301,longitud_onda
13731,L11301,longitud_onda
13732,L11301,longitud_onda
13733,L11301,longitud_onda
13734,L11301,longitud_onda
13735,L12175c183,longitud_onda
13736,L12175c183,longitud_onda
13737,L11301,longitud_onda
13739,L11301,longitud_onda
13744,L12175c183,longitud_onda
13745,L11301,longitud_onda
13746,L366,longitud_onda
13747,L11301,longitud_onda
13748,L11301,longitud_onda
13749,L11301,longitud_onda
13750,L11301,longitud_onda
13759,L11301,longitud_onda
13760,L11301,longitud_onda
13761,L11301,longitud_onda
13762,L11301,longitud_onda
13763,L11301,longitud_onda
13764,L11301,longitud_onda
13765,L11301,longitud_onda
13766,L11301,longitud_onda
13767,L11301,longitud_onda
13768,L11301,longitud_onda
13778,L9097,longitud_onda
13779,L11301,longitud_onda
13780,L11301,longitud_onda
13781,L9097,longitud_onda
13782,L11301,longitud_onda
13783,L11301,longitud_onda
13784,L11301,longitud_onda
13785,L11301,longitud_onda
13787,L11301,longitud_onda
13788,L11301,longitud_onda
13791,L11301,longitud_onda
13792,L11301,longitud_onda
13793,L11301,longitud_onda
13794,L11301,longitud_onda
13795,L9097,longitud_onda
13798,L9097,longitud_onda
13805,L11301,longitud_onda
13807,L11301,longitud_onda
13808,L11301,longitud_onda
13811,L11301,longitud_onda
13813,L11301,longitud_onda
13814,L11301,longitud_onda
13815,L11301,longitud_onda
13816,L11262,longitud_onda
13817,L11301,longitud_onda
13818,L11301,longitud_onda
13819,L11301,longitud_onda
13820,L11301,longitud_onda
13821,L11301,longitud_onda
13822,L11301,longitud_onda
13823,L11301,longitud_onda
13832,L11301,longitud_onda
13833,L11301,longitud_onda
13834,L11301,longitud_onda
13835,L9097,longitud_onda
13836,L9760,longitud_onda
13837,L9097,longitud_onda
13840,L885,longitud_onda
13841,L885,longitud_onda
13842,L885,longitud_onda
13843,L885,longitud_onda
13844,L885,longitud_onda
13846,L11301,longitud_onda
13847,L7397,longitud_onda
13848,L7397,longitud_onda
13849,L7397,longitud_onda
13850,L885,longitud_onda
13853,L11301,longitud_onda
13854,L11301,longitud_onda
13871,L4812,longitud_onda
13876,L11301,longitud_onda
13878,L11301,longitud_onda
13882,L12175c183,longitud_onda
13883,L11301,longitud_onda
13892,L11301,longitud_onda
13894,L11301,longitud_onda
13896,L9097,longitud_onda
13897,L11301,longitud_onda
13900,L12175c183,longitud_onda
13901,L11301,longitud_onda
13902,L9097,longitud_onda
13904,L9097,longitud_onda
13905,L11301,longitud_onda
13909,L11301,longitud_onda
13910,u29,longitud_onda
13911,u29,longitud_onda
13913,L11301,longitud_onda
13914,L11301,longitud_onda
13916,L11301,longitud_onda
13917,L11301,longitud_onda
13921,L11301,longitud_onda
13923,L885,longitud_onda
13926,L9097,longitud_onda
13929,L11301,longitud_onda
13939,L11301,longitud_onda
13940,L11301,longitud_onda
13944,L11301,longitud_onda
13952,L11301,longitud_onda
13956,L11301,longitud_onda
13957,L11301,longitud_onda
13958,L12175c183,longitud_onda
13964,L11301,longitud_onda
13965,L7397,longitud_onda
13966,L7397,longitud_onda
13967,L7397,longitud_onda
13969,L11301,longitud_onda
13971,L11301,longitud_onda
13972,L11301,longitud_onda
13973,L11301,longitud_onda
13975,L11301,longitud_onda
13976,L11301,longitud_onda
13981,L12175c183,longitud_onda
13988,L11301,longitud_onda
13989,L11301,longitud_onda
14014,L11301,longitud_onda
14041,L11301,longitud_onda
14048,L11301,longitud_onda
14056,L885,longitud_onda
14061,L11301,longitud_onda
14064,L9097,longitud_onda
14065,L9097,longitud_onda
14067,L11301,longitud_onda
14068,L11301,longitud_onda
14069,L11301,longitud_onda
14071,L11301,longitud_onda
14072,L11301,longitud_onda
14073,L11301,longitud_onda
14075,L11301,longitud_onda
14078,L12175c183,longitud_onda
14081,L11301,longitud_onda
14083,L11301,longitud_onda
14084,L483,longitud_onda
14085,L9097,longitud_onda
14086,L11301,longitud_onda
14089,L11301,longitud_onda
14090,L11301,longitud_onda
14093,L11301,longitud_onda
14095,L11301,longitud_onda
14102,L9097,longitud_onda
14106,L11301,longitud_onda
14108,L11301,longitud_onda
14109,L11301,longitud_onda
14110,L11301,longitud_onda
14111,L11301,longitud_onda
14112,L11301,longitud_onda
14114,L11301,longitud_onda
14115,L11301,longitud_onda
14116,L11301,longitud_onda
14117,L11301,longitud_onda
14118,L11301,longitud_onda
14121,L11301,longitud_onda
14132,L11301,longitud_onda
14133,L11301,longitud_onda
14137,L11262,longitud_onda
14138,L11301,longitud_onda
14139,L11301,longitud_onda
14142,L11301,longitud_onda
14146,L11301,longitud_onda
14147,L11301,longitud_onda
14149,L11301,longitud_onda
14150,L9097,longitud_onda
14151,L9097,longitud_onda
14152,L9097,longitud_onda
14154,L11301,longitud_onda
14155,L9097,longitud_onda
14156,L11301,longitud_onda
14157,L9097,longitud_onda
14158,L9097,longitud_onda
14163,L11301,longitud_onda
14164,L11301,longitud_onda
14165,L11301,longitud_onda
14177,L366,longitud_onda
14178,L11301,longitud_onda
14188,L11301,longitud_onda
14189,L11301,longitud_onda
14191,L11301,longitud_onda
14195,L11301,longitud_onda
14196,L11301,longitud_onda
14198,L11301,longitud_onda
14199,L9097,longitud_onda
14203,L9097,longitud_onda
14204,L9097,longitud_onda
14208,L9097,longitud_onda
14209,L11301,longitud_onda
14210,L11301,longitud_onda
14212,L9097,longitud_onda
14219,L9097,longitud_onda
14220,L9097,longitud_onda
14227,L12175c183,longitud_onda
14228,L9097,longitud_onda
14236,L885,longitud_onda
14237,L885,longitud_onda
14238,L885,longitud_onda
14240,L885,longitud_onda
14241,L11301,longitud_onda
14254,L12175c183,longitud_onda
14255,L9405c187,longitud_onda
14259,L11262,longitud_onda
14260,L12175c183,longitud_onda
14261,L12175c183,longitud_onda
14262,L12175c183,longitud_onda
14263,L9097,longitud_onda
14264,L9097,longitud_onda
14266,L12175c183,longitud_onda
14267,L12175c183,longitud_onda
14274,L12175c183,longitud_onda
14275,L9097,longitud_onda
14277,L11301,longitud_onda
14278,L11262,longitud_onda
14290,L9097,longitud_onda
14292,L11262,longitud_onda
14293,L11262,longitud_onda
14294,L11262,longitud_onda
14296,L11262,longitud_onda
14298,L9097,longitud_onda
14299,L9097,longitud_onda
14300,L9097,longitud_onda
14301,L9097,longitud_onda
14305,L9760,longitud_onda
14306,L9097,longitud_onda
14307,L11301,longitud_onda
14309,L11262,longitud_onda
14310,L9097,longitud_onda
14316,L9097,longitud_onda
14317,L9097,longitud_onda
14321,L9097,longitud_onda
14322,L9097,longitud_onda
14324,L9097,longitud_onda
14325,L9097,longitud_onda
14337,L11262,longitud_onda
14338,L11262,longitud_onda
14339,L11262,longitud_onda
14340,L11262,longitud_onda
14341,L11262,longitud_onda
14342,L11262,longitud_onda
14344,L11262,longitud_onda
14345,L11262,longitud_onda
14346,L11262,longitud_onda
14347,L11262,longitud_onda
14359,L11301,longitud_onda
14371,L9097,longitud_onda
14372,L7421,longitud_onda
14373,L9097,longitud_onda
14374,L9097,longitud_onda
14375,L9097,longitud_onda
14377,L12175c183,longitud_onda
14378,L11301,longitud_onda
14379,L9097,longitud_onda
14392,L11301,longitud_onda
14393,L12175c183,longitud_onda
14395,L11301,longitud_onda
14399,L11301,longitud_onda
14412,L11301,longitud_onda
14415,L11301,longitud_onda
14416,L11301,longitud_onda
14417,L11301,longitud_onda
14418,L11301,longitud_onda
14421,L11301,longitud_onda
14424,L9405c188,longitud_onda
14425,L12175c183,longitud_onda
14426,L12175c183,longitud_onda
14427,L9097,longitud_onda
14434,L9097,longitud_onda
14435,L11301,longitud_onda
14438,L11301,longitud_onda
14439,L9097,longitud_onda
14441,L9097,longitud_onda
14442,L11301,longitud_onda
14443,L11301,longitud_onda
14445,L11301,longitud_onda
14446,L9097,longitud_onda
14451,L9097,longitud_onda
14452,L9097,longitud_onda
14453,L11301,longitud_onda
14454,L11301,longitud_onda
14458,L11301,longitud_onda
14461,L12175c183,longitud_onda
14467,L11301,longitud_onda
14478,L11301,longitud_onda
14479,L9097,longitud_onda
14481,L12175c183,longitud_onda
14482,L11301,longitud_onda
14489,L9097,longitud_onda
14490,L11301,longitud_onda
14497,L9097,longitud_onda
14501,L20058c153,longitud_onda
14502,L20058c153,longitud_onda
14504,L11301,longitud_onda
14508,L11301,longitud_onda
14510,L9097,longitud_onda
14513,L11301,longitud_onda
14515,L9097,longitud_onda
14517,L9097,longitud_onda
14518,L9097,longitud_onda
14519,L9097,longitud_onda
14521,L11301,longitud_onda
14522,L11301,longitud_onda
14523,L11301,longitud_onda
14524,L9097,longitud_onda
14525,L11301,longitud_onda
14526,L11301,longitud_onda
14527,L9097,longitud_onda
14528,L9760,longitud_onda
14529,L9097,longitud_onda
14530,L9097,longitud_onda
14536,L9097,longitud_onda
14537,L11301,longitud_onda
14540,L9097,longitud_onda
14541,L9097,longitud_onda
14542,L9097,longitud_onda
14544,L9097,longitud_onda
14545,L9097,longitud_onda
14546,L9097,longitud_onda
14548,L11301,longitud_onda
14549,L9097,longitud_onda
14550,L9097,longitud_onda
14551,L9097,longitud_onda
14553,L9097,longitud_onda
14554,L9097,longitud_onda
14555,L9760,longitud_onda
14556,L9097,longitud_onda
14557,L9097,longitud_onda
14558,L9097,longitud_onda
14560,L11301,longitud_onda
14561,L12175c183,longitud_onda
14562,L9097,longitud_onda
14564,L9097,longitud_onda
14565,L9097,longitud_onda
14566,L9097,longitud_onda
14567,L9097,longitud_onda
14568,L7397,longitud_onda
14569,L7397,longitud_onda
14570,L9097,longitud_onda
14573,L9097,longitud_onda
14574,L11301,longitud_onda
14575,L9097,longitud_onda
14580,L9097,longitud_onda
14581,L11301,longitud_onda
14592,L9097,longitud_onda
14593,L9097,longitud_onda
14594,L9097,longitud_onda
14596,L11301,longitud_onda
14597,L9097,longitud_onda
14598,L9097,longitud_onda
14599,L9097,longitud_onda
14600,L11301,longitud_onda
14601,L9097,longitud_onda
14602,L9097,longitud_onda
14603,L11301,longitud_onda
14607,L9097,longitud_onda
14608,L11301,longitud_onda
14612,L9097,longitud_onda
14615,L9097,longitud_onda
14619,L9097,longitud_onda
14620,L9097,longitud_onda
14622,L9097,longitud_onda
14627,L9097,longitud_onda
14628,L11301,longitud_onda
14632,L9097,longitud_onda
14634,L9097,longitud_onda
14635,L9097,longitud_onda
14636,L9097,longitud_onda
14637,L9097,longitud_onda
14638,L9097,longitud_onda
14640,L11301,longitud_onda
14641,L9097,longitud_onda
14654,L9097,longitud_onda
14655,L9097,longitud_onda
14656,L12175c183,longitud_onda
14657,L9097,longitud_onda
14658,L11301,longitud_onda
14659,L9097,longitud_onda
14660,L12175c183,longitud_onda
14662,L9097,longitud_onda
14664,L9405c188,longitud_onda
14665,L12175c183,longitud_onda
14666,L12175c183,longitud_onda
14667,L9097,longitud_onda
14668,L9097,longitud_onda
14669,L9097,longitud_onda
14670,L11262,longitud_onda
14671,L11262,longitud_onda
14672,L9097,longitud_onda
14673,L9097,longitud_onda
14683,L12175c183,longitud_onda
14684,L9097,longitud_onda
14685,L12175c183,longitud_onda
14686,L9097,longitud_onda
14687,L9097,longitud_onda
14688,L9097,longitud_onda
14689,L9097,longitud_onda
14690,L9097,longitud_onda
14691,L9097,longitud_onda
14692,L9097,longitud_onda
14696,L12175c183,longitud_onda
14697,L12175c183,longitud_onda
14698,L9097,longitud_onda
14699,L9097,longitud_onda
14700,L11301,longitud_onda
14701,L12175,longitud_onda
14702,L12175c183,longitud_onda
14703,L12175c183,longitud_onda
14704,L12175c183,longitud_onda
14706,L9097,longitud_onda
14707,L9097,longitud_onda
14708,L9097,longitud_onda
14709,L9097,longitud_onda
14712,L11301,longitud_onda
14713,L9097,longitud_onda
14714,L9097,longitud_onda
14716,L9097,longitud_onda
14717,L9097,longitud_onda
14718,L9097,longitud_onda
14719,L9097,longitud_onda
14720,L9097,longitud_onda
14721,L12175c183,longitud_onda
14722,L3760,longitud_onda
14723,L12175c183,longitud_onda
14724,L12175c183,longitud_onda
14725,L12175c183,longitud_onda
14738,L9097,longitud_onda
14739,L9097,longitud_onda
14740,L9097,longitud_onda
14741,L9097,longitud_onda
14747,L9097,longitud_onda
14748,L9097,longitud_onda
14761,L9097,longitud_onda
14762,L9097,longitud_onda
14763,L11301,longitud_onda
14774,L7452,longitud_onda
14797,L9097,longitud_onda
14798,L9097,longitud_onda
14799,L11262,longitud_onda
14800,L11262,longitud_onda
14801,L11262,longitud_onda
14802,L12175,longitud_onda
14803,L12175c183,longitud_onda
14810,L11301,longitud_onda
14811,L11301,longitud_onda
14852,L11301,longitud_onda
14862,L11301,longitud_onda
14868,L9097,longitud_onda
14880,L12175c183,longitud_onda
14881,L11301,longitud_onda
14883,L9097,longitud_onda
14885,L9097,longitud_onda
14889,L11301,longitud_onda
14895,L9097,longitud_onda
14903,L9097,longitud_onda
14914,L11301,longitud_onda
14918,L9097,longitud_onda
14920,L12175c183,longitud_onda
14925,L9097,longitud_onda
14934,L9097,longitud_onda
14935,L12175c183,longitud_onda
14937,L12175c183,longitud_onda
14962,L12175c183,longitud_onda
14969,L9097,longitud_onda
14979,L9097,longitud_onda
14982,L9097,longitud_onda
14984,L9097,longitud_onda
14986,L11301,longitud_onda
14992,L9097,longitud_onda
14996,L9097,longitud_onda
15006,L9097,longitud_onda
15013,L9097,longitud_onda
15014,L9097,longitud_onda
15018,L11301,longitud_onda
15021,L9097,longitud_onda
15022,L9097,longitud_onda
15023,L9097,longitud_onda
15028,L12175c183,longitud_onda
15029,L9097,longitud_onda
15031,L9097,longitud_onda
15033,L483,longitud_onda
15035,L9097,longitud_onda
15036,L9097,longitud_onda
15039,L9097,longitud_onda
15055,L9097,longitud_onda
15099,L9097,longitud_onda
15103,L9097,longitud_onda
15104,L9097,longitud_onda
15117,L9097,longitud_onda
15118,L9097,longitud_onda
15122,L9097,longitud_onda
15125,L9097,longitud_onda
15128,L9097,longitud_onda
15143,L12175c183,longitud_onda
15149,L9097,longitud_onda
15159,L9097,longitud_onda
15167,L12175c183,longitud_onda
15172,L9097,longitud_onda
15173,L12175c183,longitud_onda
15179,L11301,longitud_onda
15181,L9097,longitud_onda
15182,L11301,longitud_onda
15183,L12175c183,longitud_onda
15188,L9097,longitud_onda
15191,L12175c183,longitud_onda
15192,L12175c183,longitud_onda
15204,L12175c183,longitud_onda
15207,L11301,longitud_onda
15219,L483,longitud_onda
15220,L483,longitud_onda
15222,L483,longitud_onda
15223,L483,longitud_onda
15224,L483,longitud_onda
15226,L11301,longitud_onda
15227,L9097,longitud_onda
15231,L12175c183,longitud_onda
15243,L9097,longitud_onda
15250,L11301,longitud_onda
15251,L9097,longitud_onda
15259,L9097,longitud_onda
15276,L12175c183,longitud_onda
15279,L12175c183,longitud_onda
15283,L12175c183,longitud_onda
15284,L12175c183,longitud_onda
15329,L7452,longitud_onda
15330,L12175c183,longitud_onda
15332,L12175c183,longitud_onda
15336,u29,longitud_onda
15337,u29,longitud_onda
15338,L12175c183,longitud_onda
15339,u29,longitud_onda
15346,L12175c183,longitud_onda
15347,L12175c183,longitud_onda
15348,L12175c183,longitud_onda
15349,L12175c183,longitud_onda
15350,L9097,longitud_onda
15354,L12175c183,longitud_onda
15363,L12175c183,longitud_onda
15365,L9097,longitud_onda
15366,L12175c183,longitud_onda
15368,L9097,longitud_onda
15369,L12175c183,longitud_onda
15370,L9097,longitud_onda
15372,L12175c183,longitud_onda
15373,L12175c183,longitud_onda
15378,L9097,longitud_onda
15383,L11301,longitud_onda
15392,L9097,longitud_onda
15394,L11301,longitud_onda
15395,L12175c183,longitud_onda
15398,L12175c183,longitud_onda
15399,L9097,longitud_onda
15401,L9097,longitud_onda
15402,L9097,longitud_onda
15403,L12175c183,longitud_onda
15404,L12175c183,longitud_onda
15407,L12175c183,longitud_onda
15408,L12175c183,longitud_onda
15409,L9097,longitud_onda
15410,L12175c183,longitud_onda
15414,L12175c183,longitud_onda
15415,L9097,longitud_onda
15416,L12175c183,longitud_onda
15417,L11301,longitud_onda
15418,L9097,longitud_onda
15419,L9097,longitud_onda
15420,L9097,longitud_onda
15421,L12175c183,longitud_onda
15422,L9097,longitud_onda
15423,L9097,longitud_onda
15425,L12175c183,longitud_onda
15426,L11301,longitud_onda
15430,L9097,longitud_onda
15431,L12175,longitud_onda
15432,L12175c183,longitud_onda
15443,L9097,longitud_onda
15444,L12175c183,longitud_onda
15445,L12175c183,longitud_onda
15447,L11301,longitud_onda
15448,L9097,longitud_onda
15452,L9097,longitud_onda
15454,L9097,longitud_onda
15455,L9097,longitud_onda
15458,L9097,longitud_onda
15459,L12175c183,longitud_onda
15462,L11301,longitud_onda
15466,L9097,longitud_onda
15469,L11301,longitud_onda
15482,L11301,longitud_onda
15484,L9097,longitud_onda
15486,L11301,longitud_onda
15489,L11301,longitud_onda
15494,L9097,longitud_onda
15498,L12175c183,longitud_onda
15502,L11301,longitud_onda
15503,L12175c183,longitud_onda
15511,L12175c183,longitud_onda
15512,L9097,longitud_onda
15513,L11301,longitud_onda
15515,L12175c183,longitud_onda
15516,u29,longitud_onda
15517,u29,longitud_onda
15520,L12175c183,longitud_onda
15522,L11301,longitud_onda
15523,L9097,longitud_onda
15524,L12175c183,longitud_onda
15525,L11301,longitud_onda
15531,L9097,longitud_onda
15532,L11301,longitud_onda
15535,L11301,longitud_onda
15540,L12175c183,longitud_onda
15543,L12175c183,longitud_onda
15551,L11301,longitud_onda
15556,L11301,longitud_onda
15558,L12175c183,longitud_onda
15560,L11301,longitud_onda
15562,L11301,longitud_onda
15572,L11301,longitud_onda
15574,L11301,longitud_onda
15575,L11301,longitud_onda
15577,L9097,longitud_onda
15578,L9097,longitud_onda
15579,L12175c183,longitud_onda
15581,L12175c183,longitud_onda
15582,L12175c183,longitud_onda
15583,L12175c183,longitud_onda
15585,L11301,longitud_onda
15602,L12175c183,longitud_onda
15637,L9097,longitud_onda
15646,L7421,longitud_onda
15648,L12175c183,longitud_onda
15651,L11301,longitud_onda
15652,L11301,longitud_onda
15653,L12175c183,longitud_onda
15655,L12175c183,longitud_onda
15663,L11301,longitud_onda
15665,L12175c183,longitud_onda
15666,L12175c183,longitud_onda
15675,L9097,longitud_onda
15676,L12175c183,longitud_onda
15678,L12175c183,longitud_onda
15680,L11301,longitud_onda
15681,L12175c183,longitud_onda
15685,L12175c183,longitud_onda
15686,L12175c183,longitud_onda
15687,L12175c183,longitud_onda
15689,L12175c183,longitud_onda
15694,L11301,longitud_onda
15695,L12175c183,longitud_onda
15696,L12175c183,longitud_onda
15698,L12175c183,longitud_onda
15703,L12175c183,longitud_onda
15705,L11301,longitud_onda
15706,L11301c153,longitud_onda
15708,L12175c183,longitud_onda
15711,L12175c183,longitud_onda
15712,L12175c183,longitud_onda
15713,L12175c183,longitud_onda
15716,L11301,longitud_onda
15717,L9405c188,longitud_onda
15730,L12175c183,longitud_onda
15733,L12175,longitud_onda
15734,L12175c183,longitud_onda
15734,c153,longitud_onda
15735,L12175c183,longitud_onda
15739,L12175c183,longitud_onda
15740,L9097,longitud_onda
15741,L12175c183,longitud_onda
15742,L12175c183,longitud_onda
15743,L9097,longitud_onda
15745,L12175c183,longitud_onda
15746,L12175c183,longitud_onda
15749,L9097,longitud_onda
15750,L9097,longitud_onda
15752,L9097,longitud_onda
15753,L9097,longitud_onda
15754,L9097,longitud_onda
15755,L12175c183,longitud_onda
15756,L9097,longitud_onda
15757,L9097,longitud_onda
15758,L9097,longitud_onda
15765,L9097,longitud_onda
15767,L9097,longitud_onda
15769,L9097,longitud_onda
15776,L12175c183,longitud_onda
15781,L9097,longitud_onda
15782,L12175c183,longitud_onda
15783,L9097,longitud_onda
15784,L9097,longitud_onda
15785,L9097,longitud_onda
15786,L12175c183,longitud_onda
15788,L12175c183,longitud_onda
15789,L9097,longitud_onda
15790,L9097,longitud_onda
15791,L9097,longitud_onda
15792,L12175c183,longitud_onda
15795,L12175c183,longitud_onda
15796,L12175c183,longitud_onda
15797,L12175c183,longitud_onda
15798,L12175c183,longitud_onda
15799,L12175c183,longitud_onda
15800,L9097,longitud_onda
15801,L9097,longitud_onda
15802,L12175c183,longitud_onda
15803,L12175c183,longitud_onda
15804,L12175c183,longitud_onda
15805,L12175c183,longitud_onda
15806,L12175c183,longitud_onda
15807,L12175c183,longitud_onda
15808,L12175c183,longitud_onda
15809,L12175c183,longitud_onda
15810,L12175c183,longitud_onda
15811,L12175c183,longitud_onda
15816,L9097,longitud_onda
15817,L12175c183,longitud_onda
15818,L9097,longitud_onda
15819,L12175c183,longitud_onda
15820,L12175c183,longitud_onda
15821,L9097,longitud_onda
15822,L9097,longitud_onda
15823,L12175c183,longitud_onda
15825,L12175c183,longitud_onda
15826,L12175c183,longitud_onda
15827,L12175c183,longitud_onda
15829,L9097,longitud_onda
15830,L9097,longitud_onda
15832,L9097,longitud_onda
15833,L9097,longitud_onda
15834,L9097,longitud_onda
15839,L9097,longitud_onda
15840,L9097,longitud_onda
15841,L12175c183,longitud_onda
15842,L12175c183,longitud_onda
15844,L9097,longitud_onda
15845,L9097,longitud_onda
15854,L12175c183,longitud_onda
15855,L12175c183,longitud_onda
15856,L12175c183,longitud_onda
15863,L9097,longitud_onda
15864,L9097,longitud_onda
15865,L9097,longitud_onda
15866,L9097,longitud_onda
15867,L9097,longitud_onda
15868,L9097,longitud_onda
15869,L7397,longitud_onda
15880,L12175c183,longitud_onda
15882,L12175,longitud_onda
15887,L9097,longitud_onda
15891,L9097,longitud_onda
15892,L9097,longitud_onda
15900,L7421,longitud_onda
15907,L12175,longitud_onda
15908,L9405c188,longitud_onda
15920,L9097,longitud_onda
15921,L9097,longitud_onda
15925,L9097,longitud_onda
15926,L9097,longitud_onda
15927,L12175c183,longitud_onda
15928,L12175c183,longitud_onda
15929,L12175c183,longitud_onda
15931,L9097,longitud_onda
15932,L9097,longitud_onda
15939,L12175c183,longitud_onda
15940,L9097,longitud_onda
15942,L9097,longitud_onda
15943,L9097,longitud_onda
15944,L9097,longitud_onda
15946,L12175c183,longitud_onda
15947,L12175c183,longitud_onda
15948,L9097,longitud_onda
15949,L9097,longitud_onda
15951,L9097,longitud_onda
15952,L9097,longitud_onda
15953,L9097,longitud_onda
15955,L9097,longitud_onda
15957,L9097,longitud_onda
15958,L12175c183,longitud_onda
15959,L12175c183,longitud_onda
15960,L9097,longitud_onda
15961,L9097,longitud_onda
15964,L9097,longitud_onda
15969,L12175c183,longitud_onda
15970,L12175c183,longitud_onda
15985,L12175c183,longitud_onda
15986,L12175c183,longitud_onda
15990,L12175c183,longitud_onda
15999,L9405c188,longitud_onda
16001,L9405c188,longitud_onda
16002,L12175c183,longitud_onda
16003,L9405c188,longitud_onda
16007,L9097,longitud_onda
16045,L12175c183,longitud_onda
16052,L9097,longitud_onda
16056,L12175c183,longitud_onda
16063,L11301,longitud_onda
16064,L9097,longitud_onda
16065,L11301,longitud_onda
16078,L9097,longitud_onda
16080,L12175c183,longitud_onda
16085,L1975,longitud_onda
16086,L1975,longitud_onda
16088,L11301,longitud_onda
16104,L1975,longitud_onda
16105,L1975,longitud_onda
16106,L1975,longitud_onda
16107,L1975,longitud_onda
16109,L1975,longitud_onda
16110,L1975,longitud_onda
16147,L7421,longitud_onda
16160,L11301,longitud_onda
16173,L11301,longitud_onda
16175,L9097,longitud_onda
16176,L9097,longitud_onda
16177,L9097,longitud_onda
16187,L12175,longitud_onda
16189,L9097,longitud_onda
16202,L11301,longitud_onda
16204,L11301,longitud_onda
16211,L11301,longitud_onda
16212,L1975,longitud_onda
16219,L1975,longitud_onda
16221,L11301,longitud_onda
16222,L1975,longitud_onda
16223,L12175c183,longitud_onda
16225,L12175c183,longitud_onda
16226,L11301,longitud_onda
16227,L11301,longitud_onda
16236,L12175c183,longitud_onda
16238,L12175c183,longitud_onda
16239,L12175c183,longitud_onda
16244,L1975,longitud_onda
16246,L12175c183,longitud_onda
16253,L1975,longitud_onda
16257,L1975,longitud_onda
16334,L7452,longitud_onda
16335,L11301,longitud_onda
16337,L1975,longitud_onda
16347,L1975,longitud_onda
16349,L1975,longitud_onda
16350,L1975,longitud_onda
16351,L1975,longitud_onda
16352,L1975,longitud_onda
16353,L1975,longitud_onda
16358,L1975,longitud_onda
16359,L1975,longitud_onda
16364,L9405c188,longitud_onda
16369,L1975,longitud_onda
16370,L1975,longitud_onda
16371,L1975,longitud_onda
16372,L1975,longitud_onda
16380,L1975,longitud_onda
16385,L1975,longitud_onda
16395,L12175c183,longitud_onda
16401,L1975,longitud_onda
16446,L9405c188,longitud_onda
16600,L12158,longitud_onda
16601,L12158,longitud_onda
16602,L12158,longitud_onda
16674,L9405,longitud_onda
16675,L9405,longitud_onda
16681,L9405,longitud_onda
16682,L9405,longitud_onda
16687,L9405,longitud_onda
16690,L9405,longitud_onda
16691,L9405c188,longitud_onda
16692,L9405c188,longitud_onda
16694,L9405,longitud_onda
16703,L9405c188,longitud_onda
16704,L9405c188,longitud_onda
16706,L9405c188,longitud_onda
16707,L9405c188,longitud_onda
16711,L9405c188,longitud_onda
16712,L9405c188,longitud_onda
16725,L9405c188,longitud_onda
16726,L9405c188,longitud_onda
16773,L7452,longitud_onda
16779,L9405,longitud_onda
16788,L9405c188,longitud_onda
16789,L9405c188,longitud_onda
16858,L7452,longitud_onda
16925,L7424c32,longitud_onda
16947,L7424c32,longitud_onda
17031,L7424c32,longitud_onda
17078,L7424c32,longitud_onda
17133,L7424c32,longitud_onda
17152,L7424c32,longitud_onda
17241,L7424c32,longitud_onda
17266,L6002,longitud_onda
17375,L7424c32,longitud_onda
17378,L7424c32,longitud_onda
17394,L7424c32,longitud_onda
17399,L6510,longitud_onda
17690,L7455,longitud_onda
17749,L5746,longitud_onda
17854,L7455,longitud_onda
18069,u32,longitud_onda
18082,u32,longitud_onda
18105,u32,longitud_onda
18115,L7352,longitud_onda
18125,L6720,longitud_onda
18132,L7352,longitud_onda
18156,L9739,longitud_onda
18167,L9435,longitud_onda
18173,L9739,longitud_onda
18177,L11267,longitud_onda
18190,L10626,longitud_onda
18234,L5964,longitud_onda
18236,L11267,longitud_onda
18239,L1488,longitud_onda
18240,L7320,longitud_onda
18241,L4937,longitud_onda
18242,L6891,longitud_onda
18243,L4353,longitud_onda
18244,L1164,longitud_onda
18245,L2271,longitud_onda
18246,L4353,longitud_onda
18247,L1164,longitud_onda
18248,L10329,longitud_onda
18249,L2260,longitud_onda
18250,L4353,longitud_onda
18251,L4353,longitud_onda
18252,L4353,longitud_onda
18253,L6644,longitud_onda
18254,L1164,longitud_onda
18255,L15291c34,longitud_onda
18256,L1164,longitud_onda
18257,L15291c35,longitud_onda
18258,L1164,longitud_onda
18259,L1164,longitud_onda
18260,L15291c34,longitud_onda
18261,L1764,longitud_onda
18262,L15291c34,longitud_onda
18263,L15291c35,longitud_onda
18264,L1164,longitud_onda
18265,L1164,longitud_onda
18266,L15291c34,longitud_onda
18267,L15291c35,longitud_onda
18268,L1164,longitud_onda
18269,L15291c34,longitud_onda
18270,L1164,longitud_onda
18271,L15291c34,longitud_onda
18272,L15291c35,longitud_onda
18273,L15291c33,longitud_onda
18274,L15291c34,longitud_onda
18276,L15291c34,longitud_onda
18277,L15291c35,longitud_onda
18278,L15291c33,longitud_onda
18279,L15291c35,longitud_onda
18280,L15291c33,longitud_onda
18281,L15291c35,longitud_onda
18283,L15291c33,longitud_onda
18284,L15291c33,longitud_onda
18285,L15291c33,longitud_onda
18286,L15291c33,longitud_onda
18287,L4386,longitud_onda
18288,L15291c33,longitud_onda
