id_nivel,id_espectro,configuracion,termino,j_valor,j_texto,j_resuelto,g,energia_ev,energia_interpolada,incertidumbre_ev
001001.001.000001,1,1s,2S,0.5,1/2,True,2,0.0,False,1.2e-13
001001.001.000002,1,2p,2P*,0.5,1/2,True,2,10.19880615024,False,4e-11
001001.001.000004,1,2p,2P*,1.5,3/2,True,4,10.19885151459,False,5e-11
001001.001.000003,1,2s,2S,0.5,1/2,True,2,10.19881052514816,False,1.2e-13
001001.001.000059,1,2,,,,,8,10.1988358,False,1.2e-06
001001.001.000005,1,3p,2P*,0.5,1/2,True,2,12.0874936591,False,9e-10
001001.001.000008,1,3p,2P*,1.5,3/2,True,4,12.0875071004,False,9e-10
001001.001.000006,1,3s,2S,0.5,1/2,True,2,12.0874949611,False,9e-10
001001.001.000060,1,3,,,,,18,12.0875052,False,6e-07
001001.001.000007,1,3d,2D,1.5,3/2,True,4,12.0875070783,False,2.5e-09
001001.001.000009,1,3d,2D,2.5,5/2,True,6,12.0875115582,False,9e-10
001001.001.000010,1,4p,2P*,0.5,1/2,True,2,12.74853244632,False,6e-11
001001.001.000013,1,4p,2P*,1.5,3/2,True,4,12.74853811674,False,4e-11
001001.001.000011,1,4s,2S,0.5,1/2,True,2,12.74853299663,False,4e-11
001001.001.000012,1,4d,2D,1.5,3/2,True,4,12.7485381084,False,1e-09
001001.001.000015,1,4d,2D,2.5,5/2,True,6,12.74853999753,False,1e-10
001001.001.000061,1,4,,,,,32,12.7485393,False,4e-07
001001.001.000014,1,4f,2F*,2.5,5/2,True,6,12.748539998,False,6e-09
001001.001.000016,1,4f,2F*,3.5,7/2,True,8,12.7485409403,False,1.6e-09
001001.001.000017,1,5p,2P*,0.5,1/2,True,2,13.054498182,False,5e-09
001001.001.000020,1,5p,2P*,1.5,3/2,True,4,13.054501086,False,5e-09
001001.001.000018,1,5s,2S,0.5,1/2,True,2,13.054498464,True,5e-09
001001.001.000019,1,5d,2D,1.5,3/2,True,4,13.054501074,False,3e-09
001001.001.000021,1,5d,2D,2.5,5/2,True,6,13.054502042,True,3e-09
001001.001.000062,1,5,,,,,50,13.0545017,False,5e-07
001001.001.000098,1,5f,2F*,2.5,5/2,True,6,13.054502046336,False,1e-11
001001.001.000022,1,5f,2F*,3.5,7/2,True,8,13.054502526,False,6e-09
001001.001.000099,1,5g,2G,3.5,7/2,True,8,13.054502529303,False,1e-11
001001.001.000100,1,5g,2G,4.5,9/2,True,10,13.054502819633,False,1e-11
001001.001.000023,1,6p,2P*,0.5,1/2,True,2,13.22070146198,True,1.2e-10
001001.001.000026,1,6p,2P*,1.5,3/2,True,4,13.22070314214,True,1.2e-10
001001.001.000024,1,6s,2S,0.5,1/2,True,2,13.22070162532,False,9e-11
001001.001.000025,1,6d,2D,1.5,3/2,True,4,13.22070313941,True,1.6e-10
001001.001.000027,1,6d,2D,2.5,5/2,True,6,13.22070369934,False,5e-11
001001.001.000101,1,6f,2F*,2.5,5/2,True,6,13.220703699081,False,1e-11
001001.001.000102,1,6f,2F*,3.5,7/2,True,8,13.220703979103,False,1e-11
001001.001.000063,1,6,,,,,72,13.22070389,False,2e-07
001001.001.000103,1,6g,2G,3.5,7/2,True,8,13.220703978574,False,1e-11
001001.001.000104,1,6g,2G,4.5,9/2,True,10,13.220704146589,False,1e-11
001001.001.000105,1,6h,2H*,4.5,9/2,True,10,13.220704146258,False,1e-11
001001.001.000106,1,6h,2H*,5.5,11/2,True,12,13.220704258272,False,1e-11
001001.001.000028,1,7p,2P*,0.5,1/2,True,2,13.320916647,True,5e-09
001001.001.000031,1,7p,2P*,1.5,3/2,True,4,13.320917704,True,5e-09
001001.001.000029,1,7s,2S,0.5,1/2,True,2,13.32091675,True,5e-09
001001.001.000030,1,7d,2D,1.5,3/2,True,4,13.320917703,True,3e-09
001001.001.000032,1,7d,2D,2.5,5/2,True,6,13.320918056,True,3e-09
001001.001.000064,1,7,,,,,98,13.32091817,False,1.1e-07
001001.001.000033,1,8p,2P*,0.5,1/2,True,2,13.38596007869,True,7e-11
001001.001.000036,1,8p,2P*,1.5,3/2,True,4,13.38596078751,True,7e-11
001001.001.000034,1,8s,2S,0.5,1/2,True,2,13.38596014765,False,4e-11
001001.001.000035,1,8d,2D,1.5,3/2,True,4,13.38596078636,False,4e-11
001001.001.000037,1,8d,2D,2.5,5/2,True,6,13.385961022639,False,2.5e-11
001001.001.000065,1,8,,,,,128,13.38596103,False,9e-08
001001.001.000038,1,9p,2P*,0.5,1/2,True,2,13.4305536,True,5e-09
001001.001.000041,1,9p,2P*,1.5,3/2,True,4,13.430554098,True,5e-09
001001.001.000039,1,9s,2S,0.5,1/2,True,2,13.430553648,True,5e-09
001001.001.000040,1,9d,2D,1.5,3/2,True,4,13.430554096,True,3e-09
001001.001.000042,1,9d,2D,2.5,5/2,True,6,13.430554262,True,3e-09
001001.001.000066,1,9,,,,,162,13.43055424,False,9e-08
001001.001.000043,1,10p,2P*,0.5,1/2,True,2,13.462451058,True,5e-09
001001.001.000046,1,10p,2P*,1.5,3/2,True,4,13.462451421,True,5e-09
001001.001.000044,1,10s,2S,0.5,1/2,True,2,13.462451094,True,5e-09
001001.001.000045,1,10d,2D,1.5,3/2,True,4,13.46245141908,True,1.6e-10
001001.001.000047,1,10d,2D,2.5,5/2,True,6,13.46245154007,False,1.6e-10
001001.001.000067,1,10,,,,,200,13.46245155,False,1e-07
001001.001.000048,1,11p,2P*,0.5,1/2,True,2,13.486051554,True,5e-09
001001.001.000051,1,11p,2P*,1.5,3/2,True,4,13.486051827,True,5e-09
001001.001.000049,1,11s,2S,0.5,1/2,True,2,13.486051581,True,5e-09
001001.001.000050,1,11d,2D,1.5,3/2,True,4,13.486051825,True,3e-09
001001.001.000052,1,11d,2D,2.5,5/2,True,6,13.486051916,True,3e-09
001001.001.000068,1,11,,,,,242,13.48605194,False,7e-08
001001.001.000053,1,12p,2P*,0.5,1/2,True,2,13.504001658,True,5e-09
001001.001.000056,1,12p,2P*,1.5,3/2,True,4,13.504001867,True,5e-09
001001.001.000054,1,12s,2S,0.5,1/2,True,2,13.504001678,True,5e-09
001001.001.000055,1,12d,2D,1.5,3/2,True,4,13.50400186581,False,4e-11
001001.001.000057,1,12d,2D,2.5,5/2,True,6,13.50400193582,False,3e-11
001001.001.000069,1,12,,,,,288,13.50400193,False,6e-08
001001.001.000070,1,13,,,,,338,13.51797128,True,1.1e-07
001001.001.000071,1,14,,,,,392,13.52905552,True,1.1e-07
001001.001.000072,1,15,,,,,450,13.53799772,True,1.1e-07
001001.001.000073,1,16,,,,,512,13.54531624,True,1.2e-07
001001.001.000074,1,17,,,,,578,13.55138166,True,1.2e-07
001001.001.000075,1,18,,,,,648,13.55646454,True,1.2e-07
001001.001.000076,1,19,,,,,722,13.56076619,True,1.2e-07
001001.001.000077,1,20,,,,,800,13.56443886,True,1.2e-07
001001.001.000078,1,21,,,,,882,13.56759946,True,1.2e-07
001001.001.000079,1,22,,,,,968,13.57033894,True,1.2e-07
001001.001.000080,1,23,,,,,1058,13.57272894,True,1.2e-07
001001.001.000081,1,24,,,,,1152,13.57482645,True,1.2e-07
001001.001.000082,1,25,,,,,1250,13.57667733,True,1.2e-07
001001.001.000083,1,26,,,,,1352,13.57831878,True,1.2e-07
001001.001.000084,1,27,,,,,1458,13.57978125,True,1.2e-07
001001.001.000085,1,28,,,,,1568,13.58108984,True,1.2e-07
001001.001.000086,1,29,,,,,1682,13.58226541,True,1.2e-07
001001.001.000087,1,30,,,,,1800,13.58332538,True,1.2e-07
001001.001.000088,1,31,,,,,1922,13.58428445,True,1.2e-07
001001.001.000089,1,32,,,,,2048,13.58515502,True,1.2e-07
001001.001.000090,1,33,,,,,2178,13.58594765,True,1.2e-07
001001.001.000091,1,34,,,,,2312,13.58667137,True,1.2e-07
001001.001.000092,1,35,,,,,2450,13.58733395,True,1.2e-07
001001.001.000093,1,36,,,,,2592,13.58794208,True,1.2e-07
001001.001.000094,1,37,,,,,2738,13.58850159,True,1.2e-07
001001.001.000095,1,38,,,,,2888,13.5890175,True,1.2e-07
001001.001.000096,1,39,,,,,3042,13.58949423,True,1.2e-07
001001.001.000097,1,40,,,,,3200,13.58993566,True,1.2e-07
001001.001.Lim001,1,,Limit,,---,False,,13.598434599702,False,1.2e-11
002001.000001,2,1s2,1S,0.0,0,True,1,0.0,True,1.5e-07
002001.000002,2,1s.2s,3S,1.0,1,True,3,19.819614525,True,5e-09
002001.000003,2,1s.2s,1S,0.0,0,True,1,20.615774823,True,8e-09
002001.000004,2,1s.2p,3P*,2.0,2,True,5,20.96408688908,True,3e-09
002001.000005,2,1s.2p,3P*,1.0,1,True,3,20.96409636464,True,3e-09
002001.000006,2,1s.2p,3P*,0.0,0,True,1,20.96421885051,True,3e-09
002001.000007,2,1s.2p,1P*,1.0,1,True,3,21.2180227112,True,1.6e-09
002001.000008,2,1s.3s,3S,1.0,1,True,3,22.718466419,True,8e-09
002001.000009,2,1s.3s,1S,0.0,0,True,1,22.920317359,True,4e-09
002001.000010,2,1s.3p,3P*,2.0,2,True,5,23.00707314571,True,4e-11
002001.000011,2,1s.3p,3P*,1.0,1,True,3,23.0070758719,True,4e-10
002001.000012,2,1s.3p,3P*,0.0,0,True,1,23.0071094335,True,4e-10
002001.000013,2,1s.3d,3D,3.0,3,True,7,23.07365070854,True,1e-10
002001.000014,2,1s.3d,3D,2.0,2,True,5,23.07365101981,True,1e-10
002001.000015,2,1s.3d,3D,1.0,1,True,3,23.07365649967,True,1e-10
002001.000016,2,1s.3d,1D,2.0,2,True,5,23.07407479777,True,8e-11
002001.000017,2,1s.3p,1P*,1.0,1,True,3,23.0870185296,True,2.1e-10
002001.000018,2,1s.4s,3S,1.0,1,True,3,23.593958713,True,3e-09
002001.000019,2,1s.4s,1S,0.0,0,True,1,23.67357059,True,3e-09
002001.000020,2,1s.4p,3P*,2.0,2,True,5,23.7078912279,True,8e-10
002001.000021,2,1s.4p,3P*,1.0,1,True,3,23.7078923433,True,8e-10
002001.000022,2,1s.4p,3P*,0.0,0,True,1,23.7079060221,True,8e-10
002001.000023,2,1s.4d,3D,3.0,3,True,7,23.7360901901,True,5e-11
002001.000024,2,1s.4d,3D,2.0,2,True,5,23.73609033897,True,5e-11
002001.000025,2,1s.4d,3D,1.0,1,True,3,23.73609263507,True,5e-11
002001.000026,2,1s.4d,1D,2.0,2,True,5,23.73633503536,True,4e-11
002001.000027,2,1s.4f,3F*,3.0,3,True,7,23.737006806968,True,8e-12
002001.000028,2,1s.4f,3F*,4.0,4,True,9,23.737007692183,True,6e-12
002001.000029,2,1s.4f,3F*,2.0,2,True,5,23.737008760725,True,8e-12
002001.000030,2,1s.4f,1F*,3.0,3,True,7,23.737009722091,True,6e-12
002001.000031,2,1s.4p,1P*,1.0,1,True,3,23.7420700688,True,1.6e-10
002001.000032,2,1s.5s,3S,1.0,1,True,3,23.9719714182,True,1.6e-09
002001.000033,2,1s.5s,1S,0.0,0,True,1,24.0112149898,True,1.2e-09
002001.000034,2,1s.5p,3P*,2.0,2,True,5,24.028225064,True,5e-10
002001.000035,2,1s.5p,3P*,1.0,1,True,3,24.0282256244,True,5e-10
002001.000036,2,1s.5p,3P*,0.0,0,True,1,24.0282324989,True,5e-10
002001.000037,2,1s.5d,3D,3.0,3,True,7,24.042662242088,True,2.5e-11
002001.000038,2,1s.5d,3D,2.0,2,True,5,24.042662321526,True,2.5e-11
002001.000039,2,1s.5d,3D,1.0,1,True,3,24.042663494166,True,2.5e-11
002001.000040,2,1s.5d,1D,2.0,2,True,5,24.042803412125,True,2.1e-11
002001.000041,2,1s.5f,3F*,3.0,3,True,7,24.043154084167,True,5e-12
002001.000042,2,1s.5f,3F*,4.0,4,True,9,24.043154465835,True,4e-12
002001.000043,2,1s.5f,3F*,2.0,2,True,5,24.043155012649,True,5e-12
002001.000044,2,1s.5f,1F*,3.0,3,True,7,24.043155648442,True,4e-12
002001.000045,2,1s.5g,3G,4.0,4,True,9,24.0432156651818,True,1.2e-12
002001.000046,2,1s.5g,3G,5.0,5,True,11,24.0432160086825,True,9e-13
002001.000047,2,1s.5g,3G,3.0,3,True,7,24.0432163209841,True,1.2e-12
002001.000048,2,1s.5g,1G,4.0,4,True,9,24.0432165311324,True,9e-13
002001.000049,2,1s.5p,1P*,1.0,1,True,3,24.04580040653,True,8e-11
002001.000050,2,1s.6s,3S,1.0,1,True,3,24.1689982232,True,8e-10
002001.000051,2,1s.6s,1S,0.0,0,True,1,24.1911602752,True,7e-10
002001.000052,2,1s.6p,3P*,2.0,2,True,5,24.20081545451,True,2.5e-10
002001.000053,2,1s.6p,3P*,1.0,1,True,3,24.20081577498,True,2.5e-10
002001.000054,2,1s.6p,3P*,0.0,0,True,1,24.20081970804,True,2.5e-10
002001.000055,2,1s.6d,3D,3.0,3,True,7,24.209163110443,True,1.6e-11
002001.000056,2,1s.6d,3D,2.0,2,True,5,24.209163157329,True,1.6e-11
002001.000057,2,1s.6d,3D,1.0,1,True,3,24.209163835045,True,1.6e-11
002001.000058,2,1s.6d,1D,2.0,2,True,5,24.209249793955,True,1.2e-11
002001.000059,2,1s.6f,3F*,3.0,3,True,7,24.209454827529,True,3e-12
002001.000060,2,1s.6f,3F*,4.0,4,True,9,24.2094550264796,True,2.1e-12
002001.000061,2,1s.6f,3F*,2.0,2,True,5,24.209455342828,True,3e-12
002001.000062,2,1s.6f,1F*,3.0,3,True,7,24.2094557657828,True,2.1e-12
002001.000063,2,1s.6g,3G,4.0,4,True,9,24.2094918821374,True,9e-13
002001.000064,2,1s.6g,3G,5.0,5,True,11,24.2094920807421,True,6e-13
002001.000065,2,1s.6g,3G,3.0,3,True,7,24.2094922614541,True,9e-13
002001.000066,2,1s.6g,1G,4.0,4,True,9,24.2094923832773,True,6e-13
002001.000067,2,1s.6h,3H*,5.0,5,True,11,24.2095005571382,True,4e-13
002001.000068,2,1s.6h,3H*,6.0,6,True,13,24.20950068659936,True,2.5e-13
002001.000069,2,1s.6h,3H*,4.0,4,True,9,24.2095008041069,True,4e-13
002001.000070,2,1s.6h,1H*,5.0,5,True,11,24.209500891788,True,2.5e-13
002001.000071,2,1s.6p,1P*,1.0,1,True,3,24.21100267716,True,5e-11
002001.000072,2,1s.7s,3S,1.0,1,True,3,24.2845660369,True,5e-10
002001.000073,2,1s.7s,1S,0.0,0,True,1,24.2982859057,True,5e-10
002001.000074,2,1s.7p,3P*,2.0,2,True,5,24.30428920147,True,1.6e-10
002001.000075,2,1s.7p,3P*,1.0,1,True,3,24.30428940164,True,1.6e-10
002001.000076,2,1s.7p,3P*,0.0,0,True,1,24.30429185947,True,1.6e-10
002001.000077,2,1s.7d,3D,3.0,3,True,7,24.3095408973,True,8e-12
002001.000078,2,1s.7d,3D,2.0,2,True,5,24.309540927161,True,8e-12
002001.000079,2,1s.7d,3D,1.0,1,True,3,24.309541353601,True,8e-12
002001.000080,2,1s.7d,1D,2.0,2,True,5,24.309597381304,True,8e-12
002001.000081,2,1s.7f,3F*,3.0,3,True,7,24.3097272911601,True,2.1e-12
002001.000082,2,1s.7f,3F*,4.0,4,True,9,24.3097274083893,True,1.6e-12
002001.000083,2,1s.7f,3F*,2.0,2,True,5,24.309727607568,True,2.1e-12
002001.000084,2,1s.7f,1F*,3.0,3,True,7,24.3097278970701,True,1.6e-12
002001.000085,2,1s.7g,3G,4.0,4,True,9,24.3097511655788,True,6e-13
002001.000086,2,1s.7g,3G,5.0,5,True,11,24.3097512905603,True,4e-13
002001.000087,2,1s.7g,3G,3.0,3,True,7,24.3097514043543,True,6e-13
002001.000088,2,1s.7g,1G,4.0,4,True,9,24.3097514811699,True,4e-13
002001.000089,2,1s.7h,3H*,5.0,5,True,11,24.30975684089325,True,2.5e-13
002001.000090,2,1s.7h,3H*,6.0,6,True,13,24.30975692242005,True,2.5e-13
002001.000091,2,1s.7h,3H*,4.0,4,True,9,24.30975699641729,True,2.5e-13
002001.000092,2,1s.7h,1H*,5.0,5,True,11,24.30975705163464,True,2.5e-13
002001.000093,2,1s.7i,3I,6.0,6,True,13,24.30975862360302,True,2.5e-13
002001.000094,2,1s.7i,3I,7.0,7,True,15,24.30975868078527,True,2.5e-13
002001.000095,2,1s.7i,3I,5.0,5,True,11,24.30975873289013,True,2.5e-13
002001.000096,2,1s.7i,1I,6.0,6,True,13,24.3097587742861,True,2.5e-13
002001.000097,2,1s.7p,1P*,1.0,1,True,3,24.31070817873,True,3e-11
002001.000098,2,1s.8s,3S,1.0,1,True,3,24.358104144,True,3e-10
002001.000099,2,1s.8s,1S,0.0,0,True,1,24.3671800778,True,3e-10
002001.000100,2,1s.8p,3P*,2.0,2,True,5,24.37116588077,True,1.2e-10
002001.000101,2,1s.8p,3P*,1.0,1,True,3,24.37116601407,True,1.2e-10
002001.000102,2,1s.8p,3P*,0.0,0,True,1,24.37116765163,True,1.2e-10
002001.000103,2,1s.8d,3D,3.0,3,True,7,24.374680880069,True,8e-12
002001.000104,2,1s.8d,3D,2.0,2,True,5,24.374680900214,True,8e-12
002001.000105,2,1s.8d,3D,1.0,1,True,3,24.374681185743,True,8e-12
002001.000106,2,1s.8d,1D,2.0,2,True,5,24.374719544511,True,4e-12
002001.000107,2,1s.8f,3F*,3.0,3,True,7,24.3748069170618,True,1.2e-12
002001.000108,2,1s.8f,3F*,4.0,4,True,9,24.3748069921824,True,1.2e-12
002001.000109,2,1s.8f,3F*,2.0,2,True,5,24.3748071255995,True,1.2e-12
002001.000110,2,1s.8f,1F*,3.0,3,True,7,24.3748073302369,True,1.2e-12
002001.000111,2,1s.8g,3G,4.0,4,True,9,24.3748231461435,True,5e-13
002001.000112,2,1s.8g,3G,5.0,5,True,11,24.374823229828,True,4e-13
002001.000113,2,1s.8g,3G,3.0,3,True,7,24.3748233060576,True,5e-13
002001.000114,2,1s.8g,1G,4.0,4,True,9,24.3748233575671,True,4e-13
002001.000115,2,1s.8h,3H*,5.0,5,True,11,24.37482704046834,True,2.5e-13
002001.000116,2,1s.8h,3H*,6.0,6,True,13,24.37482709508499,True,2.5e-13
002001.000117,2,1s.8h,3H*,4.0,4,True,9,24.37482714465648,True,2.5e-13
002001.000118,2,1s.8h,1H*,5.0,5,True,11,24.3748271816484,True,2.5e-13
002001.000119,2,1s.8i,3I,6.0,6,True,13,24.37482827854156,True,2.5e-13
002001.000120,2,1s.8i,3I,7.0,7,True,15,24.37482831684934,True,2.5e-13
002001.000121,2,1s.8i,3I,5.0,5,True,11,24.37482835175535,True,2.5e-13
002001.000122,2,1s.8i,1I,6.0,6,True,13,24.37482837948752,True,2.5e-13
002001.000123,2,1s.8k,3K*,7.0,7,True,15,24.37482875537896,True,2.5e-13
002001.000124,2,1s.8k,3K*,8.0,8,True,17,24.37482878370663,True,2.5e-13
002001.000125,2,1s.8k,3K*,6.0,6,True,13,24.37482880965292,True,2.5e-13
002001.000126,2,1s.8k,1K*,7.0,7,True,15,24.3748288311374,True,2.5e-13
002001.000127,2,1s.8p,1P*,1.0,1,True,3,24.37546669735,True,2.1e-11
002001.000128,2,1s.9s,3S,1.0,1,True,3,24.40777537914,True,2.1e-10
002001.000129,2,1s.9s,1S,0.0,0,True,1,24.41408807749,True,2.1e-10
002001.000130,2,1s.9p,3P*,2.0,2,True,5,24.41686888593,True,8e-11
002001.000131,2,1s.9p,3P*,1.0,1,True,3,24.41686897915,True,8e-11
002001.000132,2,1s.9p,3P*,0.0,0,True,1,24.41687012452,True,8e-11
002001.000133,2,1s.9d,3D,3.0,3,True,7,24.419335565023,True,5e-12
002001.000134,2,1s.9d,3D,2.0,2,True,5,24.419335579246,True,5e-12
002001.000135,2,1s.9d,3D,1.0,1,True,3,24.41933577972,True,5e-12
002001.000136,2,1s.9d,1D,2.0,2,True,5,24.41936311728,True,4e-12
002001.000137,2,1s.9f,3F*,3.0,3,True,7,24.4194246464065,True,9e-13
002001.000138,2,1s.9f,3F*,4.0,4,True,9,24.419424697554,True,9e-13
002001.000139,2,1s.9f,3F*,2.0,2,True,5,24.4194247912483,True,9e-13
002001.000140,2,1s.9f,1F*,3.0,3,True,7,24.4194249403235,True,9e-13
002001.000141,2,1s.9g,3G,4.0,4,True,9,24.4194361579319,True,4e-13
002001.000142,2,1s.9g,3G,5.0,5,True,11,24.41943621668346,True,2.5e-13
002001.000143,2,1s.9g,3G,3.0,3,True,7,24.4194362702203,True,4e-13
002001.000144,2,1s.9g,1G,4.0,4,True,9,24.41943630642235,True,2.5e-13
002001.000145,2,1s.9h,3H*,5.0,5,True,11,24.41943893748148,True,2.5e-13
002001.000146,2,1s.9h,3H*,6.0,6,True,13,24.41943897584046,True,2.5e-13
002001.000147,2,1s.9h,3H*,4.0,4,True,9,24.41943901065559,True,2.5e-13
002001.000148,2,1s.9h,1H*,5.0,5,True,11,24.41943903663648,True,2.5e-13
002001.000149,2,1s.9i,3I,6.0,6,True,13,24.41943982810474,True,2.5e-13
002001.000150,2,1s.9i,3I,7.0,7,True,15,24.41943985500943,True,2.5e-13
002001.000151,2,1s.9i,3I,5.0,5,True,11,24.41943987952483,True,2.5e-13
002001.000152,2,1s.9i,1I,6.0,6,True,13,24.41943989900212,True,2.5e-13
002001.000153,2,1s.9k,3K*,7.0,7,True,15,24.41944017424606,True,2.5e-13
002001.000154,2,1s.9k,3K*,8.0,8,True,17,24.41944019414143,True,2.5e-13
002001.000155,2,1s.9k,3K*,6.0,6,True,13,24.41944021236425,True,2.5e-13
002001.000156,2,1s.9k,1K*,7.0,7,True,15,24.41944022745362,True,2.5e-13
002001.000157,2,1s.9p,1P*,1.0,1,True,3,24.419889314325,True,1.2e-11
002001.000158,2,1s.10s,3S,1.0,1,True,3,24.44289339729,True,1.6e-10
002001.000159,2,1s.10s,1S,0.0,0,True,1,24.4474600191,True,1.6e-10
002001.000160,2,1s.10p,3P*,2.0,2,True,5,24.44947689179,True,5e-11
002001.000161,2,1s.10p,3P*,1.0,1,True,3,24.44947695951,True,5e-11
002001.000162,2,1s.10p,3P*,0.0,0,True,1,24.44947779185,True,6e-11
002001.000163,2,1s.10d,3D,3.0,3,True,7,24.451273812052,True,4e-12
002001.000164,2,1s.10d,3D,2.0,2,True,5,24.451273822448,True,4e-12
002001.000165,2,1s.10d,3D,1.0,1,True,3,24.451273968544,True,4e-12
002001.000166,2,1s.10d,1D,2.0,2,True,5,24.4512941044573,True,2.5e-12
002001.000167,2,1s.10f,3F*,3.0,3,True,7,24.4513390447263,True,7e-13
002001.000168,2,1s.10f,3F*,4.0,4,True,9,24.4513390811842,True,6e-13
002001.000169,2,1s.10f,3F*,2.0,2,True,5,24.451339149483,True,7e-13
002001.000170,2,1s.10f,1F*,3.0,3,True,7,24.451339261024,True,5e-13
002001.000171,2,1s.10g,3G,4.0,4,True,9,24.45134749576287,True,2.5e-13
002001.000172,2,1s.10g,3G,5.0,5,True,11,24.45134753858031,True,2.5e-13
002001.000173,2,1s.10g,3G,3.0,3,True,7,24.45134757760769,True,2.5e-13
002001.000174,2,1s.10g,1G,4.0,4,True,9,24.45134760401285,True,2.5e-13
002001.000175,2,1s.10h,3H*,5.0,5,True,11,24.45134954522564,True,2.5e-13
002001.000176,2,1s.10h,3H*,6.0,6,True,13,24.45134957318928,True,2.5e-13
002001.000177,2,1s.10h,3H*,4.0,4,True,9,24.45134959856946,True,2.5e-13
002001.000178,2,1s.10h,1H*,5.0,5,True,11,24.45134961750954,True,2.5e-13
002001.000179,2,1s.10i,3I,6.0,6,True,13,24.45135020548303,True,2.5e-13
002001.000180,2,1s.10i,3I,7.0,7,True,15,24.45135022509671,True,2.5e-13
002001.000181,2,1s.10i,3I,5.0,5,True,11,24.45135024296829,True,2.5e-13
002001.000182,2,1s.10i,1I,6.0,6,True,13,24.45135025716733,True,2.5e-13
002001.000183,2,1s.10k,3K*,7.0,7,True,15,24.45135046368223,True,2.5e-13
002001.000184,2,1s.10k,3K*,8.0,8,True,17,24.4513504781859,True,2.5e-13
002001.000185,2,1s.10k,3K*,6.0,6,True,13,24.45135049147044,True,2.5e-13
002001.000186,2,1s.10k,1K*,7.0,7,True,15,24.45135050247044,True,2.5e-13
002001.000187,2,1s.10p,1P*,1.0,1,True,3,24.451678459372,True,8e-12
002001.000224,2,1s.11s,3S,1.0,1,True,3,24.46863473284,True,1.5e-10
002001.000199,2,1s.11s,1S,0.0,0,True,1,24.47204427115,True,1.6e-10
002001.000319,2,1s.11p,3P*,2.0,2,True,5,24.4735534562,True,6e-11
002001.000294,2,1s.11p,3P*,1.0,1,True,3,24.47355350694,True,6e-11
002001.000269,2,1s.11p,3P*,0.0,0,True,1,24.4735541307,True,6e-11
002001.000419,2,1s.11d,3D,3.0,3,True,7,24.474902662536,True,5e-12
002001.000394,2,1s.11d,3D,2.0,2,True,5,24.474902670366,True,5e-12
002001.000369,2,1s.11d,3D,1.0,1,True,3,24.474902780107,True,5e-12
002001.000344,2,1s.11d,1D,2.0,2,True,5,24.474918023431,True,3e-12
002001.000494,2,1s.11f,3F*,3.0,3,True,7,24.4749518351194,True,1e-12
002001.000519,2,1s.11f,3F*,4.0,4,True,9,24.4749518620554,True,7e-13
002001.000469,2,1s.11f,3F*,2.0,2,True,5,24.4749519133665,True,7e-13
002001.000444,2,1s.11f,1F*,3.0,3,True,7,24.4749519987919,True,9e-13
002001.000594,2,1s.11g,3G,4.0,4,True,9,24.4749582173963,True,4e-13
002001.000619,2,1s.11g,3G,5.0,5,True,11,24.47495824955843,True,2.5e-13
002001.000569,2,1s.11g,3G,3.0,3,True,7,24.4749582788797,True,4e-13
002001.000544,2,1s.11g,1G,4.0,4,True,9,24.47495829872647,True,2.5e-13
002001.000694,2,1s.11h,3H*,5.0,5,True,11,24.47495977006741,True,2.5e-13
002001.000719,2,1s.11h,3H*,6.0,6,True,13,24.4749597910769,True,2.5e-13
002001.000669,2,1s.11h,3H*,4.0,4,True,9,24.47495981014518,True,2.5e-13
002001.000644,2,1s.11h,1H*,5.0,5,True,11,24.47495982437534,True,2.5e-13
002001.000794,2,1s.11i,3I,6.0,6,True,13,24.47496027223875,True,2.5e-13
002001.000819,2,1s.11i,3I,7.0,7,True,15,24.47496028697489,True,2.5e-13
002001.000769,2,1s.11i,3I,5.0,5,True,11,24.47496030040201,True,2.5e-13
002001.000744,2,1s.11i,1I,6.0,6,True,13,24.47496031106998,True,2.5e-13
002001.000190,2,1s.11p,1P*,1.0,1,True,3,24.475207217946,True,9e-12
002001.000225,2,1s.12s,3S,1.0,1,True,3,24.48806324708,True,1.2e-10
002001.000200,2,1s.12s,1S,0.0,0,True,1,24.49067585161,True,1.4e-10
002001.000320,2,1s.12p,3P*,2.0,2,True,5,24.49183450011,True,5e-11
002001.000295,2,1s.12p,3P*,1.0,1,True,3,24.49183453911,True,5e-11
002001.000270,2,1s.12p,3P*,0.0,0,True,1,24.49183501858,True,5e-11
002001.000420,2,1s.12d,3D,3.0,3,True,7,24.492873161214,True,4e-12
002001.000395,2,1s.12d,3D,2.0,2,True,5,24.492873167255,True,4e-12
002001.000370,2,1s.12d,3D,1.0,1,True,3,24.492873251769,True,4e-12
002001.000345,2,1s.12d,1D,2.0,2,True,5,24.49288506028,True,3e-12
002001.000495,2,1s.12f,3F*,3.0,3,True,7,24.4929111315754,True,1.1e-12
002001.000520,2,1s.12f,3F*,4.0,4,True,9,24.4929111520585,True,6e-13
002001.000470,2,1s.12f,3F*,2.0,2,True,5,24.4929111915795,True,7e-13
002001.000445,2,1s.12f,1F*,3.0,3,True,7,24.4929112583427,True,9e-13
002001.000595,2,1s.12g,3G,4.0,4,True,9,24.4929160668271,True,4e-13
002001.000620,2,1s.12g,3G,5.0,5,True,11,24.49291609159562,True,2.5e-13
002001.000570,2,1s.12g,3G,3.0,3,True,7,24.4929161141802,True,4e-13
002001.000545,2,1s.12g,1G,4.0,4,True,9,24.49291612947205,True,2.5e-13
002001.000695,2,1s.12h,3H*,5.0,5,True,11,24.49291727032382,True,2.5e-13
002001.000720,2,1s.12h,3H*,6.0,6,True,13,24.49291728650648,True,2.5e-13
002001.000670,2,1s.12h,3H*,4.0,4,True,9,24.49291730119377,True,2.5e-13
002001.000645,2,1s.12h,1H*,5.0,5,True,11,24.49291731215472,True,2.5e-13
002001.000795,2,1s.12i,3I,6.0,6,True,13,24.49291766070294,True,2.5e-13
002001.000820,2,1s.12i,3I,7.0,7,True,15,24.49291767205344,True,2.5e-13
002001.000770,2,1s.12i,3I,5.0,5,True,11,24.49291768239584,True,2.5e-13
002001.000745,2,1s.12i,1I,6.0,6,True,13,24.49291769061289,True,2.5e-13
002001.000191,2,1s.12p,1P*,1.0,1,True,3,24.493108062951,True,7e-12
002001.000226,2,1s.13s,3S,1.0,1,True,3,24.50308636307,True,1e-10
002001.000201,2,1s.13s,1S,0.0,0,True,1,24.50513227197,True,1.1e-10
002001.000321,2,1s.13p,3P*,2.0,2,True,5,24.50604111229,True,4e-11
002001.000296,2,1s.13p,3P*,1.0,1,True,3,24.50604114291,True,4e-11
002001.000271,2,1s.13p,3P*,0.0,0,True,1,24.50604151938,True,4e-11
002001.000421,2,1s.13d,3D,3.0,3,True,7,24.506857651803,True,4e-12
002001.000396,2,1s.13d,3D,2.0,2,True,5,24.506857656561,True,4e-12
002001.000371,2,1s.13d,3D,1.0,1,True,3,24.506857723025,True,4e-12
002001.000346,2,1s.13d,1D,2.0,2,True,5,24.5068670518803,True,2.5e-12
002001.000496,2,1s.13f,3F*,3.0,3,True,7,24.506887574558,True,1.1e-12
002001.000521,2,1s.13f,3F*,4.0,4,True,9,24.5068875905076,True,5e-13
002001.000471,2,1s.13f,3F*,2.0,2,True,5,24.506887621591,True,6e-13
002001.000446,2,1s.13f,1F*,3.0,3,True,7,24.5068876746984,True,9e-13
002001.000596,2,1s.13g,3G,4.0,4,True,9,24.5068914680669,True,4e-13
002001.000621,2,1s.13g,3G,5.0,5,True,11,24.50689148754531,True,2.5e-13
002001.000571,2,1s.13g,3G,3.0,3,True,7,24.5068915053084,True,4e-13
002001.000546,2,1s.13g,1G,4.0,4,True,9,24.50689151733895,True,2.5e-13
002001.000696,2,1s.13h,3H*,5.0,5,True,11,24.50689241926746,True,2.5e-13
002001.000721,2,1s.13h,3H*,6.0,6,True,13,24.50689243199543,True,2.5e-13
002001.000671,2,1s.13h,3H*,4.0,4,True,9,24.50689244354741,True,2.5e-13
002001.000646,2,1s.13h,1H*,5.0,5,True,11,24.50689245216853,True,2.5e-13
002001.000796,2,1s.13i,3I,6.0,6,True,13,24.50689272850203,True,2.5e-13
002001.000821,2,1s.13i,3I,7.0,7,True,15,24.50689273742951,True,2.5e-13
002001.000771,2,1s.13i,3I,5.0,5,True,11,24.506892745564,True,2.5e-13
002001.000746,2,1s.13i,1I,6.0,6,True,13,24.50689275202692,True,2.5e-13
002001.000192,2,1s.13p,1P*,1.0,1,True,3,24.507042603098,True,6e-12
002001.000227,2,1s.14s,3S,1.0,1,True,3,24.51494192561,True,9e-11
002001.000202,2,1s.14s,1S,0.0,0,True,1,24.5165738818,True,9e-11
002001.000322,2,1s.14p,3P*,2.0,2,True,5,24.51729989469,True,3e-11
002001.000297,2,1s.14p,3P*,1.0,1,True,3,24.51729991916,True,3e-11
002001.000272,2,1s.14p,3P*,0.0,0,True,1,24.51730022015,True,3e-11
002001.000422,2,1s.14d,3D,3.0,3,True,7,24.517953381632,True,3e-12
002001.000397,2,1s.14d,3D,2.0,2,True,5,24.517953385446,True,3e-12
002001.000372,2,1s.14d,3D,1.0,1,True,3,24.517953438655,True,3e-12
002001.000347,2,1s.14d,1D,2.0,2,True,5,24.5179609339738,True,2.2e-12
002001.000497,2,1s.14f,3F*,3.0,3,True,7,24.5179773762834,True,1e-12
002001.000522,2,1s.14f,3F*,4.0,4,True,9,24.5179773889519,True,5e-13
002001.000472,2,1s.14f,3F*,2.0,2,True,5,24.5179774138384,True,5e-13
002001.000447,2,1s.14f,1F*,3.0,3,True,7,24.5179774567411,True,9e-13
002001.000597,2,1s.14g,3G,4.0,4,True,9,24.51798050114187,True,2.5e-13
002001.000622,2,1s.14g,3G,5.0,5,True,11,24.51798051673562,True,2.5e-13
002001.000572,2,1s.14g,3G,3.0,3,True,7,24.5179805309576,True,2.5e-13
002001.000547,2,1s.14g,1G,4.0,4,True,9,24.51798054059179,True,2.5e-13
002001.000697,2,1s.14h,3H*,5.0,5,True,11,24.51798126565981,True,2.5e-13
002001.000722,2,1s.14h,3H*,6.0,6,True,13,24.51798127585057,True,2.5e-13
002001.000672,2,1s.14h,3H*,4.0,4,True,9,24.51798128509967,True,2.5e-13
002001.000647,2,1s.14h,1H*,5.0,5,True,11,24.51798129200224,True,2.5e-13
002001.000797,2,1s.14i,3I,6.0,6,True,13,24.51798151464203,True,2.5e-13
002001.000822,2,1s.14i,3I,7.0,7,True,15,24.51798152178984,True,2.5e-13
002001.000772,2,1s.14i,3I,5.0,5,True,11,24.51798152830273,True,2.5e-13
002001.000747,2,1s.14i,1I,6.0,6,True,13,24.51798153347746,True,2.5e-13
002001.000193,2,1s.14p,1P*,1.0,1,True,3,24.518101588364,True,5e-12
002001.000228,2,1s.15s,3S,1.0,1,True,3,24.5244616753,True,7e-11
002001.000203,2,1s.15s,1S,0.0,0,True,1,24.5257842365,True,8e-11
002001.000323,2,1s.15p,3P*,2.0,2,True,5,24.52637336828,True,3e-11
002001.000298,2,1s.15p,3P*,1.0,1,True,3,24.52637338816,True,3e-11
002001.000273,2,1s.15p,3P*,0.0,0,True,1,24.52637363257,True,3e-11
002001.000423,2,1s.15d,3D,3.0,3,True,7,24.526904474579,True,3e-12
002001.000398,2,1s.15d,3D,2.0,2,True,5,24.526904477683,True,3e-12
002001.000373,2,1s.15d,3D,1.0,1,True,3,24.52690452094,True,3e-12
002001.000348,2,1s.15d,1D,2.0,2,True,5,24.5269106320262,True,2e-12
002001.000498,2,1s.15f,3F*,3.0,3,True,7,24.5269240072354,True,1e-12
002001.000523,2,1s.15f,3F*,4.0,4,True,9,24.5269240174689,True,4e-13
002001.000473,2,1s.15f,3F*,2.0,2,True,5,24.5269240377021,True,5e-13
002001.000448,2,1s.15f,1F*,3.0,3,True,7,24.5269240728357,True,7e-13
002001.000598,2,1s.15g,3G,4.0,4,True,9,24.52692655277887,True,2.5e-13
002001.000623,2,1s.15g,3G,5.0,5,True,11,24.52692656545589,True,2.5e-13
002001.000573,2,1s.15g,3G,3.0,3,True,7,24.5269265770189,True,2.5e-13
002001.000548,2,1s.15g,1G,4.0,4,True,9,24.52692658485321,True,2.5e-13
002001.000698,2,1s.15h,3H*,5.0,5,True,11,24.52692717628425,True,2.5e-13
002001.000723,2,1s.15h,3H*,6.0,6,True,13,24.52692718456974,True,2.5e-13
002001.000673,2,1s.15h,3H*,4.0,4,True,9,24.52692719208963,True,2.5e-13
002001.000648,2,1s.15h,1H*,5.0,5,True,11,24.52692719770165,True,2.5e-13
002001.000798,2,1s.15i,3I,6.0,6,True,13,24.52692737962887,True,2.5e-13
002001.000823,2,1s.15i,3I,7.0,7,True,15,24.52692738544026,True,2.5e-13
002001.000773,2,1s.15i,3I,5.0,5,True,11,24.5269273907355,True,2.5e-13
002001.000748,2,1s.15i,1I,6.0,6,True,13,24.52692739494278,True,2.5e-13
002001.000194,2,1s.15p,1P*,1.0,1,True,3,24.527025054182,True,4e-12
002001.000229,2,1s.16s,3S,1.0,1,True,3,24.53222124199,True,6e-11
002001.000204,2,1s.16s,1S,0.0,0,True,1,24.53330793053,True,7e-11
002001.000324,2,1s.16p,3P*,2.0,2,True,5,24.533792549931,True,2.4e-11
002001.000299,2,1s.16p,3P*,1.0,1,True,3,24.533792566288,True,2.4e-11
002001.000274,2,1s.16p,3P*,0.0,0,True,1,24.533792767464,True,2.5e-11
002001.000424,2,1s.16d,3D,3.0,3,True,7,24.534230018546,True,3e-12
002001.000399,2,1s.16d,3D,2.0,2,True,5,24.534230021106,True,3e-12
002001.000374,2,1s.16d,3D,1.0,1,True,3,24.534230056745,True,3e-12
002001.000349,2,1s.16d,1D,2.0,2,True,5,24.5342351036565,True,1.7e-12
002001.000499,2,1s.16f,3F*,3.0,3,True,7,24.5342461291987,True,9e-13
002001.000524,2,1s.16f,3F*,4.0,4,True,9,24.5342461375862,True,4e-13
002001.000474,2,1s.16f,3F*,2.0,2,True,5,24.5342461542577,True,4e-13
002001.000449,2,1s.16f,1F*,3.0,3,True,7,24.5342461833777,True,7e-13
002001.000599,2,1s.16g,3G,4.0,4,True,9,24.53424822997854,True,2.5e-13
002001.000624,2,1s.16g,3G,5.0,5,True,11,24.53424824042322,True,2.5e-13
002001.000574,2,1s.16g,3G,3.0,3,True,7,24.53424824995078,True,2.5e-13
002001.000549,2,1s.16g,1G,4.0,4,True,9,24.53424825640689,True,2.5e-13
002001.000699,2,1s.16h,3H*,5.0,5,True,11,24.53424874502849,True,2.5e-13
002001.000724,2,1s.16h,3H*,6.0,6,True,13,24.53424875185555,True,2.5e-13
002001.000674,2,1s.16h,3H*,4.0,4,True,9,24.53424875805166,True,2.5e-13
002001.000649,2,1s.16h,1H*,5.0,5,True,11,24.5342487626759,True,2.5e-13
002001.000799,2,1s.16i,3I,6.0,6,True,13,24.53424891319483,True,2.5e-13
002001.000824,2,1s.16i,3I,7.0,7,True,15,24.53424891798335,True,2.5e-13
002001.000774,2,1s.16i,3I,5.0,5,True,11,24.53424892234647,True,2.5e-13
002001.000749,2,1s.16i,1I,6.0,6,True,13,24.53424892581307,True,2.5e-13
002001.000249,2,1s.16p,1P*,1.0,1,True,3,24.534329428726,True,4e-12
002001.000230,2,1s.17s,3S,1.0,1,True,3,24.53862926761,True,5e-11
002001.000205,2,1s.17s,1S,0.0,0,True,1,24.53953300075,True,6e-11
002001.000325,2,1s.17p,3P*,2.0,2,True,5,24.539936444217,True,2.1e-11
002001.000300,2,1s.17p,3P*,1.0,1,True,3,24.53993645784,True,2.1e-11
002001.000275,2,1s.17p,3P*,0.0,0,True,1,24.539936625406,True,2.1e-11
002001.000425,2,1s.17d,3D,3.0,3,True,7,24.5403010525758,True,2.2e-12
002001.000400,2,1s.17d,3D,2.0,2,True,5,24.5403010547107,True,2.2e-12
002001.000375,2,1s.17d,3D,1.0,1,True,3,24.5403010844219,True,2.2e-12
002001.000350,2,1s.17d,1D,2.0,2,True,5,24.5403053000247,True,1.6e-12
002001.000500,2,1s.17f,3F*,3.0,3,True,7,24.5403144953362,True,9e-13
002001.000525,2,1s.17f,3F*,4.0,4,True,9,24.5403145022982,True,4e-13
002001.000475,2,1s.17f,3F*,2.0,2,True,5,24.5403145161971,True,4e-13
002001.000450,2,1s.17f,1F*,3.0,3,True,7,24.5403145405933,True,6e-13
002001.000600,2,1s.17g,3G,4.0,4,True,9,24.54031624906159,True,2.5e-13
002001.000625,2,1s.17g,3G,5.0,5,True,11,24.54031625776888,True,2.5e-13
002001.000575,2,1s.17g,3G,3.0,3,True,7,24.54031626571205,True,2.5e-13
002001.000550,2,1s.17g,1G,4.0,4,True,9,24.54031627109507,True,2.5e-13
002001.000700,2,1s.17h,3H*,5.0,5,True,11,24.54031667935854,True,2.5e-13
002001.000725,2,1s.17h,3H*,6.0,6,True,13,24.54031668505029,True,2.5e-13
002001.000675,2,1s.17h,3H*,4.0,4,True,9,24.54031669021609,True,2.5e-13
002001.000650,2,1s.17h,1H*,5.0,5,True,11,24.54031669407125,True,2.5e-13
002001.000800,2,1s.17i,3I,6.0,6,True,13,24.54031681998514,True,2.5e-13
002001.000825,2,1s.17i,3I,7.0,7,True,15,24.54031682397743,True,2.5e-13
002001.000775,2,1s.17i,3I,5.0,5,True,11,24.540316827615,True,2.5e-13
002001.000750,2,1s.17i,1I,6.0,6,True,13,24.54031683050508,True,2.5e-13
002001.000250,2,1s.17p,1P*,1.0,1,True,3,24.540383970169,True,3e-12
002001.000231,2,1s.18s,3S,1.0,1,True,3,24.54398233732,True,4e-11
002001.000206,2,1s.18s,1S,0.0,0,True,1,24.54474198645,True,5e-11
002001.000326,2,1s.18p,3P*,2.0,2,True,5,24.545081422311,True,1.7e-11
002001.000301,2,1s.18p,3P*,1.0,1,True,3,24.545081433777,True,1.7e-11
002001.000276,2,1s.18p,3P*,0.0,0,True,1,24.545081574822,True,1.9e-11
002001.000426,2,1s.18d,3D,3.0,3,True,7,24.5453884907962,True,2e-12
002001.000401,2,1s.18d,3D,2.0,2,True,5,24.5453884925955,True,2e-12
002001.000376,2,1s.18d,3D,1.0,1,True,3,24.5453885176235,True,2e-12
002001.000351,2,1s.18d,1D,2.0,2,True,5,24.5453920745509,True,1.4e-12
002001.000501,2,1s.18f,3F*,3.0,3,True,7,24.5453998231606,True,7e-13
002001.000526,2,1s.18f,3F*,4.0,4,True,9,24.54539982900393,True,2.5e-13
002001.000476,2,1s.18f,3F*,2.0,2,True,5,24.5453998407124,True,4e-13
002001.000451,2,1s.18f,1F*,3.0,3,True,7,24.5453998613483,True,6e-13
002001.000601,2,1s.18g,3G,4.0,4,True,9,24.54540130215355,True,2.5e-13
002001.000626,2,1s.18g,3G,5.0,5,True,11,24.54540130948846,True,2.5e-13
002001.000576,2,1s.18g,3G,3.0,3,True,7,24.54540131617989,True,2.5e-13
002001.000551,2,1s.18g,1G,4.0,4,True,9,24.5454013207151,True,2.5e-13
002001.000701,2,1s.18h,3H*,5.0,5,True,11,24.54540166527773,True,2.5e-13
002001.000726,2,1s.18h,3H*,6.0,6,True,13,24.54540167007257,True,2.5e-13
002001.000676,2,1s.18h,3H*,4.0,4,True,9,24.54540167442429,True,2.5e-13
002001.000651,2,1s.18h,1H*,5.0,5,True,11,24.54540167767194,True,2.5e-13
002001.000801,2,1s.18i,3I,6.0,6,True,13,24.5454017840448,True,2.5e-13
002001.000826,2,1s.18i,3I,7.0,7,True,15,24.54540178740787,True,2.5e-13
002001.000776,2,1s.18i,3I,5.0,5,True,11,24.54540179047227,True,2.5e-13
002001.000751,2,1s.18i,1I,6.0,6,True,13,24.54540179290694,True,2.5e-13
002001.000251,2,1s.18p,1P*,1.0,1,True,3,24.545458369802,True,3e-12
002001.000232,2,1s.19s,3S,1.0,1,True,3,24.54849992895,True,4e-11
002001.000207,2,1s.19s,1S,0.0,0,True,1,24.54914456634,True,4e-11
002001.000327,2,1s.19p,3P*,2.0,2,True,5,24.549432852684,True,1.5e-11
002001.000302,2,1s.19p,3P*,1.0,1,True,3,24.549432862427,True,1.5e-11
002001.000277,2,1s.19p,3P*,0.0,0,True,1,24.549432982268,True,1.6e-11
002001.000427,2,1s.19d,3D,3.0,3,True,7,24.5496938778988,True,1.7e-12
002001.000402,2,1s.19d,3D,2.0,2,True,5,24.5496938794294,True,1.7e-12
002001.000377,2,1s.19d,3D,1.0,1,True,3,24.5496939007088,True,1.7e-12
002001.000352,2,1s.19d,1D,2.0,2,True,5,24.5496969290929,True,1.2e-12
002001.000502,2,1s.19f,3F*,3.0,3,True,7,24.5497035191411,True,6e-13
002001.000527,2,1s.19f,3F*,4.0,4,True,9,24.54970352409401,True,2.5e-13
002001.000477,2,1s.19f,3F*,2.0,2,True,5,24.54970353404932,True,2.5e-13
002001.000452,2,1s.19f,1F*,3.0,3,True,7,24.5497035516561,True,5e-13
002001.000602,2,1s.19g,3G,4.0,4,True,9,24.54970477784814,True,2.5e-13
002001.000627,2,1s.19g,3G,5.0,5,True,11,24.54970478408442,True,2.5e-13
002001.000577,2,1s.19g,3G,3.0,3,True,7,24.54970478977393,True,2.5e-13
002001.000552,2,1s.19g,1G,4.0,4,True,9,24.54970479363046,True,2.5e-13
002001.000702,2,1s.19h,3H*,5.0,5,True,11,24.54970508705692,True,2.5e-13
002001.000727,2,1s.19h,3H*,6.0,6,True,13,24.54970509113377,True,2.5e-13
002001.000677,2,1s.19h,3H*,4.0,4,True,9,24.54970509483395,True,2.5e-13
002001.000652,2,1s.19h,1H*,5.0,5,True,11,24.54970509759533,True,2.5e-13
002001.000802,2,1s.19i,3I,6.0,6,True,13,24.54970518825704,True,2.5e-13
002001.000827,2,1s.19i,3I,7.0,7,True,15,24.54970519111661,True,2.5e-13
002001.000777,2,1s.19i,3I,5.0,5,True,11,24.54970519372214,True,2.5e-13
002001.000752,2,1s.19i,1I,6.0,6,True,13,24.5497051957923,True,2.5e-13
002001.000252,2,1s.19p,1P*,1.0,1,True,3,24.5497533137915,True,2.5e-12
002001.000233,2,1s.20s,3S,1.0,1,True,3,24.55234727581,True,3e-11
002001.000208,2,1s.20s,1S,0.0,0,True,1,24.5528989957,True,4e-11
002001.000328,2,1s.20p,3P*,2.0,2,True,5,24.553145916683,True,1.4e-11
002001.000303,2,1s.20p,3P*,1.0,1,True,3,24.55314592503,True,1.4e-11
002001.000278,2,1s.20p,3P*,0.0,0,True,1,24.553146027712,True,1.4e-11
002001.000428,2,1s.20d,3D,3.0,3,True,7,24.5533696617467,True,1.6e-12
002001.000403,2,1s.20d,3D,2.0,2,True,5,24.5533696630594,True,1.6e-12
002001.000378,2,1s.20d,3D,1.0,1,True,3,24.553369681303,True,1.6e-12
002001.000353,2,1s.20d,1D,2.0,2,True,5,24.5533722807159,True,1.1e-12
002001.000503,2,1s.20f,3F*,3.0,3,True,7,24.5533779320559,True,6e-13
002001.000528,2,1s.20f,3F*,4.0,4,True,9,24.55337793629091,True,2.5e-13
002001.000478,2,1s.20f,3F*,2.0,2,True,5,24.55337794482623,True,2.5e-13
002001.000453,2,1s.20f,1F*,3.0,3,True,7,24.5533779599663,True,5e-13
002001.000603,2,1s.20g,3G,4.0,4,True,9,24.55337901209176,True,2.5e-13
002001.000628,2,1s.20g,3G,5.0,5,True,11,24.55337901743833,True,2.5e-13
002001.000578,2,1s.20g,3G,3.0,3,True,7,24.55337902231636,True,2.5e-13
002001.000553,2,1s.20g,1G,4.0,4,True,9,24.55337902562314,True,2.5e-13
002001.000703,2,1s.20h,3H*,5.0,5,True,11,24.55337927753287,True,2.5e-13
002001.000728,2,1s.20h,3H*,6.0,6,True,13,24.55337928102836,True,2.5e-13
002001.000678,2,1s.20h,3H*,4.0,4,True,9,24.55337928420074,True,2.5e-13
002001.000653,2,1s.20h,1H*,5.0,5,True,11,24.55337928656834,True,2.5e-13
002001.000803,2,1s.20i,3I,6.0,6,True,13,24.55337936445745,True,2.5e-13
002001.000828,2,1s.20i,3I,7.0,7,True,15,24.55337936690924,True,2.5e-13
002001.000778,2,1s.20i,3I,5.0,5,True,11,24.55337936914306,True,2.5e-13
002001.000753,2,1s.20i,1I,6.0,6,True,13,24.55337937091802,True,2.5e-13
002001.000253,2,1s.20p,1P*,1.0,1,True,3,24.5534206352452,True,2.1e-12
002001.000234,2,1s.21s,3S,1.0,1,True,3,24.55565069436,True,3e-11
002001.000209,2,1s.21s,1S,0.0,0,True,1,24.55612653018,True,3e-11
002001.000329,2,1s.21p,3P*,2.0,2,True,5,24.556339637531,True,1.2e-11
002001.000304,2,1s.21p,3P*,1.0,1,True,3,24.556339644738,True,1.2e-11
002001.000279,2,1s.21p,3P*,0.0,0,True,1,24.556339733387,True,1.2e-11
002001.000429,2,1s.21d,3D,3.0,3,True,7,24.5565328762861,True,1.4e-12
002001.000404,2,1s.21d,3D,2.0,2,True,5,24.5565328774206,True,1.4e-12
002001.000379,2,1s.21d,3D,1.0,1,True,3,24.5565328931795,True,1.4e-12
002001.000354,2,1s.21d,1D,2.0,2,True,5,24.5565351408426,True,1e-12
002001.000504,2,1s.21f,3F*,3.0,3,True,7,24.5565400235702,True,5e-13
002001.000529,2,1s.21f,3F*,4.0,4,True,9,24.55654002722019,True,2.5e-13
002001.000479,2,1s.21f,3F*,2.0,2,True,5,24.55654003459341,True,2.5e-13
002001.000454,2,1s.21f,1F*,3.0,3,True,7,24.5565400477051,True,5e-13
002001.000604,2,1s.21g,3G,4.0,4,True,9,24.55654095717917,True,2.5e-13
002001.000629,2,1s.21g,3G,5.0,5,True,11,24.5565409617977,True,2.5e-13
002001.000579,2,1s.21g,3G,3.0,3,True,7,24.55654096601155,True,2.5e-13
002001.000554,2,1s.21g,1G,4.0,4,True,9,24.55654096886802,True,2.5e-13
002001.000704,2,1s.21h,3H*,5.0,5,True,11,24.556541186725,True,2.5e-13
002001.000729,2,1s.21h,3H*,6.0,6,True,13,24.55654118974451,True,2.5e-13
002001.000679,2,1s.21h,3H*,4.0,4,True,9,24.55654119248506,True,2.5e-13
002001.000654,2,1s.21h,1H*,5.0,5,True,11,24.5565411945303,True,2.5e-13
002001.000804,2,1s.21i,3I,6.0,6,True,13,24.55654126193121,True,2.5e-13
002001.000829,2,1s.21i,3I,7.0,7,True,15,24.55654126404923,True,2.5e-13
002001.000779,2,1s.21i,3I,5.0,5,True,11,24.55654126597905,True,2.5e-13
002001.000754,2,1s.21i,1I,6.0,6,True,13,24.55654126751224,True,2.5e-13
002001.000254,2,1s.21p,1P*,1.0,1,True,3,24.556576920069,True,1.9e-12
002001.000235,2,1s.22s,3S,1.0,1,True,3,24.55850808692,True,3e-11
002001.000210,2,1s.22s,1S,0.0,0,True,1,24.55892134105,True,3e-11
002001.000330,2,1s.22p,3P*,2.0,2,True,5,24.559106538582,True,1.1e-11
002001.000305,2,1s.22p,3P*,1.0,1,True,3,24.559106544847,True,1e-11
002001.000280,2,1s.22p,3P*,0.0,0,True,1,24.559106621908,True,1.1e-11
002001.000430,2,1s.22d,3D,3.0,3,True,7,24.5592745737552,True,1.2e-12
002001.000405,2,1s.22d,3D,2.0,2,True,5,24.559274574742,True,1.2e-12
002001.000380,2,1s.22d,3D,1.0,1,True,3,24.5592745884477,True,1.2e-12
002001.000355,2,1s.22d,1D,2.0,2,True,5,24.5592765449833,True,9e-13
002001.000505,2,1s.22f,3F*,3.0,3,True,7,24.5592807923584,True,5e-13
002001.000530,2,1s.22f,3F*,4.0,4,True,9,24.55928079552667,True,2.5e-13
002001.000480,2,1s.22f,3F*,2.0,2,True,5,24.55928080193925,True,2.5e-13
002001.000455,2,1s.22f,1F*,3.0,3,True,7,24.5592808133681,True,4e-13
002001.000605,2,1s.22g,3G,4.0,4,True,9,24.55928160483365,True,2.5e-13
002001.000630,2,1s.22g,3G,5.0,5,True,11,24.55928160885036,True,2.5e-13
002001.000580,2,1s.22g,3G,3.0,3,True,7,24.55928161251521,True,2.5e-13
002001.000555,2,1s.22g,1G,4.0,4,True,9,24.55928161499998,True,2.5e-13
002001.000705,2,1s.22h,3H*,5.0,5,True,11,24.5592818046658,True,2.5e-13
002001.000730,2,1s.22h,3H*,6.0,6,True,13,24.55928180729191,True,2.5e-13
002001.000680,2,1s.22h,3H*,4.0,4,True,9,24.55928180967538,True,2.5e-13
002001.000655,2,1s.22h,1H*,5.0,5,True,11,24.55928181145418,True,2.5e-13
002001.000805,2,1s.22i,3I,6.0,6,True,13,24.55928187016429,True,2.5e-13
002001.000830,2,1s.22i,3I,7.0,7,True,15,24.55928187200633,True,2.5e-13
002001.000780,2,1s.22i,3I,5.0,5,True,11,24.5592818736847,True,2.5e-13
002001.000755,2,1s.22i,1I,6.0,6,True,13,24.55928187501828,True,2.5e-13
002001.000255,2,1s.22p,1P*,1.0,1,True,3,24.5593128887423,True,1.6e-12
002001.000236,2,1s.23s,3S,1.0,1,True,3,24.560996280408,True,2.2e-11
002001.000211,2,1s.23s,1S,0.0,0,True,1,24.56135746346,True,3e-11
002001.000331,2,1s.23p,3P*,2.0,2,True,5,24.561519420492,True,9e-12
002001.000306,2,1s.23p,3P*,1.0,1,True,3,24.561519425972,True,9e-12
002001.000281,2,1s.23p,3P*,0.0,0,True,1,24.561519493381,True,1e-11
002001.000431,2,1s.23d,3D,3.0,3,True,7,24.5616664509983,True,1.1e-12
002001.000406,2,1s.23d,3D,2.0,2,True,5,24.5616664518621,True,1.1e-12
002001.000381,2,1s.23d,3D,1.0,1,True,3,24.5616664638563,True,1.1e-12
002001.000356,2,1s.23d,1D,2.0,2,True,5,24.5616681773862,True,7e-13
002001.000506,2,1s.23f,3F*,3.0,3,True,7,24.5616718950023,True,5e-13
002001.000531,2,1s.23f,3F*,4.0,4,True,9,24.56167189777009,True,2.5e-13
002001.000481,2,1s.23f,3F*,2.0,2,True,5,24.56167190338211,True,2.5e-13
002001.000456,2,1s.23f,1F*,3.0,3,True,7,24.5616719134033,True,4e-13
002001.000606,2,1s.23g,3G,4.0,4,True,9,24.56167260640773,True,2.5e-13
002001.000631,2,1s.23g,3G,5.0,5,True,11,24.56167260992293,True,2.5e-13
002001.000581,2,1s.23g,3G,3.0,3,True,7,24.56167261313027,True,2.5e-13
002001.000556,2,1s.23g,1G,4.0,4,True,9,24.56167261530483,True,2.5e-13
002001.000706,2,1s.23h,3H*,5.0,5,True,11,24.56167278143424,True,2.5e-13
002001.000731,2,1s.23h,3H*,6.0,6,True,13,24.56167278373253,True,2.5e-13
002001.000681,2,1s.23h,3H*,4.0,4,True,9,24.56167278581844,True,2.5e-13
002001.000656,2,1s.23h,1H*,5.0,5,True,11,24.56167278737518,True,2.5e-13
002001.000806,2,1s.23i,3I,6.0,6,True,13,24.56167283882329,True,2.5e-13
002001.000831,2,1s.23i,3I,7.0,7,True,15,24.56167284043534,True,2.5e-13
002001.000781,2,1s.23i,3I,5.0,5,True,11,24.56167284190418,True,2.5e-13
002001.000756,2,1s.23i,1I,6.0,6,True,13,24.56167284307112,True,2.5e-13
002001.000256,2,1s.23p,1P*,1.0,1,True,3,24.5616999889025,True,1.5e-12
002001.000237,2,1s.24s,3S,1.0,1,True,3,24.563176245141,True,2e-11
002001.000212,2,1s.24s,1S,0.0,0,True,1,24.563493750576,True,2.4e-11
002001.000332,2,1s.24p,3P*,2.0,2,True,5,24.563636199254,True,8e-12
002001.000307,2,1s.24p,3P*,1.0,1,True,3,24.563636204075,True,8e-12
002001.000282,2,1s.24p,3P*,0.0,0,True,1,24.563636263378,True,9e-12
002001.000432,2,1s.24d,3D,3.0,3,True,7,24.5637655848143,True,1e-12
002001.000407,2,1s.24d,3D,2.0,2,True,5,24.5637655855747,True,1e-12
002001.000382,2,1s.24d,3D,1.0,1,True,3,24.5637655961309,True,1e-12
002001.000357,2,1s.24d,1D,2.0,2,True,5,24.5637671052423,True,7e-13
002001.000507,2,1s.24f,3F*,3.0,3,True,7,24.5637703776417,True,4e-13
002001.000532,2,1s.24f,3F*,4.0,4,True,9,24.56377038007413,True,2.5e-13
002001.000482,2,1s.24f,3F*,2.0,2,True,5,24.56377038501341,True,2.5e-13
002001.000457,2,1s.24f,1F*,3.0,3,True,7,24.5637703938482,True,4e-13
002001.000607,2,1s.24g,3G,4.0,4,True,9,24.56377100405684,True,2.5e-13
002001.000632,2,1s.24g,3G,5.0,5,True,11,24.56377100715062,True,2.5e-13
002001.000582,2,1s.24g,3G,3.0,3,True,7,24.56377100997349,True,2.5e-13
002001.000557,2,1s.24g,1G,4.0,4,True,9,24.56377101188744,True,2.5e-13
002001.000707,2,1s.24h,3H*,5.0,5,True,11,24.56377115821408,True,2.5e-13
002001.000732,2,1s.24h,3H*,6.0,6,True,13,24.56377116023689,True,2.5e-13
002001.000682,2,1s.24h,3H*,4.0,4,True,9,24.56377116207272,True,2.5e-13
002001.000657,2,1s.24h,1H*,5.0,5,True,11,24.56377116344287,True,2.5e-13
002001.000807,2,1s.24i,3I,6.0,6,True,13,24.56377120877645,True,2.5e-13
002001.000832,2,1s.24i,3I,7.0,7,True,15,24.56377121019533,True,2.5e-13
002001.000782,2,1s.24i,3I,5.0,5,True,11,24.56377121148811,True,2.5e-13
002001.000757,2,1s.24i,1I,6.0,6,True,13,24.5637712125152,True,2.5e-13
002001.000257,2,1s.24p,1P*,1.0,1,True,3,24.5637951076943,True,1.4e-12
002001.000238,2,1s.25s,3S,1.0,1,True,3,24.565096865986,True,1.7e-11
002001.000213,2,1s.25s,1S,0.0,0,True,1,24.565377461944,True,2.1e-11
002001.000333,2,1s.25p,3P*,2.0,2,True,5,24.565503414208,True,7e-12
002001.000308,2,1s.25p,3P*,1.0,1,True,3,24.565503418471,True,7e-12
002001.000283,2,1s.25p,3P*,0.0,0,True,1,24.565503470918,True,8e-12
002001.000433,2,1s.25d,3D,3.0,3,True,7,24.5656178688224,True,9e-13
002001.000408,2,1s.25d,3D,2.0,2,True,5,24.5656178694953,True,9e-13
002001.000383,2,1s.25d,3D,1.0,1,True,3,24.5656178788346,True,9e-13
002001.000358,2,1s.25d,1D,2.0,2,True,5,24.565619214758,True,6e-13
002001.000508,2,1s.25f,3F*,3.0,3,True,7,24.5656221102725,True,4e-13
002001.000533,2,1s.25f,3F*,4.0,4,True,9,24.56562211242163,True,2.5e-13
002001.000483,2,1s.25f,3F*,2.0,2,True,5,24.56562211679146,True,2.5e-13
002001.000458,2,1s.25f,1F*,3.0,3,True,7,24.56562212461957,True,2.5e-13
002001.000608,2,1s.25g,3G,4.0,4,True,9,24.56562266470429,True,2.5e-13
002001.000633,2,1s.25g,3G,5.0,5,True,11,24.56562266744136,True,2.5e-13
002001.000583,2,1s.25g,3G,3.0,3,True,7,24.5656226699389,True,2.5e-13
002001.000558,2,1s.25g,1G,4.0,4,True,9,24.56562267163228,True,2.5e-13
002001.000708,2,1s.25h,3H*,5.0,5,True,11,24.56562280117866,True,2.5e-13
002001.000733,2,1s.25h,3H*,6.0,6,True,13,24.56562280296836,True,2.5e-13
002001.000683,2,1s.25h,3H*,4.0,4,True,9,24.56562280459268,True,2.5e-13
002001.000658,2,1s.25h,1H*,5.0,5,True,11,24.56562280580487,True,2.5e-13
002001.000808,2,1s.25i,3I,6.0,6,True,13,24.56562284595393,True,2.5e-13
002001.000833,2,1s.25i,3I,7.0,7,True,15,24.56562284720915,True,2.5e-13
002001.000783,2,1s.25i,3I,5.0,5,True,11,24.56562284835291,True,2.5e-13
002001.000758,2,1s.25i,1I,6.0,6,True,13,24.56562284926171,True,2.5e-13
002001.000258,2,1s.25p,1P*,1.0,1,True,3,24.5656439926761,True,1.1e-12
002001.000239,2,1s.26s,3S,1.0,1,True,3,24.566797707089,True,1.6e-11
002001.000214,2,1s.26s,1S,0.0,0,True,1,24.567046899898,True,1.9e-11
002001.000334,2,1s.26p,3P*,2.0,2,True,5,24.567158808062,True,7e-12
002001.000309,2,1s.26p,3P*,1.0,1,True,3,24.56715881185,True,7e-12
002001.000284,2,1s.26p,3P*,0.0,0,True,1,24.567158858459,True,7e-12
002001.000434,2,1s.26d,3D,3.0,3,True,7,24.567260543384,True,9e-13
002001.000409,2,1s.26d,3D,2.0,2,True,5,24.5672605439822,True,9e-13
002001.000384,2,1s.26d,3D,1.0,1,True,3,24.5672605522847,True,9e-13
002001.000359,2,1s.26d,1D,2.0,2,True,5,24.5672617405129,True,6e-13
002001.000509,2,1s.26f,3F*,3.0,3,True,7,24.5672643148546,True,4e-13
002001.000534,2,1s.26f,3F*,4.0,4,True,9,24.56726431676283,True,2.5e-13
002001.000484,2,1s.26f,3F*,2.0,2,True,5,24.56726432064762,True,2.5e-13
002001.000459,2,1s.26f,1F*,3.0,3,True,7,24.56726432761591,True,2.5e-13
002001.000609,2,1s.26g,3G,4.0,4,True,9,24.56726480791557,True,2.5e-13
002001.000634,2,1s.26g,3G,5.0,5,True,11,24.56726481034876,True,2.5e-13
002001.000584,2,1s.26g,3G,3.0,3,True,7,24.56726481256906,True,2.5e-13
002001.000559,2,1s.26g,1G,4.0,4,True,9,24.56726481407461,True,2.5e-13
002001.000709,2,1s.26h,3H*,5.0,5,True,11,24.56726492930875,True,2.5e-13
002001.000734,2,1s.26h,3H*,6.0,6,True,13,24.56726493089971,True,2.5e-13
002001.000684,2,1s.26h,3H*,4.0,4,True,9,24.56726493234363,True,2.5e-13
002001.000659,2,1s.26h,1H*,5.0,5,True,11,24.5672649334213,True,2.5e-13
002001.000809,2,1s.26i,3I,6.0,6,True,13,24.56726496914586,True,2.5e-13
002001.000834,2,1s.26i,3I,7.0,7,True,15,24.56726497026171,True,2.5e-13
002001.000784,2,1s.26i,3I,5.0,5,True,11,24.56726497127851,True,2.5e-13
002001.000759,2,1s.26i,1I,6.0,6,True,13,24.56726497208639,True,2.5e-13
002001.000259,2,1s.26p,1P*,1.0,1,True,3,24.5672837704877,True,1.1e-12
002001.000240,2,1s.27s,3S,1.0,1,True,3,24.568311065912,True,1.5e-11
002001.000215,2,1s.27s,1S,0.0,0,True,1,24.568533372188,True,1.7e-11
002001.000335,2,1s.27p,3P*,2.0,2,True,5,24.568633249232,True,6e-12
002001.000310,2,1s.27p,3P*,1.0,1,True,3,24.568633252613,True,6e-12
002001.000285,2,1s.27p,3P*,0.0,0,True,1,24.568633294219,True,6e-12
002001.000435,2,1s.27d,3D,3.0,3,True,7,24.5687240821339,True,7e-13
002001.000410,2,1s.27d,3D,2.0,2,True,5,24.5687240826682,True,7e-13
002001.000385,2,1s.27d,3D,1.0,1,True,3,24.5687240900818,True,7e-13
002001.000360,2,1s.27d,1D,2.0,2,True,5,24.5687251515888,True,5e-13
002001.000510,2,1s.27f,3F*,3.0,3,True,7,24.56872745054607,True,2.5e-13
002001.000535,2,1s.27f,3F*,4.0,4,True,9,24.56872745224825,True,2.5e-13
002001.000485,2,1s.27f,3F*,2.0,2,True,5,24.56872745571721,True,2.5e-13
002001.000460,2,1s.27f,1F*,3.0,3,True,7,24.56872746194679,True,2.5e-13
002001.000610,2,1s.27g,3G,4.0,4,True,9,24.56872789096436,True,2.5e-13
002001.000635,2,1s.27g,3G,5.0,5,True,11,24.56872789313705,True,2.5e-13
002001.000585,2,1s.27g,3G,3.0,3,True,7,24.56872789511969,True,2.5e-13
002001.000560,2,1s.27g,1G,4.0,4,True,9,24.56872789646405,True,2.5e-13
002001.000710,2,1s.27h,3H*,5.0,5,True,11,24.56872799941668,True,2.5e-13
002001.000735,2,1s.27h,3H*,6.0,6,True,13,24.56872800083729,True,2.5e-13
002001.000685,2,1s.27h,3H*,4.0,4,True,9,24.56872800212673,True,2.5e-13
002001.000660,2,1s.27h,1H*,5.0,5,True,11,24.56872800308897,True,2.5e-13
002001.000810,2,1s.27i,3I,6.0,6,True,13,24.5687280350149,True,2.5e-13
002001.000835,2,1s.27i,3I,7.0,7,True,15,24.56872803601149,True,2.5e-13
002001.000785,2,1s.27i,3I,5.0,5,True,11,24.56872803691942,True,2.5e-13
002001.000760,2,1s.27i,1I,6.0,6,True,13,24.56872803764076,True,2.5e-13
002001.000260,2,1s.27p,1P*,1.0,1,True,3,24.568744825329,True,1e-12
002001.000241,2,1s.28s,3S,1.0,1,True,3,24.569663517927,True,1.2e-11
002001.000216,2,1s.28s,1S,0.0,0,True,1,24.569862670594,True,1.5e-11
002001.000336,2,1s.28p,3P*,2.0,2,True,5,24.569952181343,True,5e-12
002001.000311,2,1s.28p,3P*,1.0,1,True,3,24.569952184374,True,5e-12
002001.000286,2,1s.28p,3P*,0.0,0,True,1,24.569952221667,True,6e-12
002001.000436,2,1s.28d,3D,3.0,3,True,7,24.5700336155463,True,6e-13
002001.000411,2,1s.28d,3D,2.0,2,True,5,24.5700336160254,True,6e-13
002001.000386,2,1s.28d,3D,1.0,1,True,3,24.5700336226726,True,6e-13
002001.000361,2,1s.28d,1D,2.0,2,True,5,24.5700345748407,True,5e-13
002001.000511,2,1s.28f,3F*,3.0,3,True,7,24.57003663632574,True,2.5e-13
002001.000536,2,1s.28f,3F*,4.0,4,True,9,24.57003663785049,True,2.5e-13
002001.000486,2,1s.28f,3F*,2.0,2,True,5,24.57003664096088,True,2.5e-13
002001.000461,2,1s.28f,1F*,3.0,3,True,7,24.57003664655245,True,2.5e-13
002001.000611,2,1s.28g,3G,4.0,4,True,9,24.57003703133207,True,2.5e-13
002001.000636,2,1s.28g,3G,5.0,5,True,11,24.57003703328024,True,2.5e-13
002001.000586,2,1s.28g,3G,3.0,3,True,7,24.57003703505793,True,2.5e-13
002001.000561,2,1s.28g,1G,4.0,4,True,9,24.5700370362633,True,2.5e-13
002001.000711,2,1s.28h,3H*,5.0,5,True,11,24.57003712861789,True,2.5e-13
002001.000736,2,1s.28h,3H*,6.0,6,True,13,24.5700371298917,True,2.5e-13
002001.000686,2,1s.28h,3H*,4.0,4,True,9,24.57003713104785,True,2.5e-13
002001.000661,2,1s.28h,1H*,5.0,5,True,11,24.57003713191066,True,2.5e-13
002001.000811,2,1s.28i,3I,6.0,6,True,13,24.57003716055721,True,2.5e-13
002001.000836,2,1s.28i,3I,7.0,7,True,15,24.57003716145064,True,2.5e-13
002001.000786,2,1s.28i,3I,5.0,5,True,11,24.57003716226472,True,2.5e-13
002001.000761,2,1s.28i,1I,6.0,6,True,13,24.57003716291154,True,2.5e-13
002001.000261,2,1s.28p,1P*,1.0,1,True,3,24.5700522166844,True,9e-13
002001.000242,2,1s.29s,3S,1.0,1,True,3,24.570877091365,True,1.2e-11
002001.000217,2,1s.29s,1S,0.0,0,True,1,24.571056197338,True,1.4e-11
002001.000337,2,1s.29p,3P*,2.0,2,True,5,24.571136728296,True,5e-12
002001.000312,2,1s.29p,3P*,1.0,1,True,3,24.571136731023,True,5e-12
002001.000287,2,1s.29p,3P*,0.0,0,True,1,24.57113676458,True,5e-12
002001.000437,2,1s.29d,3D,3.0,3,True,7,24.5712100169667,True,6e-13
002001.000412,2,1s.29d,3D,2.0,2,True,5,24.571210017398,True,6e-13
002001.000387,2,1s.29d,3D,1.0,1,True,3,24.5712100233809,True,6e-13
002001.000362,2,1s.29d,1D,2.0,2,True,5,24.5712108807138,True,4e-13
002001.000512,2,1s.29f,3F*,3.0,3,True,7,24.57121273633383,True,2.5e-13
002001.000537,2,1s.29f,3F*,4.0,4,True,9,24.57121273770497,True,2.5e-13
002001.000487,2,1s.29f,3F*,2.0,2,True,5,24.57121274050453,True,2.5e-13
002001.000462,2,1s.29f,1F*,3.0,3,True,7,24.57121274554213,True,2.5e-13
002001.000612,2,1s.29g,3G,4.0,4,True,9,24.57121309195956,True,2.5e-13
002001.000637,2,1s.29g,3G,5.0,5,True,11,24.57121309371307,True,2.5e-13
002001.000587,2,1s.29g,3G,3.0,3,True,7,24.57121309531309,True,2.5e-13
002001.000562,2,1s.29g,1G,4.0,4,True,9,24.5712130963982,True,2.5e-13
002001.000712,2,1s.29h,3H*,5.0,5,True,11,24.57121317955936,True,2.5e-13
002001.000737,2,1s.29h,3H*,6.0,6,True,13,24.57121318070597,True,2.5e-13
002001.000687,2,1s.29h,3H*,4.0,4,True,9,24.57121318174644,True,2.5e-13
002001.000662,2,1s.29h,1H*,5.0,5,True,11,24.57121318252308,True,2.5e-13
002001.000812,2,1s.29i,3I,6.0,6,True,13,24.57121320832382,True,2.5e-13
002001.000837,2,1s.29i,3I,7.0,7,True,15,24.57121320912798,True,2.5e-13
002001.000787,2,1s.29i,3I,5.0,5,True,11,24.57121320986073,True,2.5e-13
002001.000762,2,1s.29i,1I,6.0,6,True,13,24.57121321044296,True,2.5e-13
002001.000262,2,1s.29p,1P*,1.0,1,True,3,24.5712267610659,True,7e-13
002001.000243,2,1s.30s,3S,1.0,1,True,3,24.571970169921,True,1.1e-11
002001.000218,2,1s.30s,1S,0.0,0,True,1,24.572131831975,True,1.2e-11
002001.000338,2,1s.30p,3P*,2.0,2,True,5,24.572204545351,True,4e-12
002001.000313,2,1s.30p,3P*,1.0,1,True,3,24.572204547814,True,4e-12
002001.000288,2,1s.30p,3P*,0.0,0,True,1,24.572204578118,True,5e-12
002001.000438,2,1s.30d,3D,3.0,3,True,7,24.572270739573,True,5e-13
002001.000413,2,1s.30d,3D,2.0,2,True,5,24.5722707399626,True,5e-13
002001.000388,2,1s.30d,3D,1.0,1,True,3,24.5722707453667,True,5e-13
002001.000363,2,1s.30d,1D,2.0,2,True,5,24.5722715200426,True,4e-13
002001.000513,2,1s.30f,3F*,3.0,3,True,7,24.57227319631699,True,2.5e-13
002001.000538,2,1s.30f,3F*,4.0,4,True,9,24.5722731975546,True,2.5e-13
002001.000488,2,1s.30f,3F*,2.0,2,True,5,24.57227320008351,True,2.5e-13
002001.000463,2,1s.30f,1F*,3.0,3,True,7,24.5722732046377,True,2.5e-13
002001.000613,2,1s.30g,3G,4.0,4,True,9,24.57227351762527,True,2.5e-13
002001.000638,2,1s.30g,3G,5.0,5,True,11,24.57227351920917,True,2.5e-13
002001.000588,2,1s.30g,3G,3.0,3,True,7,24.57227352065445,True,2.5e-13
002001.000563,2,1s.30g,1G,4.0,4,True,9,24.57227352163454,True,2.5e-13
002001.000713,2,1s.30h,3H*,5.0,5,True,11,24.57227359678224,True,2.5e-13
002001.000738,2,1s.30h,3H*,6.0,6,True,13,24.572273597818,True,2.5e-13
002001.000688,2,1s.30h,3H*,4.0,4,True,9,24.57227359875792,True,2.5e-13
002001.000663,2,1s.30h,1H*,5.0,5,True,11,24.57227359945942,True,2.5e-13
002001.000813,2,1s.30i,3I,6.0,6,True,13,24.57227362277862,True,2.5e-13
002001.000838,2,1s.30i,3I,7.0,7,True,15,24.57227362350504,True,2.5e-13
002001.000788,2,1s.30i,3I,5.0,5,True,11,24.57227362416699,True,2.5e-13
002001.000763,2,1s.30i,1I,6.0,6,True,13,24.57227362469293,True,2.5e-13
002001.000263,2,1s.30p,1P*,1.0,1,True,3,24.5722858657881,True,7e-13
002001.000244,2,1s.31s,3S,1.0,1,True,3,24.572958193102,True,1e-11
002001.000219,2,1s.31s,1S,0.0,0,True,1,24.573104604934,True,1.2e-11
002001.000339,2,1s.31p,3P*,2.0,2,True,5,24.57317048082,True,4e-12
002001.000314,2,1s.31p,3P*,1.0,1,True,3,24.573170483051,True,4e-12
002001.000289,2,1s.31p,3P*,0.0,0,True,1,24.57317051051,True,4e-12
002001.000439,2,1s.31d,3D,3.0,3,True,7,24.5732304674684,True,5e-13
002001.000414,2,1s.31d,3D,2.0,2,True,5,24.5732304678216,True,5e-13
002001.000389,2,1s.31d,3D,1.0,1,True,3,24.5732304727194,True,5e-13
002001.000364,2,1s.31d,1D,2.0,2,True,5,24.5732311750238,True,4e-13
002001.000514,2,1s.31f,3F*,3.0,3,True,7,24.57323269433635,True,2.5e-13
002001.000539,2,1s.31f,3F*,4.0,4,True,9,24.5732326954573,True,2.5e-13
002001.000489,2,1s.31f,3F*,2.0,2,True,5,24.57323269774915,True,2.5e-13
002001.000464,2,1s.31f,1F*,3.0,3,True,7,24.57323270187993,True,2.5e-13
002001.000614,2,1s.31g,3G,4.0,4,True,9,24.57323298560227,True,2.5e-13
002001.000639,2,1s.31g,3G,5.0,5,True,11,24.57323298703776,True,2.5e-13
002001.000589,2,1s.31g,3G,3.0,3,True,7,24.57323298834765,True,2.5e-13
002001.000564,2,1s.31g,1G,4.0,4,True,9,24.573232989236,True,2.5e-13
002001.000714,2,1s.31h,3H*,5.0,5,True,11,24.57323305736668,True,2.5e-13
002001.000739,2,1s.31h,3H*,6.0,6,True,13,24.57323305830536,True,2.5e-13
002001.000689,2,1s.31h,3H*,4.0,4,True,9,24.57323305915726,True,2.5e-13
002001.000664,2,1s.31h,1H*,5.0,5,True,11,24.57323305979305,True,2.5e-13
002001.000814,2,1s.31i,3I,6.0,6,True,13,24.57323308093868,True,2.5e-13
002001.000839,2,1s.31i,3I,7.0,7,True,15,24.57323308159704,True,2.5e-13
002001.000789,2,1s.31i,3I,5.0,5,True,11,24.573233082197,True,2.5e-13
002001.000764,2,1s.31i,1I,6.0,6,True,13,24.57323308267359,True,2.5e-13
002001.000264,2,1s.31p,1P*,1.0,1,True,3,24.573244177668,True,6e-13
002001.000245,2,1s.32s,3S,1.0,1,True,3,24.573854204444,True,9e-12
002001.000220,2,1s.32s,1S,0.0,0,True,1,24.57398722547,True,1.1e-11
002001.000340,2,1s.32p,3P*,2.0,2,True,5,24.574047095037,True,4e-12
002001.000315,2,1s.32p,3P*,1.0,1,True,3,24.574047097066,True,4e-12
002001.000290,2,1s.32p,3P*,0.0,0,True,1,24.574047122024,True,4e-12
002001.000440,2,1s.32d,3D,3.0,3,True,7,24.5741016266281,True,5e-13
002001.000415,2,1s.32d,3D,2.0,2,True,5,24.5741016269493,True,5e-13
002001.000390,2,1s.32d,3D,1.0,1,True,3,24.574101631402,True,5e-13
002001.000365,2,1s.32d,1D,2.0,2,True,5,24.5741022700706,True,4e-13
002001.000515,2,1s.32f,3F*,3.0,3,True,7,24.57410365141942,True,2.5e-13
002001.000540,2,1s.32f,3F*,4.0,4,True,9,24.57410365243783,True,2.5e-13
002001.000490,2,1s.32f,3F*,2.0,2,True,5,24.5741036545215,True,2.5e-13
002001.000465,2,1s.32f,1F*,3.0,3,True,7,24.57410365827959,True,2.5e-13
002001.000615,2,1s.32g,3G,4.0,4,True,9,24.57410391627285,True,2.5e-13
002001.000640,2,1s.32g,3G,5.0,5,True,11,24.57410391757792,True,2.5e-13
002001.000590,2,1s.32g,3G,3.0,3,True,7,24.57410391876878,True,2.5e-13
002001.000565,2,1s.32g,1G,4.0,4,True,9,24.57410391957641,True,2.5e-13
002001.000715,2,1s.32h,3H*,5.0,5,True,11,24.57410398153665,True,2.5e-13
002001.000740,2,1s.32h,3H*,6.0,6,True,13,24.57410398239003,True,2.5e-13
002001.000690,2,1s.32h,3H*,4.0,4,True,9,24.57410398316456,True,2.5e-13
002001.000665,2,1s.32h,1H*,5.0,5,True,11,24.57410398374257,True,2.5e-13
002001.000815,2,1s.32i,3I,6.0,6,True,13,24.57410400297625,True,2.5e-13
002001.000840,2,1s.32i,3I,7.0,7,True,15,24.57410400357484,True,2.5e-13
002001.000790,2,1s.32i,3I,5.0,5,True,11,24.57410400412025,True,2.5e-13
002001.000765,2,1s.32i,1I,6.0,6,True,13,24.57410400455357,True,2.5e-13
002001.000265,2,1s.32p,1P*,1.0,1,True,3,24.5741140921573,True,6e-13
002001.000246,2,1s.33s,3S,1.0,1,True,3,24.574669284234,True,8e-12
002001.000221,2,1s.33s,1S,0.0,0,True,1,24.574790498896,True,1e-11
002001.000341,2,1s.33p,3P*,2.0,2,True,5,24.574845070751,True,3e-12
002001.000316,2,1s.33p,3P*,1.0,1,True,3,24.5748450726,True,3e-12
002001.000291,2,1s.33p,3P*,0.0,0,True,1,24.574845095352,True,4e-12
002001.000441,2,1s.33d,3D,3.0,3,True,7,24.5748947891421,True,4e-13
002001.000416,2,1s.33d,3D,2.0,2,True,5,24.5748947894349,True,4e-13
002001.000391,2,1s.33d,3D,1.0,1,True,3,24.574894793495,True,4e-13
002001.000366,2,1s.33d,1D,2.0,2,True,5,24.57489537598439,True,2.5e-13
002001.000516,2,1s.33f,3F*,3.0,3,True,7,24.57489663557879,True,2.5e-13
002001.000541,2,1s.33f,3F*,4.0,4,True,9,24.57489663650681,True,2.5e-13
002001.000491,2,1s.33f,3F*,2.0,2,True,5,24.57489663840675,True,2.5e-13
002001.000466,2,1s.33f,1F*,3.0,3,True,7,24.57489664183565,True,2.5e-13
002001.000616,2,1s.33g,3G,4.0,4,True,9,24.57489687711774,True,2.5e-13
002001.000641,2,1s.33g,3G,5.0,5,True,11,24.57489687830762,True,2.5e-13
002001.000591,2,1s.33g,3G,3.0,3,True,7,24.57489687939347,True,2.5e-13
002001.000566,2,1s.33g,1G,4.0,4,True,9,24.57489688012993,True,2.5e-13
002001.000716,2,1s.33h,3H*,5.0,5,True,11,24.57489693664242,True,2.5e-13
002001.000741,2,1s.33h,3H*,6.0,6,True,13,24.57489693742055,True,2.5e-13
002001.000691,2,1s.33h,3H*,4.0,4,True,9,24.57489693812677,True,2.5e-13
002001.000666,2,1s.33h,1H*,5.0,5,True,11,24.57489693865382,True,2.5e-13
002001.000816,2,1s.33i,3I,6.0,6,True,13,24.57489695619907,True,2.5e-13
002001.000841,2,1s.33i,3I,7.0,7,True,15,24.57489695674485,True,2.5e-13
002001.000791,2,1s.33i,3I,5.0,5,True,11,24.57489695724215,True,2.5e-13
002001.000766,2,1s.33i,1I,6.0,6,True,13,24.57489695763729,True,2.5e-13
002001.000266,2,1s.33p,1P*,1.0,1,True,3,24.5749061561969,True,5e-13
002001.000247,2,1s.34s,3S,1.0,1,True,3,24.575412893719,True,7e-12
002001.000222,2,1s.34s,1S,0.0,0,True,1,24.575523658875,True,9e-12
002001.000342,2,1s.34p,3P*,2.0,2,True,5,24.575573540123,True,3e-12
002001.000317,2,1s.34p,3P*,1.0,1,True,3,24.575573541814,True,3e-12
002001.000292,2,1s.34p,3P*,0.0,0,True,1,24.575573562612,True,3e-12
002001.000442,2,1s.34d,3D,3.0,3,True,7,24.5756189954825,True,4e-13
002001.000417,2,1s.34d,3D,2.0,2,True,5,24.5756189957502,True,4e-13
002001.000392,2,1s.34d,3D,1.0,1,True,3,24.5756189994624,True,4e-13
002001.000367,2,1s.34d,1D,2.0,2,True,5,24.57561953216943,True,2.5e-13
002001.000517,2,1s.34f,3F*,3.0,3,True,7,24.57562068390626,True,2.5e-13
002001.000542,2,1s.34f,3F*,4.0,4,True,9,24.57562068475431,True,2.5e-13
002001.000492,2,1s.34f,3F*,2.0,2,True,5,24.57562068649158,True,2.5e-13
002001.000467,2,1s.34f,1F*,3.0,3,True,7,24.57562068962851,True,2.5e-13
002001.000617,2,1s.34g,3G,4.0,4,True,9,24.57562090478771,True,2.5e-13
002001.000642,2,1s.34g,3G,5.0,5,True,11,24.57562090587567,True,2.5e-13
002001.000592,2,1s.34g,3G,3.0,3,True,7,24.57562090686853,True,2.5e-13
002001.000567,2,1s.34g,1G,4.0,4,True,9,24.57562090754189,True,2.5e-13
002001.000717,2,1s.34h,3H*,5.0,5,True,11,24.57562095922669,True,2.5e-13
002001.000742,2,1s.34h,3H*,6.0,6,True,13,24.57562095993811,True,2.5e-13
002001.000692,2,1s.34h,3H*,4.0,4,True,9,24.57562096058382,True,2.5e-13
002001.000667,2,1s.34h,1H*,5.0,5,True,11,24.57562096106575,True,2.5e-13
002001.000817,2,1s.34i,3I,6.0,6,True,13,24.57562097711426,True,2.5e-13
002001.000842,2,1s.34i,3I,7.0,7,True,15,24.5756209776133,True,2.5e-13
002001.000792,2,1s.34i,3I,5.0,5,True,11,24.57562097806795,True,2.5e-13
002001.000767,2,1s.34i,1I,6.0,6,True,13,24.57562097842924,True,2.5e-13
002001.000267,2,1s.34p,1P*,1.0,1,True,3,24.575629389412,True,5e-13
002001.000248,2,1s.35s,3S,1.0,1,True,3,24.576093150917,True,7e-12
002001.000223,2,1s.35s,1S,0.0,0,True,1,24.576194633969,True,8e-12
002001.000343,2,1s.35p,3P*,2.0,2,True,5,24.576240347176,True,3e-12
002001.000318,2,1s.35p,3P*,1.0,1,True,3,24.576240348725,True,3e-12
002001.000293,2,1s.35p,3P*,0.0,0,True,1,24.576240367788,True,3e-12
002001.000443,2,1s.35d,3D,3.0,3,True,7,24.5762820132583,True,4e-13
002001.000418,2,1s.35d,3D,2.0,2,True,5,24.5762820135037,True,4e-13
002001.000393,2,1s.35d,3D,1.0,1,True,3,24.5762820169067,True,4e-13
002001.000368,2,1s.35d,1D,2.0,2,True,5,24.57628250534329,True,2.5e-13
002001.000518,2,1s.35f,3F*,3.0,3,True,7,24.57628356119235,True,2.5e-13
002001.000543,2,1s.35f,3F*,4.0,4,True,9,24.57628356196936,True,2.5e-13
002001.000493,2,1s.35f,3F*,2.0,2,True,5,24.57628356356194,True,2.5e-13
002001.000468,2,1s.35f,1F*,3.0,3,True,7,24.57628356643899,True,2.5e-13
002001.000618,2,1s.35g,3G,4.0,4,True,9,24.57628376370554,True,2.5e-13
002001.000643,2,1s.35g,3G,5.0,5,True,11,24.57628376470286,True,2.5e-13
002001.000593,2,1s.35g,3G,3.0,3,True,7,24.57628376561303,True,2.5e-13
002001.000568,2,1s.35g,1G,4.0,4,True,9,24.57628376623035,True,2.5e-13
002001.000718,2,1s.35h,3H*,5.0,5,True,11,24.57628381362145,True,2.5e-13
002001.000743,2,1s.35h,3H*,6.0,6,True,13,24.57628381427373,True,2.5e-13
002001.000693,2,1s.35h,3H*,4.0,4,True,9,24.57628381486563,True,2.5e-13
002001.000668,2,1s.35h,1H*,5.0,5,True,11,24.57628381530739,True,2.5e-13
002001.000818,2,1s.35i,3I,6.0,6,True,13,24.57628383002456,True,2.5e-13
002001.000843,2,1s.35i,3I,7.0,7,True,15,24.57628383048206,True,2.5e-13
002001.000793,2,1s.35i,3I,5.0,5,True,11,24.57628383089889,True,2.5e-13
002001.000768,2,1s.35i,1I,6.0,6,True,13,24.57628383123006,True,2.5e-13
002001.000268,2,1s.35p,1P*,1.0,1,True,3,24.5762915420321,True,5e-13
002001.Lim001,2,He II (1s 2S<1/2>),Limit,,---,False,,24.587389011,False,2.5e-08
002001.000195,2,2s.2p,3P*,,"0,1,2",False,9,58.311,False,0.006
002001.000189,2,2p2,3P,,"0,1,2",False,9,59.67378,False,0.00015
002001.000196,2,2p.3p,3D,,"1,2,3",False,15,63.119,False,0.006
002001.000197,2,2p.3d,3D*,,"1,2,3",False,15,63.78658,False,0.00015
002001.000198,2,2p.3d,3P*,,"0,1,2",False,9,64.0719,False,0.0006
003001.000001,3,1s2.2s,2S,0.5,1/2,True,2,0.0,False,1.2e-05
003001.000002,3,1s2.2p,2P*,0.5,1/2,True,2,1.847818,False,1.2e-05
003001.000003,3,1s2.2p,2P*,1.5,3/2,True,4,1.84786,False,1.2e-05
003001.000004,3,1s2.3s,2S,0.5,1/2,True,2,3.373129,False,1.2e-05
003001.000005,3,1s2.3p,2P*,0.5,1/2,True,2,3.834258,False,1.2e-05
003001.000006,3,1s2.3p,2P*,1.5,3/2,True,4,3.834258,False,1.2e-05
003001.000007,3,1s2.3d,2D,1.5,3/2,True,4,3.878608,False,1.2e-05
003001.000008,3,1s2.3d,2D,2.5,5/2,True,6,3.878613,False,1.2e-05
003001.000009,3,1s2.4s,2S,0.5,1/2,True,2,4.340942,False,1.2e-05
003001.000010,3,1s2.4p,2P*,0.5,1/2,True,2,4.521648,False,1.2e-05
003001.000011,3,1s2.4p,2P*,1.5,3/2,True,4,4.521648,False,1.2e-05
003001.000012,3,1s2.4d,2D,1.5,3/2,True,4,4.54072,False,1.2e-05
003001.000013,3,1s2.4d,2D,2.5,5/2,True,6,4.540723,False,1.2e-05
003001.000014,3,1s2.4f,2F*,2.5,5/2,True,6,4.54157,False,0.00012
003001.000015,3,1s2.4f,2F*,3.5,7/2,True,8,4.54157,False,0.00012
003001.000016,3,1s2.5s,2S,0.5,1/2,True,2,4.748533,False,1.2e-05
003001.000017,3,1s2.5p,2P*,0.5,1/2,True,2,4.837313,False,1.2e-05
003001.000018,3,1s2.5p,2P*,1.5,3/2,True,4,4.837313,False,1.2e-05
003001.000019,3,1s2.5d,2D,1.5,3/2,True,4,4.847154,False,1.2e-05
003001.000020,3,1s2.5d,2D,2.5,5/2,True,6,4.847155,False,1.2e-05
003001.000021,3,1s2.5f,2F*,2.5,5/2,True,6,4.84834,False,0.00012
003001.000022,3,1s2.5f,2F*,3.5,7/2,True,8,4.84834,False,0.00012
003001.000023,3,1s2.6s,2S,0.5,1/2,True,2,4.957835,False,1.2e-05
003001.000024,3,1s2.6p,2P*,0.5,1/2,True,2,5.007826,False,1.2e-05
003001.000025,3,1s2.6p,2P*,1.5,3/2,True,4,5.007826,False,1.2e-05
003001.000026,3,1s2.6d,2D,1.5,3/2,True,4,5.013587,False,1.2e-05
003001.000027,3,1s2.6d,2D,2.5,5/2,True,6,5.013589,False,1.2e-05
003001.000028,3,1s2.7s,2S,0.5,1/2,True,2,5.07937,False,0.00012
003001.000029,3,1s2.7p,2P*,0.5,1/2,True,2,5.1103,False,1.2e-05
003001.000030,3,1s2.7p,2P*,1.5,3/2,True,4,5.1103,False,1.2e-05
003001.000031,3,1s2.7d,2D,1.5,3/2,True,4,5.11391,False,0.00012
003001.000032,3,1s2.7d,2D,2.5,5/2,True,6,5.11391,False,0.00012
003001.000033,3,1s2.8s,2S,0.5,1/2,True,2,5.15614,False,0.00012
003001.000034,3,1s2.8p,2P*,0.5,1/2,True,2,5.176542,False,1.2e-05
003001.000035,3,1s2.8p,2P*,1.5,3/2,True,4,5.176542,False,1.2e-05
003001.000036,3,1s2.8d,2D,1.5,3/2,True,4,5.17898,False,0.00012
003001.000037,3,1s2.8d,2D,2.5,5/2,True,6,5.17898,False,0.00012
003001.000038,3,1s2.9s,2S,0.5,1/2,True,2,5.20775,False,0.00012
003001.000039,3,1s2.9p,2P*,0.5,1/2,True,2,5.222,False,1.2e-05
003001.000040,3,1s2.9p,2P*,1.5,3/2,True,4,5.222,False,1.2e-05
003001.000041,3,1s2.9d,2D,1.5,3/2,True,4,5.22362,False,0.00012
003001.000042,3,1s2.9d,2D,2.5,5/2,True,6,5.22362,False,0.00012
003001.000043,3,1s2.10s,2S,0.5,1/2,True,2,5.2443,False,0.0012
003001.000044,3,1s2.10p,2P*,0.5,1/2,True,2,5.254346,False,1.2e-05
003001.000045,3,1s2.10p,2P*,1.5,3/2,True,4,5.254346,False,1.2e-05
003001.000046,3,1s2.10d,2D,1.5,3/2,True,4,5.2556,False,0.0012
003001.000047,3,1s2.10d,2D,2.5,5/2,True,6,5.2556,False,0.0012
003001.000048,3,1s2.11s,2S,0.5,1/2,True,2,5.2706,False,0.0012
003001.000049,3,1s2.11p,2P*,0.5,1/2,True,2,5.2779,False,0.00012
003001.000050,3,1s2.11p,2P*,1.5,3/2,True,4,5.2779,False,0.00012
003001.000051,3,1s2.11d,2D,1.5,3/2,True,4,5.279,False,0.0012
003001.000052,3,1s2.11d,2D,2.5,5/2,True,6,5.279,False,0.0012
003001.000053,3,1s2.12p,2P*,0.5,1/2,True,2,5.296498,False,1.2e-05
003001.000054,3,1s2.12p,2P*,1.5,3/2,True,4,5.296498,False,1.2e-05
003001.000055,3,1s2.12d,2D,1.5,3/2,True,4,5.2972,False,0.0012
003001.000056,3,1s2.12d,2D,2.5,5/2,True,6,5.2972,False,0.0012
003001.000057,3,1s2.13p,2P*,0.5,1/2,True,2,5.310605,False,1.2e-05
003001.000058,3,1s2.13p,2P*,1.5,3/2,True,4,5.310605,False,1.2e-05
003001.000059,3,1s2.14p,2P*,0.5,1/2,True,2,5.321822,False,1.2e-05
003001.000060,3,1s2.14p,2P*,1.5,3/2,True,4,5.321822,False,1.2e-05
003001.000061,3,1s2.15p,2P*,0.5,1/2,True,2,5.330764,False,1.2e-05
003001.000062,3,1s2.15p,2P*,1.5,3/2,True,4,5.330764,False,1.2e-05
003001.000063,3,1s2.16p,2P*,0.5,1/2,True,2,5.338182,False,1.2e-05
003001.000064,3,1s2.16p,2P*,1.5,3/2,True,4,5.338182,False,1.2e-05
003001.000065,3,1s2.17p,2P*,0.5,1/2,True,2,5.344391,False,1.2e-05
003001.000066,3,1s2.17p,2P*,1.5,3/2,True,4,5.344391,False,1.2e-05
003001.000067,3,1s2.18p,2P*,0.5,1/2,True,2,5.349541,False,1.2e-05
003001.000068,3,1s2.18p,2P*,1.5,3/2,True,4,5.349541,False,1.2e-05
003001.000069,3,1s2.19p,2P*,0.5,1/2,True,2,5.353866,False,1.2e-05
003001.000070,3,1s2.19p,2P*,1.5,3/2,True,4,5.353866,False,1.2e-05
003001.000071,3,1s2.20p,2P*,0.5,1/2,True,2,5.35753,False,1.2e-05
003001.000072,3,1s2.20p,2P*,1.5,3/2,True,4,5.35753,False,1.2e-05
003001.000073,3,1s2.21p,2P*,0.5,1/2,True,2,5.360725,False,1.2e-05
003001.000074,3,1s2.21p,2P*,1.5,3/2,True,4,5.360725,False,1.2e-05
003001.000075,3,1s2.22p,2P*,0.5,1/2,True,2,5.36345,False,1.2e-05
003001.000076,3,1s2.22p,2P*,1.5,3/2,True,4,5.36345,False,1.2e-05
003001.000077,3,1s2.23p,2P*,0.5,1/2,True,2,5.365907,False,1.2e-05
003001.000078,3,1s2.23p,2P*,1.5,3/2,True,4,5.365907,False,1.2e-05
003001.000079,3,1s2.24p,2P*,0.5,1/2,True,2,5.368024,False,1.2e-05
003001.000080,3,1s2.24p,2P*,1.5,3/2,True,4,5.368024,False,1.2e-05
003001.000081,3,1s2.25p,2P*,0.5,1/2,True,2,5.369935,False,1.2e-05
003001.000082,3,1s2.25p,2P*,1.5,3/2,True,4,5.369935,False,1.2e-05
003001.000083,3,1s2.26p,2P*,0.5,1/2,True,2,5.371592,False,1.2e-05
003001.000084,3,1s2.26p,2P*,1.5,3/2,True,4,5.371592,False,1.2e-05
003001.000085,3,1s2.27p,2P*,0.5,1/2,True,2,5.373029,False,1.2e-05
003001.000086,3,1s2.27p,2P*,1.5,3/2,True,4,5.373029,False,1.2e-05
003001.000087,3,1s2.28p,2P*,0.5,1/2,True,2,5.374267,False,1.2e-05
003001.000088,3,1s2.28p,2P*,1.5,3/2,True,4,5.374267,False,1.2e-05
003001.000089,3,1s2.29p,2P*,0.5,1/2,True,2,5.375324,False,1.2e-05
003001.000090,3,1s2.29p,2P*,1.5,3/2,True,4,5.375324,False,1.2e-05
003001.000091,3,1s2.30p,2P*,0.5,1/2,True,2,5.376415,False,1.2e-05
003001.000092,3,1s2.30p,2P*,1.5,3/2,True,4,5.376415,False,1.2e-05
003001.000093,3,1s2.31p,2P*,0.5,1/2,True,2,5.37745,False,1.2e-05
003001.000094,3,1s2.31p,2P*,1.5,3/2,True,4,5.37745,False,1.2e-05
003001.000095,3,1s2.32p,2P*,0.5,1/2,True,2,5.378225,False,1.2e-05
003001.000096,3,1s2.32p,2P*,1.5,3/2,True,4,5.378225,False,1.2e-05
003001.000097,3,1s2.33p,2P*,0.5,1/2,True,2,5.37904,False,0.00012
003001.000098,3,1s2.33p,2P*,1.5,3/2,True,4,5.37904,False,0.00012
003001.000099,3,1s2.34p,2P*,0.5,1/2,True,2,5.37971,False,0.00012
003001.000100,3,1s2.34p,2P*,1.5,3/2,True,4,5.37971,False,0.00012
003001.000101,3,1s2.35p,2P*,0.5,1/2,True,2,5.38034,False,0.00012
003001.000102,3,1s2.35p,2P*,1.5,3/2,True,4,5.38034,False,0.00012
003001.000103,3,1s2.36p,2P*,0.5,1/2,True,2,5.38098,False,0.00012
003001.000104,3,1s2.36p,2P*,1.5,3/2,True,4,5.38098,False,0.00012
003001.000105,3,1s2.37p,2P*,0.5,1/2,True,2,5.3815,False,0.00012
003001.000106,3,1s2.37p,2P*,1.5,3/2,True,4,5.3815,False,0.00012
003001.000107,3,1s2.38p,2P*,0.5,1/2,True,2,5.38198,False,0.00012
003001.000108,3,1s2.38p,2P*,1.5,3/2,True,4,5.38198,False,0.00012
003001.000109,3,1s2.39p,2P*,0.5,1/2,True,2,5.38245,False,0.00012
003001.000110,3,1s2.39p,2P*,1.5,3/2,True,4,5.38245,False,0.00012
003001.000111,3,1s2.40p,2P*,0.5,1/2,True,2,5.38301,False,0.00012
003001.000112,3,1s2.40p,2P*,1.5,3/2,True,4,5.38301,False,0.00012
003001.000113,3,1s2.41p,2P*,0.5,1/2,True,2,5.38351,False,0.00012
003001.000114,3,1s2.41p,2P*,1.5,3/2,True,4,5.38351,False,0.00012
003001.000115,3,1s2.42p,2P*,0.5,1/2,True,2,5.38393,False,0.00012
003001.000116,3,1s2.42p,2P*,1.5,3/2,True,4,5.38393,False,0.00012
003001.Lim001,3,Li II (1s2 1S<0>),Limit,,---,False,,5.391714996,False,2.2e-08
003001.000118,3,1s.2s.2p,4P*,0.5,1/2,True,2,57.469,False,0.012
003001.000119,3,1s.2s.2p,4P*,1.5,3/2,True,4,57.469,False,0.012
003001.000120,3,1s.2s.2p,4P*,2.5,5/2,True,6,57.469,False,0.012
003001.000121,3,1s.2p.(1P*).2s,2P*,0.5,1/2,True,2,58.911,False,0.012
003001.000122,3,1s.2p.(1P*).2s,2P*,1.5,3/2,True,4,58.911,False,0.012
003001.000123,3,1s.2p2,4P,0.5,1/2,True,2,60.807,False,0.012
003001.000124,3,1s.2p2,4P,1.5,3/2,True,4,60.807,False,0.012
003001.000125,3,1s.2p2,4P,2.5,5/2,True,6,60.807,False,0.012
003001.000126,3,1s.2s.3p,4P*,0.5,1/2,True,2,61.319,False,0.012
003001.000127,3,1s.2s.3p,4P*,1.5,3/2,True,4,61.319,False,0.012
003001.000128,3,1s.2s.3p,4P*,2.5,5/2,True,6,61.319,False,0.012
003001.000129,3,1s.2p2,2P,0.5,1/2,True,2,61.599,False,0.012
003001.000130,3,1s.2p2,2P,1.5,3/2,True,4,61.599,False,0.012
003001.000131,3,1s.2s.3s,4S,1.5,3/2,True,4,61.69,False,0.12
003001.000132,3,1s.2p.3s,4P*,0.5,1/2,True,2,62.769,False,0.012
003001.000133,3,1s.2p.3s,4P*,1.5,3/2,True,4,62.769,False,0.012
003001.000134,3,1s.2p.3s,4P*,2.5,5/2,True,6,62.769,False,0.012
003001.000135,3,1s.2s.3d,4D,0.5,1/2,True,2,62.773,False,0.012
003001.000136,3,1s.2s.3d,4D,1.5,3/2,True,4,62.773,False,0.012
003001.000137,3,1s.2s.3d,4D,2.5,5/2,True,6,62.773,False,0.012
003001.000138,3,1s.2s.3d,4D,3.5,7/2,True,8,62.773,False,0.012
003001.000139,3,1s.2s.4s,4S,1.5,3/2,True,4,63.18,False,0.012
003001.000140,3,1s.2s.5s,4S,1.5,3/2,True,4,63.729,False,0.012
003001.000141,3,1s.2s.4p,4P*,0.5,1/2,True,2,63.929,False,0.012
003001.000142,3,1s.2s.4p,4P*,1.5,3/2,True,4,63.929,False,0.012
003001.000143,3,1s.2s.4p,4P*,2.5,5/2,True,6,63.929,False,0.012
003001.000144,3,1s.2s.6s,4S,1.5,3/2,True,4,63.989,False,0.012
003001.000145,3,1s.2p.4s,4P*,0.5,1/2,True,2,64.232,False,0.012
003001.000146,3,1s.2p.4s,4P*,1.5,3/2,True,4,64.232,False,0.012
003001.000147,3,1s.2p.4s,4P*,2.5,5/2,True,6,64.232,False,0.012
003001.000148,3,1s.2s.7s,4S,1.5,3/2,True,4,64.329,False,0.012
003001.000149,3,1s.2p.3p,4P,0.5,1/2,True,2,64.872,False,0.012
003001.000150,3,1s.2p.3p,4P,1.5,3/2,True,4,64.872,False,0.012
003001.000151,3,1s.2p.3p,4P,2.5,5/2,True,6,64.872,False,0.012
003001.000152,3,1s.2p.3d,4D*,0.5,1/2,True,2,65.126,False,0.012
003001.000153,3,1s.2p.3d,4D*,1.5,3/2,True,4,65.126,False,0.012
003001.000154,3,1s.2p.3d,4D*,2.5,5/2,True,6,65.126,False,0.012
003001.000155,3,1s.2p.3d,4D*,3.5,7/2,True,8,65.126,False,0.012
003001.000156,3,1s.2p.(1P*).3s,2P*,0.5,1/2,True,2,65.267,False,0.012
003001.000157,3,1s.2p.(1P*).3s,2P*,1.5,3/2,True,4,65.267,False,0.012
003001.000158,3,1s.2p.4p,4P,0.5,1/2,True,2,65.78,False,0.012
003001.000159,3,1s.2p.4p,4P,1.5,3/2,True,4,65.78,False,0.012
003001.000160,3,1s.2p.4p,4P,2.5,5/2,True,6,65.78,False,0.012
003001.000161,3,1s.2p.5p,4P,0.5,1/2,True,2,66.169,False,0.012
003001.000162,3,1s.2p.5p,4P,1.5,3/2,True,4,66.169,False,0.012
003001.000163,3,1s.2p.5p,4P,2.5,5/2,True,6,66.169,False,0.012
003001.000164,3,1s.2p.6p,4P,0.5,1/2,True,2,66.379,False,0.012
003001.000165,3,1s.2p.6p,4P,1.5,3/2,True,4,66.379,False,0.012
003001.000166,3,1s.2p.6p,4P,2.5,5/2,True,6,66.379,False,0.012
003001.000167,3,1s.2p.(1P*).4s,2P*,0.5,1/2,True,2,66.454,False,0.012
003001.000168,3,1s.2p.(1P*).4s,2P*,1.5,3/2,True,4,66.454,False,0.012
003001.000169,3,1s.2p.(1P*).5s,2P*,0.5,1/2,True,2,66.93,False,0.12
003001.000170,3,1s.2p.(1P*).5s,2P*,1.5,3/2,True,4,66.93,False,0.12
003001.000171,3,1s.2p.(1P*).6s,2P*,0.5,1/2,True,2,67.165,False,0.012
003001.000172,3,1s.2p.(1P*).6s,2P*,1.5,3/2,True,4,67.165,False,0.012
003001.000173,3,1s.2p.(1P*).7s,2P*,0.5,1/2,True,2,67.292,False,0.012
003001.000174,3,1s.2p.(1P*).7s,2P*,1.5,3/2,True,4,67.292,False,0.012
003001.000175,3,1s.2p.(1P*).8s,2P*,0.5,1/2,True,2,67.378,False,0.012
003001.000176,3,1s.2p.(1P*).8s,2P*,1.5,3/2,True,4,67.378,False,0.012
003001.000177,3,1s.2p.(1P*).9s,2P*,0.5,1/2,True,2,67.433,False,0.012
003001.000178,3,1s.2p.(1P*).9s,2P*,1.5,3/2,True,4,67.433,False,0.012
003001.000179,3,1s.2p.(1P*).10s,2P*,0.5,1/2,True,2,67.476,False,0.012
003001.000180,3,1s.2p.(1P*).10s,2P*,1.5,3/2,True,4,67.476,False,0.012
003001.000181,3,1s.2p.(1P*).11s,2P*,0.5,1/2,True,2,67.499,False,0.012
003001.000182,3,1s.2p.(1P*).11s,2P*,1.5,3/2,True,4,67.499,False,0.012
003002.000001,4,1s2,1S,0.0,0,True,1,0.0,False,1.2e-06
003002.000002,4,1s.2s,3S,1.0,1,True,3,59.020708,True,1.2e-05
003002.000003,4,1s.2s,1S,0.0,0,True,1,60.922576,True,1.9e-05
003002.000004,4,1s.2p,3P*,1.0,1,True,3,61.280467,True,1.2e-05
003002.000005,4,1s.2p,3P*,2.0,2,True,5,61.280749,True,1.2e-05
003002.000006,4,1s.2p,3P*,0.0,0,True,1,61.281137,True,1.2e-05
003002.000007,4,1s.2p,1P*,1.0,1,True,3,62.216228,True,1.2e-05
003002.000008,4,1s.3s,3S,1.0,1,True,3,68.780678,True,1.2e-05
003002.000009,4,1s.3s,1S,0.0,0,True,1,69.27952,True,1.2e-05
003002.000010,4,1s.3p,3P*,1.0,1,True,3,69.3691,True,0.00019
003002.000011,4,1s.3p,3P*,2.0,2,True,5,69.36923,True,0.0001
003002.000012,4,1s.3p,3P*,0.0,0,True,1,69.36934,True,4e-05
003002.000013,4,1s.3d,3D,2.0,2,True,5,69.585174,True,1.2e-05
003002.000014,4,1s.3d,3D,3.0,3,True,7,69.585251,True,1.2e-05
003002.000015,4,1s.3d,3D,1.0,1,True,3,69.585317,True,2.5e-05
003002.000016,4,1s.3d,1D,2.0,2,True,5,69.588952,True,1.2e-05
003002.000017,4,1s.3p,1P*,1.0,1,True,3,69.648365,True,1.9e-05
003002.000018,4,1s.4s,3S,1.0,1,True,3,71.908412,True,1.2e-05
003002.000019,4,1s.4s,1S,0.0,0,True,1,72.108701,True,1.9e-05
003002.000020,4,1s.4p,3P*,0.0,0,True,1,72.144509,True,1.2e-05
003002.000021,4,1s.4p,3P*,1.0,1,True,3,72.144559,True,1.2e-05
003002.000022,4,1s.4p,3P*,2.0,2,True,5,72.144648,True,1.2e-05
003002.000023,4,1s.4d,3D,1.0,1,True,3,72.2347,True,2.5e-05
003002.000024,4,1s.4d,3D,2.0,2,True,5,72.234749,True,1.2e-05
003002.000025,4,1s.4d,3D,3.0,3,True,7,72.234831,True,1.2e-05
003002.000026,4,1s.4d,1D,2.0,2,True,5,72.236923,True,1.9e-05
003002.000027,4,1s.4f,3F*,2.0,2,True,5,72.238414,True,1.2e-05
003002.000028,4,1s.4f,3F*,3.0,3,True,7,72.238414,True,1.2e-05
003002.000029,4,1s.4f,3F*,4.0,4,True,9,72.238414,True,1.2e-05
003002.000030,4,1s.4f,1F*,3.0,3,True,7,72.238546,True,1.2e-05
003002.000031,4,1s.4p,1P*,1.0,1,True,3,72.26252,True,0.00015
003002.000032,4,1s.5s,3S,1.0,1,True,3,73.297399,True,1.2e-05
003002.000033,4,1s.5s,1S,0.0,0,True,1,73.397242,True,1.9e-05
003002.000034,4,1s.5p,3P*,0.0,0,True,1,73.415108,True,1.2e-05
003002.000035,4,1s.5p,3P*,1.0,1,True,3,73.415155,True,1.2e-05
003002.000036,4,1s.5p,3P*,2.0,2,True,5,73.415238,True,1.2e-05
003002.000037,4,1s.5d,3D,1.0,1,True,3,73.460988,True,2.5e-05
003002.000038,4,1s.5d,3D,2.0,2,True,5,73.461037,True,1.2e-05
003002.000039,4,1s.5d,3D,3.0,3,True,7,73.461119,True,1.2e-05
003002.000040,4,1s.5d,1D,2.0,2,True,5,73.462319,True,1.9e-05
003002.000041,4,1s.5f,3F*,2.0,2,True,5,73.463023,True,1.2e-05
003002.000042,4,1s.5f,3F*,3.0,3,True,7,73.463023,True,1.2e-05
003002.000043,4,1s.5f,3F*,4.0,4,True,9,73.463023,True,1.2e-05
003002.000044,4,1s.5f,1F*,3.0,3,True,7,73.463147,True,1.2e-05
003002.000138,4,1s.5g,1G,4.0,4,True,9,73.463317,True,2.5e-05
003002.000139,4,1s.5g,3G,3.0,3,True,7,73.463317,True,2.5e-05
003002.000140,4,1s.5g,3G,4.0,4,True,9,73.463317,True,2.5e-05
003002.000141,4,1s.5g,3G,5.0,5,True,11,73.463317,True,2.5e-05
003002.000045,4,1s.5p,1P*,1.0,1,True,3,73.4753,True,0.0003
003002.000046,4,1s.6s,3S,1.0,1,True,3,74.033578,True,1.2e-05
003002.000047,4,1s.6s,1S,0.0,0,True,1,74.090435,True,1.9e-05
003002.000048,4,1s.6p,3P*,0.0,0,True,1,74.10058,True,1.2e-05
003002.000049,4,1s.6p,3P*,1.0,1,True,3,74.100627,True,1.2e-05
003002.000050,4,1s.6p,3P*,2.0,2,True,5,74.10071,True,1.2e-05
003002.000052,4,1s.6d,3D,1.0,1,True,3,74.127013,True,2.5e-05
003002.000053,4,1s.6d,3D,2.0,2,True,5,74.127061,True,1.2e-05
003002.000054,4,1s.6d,3D,3.0,3,True,7,74.127143,True,1.2e-05
003002.000055,4,1s.6d,1D,2.0,2,True,5,74.127877,True,1.9e-05
003002.000056,4,1s.6f,3F*,2.0,2,True,5,74.128238,True,1.2e-05
003002.000057,4,1s.6f,3F*,3.0,3,True,7,74.128238,True,1.2e-05
003002.000058,4,1s.6f,3F*,4.0,4,True,9,74.128238,True,1.2e-05
003002.000059,4,1s.6f,1F*,3.0,3,True,7,74.128368,True,1.2e-05
003002.000142,4,1s.6g,1G,4.0,4,True,9,74.128445,True,2.5e-05
003002.000143,4,1s.6g,3G,3.0,3,True,7,74.128445,True,2.5e-05
003002.000144,4,1s.6g,3G,4.0,4,True,9,74.128445,True,2.5e-05
003002.000145,4,1s.6g,3G,5.0,5,True,11,74.128445,True,2.5e-05
003002.000158,4,1s.6h,1H*,5.0,5,True,11,74.128465,True,2.5e-05
003002.000159,4,1s.6h,3H*,4.0,4,True,9,74.128465,True,2.5e-05
003002.000160,4,1s.6h,3H*,5.0,5,True,11,74.128465,True,2.5e-05
003002.000161,4,1s.6h,3H*,6.0,6,True,13,74.128465,True,2.5e-05
003002.000051,4,1s.6p,1P*,1.0,1,True,3,74.1347,True,0.0006
003002.000060,4,1s.7s,3S,1.0,1,True,3,74.470245,True,1.2e-05
003002.000061,4,1s.7s,1S,0.0,0,True,1,74.50579,True,0.00025
003002.000110,4,1s.7p,3P*,0.0,0,True,1,74.511979,True,1.2e-05
003002.000111,4,1s.7p,3P*,1.0,1,True,3,74.512007,True,1.2e-05
003002.000112,4,1s.7p,3P*,2.0,2,True,5,74.51206,True,1.2e-05
003002.000063,4,1s.7d,3D,1.0,1,True,3,74.528537,True,2.5e-05
003002.000064,4,1s.7d,3D,2.0,2,True,5,74.528585,True,1.2e-05
003002.000065,4,1s.7d,3D,3.0,3,True,7,74.528667,True,1.2e-05
003002.000066,4,1s.7d,1D,2.0,2,True,5,74.529152,True,1.9e-05
003002.000067,4,1s.7f,3F*,2.0,2,True,5,74.529324,True,2.5e-05
003002.000068,4,1s.7f,3F*,3.0,3,True,7,74.529324,True,2.5e-05
003002.000069,4,1s.7f,3F*,4.0,4,True,9,74.529324,True,2.5e-05
003002.000070,4,1s.7f,1F*,3.0,3,True,7,74.529466,True,1.2e-05
003002.000146,4,1s.7g,1G,4.0,4,True,9,74.529497,True,2.5e-05
003002.000147,4,1s.7g,3G,3.0,3,True,7,74.529497,True,2.5e-05
003002.000148,4,1s.7g,3G,4.0,4,True,9,74.529497,True,2.5e-05
003002.000149,4,1s.7g,3G,5.0,5,True,11,74.529497,True,2.5e-05
003002.000162,4,1s.7h,1H*,5.0,5,True,11,74.52951,True,2.5e-05
003002.000163,4,1s.7h,3H*,4.0,4,True,9,74.52951,True,2.5e-05
003002.000164,4,1s.7h,3H*,5.0,5,True,11,74.52951,True,2.5e-05
003002.000165,4,1s.7h,3H*,6.0,6,True,13,74.52951,True,2.5e-05
003002.000174,4,1s.7i,1I,6.0,6,True,13,74.529513,True,2.5e-05
003002.000175,4,1s.7i,3I,5.0,5,True,11,74.529513,True,2.5e-05
003002.000176,4,1s.7i,3I,6.0,6,True,13,74.529513,True,2.5e-05
003002.000177,4,1s.7i,3I,7.0,7,True,15,74.529513,True,2.5e-05
003002.000062,4,1s.7p,1P*,1.0,1,True,3,74.535,True,0.003
003002.000071,4,1s.8s,3S,1.0,1,True,3,74.750335,True,1.2e-05
003002.000113,4,1s.8s,1S,0.0,0,True,1,74.773858,True,2.5e-05
003002.000114,4,1s.8p,3P*,0.0,0,True,1,74.778071,True,1.2e-05
003002.000115,4,1s.8p,3P*,1.0,1,True,3,74.778092,True,1.2e-05
003002.000116,4,1s.8p,3P*,2.0,2,True,5,74.778131,True,1.2e-05
003002.000072,4,1s.8d,3D,1.0,1,True,3,74.789122,True,2.5e-05
003002.000073,4,1s.8d,3D,2.0,2,True,5,74.78917,True,1.2e-05
003002.000074,4,1s.8d,3D,3.0,3,True,7,74.789252,True,1.2e-05
003002.000075,4,1s.8d,1D,2.0,2,True,5,74.789578,True,1.9e-05
003002.000076,4,1s.8f,3F*,2.0,2,True,5,74.789644,True,2.5e-05
003002.000077,4,1s.8f,3F*,3.0,3,True,7,74.789644,True,2.5e-05
003002.000078,4,1s.8f,3F*,4.0,4,True,9,74.789644,True,2.5e-05
003002.000079,4,1s.8f,1F*,3.0,3,True,7,74.78979,True,1.2e-05
003002.000150,4,1s.8g,1G,4.0,4,True,9,74.789794,True,2.5e-05
003002.000151,4,1s.8g,3G,3.0,3,True,7,74.789794,True,2.5e-05
003002.000152,4,1s.8g,3G,4.0,4,True,9,74.789794,True,2.5e-05
003002.000153,4,1s.8g,3G,5.0,5,True,11,74.789794,True,2.5e-05
003002.000166,4,1s.8h,1H*,5.0,5,True,11,74.789804,True,2.5e-05
003002.000167,4,1s.8h,3H*,4.0,4,True,9,74.789804,True,2.5e-05
003002.000168,4,1s.8h,3H*,5.0,5,True,11,74.789804,True,2.5e-05
003002.000169,4,1s.8h,3H*,6.0,6,True,13,74.789804,True,2.5e-05
003002.000178,4,1s.8i,1I,6.0,6,True,13,74.789806,True,2.5e-05
003002.000179,4,1s.8i,3I,5.0,5,True,11,74.789806,True,2.5e-05
003002.000180,4,1s.8i,3I,6.0,6,True,13,74.789806,True,2.5e-05
003002.000181,4,1s.8i,3I,7.0,7,True,15,74.789806,True,2.5e-05
003002.000117,4,1s.8p,1P*,1.0,1,True,3,74.79281,True,0.00012
003002.000118,4,1s.9s,3S,1.0,1,True,3,74.940674,True,1.2e-05
003002.000119,4,1s.9s,1S,0.0,0,True,1,74.957083,True,2.5e-05
003002.000120,4,1s.9p,3P*,0.0,0,True,1,74.960028,True,1.2e-05
003002.000121,4,1s.9p,3P*,1.0,1,True,3,74.960043,True,1.2e-05
003002.000122,4,1s.9p,3P*,2.0,2,True,5,74.960071,True,1.2e-05
003002.000131,4,1s.9d,3D,1.0,1,True,3,74.967796,True,2.5e-05
003002.000132,4,1s.9d,3D,2.0,2,True,5,74.967818,True,1.2e-05
003002.000133,4,1s.9d,3D,3.0,3,True,7,74.967858,True,1.2e-05
003002.000130,4,1s.9d,1D,2.0,2,True,5,74.968092,True,1.9e-05
003002.000080,4,1s.9f,3F*,2.0,2,True,5,74.968122,True,1.2e-05
003002.000081,4,1s.9f,3F*,3.0,3,True,7,74.968122,True,1.2e-05
003002.000082,4,1s.9f,3F*,4.0,4,True,9,74.968122,True,1.2e-05
003002.000154,4,1s.9g,1G,4.0,4,True,9,74.968253,True,2.5e-05
003002.000155,4,1s.9g,3G,3.0,3,True,7,74.968253,True,2.5e-05
003002.000156,4,1s.9g,3G,4.0,4,True,9,74.968253,True,2.5e-05
003002.000157,4,1s.9g,3G,5.0,5,True,11,74.968253,True,2.5e-05
003002.000170,4,1s.9h,1H*,5.0,5,True,11,74.968261,True,2.5e-05
003002.000171,4,1s.9h,3H*,4.0,4,True,9,74.968261,True,2.5e-05
003002.000172,4,1s.9h,3H*,5.0,5,True,11,74.968261,True,2.5e-05
003002.000173,4,1s.9h,3H*,6.0,6,True,13,74.968261,True,2.5e-05
003002.000083,4,1s.9f,1F*,3.0,3,True,7,74.968264,True,1.2e-05
003002.000123,4,1s.9p,1P*,1.0,1,True,3,74.97038,True,0.00012
003002.000124,4,1s.10s,3S,1.0,1,True,3,75.07587,True,1.2e-05
003002.000125,4,1s.10s,1S,0.0,0,True,1,75.087774,True,2.5e-05
003002.000126,4,1s.10p,3P*,0.0,0,True,1,75.089913,True,1.2e-05
003002.000127,4,1s.10p,3P*,1.0,1,True,3,75.089924,True,1.2e-05
003002.000128,4,1s.10p,3P*,2.0,2,True,5,75.089945,True,1.2e-05
003002.000135,4,1s.10d,3D,1.0,1,True,3,75.095566,True,2.5e-05
003002.000136,4,1s.10d,3D,2.0,2,True,5,75.095584,True,1.2e-05
003002.000137,4,1s.10d,3D,3.0,3,True,7,75.095615,True,1.2e-05
003002.000134,4,1s.10d,1D,2.0,2,True,5,75.095787,True,1.9e-05
003002.000084,4,1s.10f,3F*,2.0,2,True,5,75.095808,True,2.5e-05
003002.000085,4,1s.10f,3F*,3.0,3,True,7,75.095808,True,2.5e-05
003002.000086,4,1s.10f,3F*,4.0,4,True,9,75.095808,True,2.5e-05
003002.000087,4,1s.10f,1F*,3.0,3,True,7,75.095951,True,2.5e-05
003002.000129,4,1s.10p,1P*,1.0,1,True,3,75.09745,True,0.00012
003002.000182,4,1s.11p,1P*,1.0,1,True,3,75.19152,True,0.00012
003002.000183,4,1s.12p,1P*,1.0,1,True,3,75.26308,True,0.00012
003002.000184,4,1s.13p,1P*,1.0,1,True,3,75.3188,True,0.00012
003002.000185,4,1s.14p,1P*,1.0,1,True,3,75.36301,True,0.00012
003002.Lim001,4,Li III (1s 2S<1/2>),Limit,,---,False,,75.640097,False,1.2e-06
003002.000089,4,2p2,3P,0.0,0,True,1,149.52,False,0.25
003002.000090,4,2p2,3P,1.0,1,True,3,149.52,False,0.25
003002.000091,4,2p2,3P,2.0,2,True,5,149.52,False,0.25
003002.000093,4,2s.2p,1P*,1.0,1,True,3,150.29,False,0.05
003002.000094,4,2p.3p,3D,1.0,1,True,3,160.1,False,0.6
003002.000095,4,2p.3p,3D,2.0,2,True,5,160.1,False,0.6
003002.000096,4,2p.3p,3D,3.0,3,True,7,160.1,False,0.6
003002.000097,4,2p.3p,3P,1.0,1,True,3,160.2,False,0.6
003002.000098,4,2p.3p,3P,0.0,0,True,1,160.2,False,0.6
003002.000099,4,2p.3p,3P,2.0,2,True,5,160.2,False,0.6
003002.000100,4,2p.3d,3D*,1.0,1,True,3,160.4,False,0.4
003002.000101,4,2p.3d,3D*,2.0,2,True,5,160.4,False,0.4
003002.000102,4,2p.3d,3D*,3.0,3,True,7,160.4,False,0.4
003002.000107,4,2s.3p,1P*,1.0,1,True,3,161.06,False,0.1
003002.000109,4,2s.4p,1P*,1.0,1,True,3,163.91,False,0.11
004001.000001,5,1s2.2s2,1S,0.0,0,True,1,0.0,False,0.0
004001.000002,5,1s2.2s.2p,3P*,0.0,0,True,1,2.724963,False,1e-05
004001.000003,5,1s2.2s.2p,3P*,1.0,1,True,3,2.7250394,False,1.2e-06
004001.000004,5,1s2.2s.2p,3P*,2.0,2,True,5,2.725329,False,9e-06
004001.000005,5,1s2.2s.2p,1P*,1.0,1,True,3,5.27744322,False,1.2e-07
004001.000006,5,1s2.2s.3s,3S,1.0,1,True,3,6.457214,False,7e-06
004001.000007,5,1s2.2s.3s,1S,0.0,0,True,1,6.779127,False,3e-06
004001.000008,5,1s2.2p2,1D,2.0,2,True,5,7.052537,False,3e-06
004001.000009,5,1s2.2s.3p,3P*,0.0,0,True,1,7.303596,False,7e-06
004001.000010,5,1s2.2s.3p,3P*,1.0,1,True,3,7.303596,False,7e-06
004001.000011,5,1s2.2s.3p,3P*,2.0,2,True,5,7.303641,False,7e-06
004001.000012,5,1s2.2p2,3P,0.0,0,True,1,7.401063,False,1e-05
004001.000013,5,1s2.2p2,3P,1.0,1,True,3,7.401235,False,7e-06
004001.000014,5,1s2.2p2,3P,2.0,2,True,5,7.401482,False,9e-06
004001.000015,5,1s2.2s.3p,1P*,1.0,1,True,3,7.4622919,False,3e-06
004001.000016,5,1s2.2s.3d,3D,1.0,1,True,3,7.693683,False,7e-06
004001.000017,5,1s2.2s.3d,3D,2.0,2,True,5,7.693683,False,7e-06
004001.000018,5,1s2.2s.3d,3D,3.0,3,True,7,7.693683,False,7e-06
004001.000019,5,1s2.2s.3d,1D,2.0,2,True,5,7.98810393,False,6e-08
004001.000020,5,1s2.2s.4s,3S,1.0,1,True,3,7.997785,False,7e-06
004001.000021,5,1s2.2s.4s,1S,0.0,0,True,1,8.089403,False,3e-06
004001.000022,5,1s2.2s.4p,3P*,0.0,0,True,1,8.283619,False,1.7e-05
004001.000023,5,1s2.2s.4p,3P*,1.0,1,True,3,8.283619,False,1.1e-05
004001.000024,5,1s2.2s.4p,3P*,2.0,2,True,5,8.283619,False,1e-05
004001.000025,5,1s2.2s.4p,1P*,1.0,1,True,3,8.311256,False,4e-06
004001.000026,5,1s2.2s.4d,3D,1.0,1,True,3,8.423689,False,1e-05
004001.000027,5,1s2.2s.4d,3D,2.0,2,True,5,8.423691,False,9e-06
004001.000028,5,1s2.2s.4d,3D,3.0,3,True,7,8.423695,False,9e-06
004001.000031,5,1s2.2s.4f,3F*,4.0,4,True,9,8.46081,False,4e-05
004001.000029,5,1s2.2s.4f,3F*,2.0,2,True,5,8.460811,False,7e-06
004001.000030,5,1s2.2s.4f,3F*,3.0,3,True,7,8.460811,False,7e-06
004001.000032,5,1s2.2s.4f,1F*,3.0,3,True,7,8.460843,False,4e-06
004001.000033,5,1s2.2s.4d,1D,2.0,2,True,5,8.527752,False,9e-06
004001.000034,5,1s2.2s.5s,3S,1.0,1,True,3,8.556172,False,7e-06
004001.000035,5,1s2.2s.5s,1S,0.0,0,True,1,8.59487,False,9e-06
004001.000036,5,1s2.2s.5p,3P*,0.0,0,True,1,8.687002,True,1.2e-05
004001.000037,5,1s2.2s.5p,3P*,1.0,1,True,3,8.687002,True,1.7e-05
004001.000038,5,1s2.2s.5p,3P*,2.0,2,True,5,8.687002,True,1.7e-05
004001.000039,5,1s2.2s.5p,1P*,1.0,1,True,3,8.693845,False,4e-06
004001.000042,5,1s2.2s.5d,3D,3.0,3,True,7,8.753747,False,7e-06
004001.000040,5,1s2.2s.5d,3D,1.0,1,True,3,8.753751,False,9e-06
004001.000041,5,1s2.2s.5d,3D,2.0,2,True,5,8.753751,False,7e-06
004001.000045,5,1s2.2s.5f,3F*,4.0,4,True,9,8.77184,False,0.00014
004001.000043,5,1s2.2s.5f,3F*,2.0,2,True,5,8.77185,False,7e-06
004001.000044,5,1s2.2s.5f,3F*,3.0,3,True,7,8.77185,False,7e-06
004001.000046,5,1s2.2s.5f,1F*,3.0,3,True,7,8.771885,False,5e-06
004001.000047,5,1s2.2s.5d,1D,2.0,2,True,5,8.803176,False,4e-06
004001.000048,5,1s2.2s.6s,3S,1.0,1,True,3,8.822779,False,7e-06
004001.000049,5,1s2.2s.6s,1S,0.0,0,True,1,8.842708,False,1e-05
004001.000050,5,1s2.2s.6p,3P*,0.0,0,True,1,8.893466,False,1e-05
004001.000051,5,1s2.2s.6p,3P*,1.0,1,True,3,8.893468,False,7e-06
004001.000052,5,1s2.2s.6p,3P*,2.0,2,True,5,8.893468,False,7e-06
004001.000053,5,1s2.2s.6p,1P*,1.0,1,True,3,8.895391,False,7e-06
004001.000054,5,1s2.2s.6d,3D,1.0,1,True,3,8.930519,False,1e-05
004001.000055,5,1s2.2s.6d,3D,2.0,2,True,5,8.93052,False,9e-06
004001.000056,5,1s2.2s.6d,3D,3.0,3,True,7,8.930521,False,9e-06
004001.000057,5,1s2.2s.6f,3F*,2.0,2,True,5,8.940695,False,7e-06
004001.000058,5,1s2.2s.6f,3F*,3.0,3,True,7,8.940695,False,7e-06
004001.000059,5,1s2.2s.6f,3F*,4.0,4,True,9,8.9407,False,0.00012
004001.000060,5,1s2.2s.6f,1F*,3.0,3,True,7,8.940718,False,6e-06
004001.000061,5,1s2.2s.6d,1D,2.0,2,True,5,8.95801,False,1.2e-05
004001.000062,5,1s2.2s.7s,3S,1.0,1,True,3,8.97084,False,0.00019
004001.000063,5,1s2.2s.7s,1S,0.0,0,True,1,8.982454,False,2.2e-05
004001.000064,5,1s2.2s.7p,3P*,0.0,0,True,1,9.01332,False,1e-05
004001.000065,5,1s2.2s.7p,3P*,1.0,1,True,3,9.013321,False,9e-06
004001.000066,5,1s2.2s.7p,3P*,2.0,2,True,5,9.013321,False,7e-06
004001.000067,5,1s2.2s.7p,1P*,1.0,1,True,3,9.01387,True,6e-05
004001.000070,5,1s2.2s.7d,3D,3.0,3,True,7,9.036082,False,1.5e-05
004001.000069,5,1s2.2s.7d,3D,2.0,2,True,5,9.036094,False,1.6e-05
004001.000068,5,1s2.2s.7d,3D,1.0,1,True,3,9.036096,False,2e-05
004001.000073,5,1s2.2s.7f,3F*,4.0,4,True,9,9.04237,False,0.0001
004001.000071,5,1s2.2s.7f,3F*,2.0,2,True,5,9.042367,False,9e-06
004001.000072,5,1s2.2s.7f,3F*,3.0,3,True,7,9.042368,False,7e-06
004001.000074,5,1s2.2s.7f,1F*,3.0,3,True,7,9.042387,False,7e-06
004001.000075,5,1s2.2s.7d,1D,2.0,2,True,5,9.053022,False,9e-06
004001.000076,5,1s2.2s.8s,3S,1.0,1,True,3,9.06181,False,0.00019
004001.000077,5,1s2.2s.8s,1S,0.0,0,True,1,9.069031,False,2.4e-05
004001.000080,5,1s2.2s.8p,3P*,2.0,2,True,5,9.089176,False,7e-06
004001.000079,5,1s2.2s.8p,3P*,1.0,1,True,3,9.089177,False,9e-06
004001.000078,5,1s2.2s.8p,3P*,0.0,0,True,1,9.089179,False,1.1e-05
004001.000081,5,1s2.2s.8p,1P*,1.0,1,True,3,9.08924,True,6e-05
004001.000084,5,1s2.2s.8d,3D,3.0,3,True,7,9.104078,False,1.6e-05
004001.000083,5,1s2.2s.8d,3D,2.0,2,True,5,9.104088,False,1.7e-05
004001.000082,5,1s2.2s.8d,3D,1.0,1,True,3,9.104089,False,2.1e-05
004001.000085,5,1s2.2s.8d,1D,2.0,2,True,5,9.115308,False,1.1e-05
004001.000086,5,1s2.2s.9s,1S,0.0,0,True,1,9.1263,False,4e-05
004001.000087,5,1s2.2s.9p,1P*,1.0,1,True,3,9.14004,True,6e-05
004001.000088,5,1s2.2s.9d,3D,1.0,1,True,3,9.1502,False,0.0004
004001.000089,5,1s2.2s.9d,3D,2.0,2,True,5,9.1503,False,0.0003
004001.000090,5,1s2.2s.9d,3D,3.0,3,True,7,9.15048,False,0.00025
004001.000091,5,1s2.2s.9d,1D,2.0,2,True,5,9.158335,False,1.2e-05
004001.000092,5,1s2.2s.10s,1S,0.0,0,True,1,9.16621,False,4e-05
004001.000093,5,1s2.2s.10p,1P*,1.0,1,True,3,9.17597,True,6e-05
004001.000094,5,1s2.2s.10d,3D,1.0,1,True,3,9.1834,False,0.0003
004001.000095,5,1s2.2s.10d,3D,2.0,2,True,5,9.18351,False,0.00025
004001.000096,5,1s2.2s.10d,3D,3.0,3,True,7,9.1836,False,0.0004
004001.000097,5,1s2.2s.10d,1D,2.0,2,True,5,9.18921,False,2.5e-05
004001.000098,5,1s2.2s.11s,1S,0.0,0,True,1,9.1951,False,4e-05
004001.000099,5,1s2.2s.11p,1P*,1.0,1,True,3,9.20224,True,6e-05
004001.000100,5,1s2.2s.11d,3D,1.0,1,True,3,9.208,False,0.0003
004001.000101,5,1s2.2s.11d,3D,2.0,2,True,5,9.20806,False,0.00025
004001.000102,5,1s2.2s.11d,3D,3.0,3,True,7,9.2082,False,0.0004
004001.000103,5,1s2.2s.11d,1D,2.0,2,True,5,9.21221,False,4e-05
004001.000104,5,1s2.2s.12p,1P*,1.0,1,True,3,9.22203,True,6e-05
004001.000105,5,1s2.2s.12d,3D,1.0,1,True,3,9.2262,False,0.0003
004001.000106,5,1s2.2s.12d,3D,2.0,2,True,5,9.22628,False,0.00025
004001.000107,5,1s2.2s.12d,3D,3.0,3,True,7,9.2264,False,0.0004
004001.000108,5,1s2.2s.12d,1D,2.0,2,True,5,9.22981,False,4e-05
004001.000109,5,1s2.2s.13p,1P*,1.0,1,True,3,9.23733,True,6e-05
004001.Lim001,5,Be II (2s 2S<1/2>),Limit,,---,False,,9.322699,False,7e-06
004001.000111,5,1s2.2p2,1S,0.0,0,True,1,9.4464,False,0.0007
004001.000112,5,1s2.2p.3s,3P*,0.0,0,True,1,10.607337,False,1.4e-05
004001.000113,5,1s2.2p.3s,3P*,1.0,1,True,3,10.607596,False,9e-06
004001.000114,5,1s2.2p.3s,3P*,2.0,2,True,5,10.608089,False,9e-06
004001.000115,5,1s2.2p.3s,1P*,1.0,1,True,3,10.94,False,0.1
004001.000116,5,1s2.2p.3p,1P,1.0,1,True,3,11.049619,False,6e-06
004001.000117,5,1s2.2p.3p,3P,0.0,0,True,1,11.408382,False,1.5e-05
004001.000118,5,1s2.2p.3p,3P,1.0,1,True,3,11.408528,False,1.2e-05
004001.000119,5,1s2.2p.3p,3P,2.0,2,True,5,11.408789,False,1.5e-05
004001.000120,5,1s2.2p.3d,1D*,2.0,2,True,5,11.579391,False,9e-06
004001.000121,5,1s2.2p.3d,3D*,1.0,1,True,3,11.677889,False,1.1e-05
004001.000122,5,1s2.2p.3d,3D*,2.0,2,True,5,11.677977,False,1.1e-05
004001.000123,5,1s2.2p.3d,3D*,3.0,3,True,7,11.678116,False,1.2e-05
004001.000124,5,1s2.2p.3d,1P*,1.0,1,True,3,11.8583,False,0.0006
004001.000125,5,1s2.2p.4s,1P*,1.0,1,True,3,12.1,False,0.06
004001.000126,5,1s2.2p.4p,1P,1.0,1,True,3,12.174265,False,1.1e-05
004001.000127,5,1s2.2p.4p,3P,0.0,0,True,1,12.29472,False,3e-05
004001.000128,5,1s2.2p.4p,3P,1.0,1,True,3,12.29486,False,3e-05
004001.000129,5,1s2.2p.4p,3P,2.0,2,True,5,12.29511,False,3e-05
004001.000130,5,1s2.2p.4d,1D*,2.0,2,True,5,12.35732,False,0.00011
004001.000131,5,1s2.2p.4d,3D*,1.0,1,True,3,12.39635,False,3e-05
004001.000132,5,1s2.2p.4d,3D*,2.0,2,True,5,12.396432,False,2.5e-05
004001.000133,5,1s2.2p.4d,3D*,3.0,3,True,7,12.3966,False,3e-05
004001.000134,5,1s2.2p.4f,1F,3.0,3,True,7,12.40989,False,3e-05
004001.000135,5,1s2.2p.4f,3F,3.0,3,True,7,12.427,False,3e-05
004001.000136,5,1s2.2p.4f,3F,4.0,4,True,9,12.42716,False,4e-05
004001.000137,5,1s2.2p.4d,1P*,1.0,1,True,3,12.4688,True,0.0006
004001.000138,5,1s2.2p.5s,1P*,1.0,1,True,3,12.572,False,0.012
004001.000139,5,1s2.2p.5p,1P,1.0,1,True,3,12.615308,False,2.5e-05
004001.000140,5,1s2.2p.5p,3P,0.0,0,True,1,12.67066,False,4e-05
004001.000141,5,1s2.2p.5p,3P,1.0,1,True,3,12.67089,False,3e-05
004001.000142,5,1s2.2p.5p,3P,2.0,2,True,5,12.67111,False,3e-05
004001.000143,5,1s2.2p.5d,1D*,2.0,2,True,5,12.70119,False,5e-05
004001.000144,5,1s2.2p.5d,3D*,,,,15,12.72031,False,0.00015
004001.000145,5,1s2.2p.5f,1F,3.0,3,True,7,12.72588,False,3e-05
004001.000146,5,1s2.2p.5d,1P*,1.0,1,True,3,12.7569,False,0.0006
004001.000147,5,1s2.2p.6s,1P*,1.0,1,True,3,12.811,False,0.014
004001.000148,5,1s2.2p.6p,1P,1.0,1,True,3,12.83598,False,3e-05
004001.000149,5,1s2.2p.6d,1P*,1.0,1,True,3,12.9168,False,0.0006
004001.000150,5,1s2.2p.7s,1P*,1.0,1,True,3,12.945,False,0.014
004001.000151,5,1s2.2p.7d,1P*,1.0,1,True,3,13.0133,False,0.0006
004001.000152,5,1s2.2p.8s,1P*,1.0,1,True,3,13.029,False,0.014
004001.000153,5,1s2.2p.8d,1P*,1.0,1,True,3,13.0764,False,0.0006
004001.000154,5,1s2.2p.9s,1P*,1.0,1,True,3,13.083,False,0.014
004001.000155,5,1s2.2p.9d,1P*,1.0,1,True,3,13.1186,False,0.0006
004001.000156,5,1s2.2p.10s,1P*,1.0,1,True,3,13.121,False,0.014
004001.000157,5,1s2.2p.10d,1P*,1.0,1,True,3,13.1494,False,0.0006
004001.000158,5,1s2.2p.11s,1P*,1.0,1,True,3,13.152,False,0.014
004001.000159,5,1s2.2p.12s,1P*,1.0,1,True,3,13.17,False,0.014
004001.000160,5,1s2.2p.11d,1P*,1.0,1,True,3,13.1728,False,0.0006
004001.000161,5,1s2.2p.13s,1P*,1.0,1,True,3,13.188,False,0.014
004001.000162,5,1s2.2p.12d,1P*,1.0,1,True,3,13.1899,False,0.0006
004001.000163,5,1s2.2p.13d,1P*,1.0,1,True,3,13.2032,False,0.0006
004001.000164,5,1s2.2p.14d,1P*,1.0,1,True,3,13.214,False,0.0006
004001.000165,5,1s2.2p.15d,1P*,1.0,1,True,3,13.2228,False,0.0006
004001.000166,5,1s2.2p.16d,1P*,1.0,1,True,3,13.2301,False,0.0006
004001.Lim002,5,Be II (2p 2P*<1/2>),Limit,,---,False,,13.281358,False,7e-06
004001.Lim003,5,Be II (2p 2P*<3/2>),Limit,,---,False,,13.282174,False,7e-06
004001.000169,5,1s2.3s.3p,1P*,1.0,1,True,3,17.684,False,0.012
004001.000170,5,1s2.3s.4p,1P*,1.0,1,True,3,18.834,False,0.015
004001.000171,5,1s2.3s.7p?,1P*?,1.0,1,True,3,19.797,False,0.016
004001.000172,5,1s2.3s.8p?,1P*?,1.0,1,True,3,19.914,False,0.016
004001.000173,5,1s2.3s.9p?,1P*?,1.0,1,True,3,19.994,False,0.016
004001.000174,5,1s2.3s.10p?,1P*?,1.0,1,True,3,20.046,False,0.016
004001.Lim004,5,Be II (3s 2S<1/2>),Limit,,---,False,,20.26207,False,4e-05
004001.000178,5,1s.2s2.2p,3P*,2.0,2,True,5,114.3,False,0.1
004001.000177,5,1s.2s2.2p,3P*,1.0,1,True,3,114.3,False,0.1
004001.000176,5,1s.2s2.2p,3P*,0.0,0,True,1,114.3,False,0.1
004001.000179,5,1s.2s2.2p,1P*,1.0,1,True,3,115.47,False,0.05
004001.000182,5,1s.(2S).2s.2p2.(4P),5P,3.0,3,True,7,115.53,False,0.04
004001.000181,5,1s.(2S).2s.2p2.(4P),5P,2.0,2,True,5,115.53,False,0.04
004001.000180,5,1s.(2S).2s.2p2.(4P),5P,1.0,1,True,3,115.53,False,0.04
004001.000185,5,1s.(2S).2s.2p2.(4P),3P,2.0,2,True,5,118.16,False,0.1
004001.000184,5,1s.(2S).2s.2p2.(4P),3P,1.0,1,True,3,118.16,False,0.1
004001.000183,5,1s.(2S).2s.2p2.(4P),3P,0.0,0,True,1,118.16,False,0.1
004001.000188,5,1s.(2S).2s.2p2.(2D),3D,3.0,3,True,7,118.32,False,0.14
004001.000187,5,1s.(2S).2s.2p2.(2D),3D,2.0,2,True,5,118.32,False,0.1
004001.000186,5,1s.(2S).2s.2p2.(2D),3D,1.0,1,True,3,118.32,False,0.07
004001.000189,5,1s.(2S).2s.2p2.(2S),3S,1.0,1,True,3,119.913,False,0.022
004001.000192,5,1s.(2S).2s.2p2.(2P),3P,2.0,2,True,5,121.18,False,0.04
004001.000191,5,1s.(2S).2s.2p2.(2P),3P,1.0,1,True,3,121.18,False,0.04
004001.000190,5,1s.(2S).2s.2p2.(2P),3P,0.0,0,True,1,121.18,False,0.05
004001.000193,5,1s.2s2.3p,1P*,1.0,1,True,3,121.398,False,0.024
004001.000194,5,1s.(2S).2p3.(4S*),5S*,2.0,2,True,5,122.02,False,0.04
004001.000195,5,1s.(2S).2s.2p2.(2P),1P,1.0,1,True,3,122.24,False,0.2
004001.000196,5,1s.2s2.4p?,1P*?,1.0,1,True,3,122.514,False,0.025
004001.000197,5,1s.2s2.5p?,1P*?,1.0,1,True,3,122.93,False,0.06
004001.000200,5,1s.(2S).2s.2p.(3P*).3p,5P,3.0,3,True,7,122.95,False,0.04
004001.000199,5,1s.(2S).2s.2p.(3P*).3p,5P,2.0,2,True,5,122.95,False,0.04
004001.000198,5,1s.(2S).2s.2p.(3P*).3p,5P,1.0,1,True,3,122.95,False,0.04
004001.Lim005,5,Be II (1s.2s2 2S<1/2>),Limit,,---,False,,123.64,False,0.1
004001.000204,5,1s.(2S).2s.2p.(3P*).4p,5P,3.0,3,True,7,124.07,False,0.04
004001.000203,5,1s.(2S).2s.2p.(3P*).4p,5P,2.0,2,True,5,124.07,False,0.04
004001.000202,5,1s.(2S).2s.2p.(3P*).4p,5P,1.0,1,True,3,124.07,False,0.04
004001.000205,5,1s.(2S).2s.2p.(3P*).3s,1P*,1.0,1,True,3,125.15,False,0.12
004001.000206,5,1s.(2S).2s.2p.(3P*).3d?,1P*?,1.0,1,True,3,125.67,False,0.06
004001.000207,5,1s.(2S).2s.2p.(3P*).4d?,1P*?,1.0,1,True,3,126.55,False,0.06
004001.000208,5,1s.(2S).2s.2p.(3P*).4s?,1P*?,1.0,1,True,3,126.7,False,0.06
004001.000209,5,1s.(2S).2s.2p.(1P*).3s,1P*,1.0,1,True,3,127.24,False,0.06
004001.000210,5,1s.(2S).2s.2p.(1P*).3d?,1P*?,1.0,1,True,3,127.51,False,0.06
004001.Lim006,5,Be II (1s.(2S).2s.2p.(3P*) 2P*),Limit,,---,False,,128.071,False,0.012
004001.000212,5,1s.(2S).2p2.(3P).3p,5S*,2.0,2,True,5,128.4,False,0.04
004001.000213,5,1s.(2S).2s.2p.(1P*).4s,1P*,1.0,1,True,3,128.76,False,0.06
004001.000214,5,1s.(2S).2p2.(3P).4p,5S*,2.0,2,True,5,129.45,False,0.04
004001.Lim007,5,Be II (1s.(2S).2s.2p.(1P*) 2P*),Limit,,---,False,,130.31,False,0.04
004001.000216,5,1s.2s.(3S).3s.3p.(3P*)?,1P*?,1.0,1,True,3,134.47,False,0.05
004001.000217,5,1s.2s.(3S).3s.4p.(3P*)?,1P*?,1.0,1,True,3,136.74,False,0.07
004001.000218,5,1s.2s.(1S).3s.3p.(1P*)?,1P*?,1.0,1,True,3,137.4,False,0.05
004001.000219,5,1s.2s.(1S).3s.4p.(1P*)?,1P*?,1.0,1,True,3,139.06,False,0.07
004002.000001,6,1s2.2s,2S,0.5,1/2,True,2,0.0,False,4e-05
004002.000002,6,1s2.2p,2P*,0.5,1/2,True,2,3.95866,False,4e-05
004002.000003,6,1s2.2p,2P*,1.5,3/2,True,4,3.959475,False,4e-05
004002.000004,6,1s2.3s,2S,0.5,1/2,True,2,10.9393633,False,0.0
004002.000005,6,1s2.3p,2P*,0.5,1/2,True,2,11.9638999,False,1.7e-06
004002.000006,6,1s2.3p,2P*,1.5,3/2,True,4,11.9641389,False,1.7e-06
004002.000007,6,1s2.3d,2D,1.5,3/2,True,4,12.157217,False,1.2e-05
004002.000008,6,1s2.3d,2D,2.5,5/2,True,6,12.157283,False,1.2e-05
004002.000009,6,1s2.4s,2S,0.5,1/2,True,2,14.315766,False,9e-06
004002.000010,6,1s2.4p,2P*,0.5,1/2,True,2,14.724427,False,1.1e-05
004002.000011,6,1s2.4p,2P*,1.5,3/2,True,4,14.724527,False,1.1e-05
004002.000012,6,1s2.4d,2D,1.5,3/2,True,4,14.806342,False,7e-06
004002.000013,6,1s2.4d,2D,2.5,5/2,True,6,14.806372,False,7e-06
004002.000014,6,1s2.4f,2F*,2.5,5/2,True,6,14.80949,False,1.5e-05
004002.000015,6,1s2.4f,2F*,3.5,7/2,True,8,14.809506,False,1.5e-05
004002.000016,6,1s2.5s,2S,0.5,1/2,True,2,15.787543,False,1.1e-05
004002.000017,6,1s2.5p,2P*,0.5,1/2,True,2,15.990443,False,1e-05
004002.000018,6,1s2.5p,2P*,1.5,3/2,True,4,15.990496,False,1e-05
004002.000019,6,1s2.5d,2D,1.5,3/2,True,4,16.032413,False,1.1e-05
004002.000020,6,1s2.5d,2D,2.5,5/2,True,6,16.032428,False,1.1e-05
004002.000021,6,1s2.5f,2F*,2.5,5/2,True,6,16.034114,False,7e-06
004002.000022,6,1s2.5f,2F*,3.5,7/2,True,8,16.034123,False,7e-06
004002.000024,6,1s2.5g,2G,4.5,9/2,True,10,16.034313,False,1.7e-05
004002.000023,6,1s2.5g,2G,3.5,7/2,True,8,16.034313,False,1.7e-05
004002.000025,6,1s2.6s,2S,0.5,1/2,True,2,16.558888,False,1.2e-05
004002.000026,6,1s2.6p,2P*,0.5,1/2,True,2,16.674061,False,1.5e-05
004002.000027,6,1s2.6p,2P*,1.5,3/2,True,4,16.674091,False,1.5e-05
004002.000029,6,1s2.6d,2D,2.5,5/2,True,6,16.698334,False,1.2e-05
004002.000028,6,1s2.6d,2D,1.5,3/2,True,4,16.698334,False,1.2e-05
004002.000030,6,1s2.6f,2F*,2.5,5/2,True,6,16.699332,False,1.5e-05
004002.000031,6,1s2.6f,2F*,3.5,7/2,True,8,16.699336,False,1.5e-05
004002.000033,6,1s2.6g,2G,4.5,9/2,True,10,16.699452,False,2.5e-05
004002.000032,6,1s2.6g,2G,3.5,7/2,True,8,16.699452,False,2.5e-05
004002.000035,6,1s2.6h,2H*,5.5,11/2,True,12,16.699487,True,1.5e-05
004002.000034,6,1s2.6h,2H*,4.5,9/2,True,10,16.699487,True,1.5e-05
004002.000036,6,1s2.7s,2S,0.5,1/2,True,2,17.01296,True,1.5e-05
004002.000037,6,1s2.7p,2P*,0.5,1/2,True,2,17.084523,True,1.5e-05
004002.000038,6,1s2.7p,2P*,1.5,3/2,True,4,17.084541,True,1.5e-05
004002.000040,6,1s2.7d,2D,2.5,5/2,True,6,17.099798,False,1.1e-05
004002.000039,6,1s2.7d,2D,1.5,3/2,True,4,17.099798,False,1.1e-05
004002.000042,6,1s2.7f,2F*,3.5,7/2,True,8,17.100435,False,2.5e-05
004002.000041,6,1s2.7f,2F*,2.5,5/2,True,6,17.100435,False,2.5e-05
004002.000044,6,1s2.7g,2G,4.5,9/2,True,10,17.100534,False,2.5e-05
004002.000043,6,1s2.7g,2G,3.5,7/2,True,8,17.100534,False,2.5e-05
004002.000046,6,1s2.7h,2H*,5.5,11/2,True,12,17.100537,False,2.5e-05
004002.000045,6,1s2.7h,2H*,4.5,9/2,True,10,17.100537,False,2.5e-05
004002.000047,6,1s2.8s,2S,0.5,1/2,True,2,17.302635,True,1.5e-05
004002.000048,6,1s2.8p,2P*,0.5,1/2,True,2,17.350111,True,2.5e-05
004002.000049,6,1s2.8p,2P*,1.5,3/2,True,4,17.350123,True,2.5e-05
004002.000051,6,1s2.8d,2D,2.5,5/2,True,6,17.360339,True,1e-05
004002.000050,6,1s2.8d,2D,1.5,3/2,True,4,17.360339,True,1e-05
004002.000053,6,1s2.8f,2F*,3.5,7/2,True,8,17.360778,True,1e-05
004002.000052,6,1s2.8f,2F*,2.5,5/2,True,6,17.360778,True,1e-05
004002.000055,6,1s2.8g,2G,4.5,9/2,True,10,17.36084,False,4e-05
004002.000054,6,1s2.8g,2G,3.5,7/2,True,8,17.36084,False,4e-05
004002.000057,6,1s2.8h,2H*,5.5,11/2,True,12,17.36085,False,2.5e-05
004002.000056,6,1s2.8h,2H*,4.5,9/2,True,10,17.36085,False,2.5e-05
004002.000058,6,1s2.9s,2S,0.5,1/2,True,2,17.498671,True,1.5e-05
004002.000059,6,1s2.9p,2P*,0.5,1/2,True,2,17.531767,True,1.5e-05
004002.000060,6,1s2.9p,2P*,1.5,3/2,True,4,17.531776,True,1.5e-05
004002.000062,6,1s2.9d,2D,2.5,5/2,True,6,17.538947,True,1e-05
004002.000061,6,1s2.9d,2D,1.5,3/2,True,4,17.538947,True,1e-05
004002.000064,6,1s2.9f,2F*,3.5,7/2,True,8,17.539257,True,1e-05
004002.000063,6,1s2.9f,2F*,2.5,5/2,True,6,17.539257,True,1e-05
004002.000066,6,1s2.9g,2G,4.5,9/2,True,10,17.539294,True,1e-05
004002.000065,6,1s2.9g,2G,3.5,7/2,True,8,17.539294,True,1e-05
004002.000068,6,1s2.9h,2H*,5.5,11/2,True,12,17.539303,True,1.5e-05
004002.000067,6,1s2.9h,2H*,4.5,9/2,True,10,17.539303,True,1.5e-05
004002.000069,6,1s2.10s,2S,0.5,1/2,True,2,17.637476,True,1.5e-05
004002.000070,6,1s2.10p,2P*,0.5,1/2,True,2,17.661462,True,1.5e-05
004002.000071,6,1s2.10p,2P*,1.5,3/2,True,4,17.661468,True,1.5e-05
004002.000073,6,1s2.10f,2F*,3.5,7/2,True,8,17.666921,True,7e-06
004002.000072,6,1s2.10f,2F*,2.5,5/2,True,6,17.666921,True,7e-06
004002.000075,6,1s2.10g,2G,4.5,9/2,True,10,17.666949,True,1.5e-05
004002.000074,6,1s2.10g,2G,3.5,7/2,True,8,17.666949,True,1.5e-05
004002.000077,6,1s2.10h,2H*,5.5,11/2,True,12,17.666955,True,1.5e-05
004002.000076,6,1s2.10h,2H*,4.5,9/2,True,10,17.666955,True,1.5e-05
004002.Lim001,6,Be III (1s2 1S<0>),Limit,,---,False,,18.21115,False,4e-05
004002.000079,6,1s.2s2,2S,0.5,1/2,True,2,114.31,False,0.1
004002.000082,6,1s.2s.2p,4P*,2.5,5/2,True,6,115.8748,False,0.004
004002.000081,6,1s.2s.2p,4P*,1.5,3/2,True,4,115.8748,False,0.004
004002.000080,6,1s.2s.2p,4P*,0.5,1/2,True,2,115.8748,False,0.004
004002.000084,6,1s.(2S).2s.2p.(3P*),2P*,1.5,3/2,True,4,118.748,False,0.012
004002.000083,6,1s.(2S).2s.2p.(3P*),2P*,0.5,1/2,True,2,118.748,False,0.012
004002.000086,6,1s.(2S).2s.2p.(1P*),2P*,1.5,3/2,True,4,120.98,False,0.04
004002.000085,6,1s.(2S).2s.2p.(1P*),2P*,0.5,1/2,True,2,120.98,False,0.04
004002.000089,6,1s.2p2,4P,2.5,5/2,True,6,121.2067,False,0.004
004002.000088,6,1s.2p2,4P,1.5,3/2,True,4,121.2067,False,0.004
004002.000087,6,1s.2p2,4P,0.5,1/2,True,2,121.2067,False,0.004
004002.000091,6,1s.2p2,2D,2.5,5/2,True,6,122.418,False,0.012
004002.000090,6,1s.2p2,2D,1.5,3/2,True,4,122.418,False,0.012
004002.000093,6,1s.2p2,2P,1.5,3/2,True,4,123.13,False,0.012
004002.000092,6,1s.2p2,2P,0.5,1/2,True,2,123.13,False,0.012
004002.000094,6,1s.2p2,2S,0.5,1/2,True,2,125.81,False,0.05
004002.000095,6,1s.2s.3s,4S,1.5,3/2,True,4,128.0327,False,0.0009
004002.000096,6,1s.2s.(3S).3s,2S,0.5,1/2,True,2,128.82,False,0.2
004002.000098,6,1s.2s.3p,4P*,1.5,3/2,True,4,129.399,False,0.004
004002.000099,6,1s.2s.3p,4P*,2.5,5/2,True,6,129.399,False,0.004
004002.000097,6,1s.2s.3p,4P*,0.5,1/2,True,2,129.399,False,0.004
004002.000100,6,1s.2s.(3S).3p,2P*,0.5,1/2,True,2,129.514,False,0.025
004002.000101,6,1s.2s.(3S).3p,2P*,1.5,3/2,True,4,129.514,False,0.025
004002.000105,6,1s.2s.3d,4D,3.5,7/2,True,8,130.17204,False,0.00012
004002.000104,6,1s.2s.3d,4D,2.5,5/2,True,6,130.17204,False,0.00012
004002.000103,6,1s.2s.3d,4D,1.5,3/2,True,4,130.17204,False,0.00012
004002.000102,6,1s.2s.3d,4D,0.5,1/2,True,2,130.17204,False,0.00012
004002.000107,6,1s.2s.(3S).3d,2D,2.5,5/2,True,6,130.63,False,0.06
004002.000106,6,1s.2s.(3S).3d,2D,1.5,3/2,True,4,130.63,False,0.06
004002.000108,6,1s.2s.(1S).3s,2S,0.5,1/2,True,2,131.22,False,0.2
004002.000109,6,1s.2p.3s,4P*,0.5,1/2,True,2,131.9306,False,0.0009
004002.000111,6,1s.2p.3s,4P*,2.5,5/2,True,6,131.9306,False,0.0009
004002.000110,6,1s.2p.3s,4P*,1.5,3/2,True,4,131.9306,False,0.0009
004002.000113,6,1s.2s.(1S).3p,2P*,1.5,3/2,True,4,131.99,False,0.04
004002.000112,6,1s.2s.(1S).3p,2P*,0.5,1/2,True,2,131.99,False,0.04
004002.000114,6,1s.2s.4s,4S,1.5,3/2,True,4,132.314,False,0.004
004002.000115,6,1s.2s.(3S).4p,2P*,0.5,1/2,True,2,132.7,False,0.04
004002.000116,6,1s.2s.(3S).4p,2P*,1.5,3/2,True,4,132.7,False,0.04
004002.000120,6,1s.2p.3p,4D,3.5,7/2,True,8,132.7048,False,0.0025
004002.000117,6,1s.2p.3p,4D,0.5,1/2,True,2,132.7048,False,0.0025
004002.000118,6,1s.2p.3p,4D,1.5,3/2,True,4,132.7048,False,0.0025
004002.000119,6,1s.2p.3p,4D,2.5,5/2,True,6,132.7048,False,0.0025
004002.000121,6,1s.2p.(3P*).3p,2P,0.5,1/2,True,2,132.77,False,0.06
004002.000122,6,1s.2p.(3P*).3p,2P,1.5,3/2,True,4,132.77,False,0.06
004002.000125,6,1s.2s.4p,4P*,2.5,5/2,True,6,132.8689,False,0.0009
004002.000124,6,1s.2s.4p,4P*,1.5,3/2,True,4,132.8689,False,0.0009
004002.000123,6,1s.2s.4p,4P*,0.5,1/2,True,2,132.8689,False,0.0009
004002.000128,6,1s.2s.4f,4F*,3.5,7/2,True,8,133.03492,False,0.0001
004002.000129,6,1s.2s.4f,4F*,4.5,9/2,True,10,133.03492,False,0.0001
004002.000127,6,1s.2s.4f,4F*,2.5,5/2,True,6,133.03492,False,0.0001
004002.000126,6,1s.2s.4f,4F*,1.5,3/2,True,4,133.03492,False,0.0001
004002.000131,6,1s.2p.(3P*).3s,2P*,1.5,3/2,True,4,133.08,False,0.07
004002.000130,6,1s.2p.(3P*).3s,2P*,0.5,1/2,True,2,133.08,False,0.07
004002.000132,6,1s.2s.(1S).3d,2D,1.5,3/2,True,4,133.1,False,0.06
004002.000133,6,1s.2s.(1S).3d,2D,2.5,5/2,True,6,133.1,False,0.06
004002.000134,6,1s.2p.3p,4S,1.5,3/2,True,4,133.1821,False,0.0025
004002.000135,6,1s.2s.4d,4D,0.5,1/2,True,2,133.224,False,0.004
004002.000136,6,1s.2s.4d,4D,1.5,3/2,True,4,133.224,False,0.004
004002.000137,6,1s.2s.4d,4D,2.5,5/2,True,6,133.224,False,0.004
004002.000138,6,1s.2s.4d,4D,3.5,7/2,True,8,133.224,False,0.004
004002.000139,6,1s.2p.3p,4P,0.5,1/2,True,2,133.2344,False,0.0025
004002.000140,6,1s.2p.3p,4P,1.5,3/2,True,4,133.2344,False,0.0025
004002.000141,6,1s.2p.3p,4P,2.5,5/2,True,6,133.2344,False,0.0025
004002.000142,6,1s.2p.(3P*).3p,2D,1.5,3/2,True,4,133.42,False,0.05
004002.000143,6,1s.2p.(3P*).3p,2D,2.5,5/2,True,6,133.42,False,0.05
004002.000144,6,1s.2p.(3P*).3d,2D*,1.5,3/2,True,4,133.571,False,0.012
004002.000145,6,1s.2p.(3P*).3d,2D*,2.5,5/2,True,6,133.571,False,0.012
004002.000146,6,1s.2s.(3S).4d,2D,1.5,3/2,True,4,133.62,False,0.1
004002.000147,6,1s.2s.(3S).4d,2D,2.5,5/2,True,6,133.62,False,0.1
004002.000148,6,1s.2p.3d,4F*,1.5,3/2,True,4,133.70282,False,0.00012
004002.000149,6,1s.2p.3d,4F*,2.5,5/2,True,6,133.70282,False,0.00012
004002.000150,6,1s.2p.3d,4F*,3.5,7/2,True,8,133.70282,False,0.00012
004002.000151,6,1s.2p.3d,4F*,4.5,9/2,True,10,133.70282,False,0.00012
004002.000152,6,1s.2p.3d,4D*,0.5,1/2,True,2,133.83908,False,6e-05
004002.000153,6,1s.2p.3d,4D*,1.5,3/2,True,4,133.83908,False,6e-05
004002.000154,6,1s.2p.3d,4D*,2.5,5/2,True,6,133.83908,False,6e-05
004002.000155,6,1s.2p.3d,4D*,3.5,7/2,True,8,133.83908,False,6e-05
004002.000156,6,1s.2p.(3P*).3p,2S,0.5,1/2,True,2,134.0,False,0.06
004002.000157,6,1s.2p.3d,4P*,0.5,1/2,True,2,134.1137,False,0.0007
004002.000158,6,1s.2p.3d,4P*,1.5,3/2,True,4,134.1137,False,0.0007
004002.000159,6,1s.2p.3d,4P*,2.5,5/2,True,6,134.1137,False,0.0007
004002.000163,6,1s.2s.5d,4D,3.5,7/2,True,8,134.532,False,0.005
004002.000161,6,1s.2s.5d,4D,1.5,3/2,True,4,134.532,False,0.005
004002.000162,6,1s.2s.5d,4D,2.5,5/2,True,6,134.532,False,0.005
004002.000160,6,1s.2s.5d,4D,0.5,1/2,True,2,134.532,False,0.005
004002.000167,6,1s.2s.5f,4F*,4.5,9/2,True,10,134.6549,False,0.0012
004002.000166,6,1s.2s.5f,4F*,3.5,7/2,True,8,134.6549,False,0.0012
004002.000165,6,1s.2s.5f,4F*,2.5,5/2,True,6,134.6549,False,0.0012
004002.000164,6,1s.2s.5f,4F*,1.5,3/2,True,4,134.6549,False,0.0012
004002.000169,6,1s.2p.(1P*).3p,2D,2.5,5/2,True,6,134.77,False,0.04
004002.000168,6,1s.2p.(1P*).3p,2D,1.5,3/2,True,4,134.77,False,0.04
004002.000171,6,1s.2p.(1P*).3p,2P,1.5,3/2,True,4,135.01,False,0.04
004002.000170,6,1s.2p.(1P*).3p,2P,0.5,1/2,True,2,135.01,False,0.04
004002.000173,6,1s.2p.(1P*).3d,2D*,2.5,5/2,True,6,135.448,False,0.012
004002.000172,6,1s.2p.(1P*).3d,2D*,1.5,3/2,True,4,135.448,False,0.012
004002.000175,6,1s.2p.(1P*).3d,2F*,3.5,7/2,True,8,135.47,False,0.06
004002.000174,6,1s.2p.(1P*).3d,2F*,2.5,5/2,True,6,135.47,False,0.06
004002.000178,6,1s.2p.4s,4P*,2.5,5/2,True,6,135.923,False,0.004
004002.000177,6,1s.2p.4s,4P*,1.5,3/2,True,4,135.923,False,0.004
004002.000176,6,1s.2p.4s,4P*,0.5,1/2,True,2,135.923,False,0.004
004002.000179,6,1s.2p.4p,4D,0.5,1/2,True,2,136.2118,False,0.0014
004002.000180,6,1s.2p.4p,4D,1.5,3/2,True,4,136.2118,False,0.0014
004002.000181,6,1s.2p.4p,4D,2.5,5/2,True,6,136.2118,False,0.0014
004002.000182,6,1s.2p.4p,4D,3.5,7/2,True,8,136.2118,False,0.0014
004002.000184,6,1s.2p.(3P*).4p,2P,1.5,3/2,True,4,136.25,False,0.05
004002.000183,6,1s.2p.(3P*).4p,2P,0.5,1/2,True,2,136.25,False,0.05
004002.000185,6,1s.2p.4p,4S,1.5,3/2,True,4,136.3801,False,0.0015
004002.000188,6,1s.2p.4p,4P,2.5,5/2,True,6,136.3972,False,0.0025
004002.000186,6,1s.2p.4p,4P,0.5,1/2,True,2,136.3972,False,0.0025
004002.000187,6,1s.2p.4p,4P,1.5,3/2,True,4,136.3972,False,0.0025
004002.000190,6,1s.2p.(3P*).4d,2D*,2.5,5/2,True,6,136.546,False,0.012
004002.000189,6,1s.2p.(3P*).4d,2D*,1.5,3/2,True,4,136.546,False,0.012
004002.000193,6,1s.2p.4d,4D*,2.5,5/2,True,6,136.6436,False,0.0025
004002.000194,6,1s.2p.4d,4D*,3.5,7/2,True,8,136.6436,False,0.0025
004002.000192,6,1s.2p.4d,4D*,1.5,3/2,True,4,136.6436,False,0.0025
004002.000191,6,1s.2p.4d,4D*,0.5,1/2,True,2,136.6436,False,0.0025
004002.000195,6,1s.2p.(3P*).4f,2F,2.5,5/2,True,6,136.673,True,0.012
004002.000196,6,1s.2p.(3P*).4f,2F,3.5,7/2,True,8,136.673,True,0.012
004002.000200,6,1s.2p.4f,4F,4.5,9/2,True,10,136.67473,True,0.0
004002.000199,6,1s.2p.4f,4F,3.5,7/2,True,8,136.67473,True,0.0
004002.000198,6,1s.2p.4f,4F,2.5,5/2,True,6,136.67473,True,0.0
004002.000197,6,1s.2p.4f,4F,1.5,3/2,True,4,136.67473,True,0.0
004002.000204,6,1s.2p.4f,4D,3.5,7/2,True,8,136.7714,False,0.0007
004002.000202,6,1s.2p.4f,4D,1.5,3/2,True,4,136.7714,False,0.0007
004002.000203,6,1s.2p.4f,4D,2.5,5/2,True,6,136.7714,False,0.0007
004002.000201,6,1s.2p.4f,4D,0.5,1/2,True,2,136.7714,False,0.0007
004002.Lim002,6,Be III (1s.2s 3S<1>),Limit,,---,False,,136.802739,False,2.5e-05
004002.000207,6,1s.2p.5d,4D*,1.5,3/2,True,4,137.918,False,0.005
004002.000208,6,1s.2p.5d,4D*,2.5,5/2,True,6,137.918,False,0.005
004002.000209,6,1s.2p.5d,4D*,3.5,7/2,True,8,137.918,False,0.005
004002.000206,6,1s.2p.5d,4D*,0.5,1/2,True,2,137.918,False,0.005
004002.000211,6,1s.2p.(3P*).5f,2F,3.5,7/2,True,8,137.927,False,0.012
004002.000210,6,1s.2p.(3P*).5f,2F,2.5,5/2,True,6,137.927,False,0.012
004002.000215,6,1s.2p.5f,4F,4.5,9/2,True,10,137.9292,False,0.0015
004002.000214,6,1s.2p.5f,4F,3.5,7/2,True,8,137.9292,False,0.0015
004002.000212,6,1s.2p.5f,4F,1.5,3/2,True,4,137.9292,False,0.0015
004002.000213,6,1s.2p.5f,4F,2.5,5/2,True,6,137.9292,False,0.0015
004002.000217,6,1s.2p.(1P*).4p,2P,1.5,3/2,True,4,137.96,False,0.09
004002.000216,6,1s.2p.(1P*).4p,2P,0.5,1/2,True,2,137.96,False,0.09
004002.000221,6,1s.2p.6d,4D*,3.5,7/2,True,8,138.5663,False,0.0025
004002.000220,6,1s.2p.6d,4D*,2.5,5/2,True,6,138.5663,False,0.0025
004002.000219,6,1s.2p.6d,4D*,1.5,3/2,True,4,138.5663,False,0.0025
004002.000218,6,1s.2p.6d,4D*,0.5,1/2,True,2,138.5663,False,0.0025
004002.000223,6,1s.2p.6f,4F,2.5,5/2,True,6,138.6078,False,0.0009
004002.000224,6,1s.2p.6f,4F,3.5,7/2,True,8,138.6078,False,0.0009
004002.000225,6,1s.2p.6f,4F,4.5,9/2,True,10,138.6078,False,0.0009
004002.000222,6,1s.2p.6f,4F,1.5,3/2,True,4,138.6078,False,0.0009
004002.000226,6,1s.2p.(1P*).5p,2P,0.5,1/2,True,2,139.363,False,0.016
004002.000227,6,1s.2p.(1P*).5p,2P,1.5,3/2,True,4,139.363,False,0.016
004002.Lim003,6,Be III (1s.2s 1S<0>),Limit,,---,False,,139.8614,False,6e-05
004002.Lim004,6,Be III (1s.2p 3P*),Limit,,---,False,,140.13328,False,5e-05
004002.Lim005,6,Be III (1s.2p 1P*<1>),Limit,,---,False,,141.87947,False,6e-05
004002.000232,6,1s.(2S).3s.3p.(3P*),2P*,1.5,3/2,True,4,148.24,False,0.05
004002.000231,6,1s.(2S).3s.3p.(3P*),2P*,0.5,1/2,True,2,148.24,False,0.05
004002.000234,6,1s.(2S).3s.3p.(1P*),2P*,1.5,3/2,True,4,150.13,False,0.05
004002.000233,6,1s.(2S).3s.3p.(1P*),2P*,0.5,1/2,True,2,150.13,False,0.05
004002.000236,6,2s2.2p,2P*,1.5,3/2,True,4,268.77,False,0.07
004002.000235,6,2s2.2p,2P*,0.5,1/2,True,2,268.77,False,0.07
004002.000238,6,2s.2p2,4P,1.5,3/2,True,4,269.22,False,0.12
004002.000239,6,2s.2p2,4P,2.5,5/2,True,6,269.22,False,0.12
004002.000237,6,2s.2p2,4P,0.5,1/2,True,2,269.22,False,0.12
004002.000240,6,2s.2p2,2D,1.5,3/2,True,4,272.65,False,0.07
004002.000241,6,2s.2p2,2D,2.5,5/2,True,6,272.65,False,0.07
004002.000242,6,2p3,4S*,1.5,3/2,True,4,274.56,False,0.06
004002.000243,6,2s.2p2,2S,0.5,1/2,True,2,275.33,False,0.12
004002.000245,6,2s.2p2,2P,1.5,3/2,True,4,275.89,False,0.07
004002.000244,6,2s.2p2,2P,0.5,1/2,True,2,275.89,False,0.07
004002.000247,6,2p3,2D*,2.5,5/2,True,6,275.98,False,0.07
004002.000246,6,2p3,2D*,1.5,3/2,True,4,275.98,False,0.07
004002.000248,6,2p3,2P*,0.5,1/2,True,2,278.9,False,0.04
004002.000249,6,2p3,2P*,1.5,3/2,True,4,278.9,False,0.04
004002.000251,6,2s2.3p,2P*,1.5,3/2,True,4,285.4,False,0.04
004002.000250,6,2s2.3p,2P*,0.5,1/2,True,2,285.4,False,0.04
004002.000254,6,2s.2p.3p,4P,2.5,5/2,True,6,287.01,False,0.1
004002.000252,6,2s.2p.3p,4P,0.5,1/2,True,2,287.01,False,0.1
004002.000253,6,2s.2p.3p,4P,1.5,3/2,True,4,287.01,False,0.1
004002.000255,6,2s2.3d,2D,1.5,3/2,True,4,287.28,False,0.04
004002.000256,6,2s2.3d,2D,2.5,5/2,True,6,287.28,False,0.04
004002.000257,6,2s.2p.(3P*).3d,2D*,1.5,3/2,True,4,288.1,False,0.04
004002.000258,6,2s.2p.(3P*).3d,2D*,2.5,5/2,True,6,288.1,False,0.04
005001.000001,7,2s2.2p,2P*,0.5,1/2,True,2,0.0,False,0.0
005001.000002,7,2s2.2p,2P*,1.5,3/2,True,4,0.0018953,False,4e-07
005001.000003,7,2s.2p2,4P,0.5,1/2,True,2,3.55183,False,0.00022
005001.000004,7,2s.2p2,4P,1.5,3/2,True,4,3.5524,False,0.00022
005001.000005,7,2s.2p2,4P,2.5,5/2,True,6,3.55319,False,0.00022
005001.000006,7,2s2.3s,2S,0.5,1/2,True,2,4.964289,False,3e-07
005001.000007,7,2s.2p2,2D,2.5,5/2,True,6,5.9334881,False,5e-07
005001.000008,7,2s.2p2,2D,1.5,3/2,True,4,5.9335273,False,5e-07
005001.000009,7,2s2.3p,2P*,0.5,1/2,True,2,6.0271033,False,4e-07
005001.000010,7,2s2.3p,2P*,1.5,3/2,True,4,6.0273243,False,3e-07
005001.000011,7,2s2.3d,2D,1.5,3/2,True,4,6.79032869,False,2.5e-07
005001.000012,7,2s2.3d,2D,2.5,5/2,True,6,6.7903466,False,4e-07
005001.000013,7,2s2.4s,2S,0.5,1/2,True,2,6.8203997,False,3e-07
005001.000014,7,2s2.4p,2P*,0.5,1/2,True,2,7.1646047,False,4e-07
005001.000015,7,2s2.4p,2P*,1.5,3/2,True,4,7.1646833,False,4e-07
005001.000016,7,2s2.4d,2D,1.5,3/2,True,4,7.43824,False,1.6e-05
005001.000121,7,2s2.4d,2D,2.5,5/2,True,6,7.43824,False,1.6e-05
005001.000017,7,2s2.4f,2F*,2.5,5/2,True,6,7.4429049,False,4e-07
005001.000018,7,2s2.4f,2F*,3.5,7/2,True,8,7.4429055,False,4e-07
005001.000019,7,2s2.5s,2S,0.5,1/2,True,2,7.4572049,False,1.2e-06
005001.000020,7,2s2.5p,2P*,,"1/2,3/2",False,6,7.61679,False,0.00014
005001.000021,7,2s2.6s,2S,0.5,1/2,True,2,7.746801,False,1.7e-05
005001.000022,7,2s2.5d,2D,1.5,3/2,True,4,7.747215,False,1.7e-05
005001.000120,7,2s2.5d,2D,2.5,5/2,True,6,7.747215,False,1.7e-05
005001.000023,7,2s2.5f,2F*,2.5,5/2,True,6,7.7510655,False,4e-07
005001.000125,7,2s2.5f,2F*,3.5,7/2,True,8,7.7510655,False,4e-07
005001.000024,7,2s2.6p,2P*,,"1/2,3/2",False,6,7.84364,False,0.00014
005001.000025,7,2s.2p2,2S,0.5,1/2,True,2,7.880515,False,1.7e-05
005001.000026,7,2s2.6d,2D,1.5,3/2,True,4,7.915811,False,1.7e-05
005001.000119,7,2s2.6d,2D,2.5,5/2,True,6,7.915811,False,1.7e-05
005001.000027,7,2s2.6f,2F*,2.5,5/2,True,6,7.918415,False,4e-06
005001.000124,7,2s2.6f,2F*,3.5,7/2,True,8,7.918415,False,4e-06
005001.000028,7,2s2.7s,2S,0.5,1/2,True,2,7.954332,False,1.9e-05
005001.000029,7,2s2.7p,2P*,,"1/2,3/2",False,6,7.97322,False,0.00015
005001.000030,7,2s2.7d,2D,1.5,3/2,True,4,8.017482,False,1.9e-05
005001.000118,7,2s2.7d,2D,2.5,5/2,True,6,8.017482,False,1.9e-05
005001.000031,7,2s2.7f,2F*,2.5,5/2,True,6,8.019266,False,4e-06
005001.000123,7,2s2.7f,2F*,3.5,7/2,True,8,8.019266,False,4e-06
005001.000032,7,2s2.8s,2S,0.5,1/2,True,2,8.033195,False,1.9e-05
005001.000033,7,2s2.8p,2P*,,"1/2,3/2",False,6,8.05455,False,0.00015
005001.000034,7,2s2.8d,2D,1.5,3/2,True,4,8.083434,False,1.9e-05
005001.000117,7,2s2.8d,2D,2.5,5/2,True,6,8.083434,False,1.9e-05
005001.000035,7,2s2.8f,2F*,2.5,5/2,True,6,8.084685,False,6e-06
005001.000122,7,2s2.8f,2F*,3.5,7/2,True,8,8.084685,False,6e-06
005001.000036,7,2s2.9s,2S,0.5,1/2,True,2,8.092472,False,1.9e-05
005001.000037,7,2s2.9p,2P*,,"1/2,3/2",False,6,8.10865,False,0.00015
005001.000038,7,2s2.9d,2D,,"3/2,5/2",False,10,8.128612,False,1.9e-05
005001.000039,7,2s2.9f,2F*,,"5/2,7/2",False,14,8.129514,False,6e-06
005001.000040,7,2s2.10s,2S,0.5,1/2,True,2,8.134526,False,1.9e-05
005001.000041,7,2s2.10d,2D,,"3/2,5/2",False,10,8.160905,False,1.9e-05
005001.000042,7,2s2.10f,2F*,,"5/2,7/2",False,14,8.16154,False,6e-06
005001.000043,7,2s2.11d,2D,,"3/2,5/2",False,10,8.184766,False,1.9e-05
005001.000044,7,2s2.11f,2F*,,"5/2,7/2",False,14,8.185267,False,6e-06
005001.000045,7,2s2.12d,2D,,"3/2,5/2",False,10,8.202911,False,1.9e-05
005001.000046,7,2s2.13d,2D,,"3/2,5/2",False,10,8.217013,False,2e-05
005001.000047,7,2s2.14d,2D,,"3/2,5/2",False,10,8.2282,False,2e-05
005001.000048,7,2s2.15d,2D,,"3/2,5/2",False,10,8.237218,False,2e-05
005001.000049,7,2s2.16d,2D,,"3/2,5/2",False,10,8.244597,False,2e-05
005001.000050,7,2s2.17d,2D,,"3/2,5/2",False,10,8.250713,False,2e-05
005001.000051,7,2s2.18d,2D,,"3/2,5/2",False,10,8.255835,False,2e-05
005001.000052,7,2s2.19d,2D,,"3/2,5/2",False,10,8.260166,False,2e-05
005001.000053,7,2s2.20d,2D,,"3/2,5/2",False,10,8.263862,False,2e-05
005001.000054,7,2s2.21d,2D,,"3/2,5/2",False,10,8.267041,False,2e-05
005001.000055,7,2s2.22d,2D,,"3/2,5/2",False,10,8.269799,False,2e-05
005001.000056,7,2s2.23d,2D,,"3/2,5/2",False,10,8.272202,False,2e-05
005001.000057,7,2s2.24d,2D,,"3/2,5/2",False,10,8.274317,False,2.2e-05
005001.000058,7,2s2.25d,2D,,"3/2,5/2",False,10,8.276199,False,2.2e-05
005001.000059,7,2s2.26d,2D,,"3/2,5/2",False,10,8.277831,False,2e-05
005001.000060,7,2s2.27d,2D,,"3/2,5/2",False,10,8.279304,False,2e-05
005001.000061,7,2s2.28d,2D,,"3/2,5/2",False,10,8.280617,False,2e-05
005001.000062,7,2s2.29d,2D,,"3/2,5/2",False,10,8.28181,False,3e-05
005001.000063,7,2s2.30d,2D,,"3/2,5/2",False,10,8.282847,False,2.2e-05
005001.000064,7,2s2.31d,2D,,"3/2,5/2",False,10,8.283842,False,2e-05
005001.000065,7,2s2.32d,2D,,"3/2,5/2",False,10,8.284757,False,2.2e-05
005001.000066,7,2s2.33d,2D,,"3/2,5/2",False,10,8.2855,False,3e-05
005001.000067,7,2s2.34d,2D,,"3/2,5/2",False,10,8.2862,False,3e-05
005001.000068,7,2s2.35d,2D,,"3/2,5/2",False,10,8.2869,False,3e-05
005001.000069,7,2s2.36d,2D,,"3/2,5/2",False,10,8.28752,False,3e-05
005001.000070,7,2s2.37d,2D,,"3/2,5/2",False,10,8.28807,False,3e-05
005001.000071,7,2s2.38d,2D,,"3/2,5/2",False,10,8.2886,False,3e-05
005001.000072,7,2s2.39d,2D,,"3/2,5/2",False,10,8.28904,False,3e-05
005001.Lim001,7,B II (2s2 1S<0>),Limit,,---,False,,8.298019,False,3e-06
005001.000074,7,2s.2p2,2P,0.5,1/2,True,2,8.991694,False,2.2e-05
005001.000075,7,2s.2p2,2P,1.5,3/2,True,4,8.993138,False,2.2e-05
005001.000076,7,2s.2p.(3P*).3s,4P*,0.5,1/2,True,2,9.54817,False,0.00022
005001.000077,7,2s.2p.(3P*).3s,4P*,1.5,3/2,True,4,9.54897,False,0.00022
005001.000078,7,2s.2p.(3P*).3s,4P*,2.5,5/2,True,6,9.55056,False,0.00022
005001.000079,7,2s.2p.(3P*).3p,2P,0.5,1/2,True,2,10.76922,False,5e-05
005001.000080,7,2s.2p.(3P*).3p,2P,1.5,3/2,True,4,10.76987,False,5e-05
005001.000081,7,2s.2p.(3P*).3p,2D,1.5,3/2,True,4,10.85577,False,7e-05
005001.000082,7,2s.2p.(3P*).3p,2D,2.5,5/2,True,6,10.85609,False,7e-05
005001.000083,7,2s.2p.(3P*).3p,2S,0.5,1/2,True,2,10.97503,False,5e-05
005001.000084,7,2s.2p.(3P*).3d,2D*,1.5,3/2,True,4,11.12203,False,5e-05
005001.000085,7,2s.2p.(3P*).3d,2D*,2.5,5/2,True,6,11.12244,False,5e-05
005001.000086,7,2s.2p.(3P*).3d,4D*,1.5,3/2,True,4,11.26398,False,0.00022
005001.000087,7,2s.2p.(3P*).3d,4D*,2.5,5/2,True,6,11.26416,False,0.00022
005001.000088,7,2s.2p.(3P*).3d,4D*,3.5,7/2,True,8,11.26451,False,0.00022
005001.000089,7,2s.2p.(3P*).3d,4P*,2.5,5/2,True,6,11.36199,False,0.00022
005001.000090,7,2s.2p.(3P*).3d,4P*,1.5,3/2,True,4,11.36244,False,0.00022
005001.000091,7,2s.2p.(3P*).3d,4P*,0.5,1/2,True,2,11.36266,False,0.00022
005001.000092,7,2s.2p.(3P*).4s,4P*,2.5,5/2,True,6,11.42586,False,0.00022
005001.000093,7,2s.2p.(3P*).4p,2P,0.5,1/2,True,2,11.83397,False,6e-05
005001.000094,7,2s.2p.(3P*).4p,2P,1.5,3/2,True,4,11.83448,False,6e-05
005001.000095,7,2s.2p.(3P*).4d,4D*,1.5,3/2,True,4,11.99153,False,0.00022
005001.000096,7,2s.2p.(3P*).4d,4D*,2.5,5/2,True,6,11.99236,False,0.00022
005001.000097,7,2s.2p.(3P*).4d,4D*,3.5,7/2,True,8,11.99283,False,0.00022
005001.000098,7,2p3,4S*,1.5,3/2,True,4,12.01169,False,0.00022
005001.000099,7,2s.2p.(3P*).5p,2P,1.5,3/2,True,4,12.26472,False,0.0001
005001.000100,7,2s.2p.(3P*).5d,4D*,3.5,7/2,True,8,12.3219,False,0.00022
005001.000101,7,2s.2p.(3P*).6p,2P,1.5,3/2,True,4,12.48294,False,0.0001
005001.Lim002,7,B II (2s.2p 3P*<0>),Limit,,---,False,,12.927036,False,7e-06
005001.Lim003,7,B II (2s.2p 3P*<1>),Limit,,---,False,,12.927794,False,6e-06
005001.Lim004,7,B II (2s.2p 3P*<2>),Limit,,---,False,,12.929796,False,6e-06
005001.Lim005,7,B II (2s.2p 1P*<1>),Limit,,---,False,,17.398027,False,6e-06
005001.000106,7,1s.(2S).2s2.2p2.(3P),2P,,"1/2,3/2",False,6,190.58,False,0.09
005001.000115,7,1s.(2S).2s2.2p2.(1D),2D,,"3/2,5/2",False,10,190.71,False,0.09
005001.000116,7,1s.(2S).2s2.2p2.(1S),2S,0.5,1/2,True,2,191.87,False,0.09
005001.000107,7,1s.(2S).2s2.2p.(3P*).3p,2P,,"1/2,3/2",False,6,198.19,False,0.1
005001.000108,7,1s.(2S).2s2.2p.(3P*).3p,2D,,"3/2,5/2",False,10,198.54,False,0.1
005001.000109,7,1s.(2S).2s2.2p.(3P*).3p,2S,0.5,1/2,True,2,198.88,False,0.1
005001.000110,7,1s.(2S).2s2.2p.(3P*).4p,,,1/2 or 3/2,False,2,199.55,False,0.1
005001.000111,7,1s.(2S).2s2.2p.(1P*).3p,2P,,"1/2,3/2",False,6,200.14,False,0.1
005001.Lim006,7,B II (1s.2s2.2p 3P*),Limit,,---,False,,200.68,False,0.1
005001.000112,7,1s.(2S).2s2.2p.(1P*).4p,,,1/2 or 3/2,False,2,201.54,False,0.1
005001.Lim007,7,B II (1s.2s2.2p 1P*),Limit,,---,False,,202.66,False,0.1
005002.000001,8,1s2.2s2,1S,0.0,0,True,1,0.0,False,0.0
005002.000002,8,1s2.2s.2p,3P*,0.0,0,True,1,4.629017,False,5e-06
005002.000003,8,1s2.2s.2p,3P*,1.0,1,True,3,4.629775,False,4e-06
005002.000004,8,1s2.2s.2p,3P*,2.0,2,True,5,4.631777,False,4e-06
005002.000005,8,1s2.2s.2p,1P*,1.0,1,True,3,9.100007,False,4e-06
005002.000006,8,1s2.2p2,3P,0.0,0,True,1,12.263448,False,5e-06
005002.000007,8,1s2.2p2,3P,1.0,1,True,3,12.264501,False,4e-06
005002.000008,8,1s2.2p2,3P,2.0,2,True,5,12.266161,False,4e-06
005002.000009,8,1s2.2p2,1D,2.0,2,True,5,12.691366,False,4e-06
005002.000010,8,1s2.2p2,1S,0.0,0,True,1,15.82797,False,4e-06
005002.000011,8,1s2.2s.3s,3S,1.0,1,True,3,16.089904,False,2.2e-05
005002.000012,8,1s2.2s.3s,1S,0.0,0,True,1,17.062984,False,2e-05
005002.000013,8,1s2.2s.3p,3P*,0.0,0,True,1,17.852479,False,2.2e-05
005002.000014,8,1s2.2s.3p,3P*,1.0,1,True,3,17.852554,False,2.2e-05
005002.000015,8,1s2.2s.3p,3P*,2.0,2,True,5,17.852994,False,2.2e-05
005002.000016,8,1s2.2s.3p,1P*,1.0,1,True,3,17.866488,False,9e-06
005002.000017,8,1s2.2s.3d,3D,3.0,3,True,7,18.67818,False,2e-05
005002.000019,8,1s2.2s.3d,3D,2.0,2,True,5,18.67818,False,2e-05
005002.000018,8,1s2.2s.3d,3D,1.0,1,True,3,18.67818,False,2e-05
005002.000020,8,1s2.2s.3d,1D,2.0,2,True,5,19.178635,False,9e-06
005002.000021,8,1s2.2s.4s,3S,1.0,1,True,3,20.624138,False,2.2e-05
005002.000022,8,1s2.2s.4s,1S,0.0,0,True,1,20.821325,False,1.1e-05
005002.000023,8,1s2.2s.4p,1P*,1.0,1,True,3,21.150629,False,1.1e-05
005002.000026,8,1s2.2s.4p,3P*,2.0,2,True,5,21.268988,False,2.1e-05
005002.000025,8,1s2.2s.4p,3P*,1.0,1,True,3,21.268988,False,2.1e-05
005002.000024,8,1s2.2s.4p,3P*,0.0,0,True,1,21.268988,False,2.1e-05
005002.000028,8,1s2.2s.4d,3D,3.0,3,True,7,21.582342,False,2.2e-05
005002.000029,8,1s2.2s.4d,3D,2.0,2,True,5,21.582342,False,2.2e-05
005002.000027,8,1s2.2s.4d,3D,1.0,1,True,3,21.582342,False,2.2e-05
005002.000031,8,1s2.2s.4f,3F*,4.0,4,True,9,21.685249,False,2e-05
005002.000030,8,1s2.2s.4f,3F*,3.0,3,True,7,21.685249,False,2e-05
005002.000032,8,1s2.2s.4f,3F*,2.0,2,True,5,21.685249,False,2e-05
005002.000033,8,1s2.2s.4f,1F*,3.0,3,True,7,21.68755,False,1e-05
005002.000034,8,1s2.2s.4d,1D,2.0,2,True,5,21.765055,False,1.5e-05
005002.000035,8,1s2.2s.5s,3S,1.0,1,True,3,22.428384,False,2.5e-05
005002.000036,8,1s2.2s.5s,1S,0.0,0,True,1,22.509583,False,2e-05
005002.000037,8,1s2.2p.3s,3P*,0.0,0,True,1,22.52122,False,4e-05
005002.000038,8,1s2.2p.3s,3P*,1.0,1,True,3,22.52242,False,4e-05
005002.000039,8,1s2.2p.3s,3P*,2.0,2,True,5,22.52505,False,4e-05
005002.000040,8,1s2.2s.5p,1P*,1.0,1,True,3,22.53607,False,7e-05
005002.000041,8,1s2.2s.5p,3P*,0.0,0,True,1,22.76583,False,3e-05
005002.000042,8,1s2.2s.5p,3P*,1.0,1,True,3,22.76583,False,3e-05
005002.000043,8,1s2.2s.5p,3P*,2.0,2,True,5,22.76583,False,3e-05
005002.000046,8,1s2.2s.5d,3D,1.0,1,True,3,22.89166,False,3e-05
005002.000044,8,1s2.2s.5d,3D,2.0,2,True,5,22.89166,False,3e-05
005002.000045,8,1s2.2s.5d,3D,3.0,3,True,7,22.89166,False,3e-05
005002.000047,8,1s2.2s.5f,3F*,2.0,2,True,5,22.925767,False,2.2e-05
005002.000048,8,1s2.2s.5f,3F*,3.0,3,True,7,22.925767,False,2.2e-05
005002.000049,8,1s2.2s.5f,3F*,4.0,4,True,9,22.925767,False,2.2e-05
005002.000050,8,1s2.2s.5f,1F*,3.0,3,True,7,22.93189,False,4e-05
005002.000051,8,1s2.2s.5g,3G,3.0,3,True,7,22.96954,False,4e-05
005002.000054,8,1s2.2s.5g,3G,4.0,4,True,9,22.96954,False,4e-05
005002.000052,8,1s2.2s.5g,3G,5.0,5,True,11,22.96954,False,4e-05
005002.000053,8,1s2.2s.5g,1G,4.0,4,True,9,22.96954,False,4e-05
005002.000055,8,1s2.2s.5d,1D,2.0,2,True,5,22.977146,False,1.2e-05
005002.000056,8,1s2.2p.3s,1P*,1.0,1,True,3,23.139161,False,1.9e-05
005002.000057,8,1s2.2s.6s,3S,1.0,1,True,3,23.33018,False,4e-05
005002.000058,8,1s2.2s.6s,1S,0.0,0,True,1,23.377,False,0.009
005002.000059,8,1s2.2p.3p,1P,1.0,1,True,3,23.448881,False,2.4e-05
005002.000060,8,1s2.2s.6p,3P*,,"0,1,2",False,9,23.52507,False,7e-05
005002.000061,8,1s2.2s.6d,3D,,"1,2,3",False,15,23.58854,False,0.00014
005002.000062,8,1s2.2s.6p,1P*,1.0,1,True,3,23.589,False,0.022
005002.000064,8,1s2.2s.6f,3F*,2.0,2,True,5,23.598146,False,2.2e-05
005002.000065,8,1s2.2s.6f,3F*,3.0,3,True,7,23.598146,False,2.2e-05
005002.000063,8,1s2.2s.6f,3F*,4.0,4,True,9,23.598146,False,2.2e-05
005002.000066,8,1s2.2s.6f,1F*,3.0,3,True,7,23.610196,False,1.7e-05
005002.000070,8,1s2.2s.6g,3G,3.0,3,True,7,23.63744,False,4e-05
005002.000067,8,1s2.2s.6g,3G,4.0,4,True,9,23.63744,False,4e-05
005002.000068,8,1s2.2s.6g,3G,5.0,5,True,11,23.63744,False,4e-05
005002.000069,8,1s2.2s.6g,1G,4.0,4,True,9,23.63744,False,4e-05
005002.000071,8,1s2.2s.6d,1D,2.0,2,True,5,23.63813,False,9e-05
005002.000072,8,1s2.2p.3p,3D,1.0,1,True,3,23.6853,False,5e-05
005002.000073,8,1s2.2p.3p,3D,2.0,2,True,5,23.68651,False,5e-05
005002.000074,8,1s2.2p.3p,3D,3.0,3,True,7,23.68884,False,5e-05
005002.000075,8,1s2.2s.7s,3S,1.0,1,True,3,23.835,False,0.015
005002.000076,8,1s2.2s.7s,1S,0.0,0,True,1,23.8686,True,
005002.000077,8,1s2.2p.3p,3S,1.0,1,True,3,23.95703,False,0.00012
005002.000078,8,1s2.2s.7f,3F*,,"2,3,4",False,21,24.0005,False,5e-05
005002.000079,8,1s2.2s.7p,1P*,1.0,1,True,3,24.0026,False,0.0016
005002.000080,8,1s2.2s.7d,3D,,"1,2,3",False,15,24.015,False,0.003
005002.000081,8,1s2.2s.7d,1D,2.0,2,True,5,24.03605,False,6e-05
005002.000082,8,1s2.2s.7g,3G,,"3,4,5",False,27,24.04031,False,5e-05
005002.000083,8,1s2.2s.8s,1S,0.0,0,True,1,24.1699,True,
005002.000084,8,1s2.2s.8s,3S,1.0,1,True,3,24.174,False,0.015
005002.000085,8,1s2.2s.8p,1P*,1.0,1,True,3,24.249,False,0.024
005002.000086,8,1s2.2p.3p,3P,0.0,0,True,1,24.25152,False,4e-05
005002.000087,8,1s2.2p.3p,3P,1.0,1,True,3,24.25233,False,4e-05
005002.000088,8,1s2.2p.3p,3P,2.0,2,True,5,24.25367,False,4e-05
005002.000089,8,1s2.2s.8d,1D,2.0,2,True,5,24.25694,False,7e-05
005002.000090,8,1s2.2s.8d,3D,,"1,2,3",False,15,24.28,False,0.016
005002.000091,8,1s2.2p.3p,1D,2.0,2,True,5,24.42236,False,6e-05
005002.000092,8,1s2.2s.9p,1P*,1.0,1,True,3,24.44,False,0.024
005002.000093,8,1s2.2s.9d,3D,,"1,2,3",False,15,24.468,False,0.016
005002.000094,8,1s2.2s.9d,1D,2.0,2,True,5,24.50482,False,9e-05
005002.000095,8,1s2.2p.3d,3F*,2.0,2,True,5,24.51102,False,5e-05
005002.000096,8,1s2.2p.3d,3F*,3.0,3,True,7,24.51213,False,5e-05
005002.000097,8,1s2.2p.3d,3F*,4.0,4,True,9,24.51399,False,5e-05
005002.000098,8,1s2.2p.3d,1D*,2.0,2,True,5,24.514173,False,2.5e-05
005002.000099,8,1s2.2s.10d,3D,,"1,2,3",False,15,24.596,False,0.016
005002.000100,8,1s2.2p.3d,3D*,1.0,1,True,3,24.85612,False,4e-05
005002.000101,8,1s2.2p.3d,3D*,2.0,2,True,5,24.85659,False,4e-05
005002.000102,8,1s2.2p.3d,3D*,3.0,3,True,7,24.85725,False,4e-05
005002.000103,8,1s2.2p.3d,3P*,,"0,1,2",False,9,24.88693,False,0.00016
005002.Lim001,8,B III (2s 2S<1/2>),Limit,,---,False,,25.15483,False,5e-05
005002.000105,8,1s2.2p.3p,1S,0.0,0,True,1,25.185,False,0.01
005002.000106,8,1s2.2p.3d,1P*,1.0,1,True,3,25.43,False,0.0004
005002.000107,8,1s2.2p.4s,3P*,,"0,1,2",False,9,26.737,False,0.01
005002.000108,8,1s2.2p.4s,1P*,1.0,1,True,3,26.907,False,0.005
005002.000109,8,1s2.2p.4p,1P,1.0,1,True,3,27.14239,False,5e-05
005002.000110,8,1s2.2p.4p,3D,,"1,2,3",False,15,27.2071,False,0.0009
005002.000111,8,1s2.2p.4p,3S,1.0,1,True,3,27.3031,True,
005002.000112,8,1s2.2p.4p,3P,,"0,1,2",False,9,27.41046,False,0.00015
005002.000113,8,1s2.2p.4p,1D,2.0,2,True,5,27.448,False,0.02
005002.000114,8,1s2.2p.4d,1D*,2.0,2,True,5,27.50917,False,0.00014
005002.000115,8,1s2.2p.4d,3F*,,"2,3,4",False,21,27.5149,False,0.0003
005002.000116,8,1s2.2p.4f,1F,3.0,3,True,7,27.65182,False,0.00016
005002.000119,8,1s2.2p.4f,3F,2.0,2,True,5,27.65337,False,0.00015
005002.000118,8,1s2.2p.4f,3F,3.0,3,True,7,27.65337,False,0.00015
005002.000117,8,1s2.2p.4f,3F,4.0,4,True,9,27.65337,False,0.00015
005002.000120,8,1s2.2p.4d,3D*,,"1,2,3",False,15,27.65357,False,0.00015
005002.000121,8,1s2.2p.4d,3P*,,"0,1,2",False,9,27.697,False,0.01
005002.000122,8,1s2.2p.4f,3D,,"1,2,3",False,15,27.727,False,0.01
005002.000123,8,1s2.2p.4d,1F*,3.0,3,True,7,27.83187,False,0.00015
005002.000124,8,1s2.2p.4d,1P*,1.0,1,True,3,27.8764,False,0.001
005002.000125,8,1s2.2p.5s,1P*,1.0,1,True,3,28.5698,False,0.002
005002.000126,8,1s2.2p.5p,3D,,"1,2,3",False,15,28.7073,False,0.001
005002.000127,8,1s2.2p.5p,3P,,"0,1,2",False,9,28.7997,False,0.001
005002.000128,8,1s2.2p.5d,3D*,,"1,2,3",False,15,28.916,False,0.011
005002.000129,8,1s2.2p.5d,1P*,1.0,1,True,3,29.0321,False,0.0006
005002.000130,8,1s2.2p.6s,1P*,1.0,1,True,3,29.4129,False,0.0021
005002.000131,8,1s2.2p.6p,3D,,"1,2,3",False,15,29.4868,False,0.001
005002.000132,8,1s2.2p.6p,3P,,"0,1,2",False,9,29.5373,False,0.001
005002.000133,8,1s2.2p.6d,1P*,1.0,1,True,3,29.6694,False,0.0007
005002.000134,8,1s2.2p.7s,1P*,1.0,1,True,3,29.8894,False,0.0021
005002.000135,8,1s2.2p.7p,3P,,"0,1,2",False,9,29.962,False,0.004
005002.000136,8,1s2.2p.7d,1P*,1.0,1,True,3,30.059,False,0.0015
005002.000137,8,1s2.2p.8s,1P*,1.0,1,True,3,30.2003,False,0.0022
005002.000138,8,1s2.2p.8p,3P,,"0,1,2",False,9,30.2473,False,0.0011
005002.000139,8,1s2.2p.8d,1P*,1.0,1,True,3,30.3155,False,0.0015
005002.000140,8,1s2.2p.9s,1P*,1.0,1,True,3,30.405,False,0.007
005002.000141,8,1s2.2p.9p,3P,,"0,1,2",False,9,30.442,False,0.0011
005002.000142,8,1s2.2p.9d,1P*,1.0,1,True,3,30.49,False,0.06
005002.000143,8,1s2.2p.10s,1P*,1.0,1,True,3,30.558,False,0.007
005002.000144,8,1s2.2p.10p,3P,,"0,1,2",False,9,30.5744,False,0.0011
005002.000145,8,1s2.2p.10d,1P*,1.0,1,True,3,30.6065,False,0.0007
005002.000146,8,1s2.2p.11p,3P,,"0,1,2",False,9,30.6757,False,0.0016
005002.000147,8,1s2.2p.12p,3P,,"0,1,2",False,9,30.7564,False,0.0016
005002.000148,8,1s2.2p.13p,3P,,"0,1,2",False,9,30.814,False,0.003
005002.000149,8,1s.2s2.2p,3P*,,"0,1,2",False,9,192.39,False,0.1
005002.000150,8,1s.2s.2p2,5P,,"1,2,3",False,15,194.15,False,0.2
005002.000151,8,1s.2s2.2p,1P*,1.0,1,True,3,194.36,False,0.09
005002.000152,8,1s.2p3,5S*,2.0,2,True,5,203.5118,False,0.0005
005002.000153,8,1s.2s2.3p,1P*,1.0,1,True,3,210.11,False,0.11
005002.000154,8,1s.2s2.4p,1P*,1.0,1,True,3,213.73,False,0.11
005002.000155,8,1s.2s2.5p,1P*,1.0,1,True,3,215.29,False,0.11
005002.000156,8,1s.2s2.6p,1P*,1.0,1,True,3,216.09,False,0.11
005002.000157,8,1s.2p2.3s,5P,,"1,2,3",False,15,217.967,False,0.004
006001.000001,9,2s2.2p2,3P,0.0,0,True,1,0.0,False,1.6e-07
006001.000006,9,2s2.2p2,3P,1.0,1,True,3,0.002035413,False,1.6e-07
006001.000007,9,2s2.2p2,3P,2.0,2,True,5,0.0053825826,False,1.6e-07
006001.000008,9,2s2.2p2,1D,2.0,2,True,5,1.2637284,False,4e-07
006001.000009,9,2s2.2p2,1S,0.0,0,True,1,2.6840136,False,4e-07
006001.000010,9,2s.2p3,5S*,2.0,2,True,5,4.1826219,False,2.2e-06
006001.000011,9,2s2.2p.3s,3P*,0.0,0,True,1,7.48039414,False,6e-08
006001.000012,9,2s2.2p.3s,3P*,1.0,1,True,3,7.48277598,False,4e-08
006001.000013,9,2s2.2p.3s,3P*,2.0,2,True,5,7.48779869,False,5e-08
006001.000014,9,2s2.2p.3s,1P*,1.0,1,True,3,7.68476777,False,5e-08
006001.000015,9,2s.2p3,3D*,3.0,3,True,7,7.945771557,False,1.2e-08
006001.000016,9,2s.2p3,3D*,1.0,1,True,3,7.94613476,False,7e-08
006001.000017,9,2s.2p3,3D*,2.0,2,True,5,7.94627046,False,4e-08
006001.000018,9,2s2.2p.3p,1P,1.0,1,True,3,8.53709962,False,5e-08
006001.000019,9,2s2.2p.3p,3D,1.0,1,True,3,8.64039604,False,3e-08
006001.000020,9,2s2.2p.3p,3D,2.0,2,True,5,8.643023685,False,2.2e-08
006001.000021,9,2s2.2p.3p,3D,3.0,3,True,7,8.647160399,False,1.7e-08
006001.000022,9,2s2.2p.3p,3S,1.0,1,True,3,8.771134696,False,1.6e-08
006001.000023,9,2s2.2p.3p,3P,0.0,0,True,1,8.8465879,False,3e-08
006001.000024,9,2s2.2p.3p,3P,1.0,1,True,3,8.848124381,False,2.4e-08
006001.000025,9,2s2.2p.3p,3P,2.0,2,True,5,8.850662829,False,0.0
006001.000026,9,2s2.2p.3p,1D,2.0,2,True,5,9.00258381,False,3e-08
006001.000027,9,2s2.2p.3p,1S,0.0,0,True,1,9.17184612,False,4e-08
006001.000028,9,2s.2p3,3P*,1.0,1,True,3,9.33030708,False,4e-08
006001.000029,9,2s.2p3,3P*,2.0,2,True,5,9.330467271,False,1.6e-08
006001.000030,9,2s.2p3,3P*,0.0,0,True,1,9.33057587,False,4e-08
006001.000031,9,2s2.2p.3d,1D*,2.0,2,True,5,9.631071843,False,2.4e-08
006001.000032,9,2s2.2p.4s,3P*,0.0,0,True,1,9.68378589,False,4e-08
006001.000033,9,2s2.2p.4s,3P*,1.0,1,True,3,9.685245529,False,1.7e-08
006001.000034,9,2s2.2p.4s,3P*,2.0,2,True,5,9.689130559,False,1.5e-08
006001.000035,9,2s2.2p.3d,3F*,2.0,2,True,5,9.69545167,False,3e-08
006001.000036,9,2s2.2p.3d,3F*,3.0,3,True,7,9.697491047,False,2.1e-08
006001.000037,9,2s2.2p.3d,3F*,4.0,4,True,9,9.701759406,False,1.7e-08
006001.000038,9,2s2.2p.3d,3D*,1.0,1,True,3,9.70715841,False,3e-08
006001.000039,9,2s2.2p.3d,3D*,2.0,2,True,5,9.708910751,False,2.1e-08
006001.000040,9,2s2.2p.3d,3D*,3.0,3,True,7,9.710227435,False,1.1e-08
006001.000041,9,2s2.2p.4s,1P*,1.0,1,True,3,9.71295903,False,3e-08
006001.000042,9,2s2.2p.3d,1F*,3.0,3,True,7,9.73643528,False,3e-08
006001.000043,9,2s2.2p.3d,1P*,1.0,1,True,3,9.76143658,False,5e-08
006001.000044,9,2s2.2p.3d,3P*,2.0,2,True,5,9.833294423,False,1.1e-08
006001.000045,9,2s2.2p.3d,3P*,1.0,1,True,3,9.83427899,False,4e-08
006001.000046,9,2s2.2p.3d,3P*,0.0,0,True,1,9.83482192,False,6e-08
006001.000047,9,2s2.2p.4p,1P,1.0,1,True,3,9.98852478,False,3e-08
006001.000048,9,2s2.2p.4p,3D,1.0,1,True,3,10.01574721,False,3e-08
006001.000049,9,2s2.2p.4p,3D,2.0,2,True,5,10.018083033,False,1.9e-08
006001.000050,9,2s2.2p.4p,3D,3.0,3,True,7,10.022216175,False,1.6e-08
006001.000051,9,2s2.2p.4p,3S,1.0,1,True,3,10.055746371,False,1.7e-08
006001.000052,9,2s2.2p.4p,3P,0.0,0,True,1,10.0812859,False,4e-08
006001.000053,9,2s2.2p.4p,3P,1.0,1,True,3,10.08311546,False,2.5e-08
006001.000054,9,2s2.2p.4p,3P,2.0,2,True,5,10.085377438,False,1.4e-08
006001.000055,9,2s2.2p.4p,1D,2.0,2,True,5,10.1381719,False,3e-08
006001.000056,9,2s2.2p.4p,1S,0.0,0,True,1,10.19792602,False,4e-08
006001.000057,9,2s2.2p.4d,1D*,2.0,2,True,5,10.35238138,False,4e-08
006001.000058,9,2s2.2p.5s,3P*,0.0,0,True,1,10.38244873,False,1.2e-07
006001.000060,9,2s2.2p.5s,3P*,1.0,1,True,3,10.38397899,False,7e-08
006001.000062,9,2s2.2p.5s,3P*,2.0,2,True,5,10.38877088,False,6e-08
006001.000059,9,2s2.2p.4d,3F*,2.0,2,True,5,10.38335829,False,4e-08
006001.000061,9,2s2.2p.4d,3F*,3.0,3,True,7,10.385074438,False,2.2e-08
006001.000063,9,2s2.2p.4d,3F*,4.0,4,True,9,10.389704212,False,2e-08
006001.000064,9,2s2.2p.4d,3D*,1.0,1,True,3,10.39237505,False,1e-07
006001.000065,9,2s2.2p.4d,3D*,2.0,2,True,5,10.39459625,False,5e-08
006001.000066,9,2s2.2p.4d,3D*,3.0,3,True,7,10.39593494,False,4e-08
006001.000067,9,2s2.2p.5s,1P*,1.0,1,True,3,10.3994604,False,7e-07
006001.000068,9,2s2.2p.(2P*<1/2>).4f,2[5/2],3.0,3,True,7,10.404712177,False,2.2e-08
006001.000069,9,2s2.2p.(2P*<1/2>).4f,2[5/2],2.0,2,True,5,10.40472588,False,4e-08
006001.000070,9,2s2.2p.(2P*<1/2>).4f,2[7/2],3.0,3,True,7,10.40552565,False,4e-08
006001.000071,9,2s2.2p.(2P*<1/2>).4f,2[7/2],4.0,4,True,9,10.405550385,False,1.6e-08
006001.000072,9,2s2.2p.4d,1F*,3.0,3,True,7,10.40812917,False,5e-08
006001.000073,9,2s2.2p.(2P*<3/2>).4f,2[7/2],3.0,3,True,7,10.41296443,False,3e-08
006001.000074,9,2s2.2p.(2P*<3/2>).4f,2[7/2],4.0,4,True,9,10.41299796,False,6e-08
006001.000075,9,2s2.2p.(2P*<3/2>).4f,2[5/2],3.0,3,True,7,10.416318591,False,1.5e-08
006001.000076,9,2s2.2p.(2P*<3/2>).4f,2[5/2],2.0,2,True,5,10.41633791,False,4e-08
006001.000077,9,2s2.2p.(2P*<3/2>).4f,2[9/2],5.0,5,True,11,10.416641283,False,2.2e-08
006001.000078,9,2s2.2p.(2P*<3/2>).4f,2[9/2],4.0,4,True,9,10.41669049,False,6e-08
006001.000079,9,2s2.2p.4d,1P*,1.0,1,True,3,10.4186584,False,9e-08
006001.000080,9,2s2.2p.(2P*<3/2>).4f,2[3/2],1.0,1,True,3,10.41917726,False,7e-08
006001.000081,9,2s2.2p.(2P*<3/2>).4f,2[3/2],2.0,2,True,5,10.41919132,False,6e-08
006001.000082,9,2s2.2p.4d,3P*,2.0,2,True,5,10.42745839,False,5e-08
006001.000083,9,2s2.2p.4d,3P*,1.0,1,True,3,10.42906912,False,6e-08
006001.000084,9,2s2.2p.4d,3P*,0.0,0,True,1,10.42970278,False,2.2e-07
006001.000085,9,2s2.2p.5p,1P,1.0,1,True,3,10.52024138,False,2e-07
006001.000086,9,2s2.2p.5p,3D,1.0,1,True,3,10.5306428,False,2.5e-06
006001.000087,9,2s2.2p.5p,3D,2.0,2,True,5,10.532508,False,4e-06
006001.000088,9,2s2.2p.5p,3D,3.0,3,True,7,10.53679751,False,2.5e-07
006001.000089,9,2s2.2p.5p,3P,0.0,0,True,1,10.559692,False,4e-06
006001.000090,9,2s2.2p.5p,3P,1.0,1,True,3,10.56208579,False,5e-08
006001.000091,9,2s2.2p.5p,3P,2.0,2,True,5,10.56390942,False,4e-08
006001.000092,9,2s2.2p.5p,1D,2.0,2,True,5,10.5882298,False,1.4e-06
006001.000093,9,2s2.2p.5p,1S,0.0,0,True,1,10.6161705,False,5e-07
006001.000094,9,2s2.2p.5d,1D*,2.0,2,True,5,10.68560706,False,9e-08
006001.000095,9,2s2.2p.5d,3F*,2.0,2,True,5,10.70203,False,6e-06
006001.000097,9,2s2.2p.5d,3F*,3.0,3,True,7,10.703207,False,1.7e-07
006001.000100,9,2s2.2p.5d,3F*,4.0,4,True,9,10.708439,False,6e-07
006001.000096,9,2s2.2p.6s,3P*,0.0,0,True,1,10.70256,False,4e-06
006001.000098,9,2s2.2p.6s,3P*,1.0,1,True,3,10.7037605,False,2.1e-06
006001.000101,9,2s2.2p.6s,3P*,2.0,2,True,5,10.708468,False,3e-06
006001.000099,9,2s2.2p.5d,3D*,1.0,1,True,3,10.70759,False,4e-06
006001.000102,9,2s2.2p.5d,3D*,2.0,2,True,5,10.710924,False,3e-06
006001.000103,9,2s2.2p.5d,3D*,3.0,3,True,7,10.711966,False,5e-06
006001.000283,9,2s2.2p.(2P*<1/2>).5f,2[5/2],3.0,3,True,7,10.71372629,False,2.2e-07
006001.000284,9,2s2.2p.(2P*<1/2>).5f,2[5/2],2.0,2,True,5,10.7137388,False,2e-07
006001.000285,9,2s2.2p.(2P*<1/2>).5f,2[7/2],3.0,3,True,7,10.71404072,False,2.5e-07
006001.000286,9,2s2.2p.(2P*<1/2>).5f,2[7/2],4.0,4,True,9,10.71406552,False,1.1e-07
006001.000104,9,2s2.2p.6s,1P*,1.0,1,True,3,10.7142898,False,2.2e-06
006001.000287,9,2s2.2p.(2P*<1/2>).5g,2[7/2]*,3.0,3,True,7,10.71555641,False,7e-08
006001.000288,9,2s2.2p.(2P*<1/2>).5g,2[7/2]*,4.0,4,True,9,10.71555649,False,7e-08
006001.000289,9,2s2.2p.(2P*<1/2>).5g,2[9/2]*,5.0,5,True,11,10.71561401,False,4e-08
006001.000290,9,2s2.2p.(2P*<1/2>).5g,2[9/2]*,4.0,4,True,9,10.71561406,False,5e-08
006001.000105,9,2s2.2p.5d,1F*,3.0,3,True,7,10.718336,False,3e-06
006001.000106,9,2s2.2p.(2P*<3/2>).5f,2[7/2],3.0,3,True,7,10.7208571,False,3e-07
006001.000107,9,2s2.2p.(2P*<3/2>).5f,2[7/2],4.0,4,True,9,10.72087957,False,1.9e-07
006001.000108,9,2s2.2p.(2P*<3/2>).5f,2[5/2],3.0,3,True,7,10.72248485,False,1.9e-07
006001.000109,9,2s2.2p.(2P*<3/2>).5f,2[5/2],2.0,2,True,5,10.7224999,False,5e-07
006001.000292,9,2s2.2p.(2P*<3/2>).5g,2[9/2]*,4.0,4,True,9,10.7228467,False,5e-08
006001.000291,9,2s2.2p.(2P*<3/2>).5g,2[9/2]*,5.0,5,True,11,10.72284691,False,7e-08
006001.000293,9,2s2.2p.(2P*<3/2>).5f,2[9/2],5.0,5,True,11,10.72314833,False,7e-08
006001.000294,9,2s2.2p.(2P*<3/2>).5f,2[9/2],4.0,4,True,9,10.72318948,False,1.1e-07
006001.000295,9,2s2.2p.(2P*<3/2>).5g,2[7/2]*,3.0,3,True,7,10.72334742,False,6e-08
006001.000296,9,2s2.2p.(2P*<3/2>).5g,2[7/2]*,4.0,4,True,9,10.72334747,False,7e-08
006001.000110,9,2s2.2p.5d,1P*,1.0,1,True,3,10.723572,False,1.9e-06
006001.000297,9,2s2.2p.(2P*<3/2>).5g,2[11/2]*,5.0,5,True,11,10.72399473,False,6e-08
006001.000298,9,2s2.2p.(2P*<3/2>).5g,2[11/2]*,6.0,6,True,13,10.72399516,False,4e-08
006001.000299,9,2s2.2p.(2P*<3/2>).5g,2[5/2]*,2.0,2,True,5,10.7244372,False,1.5e-07
006001.000300,9,2s2.2p.(2P*<3/2>).5g,2[5/2]*,3.0,3,True,7,10.72443729,False,1.2e-07
006001.000111,9,2s2.2p.(2P*<3/2>).5f,2[3/2],1.0,1,True,3,10.72445,False,2.1e-06
006001.000112,9,2s2.2p.(2P*<3/2>).5f,2[3/2],2.0,2,True,5,10.7244786,False,1e-06
006001.000113,9,2s2.2p.5d,3P*,2.0,2,True,5,10.72546557,False,2.5e-07
006001.000114,9,2s2.2p.5d,3P*,1.0,1,True,3,10.7270516,False,2.4e-06
006001.000115,9,2s2.2p.5d,3P*,0.0,0,True,1,10.727508,False,4e-06
006001.000116,9,2s2.2p.6p,1P,1.0,1,True,3,10.775825,False,4e-06
006001.000117,9,2s2.2p.6p,3D,1.0,1,True,3,10.781192,False,3e-06
006001.000118,9,2s2.2p.6p,3D,2.0,2,True,5,10.782347,False,3e-06
006001.000119,9,2s2.2p.6p,3D,3.0,3,True,7,10.786912,False,4e-06
006001.000120,9,2s2.2p.6p,3P,0.0,0,True,1,10.796222,False,3e-06
006001.000121,9,2s2.2p.6p,3P,1.0,1,True,3,10.7994123,False,2.4e-06
006001.000122,9,2s2.2p.6p,3P,2.0,2,True,5,10.800665,False,3e-06
006001.000123,9,2s2.2p.6p,1D,2.0,2,True,5,10.8136879,False,7e-07
006001.000124,9,2s2.2p.6p,1S,0.0,0,True,1,10.82891,False,4e-06
006001.000125,9,2s2.2p.6d,1D*,2.0,2,True,5,10.865203,False,4e-06
006001.000126,9,2s2.2p.6d,3F*,2.0,2,True,5,10.874433,False,6e-06
006001.000128,9,2s2.2p.6d,3F*,3.0,3,True,7,10.875078,False,6e-06
006001.000132,9,2s2.2p.6d,3F*,4.0,4,True,9,10.880931,False,6e-06
006001.000127,9,2s2.2p.7s,3P*,0.0,0,True,1,10.874826,False,4e-06
006001.000129,9,2s2.2p.7s,3P*,1.0,1,True,3,10.8757182,False,2e-06
006001.000131,9,2s2.2p.7s,3P*,2.0,2,True,5,10.88008,False,3e-06
006001.000130,9,2s2.2p.6d,3D*,1.0,1,True,3,10.877795,False,1.6e-05
006001.000135,9,2s2.2p.6d,3D*,2.0,2,True,5,10.882479,False,3e-06
006001.000136,9,2s2.2p.6d,3D*,3.0,3,True,7,10.882983,False,4e-06
006001.000301,9,2s2.2p.(2P*<1/2>).6f,2[5/2],3.0,3,True,7,10.88112,False,6e-06
006001.000302,9,2s2.2p.(2P*<1/2>).6f,2[5/2],2.0,2,True,5,10.88113,False,4e-06
006001.000133,9,2s2.2p.(2P*<1/2>).6f,2[7/2],4.0,4,True,9,10.881243,False,1e-05
006001.000134,9,2s2.2p.(2P*<1/2>).6f,2[7/2],3.0,3,True,7,10.881251,False,9e-06
006001.000416,9,2s2.2p.(2P*<1/2>).6g,2[7/2]*,4.0,4,True,9,10.8820881,False,5e-07
006001.000417,9,2s2.2p.(2P*<1/2>).6g,2[7/2]*,3.0,3,True,7,10.8820885,False,6e-07
006001.000418,9,2s2.2p.(2P*<1/2>).6g,2[9/2]*,5.0,5,True,11,10.88212892,False,7e-08
006001.000303,9,2s2.2p.(2P*<1/2>).6g,2[9/2]*,4.0,4,True,9,10.88212892,False,7e-08
006001.000304,9,2s2.2p.(2P*<1/2>).6h,2[9/2],4.0,4,True,9,10.8822615,False,1e-06
006001.000419,9,2s2.2p.(2P*<1/2>).6h,2[9/2],5.0,5,True,11,10.8822616,False,1.1e-06
006001.000305,9,2s2.2p.(2P*<1/2>).6h,2[11/2],5.0,5,True,11,10.8822625,False,1.7e-06
006001.000420,9,2s2.2p.(2P*<1/2>).6h,2[11/2],6.0,6,True,13,10.8822625,False,1.7e-06
006001.000137,9,2s2.2p.7s,1P*,1.0,1,True,3,10.884529,False,3e-06
006001.000138,9,2s2.2p.6d,1F*,3.0,3,True,7,10.886674,False,4e-06
006001.000306,9,2s2.2p.(2P*<3/2>).6f,2[7/2],3.0,3,True,7,10.888287,False,4e-06
006001.000307,9,2s2.2p.(2P*<3/2>).6f,2[7/2],4.0,4,True,9,10.888299,False,1e-05
006001.000139,9,2s2.2p.(2P*<3/2>).6f,2[5/2],3.0,3,True,7,10.889159,False,5e-06
006001.000140,9,2s2.2p.(2P*<3/2>).6f,2[5/2],2.0,2,True,5,10.889166,False,3e-06
006001.000309,9,2s2.2p.(2P*<3/2>).6g,2[9/2]*,4.0,4,True,9,10.8894649,False,2.1e-06
006001.000308,9,2s2.2p.(2P*<3/2>).6g,2[9/2]*,5.0,5,True,11,10.8894664,False,5e-07
006001.000141,9,2s2.2p.6d,1P*,1.0,1,True,3,10.889554,False,4e-06
006001.000421,9,2s2.2p.(2P*<3/2>).6f,2[9/2],5.0,5,True,11,10.88969,True,5e-05
006001.000422,9,2s2.2p.(2P*<3/2>).6f,2[9/2],4.0,4,True,9,10.88972,True,5e-05
006001.000423,9,2s2.2p.(2P*<3/2>).6g,2[7/2]*,3.0,3,True,7,10.8898224,False,1.6e-06
006001.000310,9,2s2.2p.(2P*<3/2>).6g,2[7/2]*,4.0,4,True,9,10.8898233,False,5e-07
006001.000142,9,2s2.2p.6d,3P*,2.0,2,True,5,10.889851,False,3e-06
006001.000145,9,2s2.2p.6d,3P*,1.0,1,True,3,10.891259,False,4e-06
006001.000146,9,2s2.2p.6d,3P*,0.0,0,True,1,10.8914,False,0.0002
006001.000311,9,2s2.2p.(2P*<3/2>).6h,2[11/2],5.0,5,True,11,10.8899154,False,1.7e-06
006001.000424,9,2s2.2p.(2P*<3/2>).6h,2[11/2],6.0,6,True,13,10.8899156,False,1.7e-06
006001.000425,9,2s2.2p.(2P*<3/2>).6h,2[9/2],5.0,5,True,11,10.8900234,False,7e-07
006001.000312,9,2s2.2p.(2P*<3/2>).6h,2[9/2],4.0,4,True,9,10.8900234,False,7e-07
006001.000313,9,2s2.2p.(2P*<3/2>).6g,2[11/2]*,6.0,6,True,13,10.89023131,False,1e-07
006001.000426,9,2s2.2p.(2P*<3/2>).6g,2[11/2]*,5.0,5,True,11,10.8902317,False,5e-07
006001.000427,9,2s2.2p.(2P*<3/2>).6h,2[13/2],6.0,6,True,13,10.8902823,False,1e-06
006001.000314,9,2s2.2p.(2P*<3/2>).6h,2[13/2],7.0,7,True,15,10.8902826,False,1e-06
006001.000315,9,2s2.2p.(2P*<3/2>).6h,2[7/2],3.0,3,True,7,10.8904168,False,1.1e-06
006001.000428,9,2s2.2p.(2P*<3/2>).6h,2[7/2],4.0,4,True,9,10.8904169,False,1.1e-06
006001.000143,9,2s2.2p.(2P*<3/2>).6f,2[3/2],1.0,1,True,3,10.890494,False,6e-06
006001.000144,9,2s2.2p.(2P*<3/2>).6f,2[3/2],2.0,2,True,5,10.890494,False,6e-06
006001.000317,9,2s2.2p.(2P*<3/2>).6g,2[5/2]*,3.0,3,True,7,10.8905002,False,2.4e-06
006001.000316,9,2s2.2p.(2P*<3/2>).6g,2[5/2]*,2.0,2,True,5,10.8905002,False,2.4e-06
006001.000147,9,2s2.2p.7p,1P,1.0,1,True,3,10.918215,False,5e-06
006001.000148,9,2s2.2p.7p,3D,1.0,1,True,3,10.922016,False,5e-06
006001.000149,9,2s2.2p.7p,3D,2.0,2,True,5,10.922519,False,6e-06
006001.000150,9,2s2.2p.7p,3D,3.0,3,True,7,10.927451,False,5e-06
006001.000151,9,2s2.2p.7p,3P,0.0,0,True,1,10.930438,False,4e-06
006001.000152,9,2s2.2p.7p,3P,1.0,1,True,3,10.934457,False,4e-06
006001.000153,9,2s2.2p.7p,3P,2.0,2,True,5,10.935183,False,5e-06
006001.000154,9,2s2.2p.7p,1D,2.0,2,True,5,10.942892,False,4e-06
006001.000155,9,2s2.2p.7p,1S,0.0,0,True,1,10.952019,False,4e-06
006001.000156,9,2s2.2p.(2P*<1/2>).7d,2[5/2]*,2.0,2,True,5,10.972432,False,4e-06
006001.000159,9,2s2.2p.(2P*<1/2>).7d,2[5/2]*,3.0,3,True,7,10.978183,False,2.2e-05
006001.000157,9,2s2.2p.(2P*<1/2>).7d,2[3/2]*,2.0,2,True,5,10.97799,False,0.00021
006001.000161,9,2s2.2p.(2P*<1/2>).7d,2[3/2]*,1.0,1,True,3,10.97987,False,1.6e-05
006001.000158,9,2s2.2p.(2P*<1/2>).8s,2[1/2]*,0.0,0,True,1,10.97803,False,4e-06
006001.000160,9,2s2.2p.(2P*<1/2>).8s,2[1/2]*,1.0,1,True,3,10.9786886,False,2.5e-06
006001.000318,9,2s2.2p.(2P*<1/2>).7f,2[5/2],3.0,3,True,7,10.981887,False,7e-06
006001.000162,9,2s2.2p.(2P*<1/2>).7f,2[5/2],2.0,2,True,5,10.981888,False,4e-06
006001.000320,9,2s2.2p.(2P*<1/2>).7f,2[7/2],4.0,4,True,9,10.981945,False,1e-05
006001.000319,9,2s2.2p.(2P*<1/2>).7f,2[7/2],3.0,3,True,7,10.981945,False,1e-05
006001.000163,9,2s2.2p.(2P*<3/2>).8s,2[3/2]*,2.0,2,True,5,10.983051,False,4e-06
006001.000167,9,2s2.2p.(2P*<3/2>).8s,2[3/2]*,1.0,1,True,3,10.986862,False,5e-06
006001.000164,9,2s2.2p.(2P*<3/2>).7d,2[7/2]*,4.0,4,True,9,10.984525,True,1e-05
006001.000168,9,2s2.2p.(2P*<3/2>).7d,2[7/2]*,3.0,3,True,7,10.988102,False,5e-06
006001.000165,9,2s2.2p.(2P*<3/2>).7d,2[5/2]*,2.0,2,True,5,10.98559,False,5e-06
006001.000166,9,2s2.2p.(2P*<3/2>).7d,2[5/2]*,3.0,3,True,7,10.985784,False,2.2e-05
006001.000169,9,2s2.2p.(2P*<3/2>).7f,2[7/2],3.0,3,True,7,10.989219,False,4e-06
006001.000170,9,2s2.2p.(2P*<3/2>).7f,2[7/2],4.0,4,True,9,10.98923,False,1.1e-05
006001.000172,9,2s2.2p.(2P*<3/2>).7f,2[5/2],3.0,3,True,7,10.989751,False,9e-06
006001.000321,9,2s2.2p.(2P*<3/2>).7f,2[5/2],2.0,2,True,5,10.989751,False,9e-06
006001.000173,9,2s2.2p.(2P*<3/2>).7d,2[3/2]*,1.0,1,True,3,10.989834,False,5e-06
006001.000171,9,2s2.2p.(2P*<3/2>).7d,2[3/2]*,2.0,2,True,5,10.98985,False,5e-05
006001.000429,9,2s2.2p.(2P*<3/2>).7f,2[9/2],5.0,5,True,11,10.99013,True,5e-05
006001.000430,9,2s2.2p.(2P*<3/2>).7f,2[9/2],4.0,4,True,9,10.99015,True,5e-05
006001.000174,9,2s2.2p.(2P*<3/2>).7f,2[3/2],2.0,2,True,5,10.990624,False,9e-06
006001.000322,9,2s2.2p.(2P*<3/2>).7f,2[3/2],1.0,1,True,3,10.990625,False,9e-06
006001.000175,9,2s2.2p.(2P*<3/2>).7d,2[1/2]*,1.0,1,True,3,10.99081,False,4e-05
006001.000176,9,2s2.2p.(2P*<3/2>).7d,2[1/2]*,0.0,0,True,1,10.991,False,0.00021
006001.000177,9,2s2.2p.(2P*<1/2>).8p,2[3/2],1.0,1,True,3,11.005709,False,7e-06
006001.000179,9,2s2.2p.(2P*<1/2>).8p,2[1/2],2.0,2,True,5,11.0084,True,0.0006
006001.000178,9,2s2.2p.(2P*<1/2>).8p,2[1/2],1.0,1,True,3,11.008664,False,5e-06
006001.000180,9,2s2.2p.(2P*<3/2>).8p,2[5/2],3.0,3,True,7,11.014279,False,5e-06
006001.000182,9,2s2.2p.(2P*<3/2>).8p,2[5/2],2.0,2,True,5,11.023878,False,5e-06
006001.000181,9,2s2.2p.(2P*<3/2>).8p,2[3/2],2.0,2,True,5,11.018972,False,4e-06
006001.000183,9,2s2.2p.(2P*<3/2>).8p,2[1/2],0.0,0,True,1,11.029715,False,5e-06
006001.000184,9,2s2.2p.(2P*<1/2>).8d,2[5/2]*,2.0,2,True,5,11.04131,False,5e-06
006001.000187,9,2s2.2p.(2P*<1/2>).8d,2[5/2]*,3.0,3,True,7,11.044755,False,2.4e-05
006001.000185,9,2s2.2p.(2P*<1/2>).8d,2[3/2]*,2.0,2,True,5,11.0447,False,0.0003
006001.000189,9,2s2.2p.(2P*<1/2>).8d,2[3/2]*,1.0,1,True,3,11.045907,False,1.5e-05
006001.000186,9,2s2.2p.(2P*<1/2>).9s,2[1/2]*,0.0,0,True,1,11.044716,False,6e-06
006001.000188,9,2s2.2p.(2P*<1/2>).9s,2[1/2]*,1.0,1,True,3,11.045181,False,6e-06
006001.000190,9,2s2.2p.(2P*<1/2>).8f,2[5/2],2.0,2,True,5,11.047216,False,4e-06
006001.000191,9,2s2.2p.(2P*<1/2>).8f,2[5/2],3.0,3,True,7,11.047219,False,1.1e-05
006001.000324,9,2s2.2p.(2P*<1/2>).8f,2[7/2],4.0,4,True,9,11.047224,False,1.1e-05
006001.000323,9,2s2.2p.(2P*<1/2>).8f,2[7/2],3.0,3,True,7,11.047224,False,1.1e-05
006001.000325,9,2s2.2p.(2P*<3/2>).9s,2[3/2]*,2.0,2,True,5,11.04971,False,0.00021
006001.000195,9,2s2.2p.(2P*<3/2>).9s,2[3/2]*,1.0,1,True,3,11.053111,False,5e-06
006001.000192,9,2s2.2p.(2P*<3/2>).8d,2[7/2]*,4.0,4,True,9,11.051527,True,1e-05
006001.000196,9,2s2.2p.(2P*<3/2>).8d,2[7/2]*,3.0,3,True,7,11.053899,False,5e-06
006001.000193,9,2s2.2p.(2P*<3/2>).8d,2[5/2]*,2.0,2,True,5,11.052284,False,4e-06
006001.000194,9,2s2.2p.(2P*<3/2>).8d,2[5/2]*,3.0,3,True,7,11.052451,False,2.4e-05
006001.000197,9,2s2.2p.(2P*<3/2>).8f,2[7/2],4.0,4,True,9,11.054698,False,1.1e-05
006001.000326,9,2s2.2p.(2P*<3/2>).8f,2[7/2],3.0,3,True,7,11.054698,False,1.1e-05
006001.000198,9,2s2.2p.(2P*<3/2>).8d,2[3/2]*,2.0,2,True,5,11.05475,False,5e-05
006001.000199,9,2s2.2p.(2P*<3/2>).8d,2[3/2]*,1.0,1,True,3,11.055019,False,5e-06
006001.000431,9,2s2.2p.(2P*<3/2>).8f,2[5/2],3.0,3,True,7,11.055041,True,2.4e-05
006001.000432,9,2s2.2p.(2P*<3/2>).8f,2[5/2],2.0,2,True,5,11.055041,True,2.4e-05
006001.000433,9,2s2.2p.(2P*<3/2>).8f,2[9/2],5.0,5,True,11,11.05532,True,6e-05
006001.000434,9,2s2.2p.(2P*<3/2>).8f,2[9/2],4.0,4,True,9,11.05532,True,6e-05
006001.000201,9,2s2.2p.(2P*<3/2>).8d,2[1/2]*,0.0,0,True,1,11.05557,False,0.00021
006001.000200,9,2s2.2p.(2P*<3/2>).8d,2[1/2]*,1.0,1,True,3,11.055672,False,2.4e-05
006001.000435,9,2s2.2p.(2P*<3/2>).8f,2[3/2],1.0,1,True,3,11.05566,True,3e-05
006001.000436,9,2s2.2p.(2P*<3/2>).8f,2[3/2],2.0,2,True,5,11.05566,True,3e-05
006001.000202,9,2s2.2p.(2P*<1/2>).9p,2[3/2],1.0,1,True,3,11.063411,False,5e-06
006001.000203,9,2s2.2p.(2P*<3/2>).9p,2[5/2],3.0,3,True,7,11.071681,False,5e-06
006001.000204,9,2s2.2p.(2P*<3/2>).9p,2[5/2],2.0,2,True,5,11.078002,False,5e-06
006001.000205,9,2s2.2p.(2P*<3/2>).9p,2[1/2],0.0,0,True,1,11.08191,False,5e-06
006001.000206,9,2s2.2p.(2P*<1/2>).9d,2[5/2]*,2.0,2,True,5,11.088092,False,5e-06
006001.000208,9,2s2.2p.(2P*<1/2>).9d,2[5/2]*,3.0,3,True,7,11.09033,False,2.4e-05
006001.000207,9,2s2.2p.(2P*<1/2>).9d,2[3/2]*,2.0,2,True,5,11.09021,False,0.00021
006001.000210,9,2s2.2p.(2P*<1/2>).9d,2[3/2]*,1.0,1,True,3,11.091149,False,2e-05
006001.000327,9,2s2.2p.(2P*<1/2>).10s,2[1/2]*,0.0,0,True,1,11.09021,False,0.00021
006001.000209,9,2s2.2p.(2P*<1/2>).10s,2[1/2]*,1.0,1,True,3,11.090616,False,6e-06
006001.000328,9,2s2.2p.(2P*<3/2>).9d,2[7/2]*,4.0,4,True,9,11.097328,True,1.1e-05
006001.000214,9,2s2.2p.(2P*<3/2>).9d,2[7/2]*,3.0,3,True,7,11.09896,False,5e-06
006001.000211,9,2s2.2p.(2P*<3/2>).9d,2[5/2]*,2.0,2,True,5,11.097883,False,5e-06
006001.000212,9,2s2.2p.(2P*<3/2>).9d,2[5/2]*,3.0,3,True,7,11.09825,False,0.0001
006001.000213,9,2s2.2p.(2P*<3/2>).10s,2[3/2]*,1.0,1,True,3,11.098407,False,2.1e-05
006001.000215,9,2s2.2p.(2P*<3/2>).9d,2[3/2]*,2.0,2,True,5,11.09949,False,0.0001
006001.000216,9,2s2.2p.(2P*<3/2>).9d,2[3/2]*,1.0,1,True,3,11.099755,False,6e-06
006001.000329,9,2s2.2p.(2P*<3/2>).9d,2[1/2]*,1.0,1,True,3,11.09995,False,6e-05
006001.000330,9,2s2.2p.(2P*<3/2>).9d,2[1/2]*,0.0,0,True,1,11.10022,False,0.00021
006001.000217,9,2s2.2p.(2P*<1/2>).10p,2[3/2],1.0,1,True,3,11.103472,False,5e-06
006001.000218,9,2s2.2p.(2P*<3/2>).10p,2[5/2],3.0,3,True,7,11.111599,False,5e-06
006001.000219,9,2s2.2p.(2P*<3/2>).10p,2[1/2],0.0,0,True,1,11.118671,False,5e-06
006001.000331,9,2s2.2p.(2P*<1/2>).10d,2[5/2]*,2.0,2,True,5,11.12113,False,4e-05
006001.000220,9,2s2.2p.(2P*<1/2>).10d,2[5/2]*,3.0,3,True,7,11.122796,False,2.4e-05
006001.000332,9,2s2.2p.(2P*<1/2>).11s,2[1/2]*,1.0,1,True,3,11.12273,False,0.00021
006001.000333,9,2s2.2p.(2P*<1/2>).11s,2[1/2]*,0.0,0,True,1,11.12287,False,0.00021
006001.000004,9,2s2.2p.(2P*<1/2>).10d,2[3/2]*,2.0,2,True,5,11.12302,False,7e-05
006001.000221,9,2s2.2p.(2P*<1/2>).10d,2[3/2]*,1.0,1,True,3,11.123407,False,1.9e-05
006001.000005,9,2s2.2p.(2P*<3/2>).10d,2[7/2]*,4.0,4,True,9,11.130008,True,1.1e-05
006001.000224,9,2s2.2p.(2P*<3/2>).10d,2[7/2]*,3.0,3,True,7,11.13119,False,5e-05
006001.000222,9,2s2.2p.(2P*<3/2>).10d,2[5/2]*,2.0,2,True,5,11.13042,False,7e-06
006001.000223,9,2s2.2p.(2P*<3/2>).10d,2[5/2]*,3.0,3,True,7,11.13046,False,6e-05
006001.000225,9,2s2.2p.(2P*<3/2>).10d,2[3/2]*,1.0,1,True,3,11.131683,False,1.7e-05
006001.000335,9,2s2.2p.(2P*<3/2>).10d,2[3/2]*,2.0,2,True,5,11.13177,False,5e-05
006001.000334,9,2s2.2p.(2P*<3/2>).10d,2[1/2]*,1.0,1,True,3,11.13172,False,9e-05
006001.000336,9,2s2.2p.(2P*<3/2>).10d,2[1/2]*,0.0,0,True,1,11.132,False,0.0003
006001.000226,9,2s2.2p.(2P*<1/2>).11p,2[3/2],1.0,1,True,3,11.132446,False,1.4e-05
006001.000337,9,2s2.2p.(2P*<1/2>).11d,2[5/2]*,2.0,2,True,5,11.14563,False,0.00015
006001.000227,9,2s2.2p.(2P*<1/2>).11d,2[5/2]*,3.0,3,True,7,11.146806,False,2.4e-05
006001.000338,9,2s2.2p.(2P*<1/2>).12s,2[1/2]*,1.0,1,True,3,11.1466,False,0.00014
006001.000339,9,2s2.2p.(2P*<1/2>).12s,2[1/2]*,0.0,0,True,1,11.14685,False,0.00021
006001.000340,9,2s2.2p.(2P*<1/2>).11d,2[3/2]*,2.0,2,True,5,11.14685,False,0.00021
006001.000228,9,2s2.2p.(2P*<1/2>).11d,2[3/2]*,1.0,1,True,3,11.14699,False,4e-05
006001.000229,9,2s2.2p.(2P*<3/2>).11d,2[5/2]*,2.0,2,True,5,11.154448,False,7e-06
006001.000230,9,2s2.2p.(2P*<3/2>).11d,2[5/2]*,3.0,3,True,7,11.1549,False,0.0004
006001.000341,9,2s2.2p.(2P*<3/2>).12s,2[3/2]*,1.0,1,True,3,11.154767,False,1.7e-05
006001.000231,9,2s2.2p.(2P*<3/2>).11d,2[7/2]*,3.0,3,True,7,11.155031,False,2.4e-05
006001.000232,9,2s2.2p.(2P*<3/2>).11d,2[3/2]*,1.0,1,True,3,11.155419,False,2.1e-05
006001.000344,9,2s2.2p.(2P*<3/2>).11d,2[3/2]*,2.0,2,True,5,11.1556,False,0.0003
006001.000343,9,2s2.2p.(2P*<3/2>).11d,2[1/2]*,0.0,0,True,1,11.1556,False,0.0003
006001.000342,9,2s2.2p.(2P*<3/2>).11d,2[1/2]*,1.0,1,True,3,11.15559,False,5e-05
006001.000345,9,2s2.2p.(2P*<1/2>).13s,2[1/2]*,1.0,1,True,3,11.16495,False,0.00021
006001.000346,9,2s2.2p.(2P*<1/2>).13s,2[1/2]*,0.0,0,True,1,11.16498,False,0.00021
006001.000233,9,2s2.2p.(2P*<1/2>).12d,2[5/2]*,3.0,3,True,7,11.164967,False,2.4e-05
006001.000347,9,2s2.2p.(2P*<1/2>).12d,2[3/2]*,2.0,2,True,5,11.16498,False,0.00021
006001.000234,9,2s2.2p.(2P*<1/2>).12d,2[3/2]*,1.0,1,True,3,11.16532,False,1.7e-05
006001.000349,9,2s2.2p.(2P*<3/2>).12d,2[5/2]*,2.0,2,True,5,11.17232,False,0.00019
006001.000348,9,2s2.2p.(2P*<3/2>).12d,2[5/2]*,3.0,3,True,7,11.17271,False,7e-05
006001.000235,9,2s2.2p.(2P*<3/2>).13s,2[3/2]*,1.0,1,True,3,11.1729,False,6e-05
006001.000236,9,2s2.2p.(2P*<3/2>).12d,2[7/2]*,3.0,3,True,7,11.17315,False,4e-05
006001.000350,9,2s2.2p.(2P*<3/2>).12d,2[1/2]*,0.0,0,True,1,11.1732,False,0.0003
006001.000352,9,2s2.2p.(2P*<3/2>).12d,2[1/2]*,1.0,1,True,3,11.17327,False,0.00017
006001.000351,9,2s2.2p.(2P*<3/2>).12d,2[3/2]*,2.0,2,True,5,11.17327,False,0.00017
006001.000237,9,2s2.2p.(2P*<3/2>).12d,2[3/2]*,1.0,1,True,3,11.17344,False,1.9e-05
006001.000353,9,2s2.2p.(2P*<1/2>).14s,2[1/2]*,1.0,1,True,3,11.1788,False,0.0003
006001.000354,9,2s2.2p.(2P*<1/2>).14s,2[1/2]*,0.0,0,True,1,11.17921,False,0.00021
006001.000238,9,2s2.2p.(2P*<1/2>).13d,2[5/2]*,3.0,3,True,7,11.17911,False,4e-05
006001.000355,9,2s2.2p.(2P*<1/2>).13d,2[3/2]*,2.0,2,True,5,11.17921,False,0.00021
006001.000239,9,2s2.2p.(2P*<1/2>).13d,2[3/2]*,1.0,1,True,3,11.179408,False,1.6e-05
006001.000356,9,2s2.2p.(2P*<3/2>).13d,2[5/2]*,3.0,3,True,7,11.18693,False,0.00021
006001.000357,9,2s2.2p.(2P*<3/2>).13d,2[5/2]*,2.0,2,True,5,11.18697,False,0.00012
006001.000240,9,2s2.2p.(2P*<3/2>).14s,2[3/2]*,1.0,1,True,3,11.187064,False,2.4e-05
006001.000358,9,2s2.2p.(2P*<3/2>).13d,2[1/2]*,1.0,1,True,3,11.1871,False,0.0004
006001.000359,9,2s2.2p.(2P*<3/2>).13d,2[1/2]*,0.0,0,True,1,11.1871,False,0.0004
006001.000360,9,2s2.2p.(2P*<3/2>).13d,2[3/2]*,2.0,2,True,5,11.18711,False,5e-05
006001.000242,9,2s2.2p.(2P*<3/2>).13d,2[3/2]*,1.0,1,True,3,11.187362,False,1.9e-05
006001.000241,9,2s2.2p.(2P*<3/2>).13d,2[7/2]*,3.0,3,True,7,11.187197,False,2.4e-05
006001.000361,9,2s2.2p.(2P*<1/2>).14d,2[3/2]*,2.0,2,True,5,11.19021,False,0.0001
006001.000244,9,2s2.2p.(2P*<1/2>).14d,2[3/2]*,1.0,1,True,3,11.1907,False,3e-05
006001.000362,9,2s2.2p.(2P*<1/2>).15s,2[1/2]*,0.0,0,True,1,11.19023,False,0.00021
006001.000363,9,2s2.2p.(2P*<1/2>).15s,2[1/2]*,1.0,1,True,3,11.19047,False,6e-05
006001.000243,9,2s2.2p.(2P*<1/2>).14d,2[5/2]*,3.0,3,True,7,11.19039,False,2.4e-05
006001.000365,9,2s2.2p.(2P*<3/2>).14d,2[5/2]*,3.0,3,True,7,11.198,False,0.00021
006001.000364,9,2s2.2p.(2P*<3/2>).14d,2[5/2]*,2.0,2,True,5,11.198,False,0.00021
006001.000366,9,2s2.2p.(2P*<3/2>).15s,2[3/2]*,1.0,1,True,3,11.1983,False,6e-05
006001.000245,9,2s2.2p.(2P*<3/2>).14d,2[7/2]*,3.0,3,True,7,11.198335,False,2.4e-05
006001.000246,9,2s2.2p.(2P*<3/2>).14d,2[3/2]*,1.0,1,True,3,11.198544,False,2.4e-05
006001.000367,9,2s2.2p.(2P*<3/2>).14d,2[3/2]*,2.0,2,True,5,11.1989,False,0.0004
006001.000368,9,2s2.2p.(2P*<3/2>).14d,2[1/2]*,1.0,1,True,3,11.1989,False,0.0004
006001.000369,9,2s2.2p.(2P*<3/2>).14d,2[1/2]*,0.0,0,True,1,11.1989,False,0.0004
006001.000370,9,2s2.2p.(2P*<1/2>).16s,2[1/2]*,1.0,1,True,3,11.199,False,0.00021
006001.000371,9,2s2.2p.(2P*<1/2>).16s,2[1/2]*,0.0,0,True,1,11.19951,False,0.00021
006001.000247,9,2s2.2p.(2P*<1/2>).15d,2[5/2]*,3.0,3,True,7,11.199453,False,2.5e-05
006001.000372,9,2s2.2p.(2P*<1/2>).15d,2[3/2]*,2.0,2,True,5,11.19985,False,0.00014
006001.000249,9,2s2.2p.(2P*<1/2>).16d,2[5/2]*,3.0,3,True,7,11.20681,False,7e-05
006001.000374,9,2s2.2p.(2P*<1/2>).17s,2[1/2]*,0.0,0,True,1,11.20696,False,0.00021
006001.000373,9,2s2.2p.(2P*<1/2>).16d,2[3/2]*,2.0,2,True,5,11.20708,False,5e-05
006001.000375,9,2s2.2p.(2P*<3/2>).15d,2[5/2]*,2.0,2,True,5,11.2074,False,0.00021
006001.000376,9,2s2.2p.(2P*<3/2>).15d,2[5/2]*,3.0,3,True,7,11.2074,False,0.00021
006001.000248,9,2s2.2p.(2P*<3/2>).15d,2[7/2]*,3.0,3,True,7,11.207419,False,2.4e-05
006001.000250,9,2s2.2p.(2P*<3/2>).15d,2[3/2]*,1.0,1,True,3,11.2076,False,3e-05
006001.000377,9,2s2.2p.(2P*<3/2>).15d,2[3/2]*,2.0,2,True,5,11.2077,False,0.0003
006001.000379,9,2s2.2p.(2P*<3/2>).15d,2[1/2]*,0.0,0,True,1,11.2077,False,0.0003
006001.000378,9,2s2.2p.(2P*<3/2>).15d,2[1/2]*,1.0,1,True,3,11.2077,False,0.0003
006001.000251,9,2s2.2p.(2P*<1/2>).17d,2[5/2]*,3.0,3,True,7,11.212923,False,2.4e-05
006001.000380,9,2s2.2p.(2P*<3/2>).16d,2[5/2]*,2.0,2,True,5,11.21474,False,0.00021
006001.000381,9,2s2.2p.(2P*<3/2>).16d,2[5/2]*,3.0,3,True,7,11.21474,False,0.00021
006001.000252,9,2s2.2p.(2P*<3/2>).16d,2[7/2]*,3.0,3,True,7,11.214761,False,2.4e-05
006001.000253,9,2s2.2p.(2P*<3/2>).16d,2[3/2]*,1.0,1,True,3,11.21494,False,2.1e-05
006001.000254,9,2s2.2p.(2P*<1/2>).18d,2[5/2]*,3.0,3,True,7,11.218044,False,2.4e-05
006001.000382,9,2s2.2p.(2P*<3/2>).17d,2[5/2]*,2.0,2,True,5,11.22067,False,6e-05
006001.000383,9,2s2.2p.(2P*<3/2>).17d,2[5/2]*,3.0,3,True,7,11.22094,False,0.00021
006001.000255,9,2s2.2p.(2P*<3/2>).17d,2[7/2]*,3.0,3,True,7,11.220907,False,2.4e-05
006001.000256,9,2s2.2p.(2P*<3/2>).17d,2[3/2]*,1.0,1,True,3,11.220957,False,1.7e-05
006001.000257,9,2s2.2p.(2P*<1/2>).19d,2[5/2]*,3.0,3,True,7,11.22233,False,4e-05
006001.000385,9,2s2.2p.(2P*<3/2>).18d,2[5/2]*,3.0,3,True,7,11.22593,False,0.00021
006001.000384,9,2s2.2p.(2P*<3/2>).18d,2[5/2]*,2.0,2,True,5,11.22593,False,0.00021
006001.000258,9,2s2.2p.(2P*<3/2>).18d,2[7/2]*,3.0,3,True,7,11.22601,False,7e-05
006001.000260,9,2s2.2p.(2P*<3/2>).18d,2[3/2]*,1.0,1,True,3,11.226134,False,1.7e-05
006001.000259,9,2s2.2p.(2P*<1/2>).20d,2[5/2]*,3.0,3,True,7,11.22622,False,9e-05
006001.000261,9,2s2.2p.(2P*<1/2>).21d,2[5/2]*,3.0,3,True,7,11.229286,False,2.4e-05
006001.000386,9,2s2.2p.(2P*<3/2>).19d,2[5/2]*,3.0,3,True,7,11.2298,False,0.0003
006001.000387,9,2s2.2p.(2P*<3/2>).19d,2[5/2]*,2.0,2,True,5,11.2298,False,0.0003
006001.000262,9,2s2.2p.(2P*<3/2>).19d,2[7/2]*,3.0,3,True,7,11.230324,False,2.4e-05
006001.000263,9,2s2.2p.(2P*<3/2>).19d,2[3/2]*,1.0,1,True,3,11.23036,True,0.00025
006001.000264,9,2s2.2p.(2P*<1/2>).22d,2[5/2]*,3.0,3,True,7,11.232035,False,2.4e-05
006001.000388,9,2s2.2p.(2P*<3/2>).20d,2[5/2]*,2.0,2,True,5,11.2336,False,0.0003
006001.000389,9,2s2.2p.(2P*<3/2>).20d,2[5/2]*,3.0,3,True,7,11.2336,False,0.0003
006001.000265,9,2s2.2p.(2P*<3/2>).20d,2[7/2]*,3.0,3,True,7,11.23416,False,4e-05
006001.000266,9,2s2.2p.(2P*<3/2>).20d,2[3/2]*,1.0,1,True,3,11.23422,False,5e-05
006001.000267,9,2s2.2p.(2P*<3/2>).21d,2[7/2]*,3.0,3,True,7,11.23725,False,9e-05
006001.000268,9,2s2.2p.(2P*<3/2>).22d,2[7/2]*,3.0,3,True,7,11.23991,False,0.0001
006001.000269,9,2s2.2p.(2P*<3/2>).23d,2[7/2]*,3.0,3,True,7,11.24237,True,5e-05
006001.000270,9,2s2.2p.(2P*<3/2>).24d,2[7/2]*,3.0,3,True,7,11.244432,False,2.4e-05
006001.000271,9,2s2.2p.(2P*<3/2>).25d,2[7/2]*,3.0,3,True,7,11.24633,True,5e-05
006001.000272,9,2s2.2p.(2P*<3/2>).26d,2[7/2]*,3.0,3,True,7,11.24798,True,5e-05
006001.000273,9,2s2.2p.(2P*<3/2>).27d,2[7/2]*,3.0,3,True,7,11.249448,False,2.4e-05
006001.000274,9,2s2.2p.(2P*<3/2>).28d,2[7/2]*,3.0,3,True,7,11.250807,False,2.4e-05
006001.000275,9,2s2.2p.(2P*<3/2>).29d,2[7/2]*,3.0,3,True,7,11.25204,False,4e-05
006001.Lim001,9,C II (2s2.2p 2P*<1/2>),Limit,,---,False,,11.260288,False,1.1e-06
006001.Lim002,9,C II (2s2.2p 2P*<3/2>),Limit,,---,False,,11.268148,False,1.1e-06
006001.000278,9,2s.2p2.(4P).3s,5P,1.0,1,True,3,12.83753,False,3e-05
006001.000279,9,2s.2p2.(4P).3s,5P,2.0,2,True,5,12.84009,False,1.2e-05
006001.000280,9,2s.2p2.(4P).3s,5P,3.0,3,True,7,12.843173,False,1.9e-05
006001.000437,9,2s.2p3,1D*,2.0,2,True,5,12.8648,True,0.0024
006001.000281,9,2s.2p3,3S*,1.0,1,True,3,13.117419,False,5e-07
006001.000390,9,2s.2p2.(4P).3p,3D*,1.0,1,True,3,14.266,False,0.005
006001.000391,9,2s.2p2.(4P).3p,3D*,2.0,2,True,5,14.267,False,0.006
006001.000392,9,2s.2p2.(4P).3p,3D*,3.0,3,True,7,14.268,False,0.007
006001.000282,9,2s.2p3,1P*,1.0,1,True,3,14.2841,True,0.0024
006001.000393,9,2s.2p2.(4P).4p,3D*,1.0,1,True,3,15.43751,False,0.0002
006001.000394,9,2s.2p2.(4P).4p,3D*,2.0,2,True,5,15.44567,False,0.00017
006001.000395,9,2s.2p2.(4P).4p,3D*,3.0,3,True,7,15.45108,False,0.0002
006001.000396,9,2s.2p2.(4P).5p,3D*,1.0,1,True,3,15.89265,False,0.00012
006001.000397,9,2s.2p2.(4P).5p,3D*,2.0,2,True,5,15.90221,False,0.0002
006001.000398,9,2s.2p2.(4P).5p,3D*,3.0,3,True,7,15.90732,False,0.0002
006001.000399,9,2s.2p2.(4P).6p,3D*,1.0,1,True,3,16.12639,False,0.00016
006001.000400,9,2s.2p2.(4P).6p,3D*,3.0,3,True,7,16.13719,False,0.00021
006001.000401,9,2s.2p2.(4P).7p,3D*,1.0,1,True,3,16.26169,False,0.00019
006001.000402,9,2s.2p2.(4P).7p,3D*,3.0,3,True,7,16.26881,False,0.00021
006001.000403,9,2s.2p2.(4P).8p,3D*,1.0,1,True,3,16.3454,False,0.0003
006001.000404,9,2s.2p2.(4P).8p,3D*,3.0,3,True,7,16.35114,False,0.00021
006001.000405,9,2s.2p2.(4P).9p,3D*,1.0,1,True,3,16.39853,False,0.00019
006001.000406,9,2s.2p2.(4P).9p,3D*,3.0,3,True,7,16.40627,False,0.00021
006001.000407,9,2s.2p2.(4P).10p,3D*,1.0,1,True,3,16.43706,False,0.00022
006001.000408,9,2s.2p2.(4P).10p,3D*,3.0,3,True,7,16.44433,False,0.00022
006001.000409,9,2s.2p2.(4P).11p,3D*,1.0,1,True,3,16.46565,False,0.00022
006001.000410,9,2s.2p2.(4P).11p,3D*,3.0,3,True,7,16.47228,False,0.00022
006001.000411,9,2s.2p2.(4P).12p,3D*,1.0,1,True,3,16.48645,False,0.00022
006001.000412,9,2s.2p2.(4P).12p,3D*,3.0,3,True,7,16.49286,False,0.00022
006001.000413,9,2s.2p2.(4P).13p,3D*,1.0,1,True,3,16.50202,False,0.00022
006001.000414,9,2s.2p2.(4P).13p,3D*,3.0,3,True,7,16.50933,False,0.00022
006001.000415,9,2s.2p2.(4P).14p,3D*,3.0,3,True,7,16.52164,False,0.00022
006002.000001,10,2s2.2p,2P*,0.5,1/2,True,2,0.0,False,0.0
006002.000002,10,2s2.2p,2P*,1.5,3/2,True,4,0.007859989,False,3e-09
006002.000003,10,2s.2p2,4P,0.5,1/2,True,2,5.33167,False,4e-05
006002.000004,10,2s.2p2,4P,1.5,3/2,True,4,5.33441,False,4e-05
006002.000005,10,2s.2p2,4P,2.5,5/2,True,6,5.33792,False,4e-05
006002.000006,10,2s.2p2,2D,2.5,5/2,True,6,9.2901455,False,2.1e-06
006002.000007,10,2s.2p2,2D,1.5,3/2,True,4,9.290459,False,3e-06
006002.000008,10,2s.2p2,2S,0.5,1/2,True,2,11.963687,False,3e-06
006002.000009,10,2s.2p2,2P,0.5,1/2,True,2,13.71565,False,5e-06
006002.000010,10,2s.2p2,2P,1.5,3/2,True,4,13.720784,False,5e-06
006002.000011,10,2s2.3s,2S,0.5,1/2,True,2,14.4488269,False,2.4e-06
006002.000012,10,2s2.3p,2P*,0.5,1/2,True,2,16.3317419,False,2.4e-06
006002.000013,10,2s2.3p,2P*,1.5,3/2,True,4,16.3331238,False,2.4e-06
006002.000014,10,2p3,4S*,1.5,3/2,True,4,17.60901,False,4e-05
006002.000015,10,2s2.3d,2D,1.5,3/2,True,4,18.045807,False,4e-06
006002.000016,10,2s2.3d,2D,2.5,5/2,True,6,18.045987,False,4e-06
006002.000017,10,2p3,2D*,2.5,5/2,True,6,18.654858,False,9e-06
006002.000018,10,2p3,2D*,1.5,3/2,True,4,18.655493,False,6e-06
006002.000019,10,2s2.4s,2S,0.5,1/2,True,2,19.494538,False,4e-06
006002.000020,10,2s2.4p,2P*,0.5,1/2,True,2,20.149652,False,5e-06
006002.000021,10,2s2.4p,2P*,1.5,3/2,True,4,20.150477,False,4e-06
006002.000022,10,2s.2p.(3P*).3s,4P*,0.5,1/2,True,2,20.701289,False,6e-06
006002.000023,10,2s.2p.(3P*).3s,4P*,1.5,3/2,True,4,20.704213,False,6e-06
006002.000024,10,2s.2p.(3P*).3s,4P*,2.5,5/2,True,6,20.709791,False,6e-06
006002.000025,10,2s2.4d,2D,1.5,3/2,True,4,20.84474,False,1.4e-05
006002.000026,10,2s2.4d,2D,2.5,5/2,True,6,20.844765,False,1.4e-05
006002.000027,10,2p3,2P*,0.5,1/2,True,2,20.919793,False,5e-06
006002.000028,10,2p3,2P*,1.5,3/2,True,4,20.922118,False,4e-06
006002.000029,10,2s2.4f,2F*,2.5,5/2,True,6,20.950632,False,6e-06
006002.000030,10,2s2.4f,2F*,3.5,7/2,True,8,20.950654,False,5e-06
006002.000031,10,2s2.5s,2S,0.5,1/2,True,2,21.492405,False,1.6e-05
006002.000032,10,2s2.5p,2P*,0.5,1/2,True,2,21.732863,False,5e-06
006002.000033,10,2s2.5p,2P*,1.5,3/2,True,4,21.733778,False,5e-06
006002.000034,10,2s.2p.(3P*).3s,2P*,0.5,1/2,True,2,22.041235,False,7e-06
006002.000035,10,2s.2p.(3P*).3s,2P*,1.5,3/2,True,4,22.043587,False,6e-06
006002.000036,10,2s2.5d,2D,1.5,3/2,True,4,22.130595,False,6e-06
006002.000037,10,2s2.5d,2D,2.5,5/2,True,6,22.130626,False,1.2e-05
006002.000038,10,2s2.5f,2F*,2.5,5/2,True,6,22.187763,False,1.2e-05
006002.000039,10,2s2.5f,2F*,3.5,7/2,True,8,22.187773,False,1.2e-05
006002.000040,10,2s2.5g,2G,3.5,7/2,True,8,22.202225,False,9e-06
006002.000041,10,2s2.5g,2G,4.5,9/2,True,10,22.202234,False,9e-06
006002.000042,10,2s2.6s,2S,0.5,1/2,True,2,22.4739,False,1e-05
006002.000043,10,2s.2p.(3P*).3p,4D,0.5,1/2,True,2,22.527518,False,6e-06
006002.000044,10,2s.2p.(3P*).3p,4D,1.5,3/2,True,4,22.529299,False,6e-06
006002.000045,10,2s.2p.(3P*).3p,4D,2.5,5/2,True,6,22.5324,False,6e-06
006002.000046,10,2s.2p.(3P*).3p,4D,3.5,7/2,True,8,22.536905,False,6e-06
006002.000047,10,2s.2p.(3P*).3p,2P,0.5,1/2,True,2,22.568086,False,5e-06
006002.000048,10,2s.2p.(3P*).3p,2P,1.5,3/2,True,4,22.570504,False,4e-06
006002.000049,10,2s2.6p,2P*,0.5,1/2,True,2,22.688229,False,2.2e-05
006002.000050,10,2s2.6p,2P*,1.5,3/2,True,4,22.688255,False,1.9e-05
006002.000051,10,2s2.6d,2D,1.5,3/2,True,4,22.82235,False,2.4e-05
006002.000052,10,2s2.6d,2D,2.5,5/2,True,6,22.822436,False,1.9e-05
006002.000053,10,2s2.6f,2F*,2.5,5/2,True,6,22.859729,False,1.5e-05
006002.000054,10,2s2.6f,2F*,3.5,7/2,True,8,22.859734,False,1.5e-05
006002.000055,10,2s2.6g,2G,3.5,7/2,True,8,22.868823,False,1.4e-05
006002.000056,10,2s2.6g,2G,4.5,9/2,True,10,22.868828,False,1.4e-05
006002.000057,10,2s2.6h,2H*,4.5,9/2,True,10,22.870635,True,1.7e-05
006002.000058,10,2s2.6h,2H*,5.5,11/2,True,12,22.870635,True,1.7e-05
006002.000059,10,2s.2p.(3P*).3p,4S,1.5,3/2,True,4,22.898766,False,6e-06
006002.000060,10,2s2.7s,2S,0.5,1/2,True,2,23.027948,False,2e-05
006002.000061,10,2s.2p.(3P*).3p,4P,0.5,1/2,True,2,23.114048,False,6e-06
006002.000062,10,2s.2p.(3P*).3p,4P,1.5,3/2,True,4,23.116074,False,6e-06
006002.000063,10,2s.2p.(3P*).3p,4P,2.5,5/2,True,6,23.118841,False,6e-06
006002.000064,10,2s2.7p,2P*,0.5,1/2,True,2,23.15347,False,6e-05
006002.000065,10,2s2.7p,2P*,1.5,3/2,True,4,23.15359,False,3e-05
006002.000066,10,2s2.7d,2D,1.5,3/2,True,4,23.22886,False,5e-05
006002.000067,10,2s2.7d,2D,2.5,5/2,True,6,23.22886,False,5e-05
006002.000068,10,2s2.7f,2F*,2.5,5/2,True,6,23.264628,False,2.2e-05
006002.000069,10,2s2.7f,2F*,3.5,7/2,True,8,23.264631,False,2.2e-05
006002.000070,10,2s2.7g,2G,3.5,7/2,True,8,23.270759,False,1.6e-05
006002.000071,10,2s2.7g,2G,4.5,9/2,True,10,23.270763,False,1.6e-05
006002.000072,10,2s2.7h,2H*,4.5,9/2,True,10,23.271946,True,1.5e-05
006002.000073,10,2s2.7h,2H*,5.5,11/2,True,12,23.271946,True,1.5e-05
006002.000398,10,2s2.7i,2I,5.5,11/2,True,12,23.272303,True,1.4e-05
006002.000399,10,2s2.7i,2I,6.5,13/2,True,14,23.272303,True,1.4e-05
006002.000432,10,2s2.8s,2S,0.5,1/2,True,2,23.37158,True,3e-05
006002.000074,10,2s.2p.(3P*).3p,2D,1.5,3/2,True,4,23.381096,False,6e-06
006002.000075,10,2s.2p.(3P*).3p,2D,2.5,5/2,True,6,23.385281,False,1e-05
006002.000208,10,2s2.8f,2F*,2.5,5/2,True,6,23.52747,False,1.1e-05
006002.000209,10,2s2.8f,2F*,3.5,7/2,True,8,23.527471,False,1.1e-05
006002.000076,10,2s2.8g,2G,3.5,7/2,True,8,23.531602,False,1.2e-05
006002.000077,10,2s2.8g,2G,4.5,9/2,True,10,23.531603,False,1.2e-05
006002.000210,10,2s2.8h,2H*,4.5,9/2,True,10,23.532439,False,9e-06
006002.000211,10,2s2.8h,2H*,5.5,11/2,True,12,23.53244,False,9e-06
006002.000400,10,2s2.8i,2I,5.5,11/2,True,12,23.532663,True,1.4e-05
006002.000401,10,2s2.8i,2I,6.5,13/2,True,14,23.532663,True,1.4e-05
006002.000416,10,2s2.8k,2K*,6.5,13/2,True,14,23.532754,True,1.2e-05
006002.000417,10,2s2.8k,2K*,7.5,15/2,True,16,23.532754,True,1.2e-05
006002.000258,10,2s2.8d,2D,1.5,3/2,True,4,23.5332,False,0.0022
006002.000259,10,2s2.8d,2D,2.5,5/2,True,6,23.5337,False,0.0022
006002.000433,10,2s2.9s,2S,0.5,1/2,True,2,23.59933,True,4e-05
006002.000260,10,2s2.9d,2D,1.5,3/2,True,4,23.707,False,0.0023
006002.000261,10,2s2.9d,2D,2.5,5/2,True,6,23.7071,False,0.0023
006002.000212,10,2s2.9f,2F*,2.5,5/2,True,6,23.707425,False,2.1e-05
006002.000213,10,2s2.9f,2F*,3.5,7/2,True,8,23.707426,False,2.1e-05
006002.000214,10,2s2.9g,2G,3.5,7/2,True,8,23.710396,False,1.2e-05
006002.000215,10,2s2.9g,2G,4.5,9/2,True,10,23.710397,False,1.2e-05
006002.000216,10,2s2.9h,2H*,4.5,9/2,True,10,23.710987,True,1.2e-05
006002.000217,10,2s2.9h,2H*,5.5,11/2,True,12,23.710987,True,1.2e-05
006002.000402,10,2s2.9i,2I,5.5,11/2,True,12,23.711166,True,1.4e-05
006002.000403,10,2s2.9i,2I,6.5,13/2,True,14,23.711166,True,1.4e-05
006002.000418,10,2s2.9k,2K*,6.5,13/2,True,14,23.711233,True,1.2e-05
006002.000419,10,2s2.9k,2K*,7.5,15/2,True,16,23.711233,True,1.2e-05
006002.000262,10,2s2.10d,2D,1.5,3/2,True,4,23.8341,False,0.0023
006002.000263,10,2s2.10d,2D,2.5,5/2,True,6,23.8342,False,0.0023
006002.000382,10,2s2.10f,2F*,2.5,5/2,True,6,23.836096,True,1.6e-05
006002.000383,10,2s2.10f,2F*,3.5,7/2,True,8,23.836096,True,1.6e-05
006002.000218,10,2s2.10g,2G,3.5,7/2,True,8,23.838287,False,1.2e-05
006002.000219,10,2s2.10g,2G,4.5,9/2,True,10,23.838288,False,1.2e-05
006002.000220,10,2s2.10h,2H*,4.5,9/2,True,10,23.838734,False,1e-05
006002.000221,10,2s2.10h,2H*,5.5,11/2,True,12,23.838736,False,1e-05
006002.000404,10,2s2.10i,2I,5.5,11/2,True,12,23.838849,True,1.2e-05
006002.000405,10,2s2.10i,2I,6.5,13/2,True,14,23.838849,True,1.2e-05
006002.000420,10,2s2.10k,2K*,6.5,13/2,True,14,23.838898,True,1.2e-05
006002.000421,10,2s2.10k,2K*,7.5,15/2,True,16,23.838898,True,1.2e-05
006002.000264,10,2s2.11d,2D,1.5,3/2,True,4,23.9284,False,0.0023
006002.000265,10,2s2.11d,2D,2.5,5/2,True,6,23.9284,False,0.0023
006002.000230,10,2s2.11f,2F*,2.5,5/2,True,6,23.93119,False,3e-05
006002.000231,10,2s2.11f,2F*,3.5,7/2,True,8,23.93119,False,3e-05
006002.000240,10,2s2.11g,2G,3.5,7/2,True,8,23.932878,False,1.7e-05
006002.000239,10,2s2.11g,2G,4.5,9/2,True,10,23.932879,False,1.7e-05
006002.000254,10,2s2.11h,2H*,4.5,9/2,True,10,23.933217,True,1.2e-05
006002.000256,10,2s2.11h,2H*,5.5,11/2,True,12,23.933217,True,1.2e-05
006002.000406,10,2s2.11i,2I,5.5,11/2,True,12,23.933317,True,1.2e-05
006002.000407,10,2s2.11i,2I,6.5,13/2,True,14,23.933317,True,1.2e-05
006002.000422,10,2s2.11k,2K*,6.5,13/2,True,14,23.933355,True,1.2e-05
006002.000423,10,2s2.11k,2K*,7.5,15/2,True,16,23.933355,True,1.2e-05
006002.000266,10,2s2.12d,2D,1.5,3/2,True,4,24.0029,False,0.0016
006002.000267,10,2s2.12d,2D,2.5,5/2,True,6,24.0029,False,0.0016
006002.000222,10,2s2.12f,2F*,2.5,5/2,True,6,24.00349,False,8e-05
006002.000223,10,2s2.12f,2F*,3.5,7/2,True,8,24.00349,False,8e-05
006002.000246,10,2s2.12g,2G,3.5,7/2,True,8,24.004847,False,1.7e-05
006002.000245,10,2s2.12g,2G,4.5,9/2,True,10,24.004847,False,1.7e-05
006002.000390,10,2s2.12h,2H*,4.5,9/2,True,10,24.00509,True,1.2e-05
006002.000391,10,2s2.12h,2H*,5.5,11/2,True,12,24.00509,True,1.2e-05
006002.000408,10,2s2.12i,2I,5.5,11/2,True,12,24.005168,True,1.2e-05
006002.000409,10,2s2.12i,2I,6.5,13/2,True,14,24.005168,True,1.2e-05
006002.000424,10,2s2.12k,2K*,6.5,13/2,True,14,24.005198,True,1.2e-05
006002.000425,10,2s2.12k,2K*,7.5,15/2,True,16,24.005198,True,1.2e-05
006002.000233,10,2s2.13f,2F*,2.5,5/2,True,6,24.059804,True,1.4e-05
006002.000234,10,2s2.13f,2F*,3.5,7/2,True,8,24.059804,True,1.4e-05
006002.000386,10,2s2.13g,2G,3.5,7/2,True,8,24.060822,True,9e-06
006002.000387,10,2s2.13g,2G,4.5,9/2,True,10,24.060822,True,9e-06
006002.000392,10,2s2.13h,2H*,4.5,9/2,True,10,24.061022,True,1.2e-05
006002.000393,10,2s2.13h,2H*,5.5,11/2,True,12,24.061022,True,1.2e-05
006002.000410,10,2s2.13i,2I,5.5,11/2,True,12,24.061085,True,1.2e-05
006002.000411,10,2s2.13i,2I,6.5,13/2,True,14,24.061085,True,1.2e-05
006002.000426,10,2s2.13k,2K*,6.5,13/2,True,14,24.061109,True,1.2e-05
006002.000427,10,2s2.13k,2K*,7.5,15/2,True,16,24.061109,True,1.2e-05
006002.000236,10,2s2.14f,2F*,2.5,5/2,True,6,24.10424,False,8e-05
006002.000237,10,2s2.14f,2F*,3.5,7/2,True,8,24.10424,False,8e-05
006002.000252,10,2s2.14g,2G,3.5,7/2,True,8,24.10527,False,3e-05
006002.000229,10,2s2.14g,2G,4.5,9/2,True,10,24.10527,False,3e-05
006002.000394,10,2s2.14h,2H*,4.5,9/2,True,10,24.105402,True,1.2e-05
006002.000395,10,2s2.14h,2H*,5.5,11/2,True,12,24.105402,True,1.2e-05
006002.000412,10,2s2.14i,2I,5.5,11/2,True,12,24.105452,True,1.2e-05
006002.000413,10,2s2.14i,2I,6.5,13/2,True,14,24.105452,True,1.2e-05
006002.000428,10,2s2.14k,2K*,6.5,13/2,True,14,24.105472,True,1.2e-05
006002.000429,10,2s2.14k,2K*,7.5,15/2,True,16,24.105472,True,1.2e-05
006002.000268,10,2s2.15d,2D,1.5,3/2,True,4,24.1323,False,0.0023
006002.000269,10,2s2.15d,2D,2.5,5/2,True,6,24.1323,False,0.0023
006002.000384,10,2s2.15f,2F*,2.5,5/2,True,6,24.140407,True,1.4e-05
006002.000385,10,2s2.15f,2F*,3.5,7/2,True,8,24.140407,True,1.4e-05
006002.000388,10,2s2.15g,2G,3.5,7/2,True,8,24.141072,True,1e-05
006002.000389,10,2s2.15g,2G,4.5,9/2,True,10,24.141072,True,1e-05
006002.000396,10,2s2.15h,2H*,4.5,9/2,True,10,24.141204,True,1.2e-05
006002.000397,10,2s2.15h,2H*,5.5,11/2,True,12,24.141204,True,1.2e-05
006002.000415,10,2s2.15i,2I,6.5,13/2,True,14,24.141245,True,1.2e-05
006002.000414,10,2s2.15i,2I,5.5,11/2,True,12,24.141245,True,1.2e-05
006002.000431,10,2s2.15k,2K*,7.5,15/2,True,16,24.141261,True,1.2e-05
006002.000430,10,2s2.15k,2K*,6.5,13/2,True,14,24.141261,True,1.2e-05
006002.000078,10,2s.2p.(3P*).3d,4F*,1.5,3/2,True,4,24.270232,False,6e-06
006002.000079,10,2s.2p.(3P*).3d,4F*,2.5,5/2,True,6,24.271876,False,6e-06
006002.000080,10,2s.2p.(3P*).3d,4F*,3.5,7/2,True,8,24.274339,False,6e-06
006002.000081,10,2s.2p.(3P*).3d,4F*,4.5,9/2,True,10,24.277795,False,6e-06
006002.000082,10,2s.2p.(3P*).3d,4D*,0.5,1/2,True,2,24.37008,False,7e-06
006002.000083,10,2s.2p.(3P*).3d,4D*,1.5,3/2,True,4,24.370757,False,6e-06
006002.000084,10,2s.2p.(3P*).3d,4D*,2.5,5/2,True,6,24.3718,False,6e-06
006002.000085,10,2s.2p.(3P*).3d,4D*,3.5,7/2,True,8,24.373054,False,6e-06
006002.Lim001,10,C III (2s2 1S<0>),Limit,,---,False,,24.383143,False,1.2e-05
006002.000087,10,2s.2p.(3P*).3d,2D*,1.5,3/2,True,4,24.601624,False,5e-06
006002.000088,10,2s.2p.(3P*).3d,2D*,2.5,5/2,True,6,24.602961,False,5e-06
006002.000089,10,2s.2p.(3P*).3d,4P*,2.5,5/2,True,6,24.653514,False,6e-06
006002.000090,10,2s.2p.(3P*).3d,4P*,1.5,3/2,True,4,24.656151,False,6e-06
006002.000091,10,2s.2p.(3P*).3d,4P*,0.5,1/2,True,2,24.657857,False,6e-06
006002.000092,10,2s.2p.(3P*).3d,2F*,2.5,5/2,True,6,24.789558,False,2e-05
006002.000093,10,2s.2p.(3P*).3d,2F*,3.5,7/2,True,8,24.794748,False,1.6e-05
006002.000094,10,2s.2p.(3P*).3d,2P*,1.5,3/2,True,4,25.067108,False,6e-06
006002.000095,10,2s.2p.(3P*).3d,2P*,0.5,1/2,True,2,25.07017,False,6e-06
006002.000096,10,2s.2p.(3P*).4s,4P*,0.5,1/2,True,2,25.981185,False,6e-06
006002.000097,10,2s.2p.(3P*).4s,4P*,1.5,3/2,True,4,25.984173,False,6e-06
006002.000098,10,2s.2p.(3P*).4s,4P*,2.5,5/2,True,6,25.989855,False,6e-06
006002.000099,10,2s.2p.(3P*).4p,2P,0.5,1/2,True,2,26.58275,False,9e-06
006002.000100,10,2s.2p.(3P*).4p,2P,1.5,3/2,True,4,26.585924,False,6e-06
006002.000101,10,2s.2p.(3P*).4p,4D,0.5,1/2,True,2,26.626817,False,1.4e-05
006002.000102,10,2s.2p.(3P*).4p,4D,1.5,3/2,True,4,26.628437,False,7e-06
006002.000103,10,2s.2p.(3P*).4p,4D,2.5,5/2,True,6,26.631221,False,6e-06
006002.000104,10,2s.2p.(3P*).4p,4D,3.5,7/2,True,8,26.635493,False,6e-06
006002.000105,10,2s.2p.(3P*).4p,4S,1.5,3/2,True,4,26.751796,False,6e-06
006002.000106,10,2s.2p.(3P*).4p,4P,0.5,1/2,True,2,26.825558,False,1.1e-05
006002.000107,10,2s.2p.(3P*).4p,4P,1.5,3/2,True,4,26.827651,False,6e-06
006002.000108,10,2s.2p.(3P*).4p,4P,2.5,5/2,True,6,26.830251,False,7e-06
006002.000257,10,2s.2p.(3P*).4p,2D,1.5,3/2,True,4,26.8893,False,0.0012
006002.000109,10,2s.2p.(3P*).4p,2D,2.5,5/2,True,6,26.895,False,0.0011
006002.000270,10,2s.2p.(3P*).4p,2S,0.5,1/2,True,2,27.078,False,0.004
006002.000110,10,2s.2p.(3P*).4d,4F*,1.5,3/2,True,4,27.22166,False,5e-05
006002.000111,10,2s.2p.(3P*).4d,4F*,2.5,5/2,True,6,27.223235,False,1.4e-05
006002.000112,10,2s.2p.(3P*).4d,4F*,3.5,7/2,True,8,27.225788,False,1e-05
006002.000113,10,2s.2p.(3P*).4d,4F*,4.5,9/2,True,10,27.22939,False,5e-05
006002.000114,10,2s.2p.(3P*).4d,4D*,0.5,1/2,True,2,27.292087,False,1.1e-05
006002.000115,10,2s.2p.(3P*).4d,4D*,1.5,3/2,True,4,27.292748,False,9e-06
006002.000116,10,2s.2p.(3P*).4d,4D*,2.5,5/2,True,6,27.29381,False,9e-06
006002.000117,10,2s.2p.(3P*).4d,4D*,3.5,7/2,True,8,27.295185,False,1e-05
006002.000118,10,2s.2p.(3P*).4d,2D*,1.5,3/2,True,4,27.351096,False,1.6e-05
006002.000119,10,2s.2p.(3P*).4d,2D*,2.5,5/2,True,6,27.352706,False,1.2e-05
006002.000120,10,2s.2p.(3P*).4d,4P*,2.5,5/2,True,6,27.377159,False,1e-05
006002.000121,10,2s.2p.(3P*).4d,4P*,1.5,3/2,True,4,27.3797,False,1e-05
006002.000122,10,2s.2p.(3P*).4d,4P*,0.5,1/2,True,2,27.381301,False,1e-05
006002.000123,10,2s.2p.(3P*).4f,2F,2.5,5/2,True,6,27.411529,False,6e-06
006002.000127,10,2s.2p.(3P*).4f,2F,3.5,7/2,True,8,27.413617,False,6e-06
006002.000124,10,2s.2p.(3P*).4f,4F,1.5,3/2,True,4,27.412155,False,6e-06
006002.000125,10,2s.2p.(3P*).4f,4F,3.5,7/2,True,8,27.412647,False,6e-06
006002.000126,10,2s.2p.(3P*).4f,4F,2.5,5/2,True,6,27.412802,False,6e-06
006002.000128,10,2s.2p.(3P*).4f,4F,4.5,9/2,True,10,27.414114,False,9e-06
006002.000129,10,2s.2p.(3P*).4d,2F*,2.5,5/2,True,6,27.457651,False,1.4e-05
006002.000130,10,2s.2p.(3P*).4d,2F*,3.5,7/2,True,8,27.462905,False,1.4e-05
006002.000131,10,2s.2p.(3P*).4f,4G,2.5,5/2,True,6,27.468054,False,7e-06
006002.000132,10,2s.2p.(3P*).4f,4G,3.5,7/2,True,8,27.4692,False,6e-06
006002.000133,10,2s.2p.(3P*).4f,4G,4.5,9/2,True,10,27.471868,False,6e-06
006002.000135,10,2s.2p.(3P*).4f,4G,5.5,11/2,True,12,27.475501,False,9e-06
006002.000134,10,2s.2p.(3P*).4f,2G,3.5,7/2,True,8,27.473311,False,1.1e-05
006002.000136,10,2s.2p.(3P*).4f,2G,4.5,9/2,True,10,27.478084,False,1.1e-05
006002.000137,10,2s.2p.(3P*).4f,4D,3.5,7/2,True,8,27.487106,False,6e-06
006002.000138,10,2s.2p.(3P*).4f,4D,2.5,5/2,True,6,27.48825,False,9e-06
006002.000139,10,2s.2p.(3P*).4f,4D,1.5,3/2,True,4,27.490983,False,7e-06
006002.000141,10,2s.2p.(3P*).4f,4D,0.5,1/2,True,2,27.492608,False,7e-06
006002.000140,10,2s.2p.(3P*).4f,2D,2.5,5/2,True,6,27.490999,False,1e-05
006002.000142,10,2s.2p.(3P*).4f,2D,1.5,3/2,True,4,27.493785,False,7e-06
006002.000143,10,2s.2p.(3P*).4d,2P*,1.5,3/2,True,4,27.55655,False,0.0002
006002.000144,10,2s.2p.(3P*).4d,2P*,0.5,1/2,True,2,27.55989,False,0.0002
006002.000145,10,2s.2p.(3P*).5s,4P*,0.5,1/2,True,2,27.98922,False,5e-05
006002.000146,10,2s.2p.(3P*).5s,4P*,1.5,3/2,True,4,27.99213,False,3e-05
006002.000147,10,2s.2p.(3P*).5s,4P*,2.5,5/2,True,6,27.99786,False,3e-05
006002.000148,10,2s.2p.(3P*).5p,2P,0.5,1/2,True,2,28.253674,False,9e-06
006002.000149,10,2s.2p.(3P*).5p,2P,1.5,3/2,True,4,28.25695,False,1e-05
006002.000150,10,2s.2p.(3P*).5p,4D,0.5,1/2,True,2,28.29054,False,0.00015
006002.000151,10,2s.2p.(3P*).5p,4D,1.5,3/2,True,4,28.29219,False,0.00011
006002.000152,10,2s.2p.(3P*).5p,4D,2.5,5/2,True,6,28.29464,False,0.0001
006002.000153,10,2s.2p.(3P*).5p,4D,3.5,7/2,True,8,28.299002,False,2.2e-05
006002.000154,10,2s.2p.(3P*).5p,4S,1.5,3/2,True,4,28.349833,False,9e-06
006002.000271,10,2s.2p.(3P*).5p,2D,1.5,3/2,True,4,28.3672,False,0.0014
006002.000224,10,2s.2p.(3P*).5p,2D,2.5,5/2,True,6,28.3724,False,0.0014
006002.000225,10,2s.2p.(3P*).5p,4P,0.5,1/2,True,2,28.38401,True,0.00025
006002.000155,10,2s.2p.(3P*).5p,4P,1.5,3/2,True,4,28.3858,False,5e-05
006002.000156,10,2s.2p.(3P*).5p,4P,2.5,5/2,True,6,28.388347,False,1.4e-05
006002.000272,10,2s.2p.(3P*).5p,2S,0.5,1/2,True,2,28.457,False,0.004
006002.000157,10,2s.2p.(3P*).5d,4F*,1.5,3/2,True,4,28.5683,False,0.0004
006002.000158,10,2s.2p.(3P*).5d,4F*,2.5,5/2,True,6,28.57005,False,0.00025
006002.000159,10,2s.2p.(3P*).5d,4F*,3.5,7/2,True,8,28.5732,False,0.00025
006002.000160,10,2s.2p.(3P*).5d,4F*,4.5,9/2,True,10,28.576543,False,1.4e-05
006002.000226,10,2s.2p.(3P*).5d,4D*,0.5,1/2,True,2,28.60925,False,0.00025
006002.000161,10,2s.2p.(3P*).5d,4D*,1.5,3/2,True,4,28.60995,False,0.0001
006002.000162,10,2s.2p.(3P*).5d,4D*,2.5,5/2,True,6,28.61093,False,7e-05
006002.000163,10,2s.2p.(3P*).5d,4D*,3.5,7/2,True,8,28.61242,False,0.00016
006002.000164,10,2s.2p.(3P*).5d,4P*,2.5,5/2,True,6,28.64691,False,7e-05
006002.000165,10,2s.2p.(3P*).5d,4P*,1.5,3/2,True,4,28.6493,False,0.00011
006002.000166,10,2s.2p.(3P*).5d,4P*,0.5,1/2,True,2,28.65107,False,0.00011
006002.000167,10,2s.2p.(3P*).5f,2F,2.5,5/2,True,6,28.6663,False,1.1e-05
006002.000171,10,2s.2p.(3P*).5f,2F,3.5,7/2,True,8,28.668257,False,1.1e-05
006002.000168,10,2s.2p.(3P*).5f,4F,1.5,3/2,True,4,28.66667,False,0.00014
006002.000169,10,2s.2p.(3P*).5f,4F,2.5,5/2,True,6,28.66723,False,3e-05
006002.000170,10,2s.2p.(3P*).5f,4F,3.5,7/2,True,8,28.667271,False,1.1e-05
006002.000172,10,2s.2p.(3P*).5f,4F,4.5,9/2,True,10,28.668725,False,1.2e-05
006002.000173,10,2s.2p.(3P*).5f,4G,2.5,5/2,True,6,28.69473,False,5e-05
006002.000174,10,2s.2p.(3P*).5f,4G,3.5,7/2,True,8,28.696305,False,2.5e-05
006002.000175,10,2s.2p.(3P*).5f,4G,4.5,9/2,True,10,28.69905,False,3e-05
006002.000177,10,2s.2p.(3P*).5f,4G,5.5,11/2,True,12,28.70263,False,5e-05
006002.000176,10,2s.2p.(3P*).5f,2G,3.5,7/2,True,8,28.69999,False,5e-05
006002.000178,10,2s.2p.(3P*).5f,2G,4.5,9/2,True,10,28.70472,False,5e-05
006002.000179,10,2s.2p.(3P*).5f,4D,3.5,7/2,True,8,28.705301,False,1.2e-05
006002.000180,10,2s.2p.(3P*).5f,4D,2.5,5/2,True,6,28.705857,False,2.4e-05
006002.000181,10,2s.2p.(3P*).5f,4D,1.5,3/2,True,4,28.70869,False,5e-05
006002.000183,10,2s.2p.(3P*).5f,4D,0.5,1/2,True,2,28.71051,False,0.00014
006002.000182,10,2s.2p.(3P*).5f,2D,2.5,5/2,True,6,28.70873,False,4e-05
006002.000184,10,2s.2p.(3P*).5f,2D,1.5,3/2,True,4,28.71107,False,4e-05
006002.000241,10,2s.2p.(1P*).3p,2P,0.5,1/2,True,2,28.831,False,0.003
006002.000242,10,2s.2p.(1P*).3p,2P,1.5,3/2,True,4,28.833,False,0.003
006002.000185,10,2s.2p.(3P*).6s,4P*,0.5,1/2,True,2,28.9715,False,9e-05
006002.000186,10,2s.2p.(3P*).6s,4P*,1.5,3/2,True,4,28.97428,False,5e-05
006002.000187,10,2s.2p.(3P*).6s,4P*,2.5,5/2,True,6,28.980146,False,2e-05
006002.000273,10,2s.2p.(1P*).3p,2D,1.5,3/2,True,4,29.014,False,0.003
006002.000274,10,2s.2p.(1P*).3p,2D,2.5,5/2,True,6,29.016,False,0.003
006002.000227,10,2s.2p.(3P*).6p,2P,0.5,1/2,True,2,29.09,False,0.003
006002.000232,10,2s.2p.(3P*).6p,2P,1.5,3/2,True,4,29.092,False,0.003
006002.000188,10,2s.2p.(3P*).6p,4D,0.5,1/2,True,2,29.136,False,0.0003
006002.000189,10,2s.2p.(3P*).6p,4D,1.5,3/2,True,4,29.1376,False,0.0002
006002.000190,10,2s.2p.(3P*).6p,4D,2.5,5/2,True,6,29.14006,False,0.00016
006002.000191,10,2s.2p.(3P*).6p,4D,3.5,7/2,True,8,29.14454,False,7e-05
006002.000275,10,2s.2p.(3P*).6p,2S,0.5,1/2,True,2,29.156,False,0.003
006002.000381,10,2s.2p.(3P*).6p,4P,0.5,1/2,True,2,29.1896,True,0.0004
006002.000228,10,2s.2p.(3P*).6p,4P,1.5,3/2,True,4,29.19135,False,7e-05
006002.000192,10,2s.2p.(3P*).6p,4P,2.5,5/2,True,6,29.19483,False,7e-05
006002.000277,10,2s.2p.(3P*).6p,2D,1.5,3/2,True,4,29.228,False,0.003
006002.000278,10,2s.2p.(3P*).6p,2D,2.5,5/2,True,6,29.233,False,0.003
006002.000279,10,2s.2p.(3P*).6d,4D*,0.5,1/2,True,2,29.312,False,0.001
006002.000280,10,2s.2p.(3P*).6d,4D*,1.5,3/2,True,4,29.3126,False,0.001
006002.000281,10,2s.2p.(3P*).6d,4D*,2.5,5/2,True,6,29.3137,False,0.001
006002.000193,10,2s.2p.(3P*).6d,4D*,3.5,7/2,True,8,29.3153,False,0.0009
006002.000194,10,2s.2p.(3P*).6d,4P*,2.5,5/2,True,6,29.3319,False,0.0016
006002.000253,10,2s.2p.(3P*).6d,4P*,1.5,3/2,True,4,29.3343,False,0.0016
006002.000255,10,2s.2p.(3P*).6d,4P*,0.5,1/2,True,2,29.3358,False,0.0016
006002.000196,10,2s.2p.(3P*).6f,2F,2.5,5/2,True,6,29.3461,False,0.0007
006002.000199,10,2s.2p.(3P*).6f,2F,3.5,7/2,True,8,29.34784,False,0.00017
006002.000195,10,2s.2p.(3P*).6f,4F,1.5,3/2,True,4,29.3461,False,0.0003
006002.000197,10,2s.2p.(3P*).6f,4F,2.5,5/2,True,6,29.3468,False,0.00021
006002.000198,10,2s.2p.(3P*).6f,4F,3.5,7/2,True,8,29.3474,False,0.0006
006002.000200,10,2s.2p.(3P*).6f,4F,4.5,9/2,True,10,29.348031,False,1.6e-05
006002.000201,10,2s.2p.(3P*).6f,4G,2.5,5/2,True,6,29.36123,False,6e-05
006002.000202,10,2s.2p.(3P*).6f,4G,3.5,7/2,True,8,29.36233,False,0.00014
006002.000203,10,2s.2p.(3P*).6f,4G,4.5,9/2,True,10,29.3647,False,0.00019
006002.000206,10,2s.2p.(3P*).6f,4G,5.5,11/2,True,12,29.36951,False,5e-05
006002.000204,10,2s.2p.(3P*).6f,2G,3.5,7/2,True,8,29.36648,False,9e-05
006002.000207,10,2s.2p.(3P*).6f,2G,4.5,9/2,True,10,29.37058,False,9e-05
006002.000205,10,2s.2p.(3P*).6f,4D,3.5,7/2,True,8,29.3691,False,0.00016
006002.000284,10,2s.2p.(3P*).7s,4P*,0.5,1/2,True,2,29.5215,False,0.0024
006002.000285,10,2s.2p.(3P*).7s,4P*,1.5,3/2,True,4,29.5244,False,0.0024
006002.000286,10,2s.2p.(3P*).7s,4P*,2.5,5/2,True,6,29.5302,False,0.0024
006002.000288,10,2s.2p.(3P*).7p,2P,0.5,1/2,True,2,29.615,False,0.004
006002.000289,10,2s.2p.(3P*).7p,2P,1.5,3/2,True,4,29.618,False,0.004
006002.000290,10,2s.2p.(3P*).7p,2D,1.5,3/2,True,4,29.668,False,0.004
006002.000291,10,2s.2p.(3P*).7p,2D,2.5,5/2,True,6,29.673,False,0.004
006002.000368,10,2s.2p.(3P*).7d,4D*,0.5,1/2,True,2,29.737,False,0.003
006002.000352,10,2s.2p.(3P*).7d,4D*,1.5,3/2,True,4,29.737,False,0.003
006002.000320,10,2s.2p.(3P*).7d,4D*,2.5,5/2,True,6,29.738,False,0.003
006002.000283,10,2s.2p.(3P*).7d,4D*,3.5,7/2,True,8,29.74,False,0.003
006002.000287,10,2s.2p.(3P*).7d,4P*,2.5,5/2,True,6,29.737,False,0.003
006002.000276,10,2s.2p.(3P*).7d,4P*,1.5,3/2,True,4,29.74,False,0.003
006002.000282,10,2s.2p.(3P*).7d,4P*,0.5,1/2,True,2,29.741,False,0.003
006002.000294,10,2s.2p.(3P*).8p,2P,0.5,1/2,True,2,29.927,False,0.004
006002.000295,10,2s.2p.(3P*).8p,2P,1.5,3/2,True,4,29.93,False,0.004
006002.000296,10,2s.2p.(3P*).8p,2D,1.5,3/2,True,4,29.958,False,0.004
006002.000297,10,2s.2p.(3P*).8p,2D,2.5,5/2,True,6,29.963,False,0.004
006002.000371,10,2s.2p.(3P*).8d,4D*,0.5,1/2,True,2,30.008,False,0.003
006002.000372,10,2s.2p.(3P*).8d,4D*,1.5,3/2,True,4,30.009,False,0.003
006002.000373,10,2s.2p.(3P*).8d,4D*,2.5,5/2,True,6,30.009,False,0.003
006002.000374,10,2s.2p.(3P*).8d,4D*,3.5,7/2,True,8,30.012,False,0.003
006002.000292,10,2s.2p.(3P*).8d,4P*,2.5,5/2,True,6,30.009,False,0.003
006002.000369,10,2s.2p.(3P*).8d,4P*,1.5,3/2,True,4,30.011,False,0.003
006002.000370,10,2s.2p.(3P*).8d,4P*,0.5,1/2,True,2,30.012,False,0.003
006002.000298,10,2s.2p.(3P*).9p,2P,0.5,1/2,True,2,30.137,False,0.004
006002.000299,10,2s.2p.(3P*).9p,2P,1.5,3/2,True,4,30.14,False,0.004
006002.000300,10,2s.2p.(3P*).9p,2D,1.5,3/2,True,4,30.155,False,0.004
006002.000301,10,2s.2p.(3P*).9p,2D,2.5,5/2,True,6,30.161,False,0.004
006002.000377,10,2s.2p.(3P*).9d,4D*,0.5,1/2,True,2,30.195,False,0.004
006002.000378,10,2s.2p.(3P*).9d,4D*,1.5,3/2,True,4,30.195,False,0.004
006002.000379,10,2s.2p.(3P*).9d,4D*,2.5,5/2,True,6,30.196,False,0.004
006002.000380,10,2s.2p.(3P*).9d,4D*,3.5,7/2,True,8,30.2,False,0.003
006002.000293,10,2s.2p.(3P*).9d,4P*,2.5,5/2,True,6,30.196,False,0.004
006002.000375,10,2s.2p.(3P*).9d,4P*,1.5,3/2,True,4,30.198,False,0.004
006002.000376,10,2s.2p.(3P*).9d,4P*,0.5,1/2,True,2,30.199,False,0.004
006002.000302,10,2p2.(3P).3s,2P,0.5,1/2,True,2,32.34,False,0.03
006002.000303,10,2p2.(3P).3s,2P,1.5,3/2,True,4,32.35,False,0.03
006002.000309,10,2p2.(3P).3p,4D*,0.5,1/2,True,2,33.184,False,0.003
006002.000310,10,2p2.(3P).3p,4D*,1.5,3/2,True,4,33.186,False,0.003
006002.000311,10,2p2.(3P).3p,4D*,2.5,5/2,True,6,33.189,False,0.003
006002.000312,10,2p2.(3P).3p,4D*,3.5,7/2,True,8,33.193,False,0.003
006002.000313,10,2p2.(3P).3p,4P*,0.5,1/2,True,2,33.428,False,0.003
006002.000314,10,2p2.(3P).3p,4P*,1.5,3/2,True,4,33.43,False,0.003
006002.000315,10,2p2.(3P).3p,4P*,2.5,5/2,True,6,33.433,False,0.003
006002.000316,10,2p2.(1D).3s,2D,1.5,3/2,True,4,33.53,False,0.03
006002.000317,10,2p2.(1D).3s,2D,2.5,5/2,True,6,33.53,False,0.03
006002.000321,10,2s.2p.(1P*).5p,2D,1.5,3/2,True,4,34.485,False,0.016
006002.000322,10,2s.2p.(1P*).5p,2D,2.5,5/2,True,6,34.485,False,0.015
006002.000086,10,2s.2p.(1P*).5p,2S,0.5,1/2,True,2,34.556,False,0.016
006002.000325,10,2p2.(3P).3d,2P,1.5,3/2,True,4,34.934,False,0.015
006002.000324,10,2p2.(3P).3d,2P,0.5,1/2,True,2,34.939,False,0.015
006002.000327,10,2s.2p.(1P*).6p,2D,1.5,3/2,True,4,35.345,False,0.016
006002.000328,10,2s.2p.(1P*).6p,2D,2.5,5/2,True,6,35.345,False,0.016
006002.000238,10,2s.2p.(1P*).6p,2S,0.5,1/2,True,2,35.35,False,0.05
006002.000329,10,2p2.(3P).3d,2D,1.5,3/2,True,4,35.544,False,0.015
006002.000330,10,2p2.(3P).3d,2D,2.5,5/2,True,6,35.546,False,0.015
006002.000332,10,2s.2p.(1P*).7p,2D,1.5,3/2,True,4,35.805,False,0.016
006002.000333,10,2s.2p.(1P*).7p,2D,2.5,5/2,True,6,35.805,False,0.016
006002.000244,10,2s.2p.(1P*).7p,2S,0.5,1/2,True,2,35.81,False,0.05
006002.000334,10,2s.2p.(1P*).8p,2D,1.5,3/2,True,4,36.115,False,0.016
006002.000251,10,2s.2p.(1P*).8p,2D,2.5,5/2,True,6,36.115,False,0.016
006002.000248,10,2s.2p.(1P*).8p,2S,0.5,1/2,True,2,36.12,False,0.04
006002.000339,10,2p2.(3P).4d,2D,1.5,3/2,True,4,38.014,False,0.02
006002.000340,10,2p2.(3P).4d,2D,2.5,5/2,True,6,38.016,False,0.02
006002.000341,10,2p2.(3P).5s,2P,0.5,1/2,True,2,38.67,False,0.1
006002.000342,10,2p2.(3P).5s,2P,1.5,3/2,True,4,38.68,False,0.1
006002.000343,10,2p2.(3P).5d,2D,1.5,3/2,True,4,39.25,False,0.05
006002.000344,10,2p2.(3P).5d,2D,2.5,5/2,True,6,39.26,False,0.05
006002.000345,10,2p2.(1D).4d,2D,1.5,3/2,True,4,39.61,False,0.1
006002.000346,10,2p2.(1D).4d,2D,2.5,5/2,True,6,39.61,False,0.1
006002.000347,10,2p2.(1D).4d,2S,0.5,1/2,True,2,39.86,False,0.05
006002.000348,10,2s.3p2.(3P),2P,0.5,1/2,True,2,46.36,False,0.14
006002.000349,10,2s.3p2.(3P),2P,1.5,3/2,True,4,46.37,False,0.14
006002.000350,10,2s.3s.(1S).3d,2D,1.5,3/2,True,4,46.37,False,0.14
006002.000351,10,2s.3s.(1S).3d,2D,2.5,5/2,True,6,46.37,False,0.14
006002.000353,10,2s.3p2.(1D),2D,1.5,3/2,True,4,47.76,False,0.1
006002.000354,10,2s.3p2.(1D),2D,2.5,5/2,True,6,47.76,False,0.1
006002.000355,10,1s.2s2.2p2,2D,1.5,3/2,True,4,287.94,False,0.03
006002.000356,10,1s.2s2.2p2,2D,2.5,5/2,True,6,287.94,False,0.03
006002.000357,10,1s.2s2.2p2,2P,0.5,1/2,True,2,288.41,False,0.03
006002.000358,10,1s.2s2.2p2,2P,1.5,3/2,True,4,288.42,False,0.03
006002.000359,10,1s.2s2.2p2,2S,0.5,1/2,True,2,289.91,False,0.03
006002.000360,10,1s.2s.(3S). 2p3.(4S*),4S*,1.5,3/2,True,4,292.54,False,0.03
006002.000361,10,1s.2s.(3S). 2p3.(2D*),4D*,0.5,1/2,True,2,292.67,False,0.03
006002.000362,10,1s.2s.(3S). 2p3.(2D*),4D*,1.5,3/2,True,4,292.67,False,0.03
006002.000363,10,1s.2s.(3S). 2p3.(2D*),4D*,2.5,5/2,True,6,292.67,False,0.03
006002.000364,10,1s.2s.(3S). 2p3.(2D*),4D*,3.5,7/2,True,8,292.67,False,0.03
006002.000365,10,1s.2s.(3S). 2p3.(2P*),4P*,0.5,1/2,True,2,294.77,False,0.03
006002.000366,10,1s.2s.(3S). 2p3.(2P*),4P*,1.5,3/2,True,4,294.77,False,0.03
006002.000367,10,1s.2s.(3S). 2p3.(2P*),4P*,2.5,5/2,True,6,294.77,False,0.03
007001.000001,11,2s2.2p3,4S*,1.5,3/2,True,4,0.0,False,0.0
007001.000014,11,2s2.2p3,2D*,2.5,5/2,True,6,2.3835298,False,
007001.000015,11,2s2.2p3,2D*,1.5,3/2,True,4,2.38461,False,
007001.000016,11,2s2.2p3,2P*,0.5,1/2,True,2,3.5755704,False,
007001.000017,11,2s2.2p3,2P*,1.5,3/2,True,4,3.5756182,False,
007001.000018,11,2s2.2p2.(3P).3s,4P,0.5,1/2,True,2,10.3259087,False,
007001.000019,11,2s2.2p2.(3P).3s,4P,1.5,3/2,True,4,10.3300944,False,
007001.000020,11,2s2.2p2.(3P).3s,4P,2.5,5/2,True,6,10.3358956,False,
007001.000021,11,2s2.2p2.(3P).3s,2P,0.5,1/2,True,2,10.6796703,False,
007001.000022,11,2s2.2p2.(3P).3s,2P,1.5,3/2,True,4,10.6899808,False,
007001.000023,11,2s.2p4,4P,2.5,5/2,True,6,10.923908,False,
007001.000024,11,2s.2p4,4P,1.5,3/2,True,4,10.9293522,False,
007001.000025,11,2s.2p4,4P,0.5,1/2,True,2,10.9317574,False,
007001.000026,11,2s2.2p2.(3P).3p,2S*,0.5,1/2,True,2,11.6026335,False,
007001.000027,11,2s2.2p2.(3P).3p,4D*,0.5,1/2,True,2,11.7500916,False,
007001.000028,11,2s2.2p2.(3P).3p,4D*,1.5,3/2,True,4,11.7528949,False,
007001.000029,11,2s2.2p2.(3P).3p,4D*,2.5,5/2,True,6,11.7575319,False,
007001.000030,11,2s2.2p2.(3P).3p,4D*,3.5,7/2,True,8,11.7638464,False,
007001.000031,11,2s2.2p2.(3P).3p,4P*,0.5,1/2,True,2,11.8374298,False,
007001.000032,11,2s2.2p2.(3P).3p,4P*,1.5,3/2,True,4,11.8397086,False,
007001.000033,11,2s2.2p2.(3P).3p,4P*,2.5,5/2,True,6,11.844477,False,
007001.000034,11,2s2.2p2.(3P).3p,4S*,1.5,3/2,True,4,11.9955753,False,
007001.000035,11,2s2.2p2.(3P).3p,2D*,1.5,3/2,True,4,12.0001429,False,
007001.000036,11,2s2.2p2.(3P).3p,2D*,2.5,5/2,True,6,12.0096116,False,
007001.000037,11,2s2.2p2.(3P).3p,2P*,0.5,1/2,True,2,12.1219574,False,
007001.000038,11,2s2.2p2.(3P).3p,2P*,1.5,3/2,True,4,12.1263787,False,
007001.000039,11,2s2.2p2.(1D).3s,2D,2.5,5/2,True,6,12.3566901,False,
007001.000040,11,2s2.2p2.(1D).3s,2D,1.5,3/2,True,4,12.3567502,False,
007001.000041,11,2s2.2p2.(3P).4s,4P,0.5,1/2,True,2,12.847554,False,
007001.000042,11,2s2.2p2.(3P).4s,4P,1.5,3/2,True,4,12.85309,False,
007001.000043,11,2s2.2p2.(3P).4s,4P,2.5,5/2,True,6,12.86156,False,
007001.000044,11,2s2.2p2.(3P).4s,2P,0.5,1/2,True,2,12.912312,False,
007001.000045,11,2s2.2p2.(3P).4s,2P,1.5,3/2,True,4,12.9218353,False,
007001.000046,11,2s2.2p2.(3P).3d,2P,1.5,3/2,True,4,12.9706652,False,
007001.000047,11,2s2.2p2.(3P).3d,2P,0.5,1/2,True,2,12.975446,False,
007001.000048,11,2s2.2p2.(3P).3d,4F,1.5,3/2,True,4,12.9766983,False,
007001.000049,11,2s2.2p2.(3P).3d,4F,2.5,5/2,True,6,12.9790453,False,
007001.000050,11,2s2.2p2.(3P).3d,4F,3.5,7/2,True,8,12.9832471,False,
007001.000051,11,2s2.2p2.(3P).3d,4F,4.5,9/2,True,10,12.9893,False,
007001.000052,11,2s2.2p2.(3P).3d,2F,2.5,5/2,True,6,12.9948285,False,
007001.000055,11,2s2.2p2.(3P).3d,2F,3.5,7/2,True,8,13.0036301,False,
007001.000053,11,2s2.2p2.(3P).3d,4P,2.5,5/2,True,6,12.9966572,False,
007001.000054,11,2s2.2p2.(3P).3d,4P,1.5,3/2,True,4,13.00095,False,
007001.000056,11,2s2.2p2.(3P).3d,4P,0.5,1/2,True,2,13.004219,False,
007001.000057,11,2s2.2p2.(3P).3d,4D,0.5,1/2,True,2,13.016403,False,
007001.000058,11,2s2.2p2.(3P).3d,4D,1.5,3/2,True,4,13.017878,False,
007001.000059,11,2s2.2p2.(3P).3d,4D,2.5,5/2,True,6,13.019401,False,
007001.000060,11,2s2.2p2.(3P).3d,4D,3.5,7/2,True,8,13.020523,False,
007001.000061,11,2s2.2p2.(3P).3d,2D,1.5,3/2,True,4,13.0332041,False,
007001.000062,11,2s2.2p2.(3P).3d,2D,2.5,5/2,True,6,13.0361586,False,
007001.000063,11,2s2.2p2.(3P).4p,2S*,0.5,1/2,True,2,13.2015647,False,
007001.000064,11,2s2.2p2.(3P).4p,4D*,0.5,1/2,True,2,13.2363957,False,
007001.000065,11,2s2.2p2.(3P).4p,4D*,1.5,3/2,True,4,13.2388265,False,
007001.000066,11,2s2.2p2.(3P).4p,4D*,2.5,5/2,True,6,13.2433051,False,
007001.000067,11,2s2.2p2.(3P).4p,4D*,3.5,7/2,True,8,13.250022,False,
007001.000068,11,2s2.2p2.(3P).4p,4P*,0.5,1/2,True,2,13.2638891,False,
007001.000069,11,2s2.2p2.(3P).4p,4P*,1.5,3/2,True,4,13.2658173,False,
007001.000070,11,2s2.2p2.(3P).4p,4P*,2.5,5/2,True,6,13.2709052,False,
007001.000071,11,2s2.2p2.(3P).4p,2D*,1.5,3/2,True,4,13.2889721,False,
007001.000072,11,2s2.2p2.(3P).4p,2D*,2.5,5/2,True,6,13.2976904,False,
007001.000073,11,2s2.2p2.(3P).4p,4S*,1.5,3/2,True,4,13.3215593,False,
007001.000074,11,2s2.2p2.(3P).4p,2P*,0.5,1/2,True,2,13.3392701,False,
007001.000075,11,2s2.2p2.(3P).4p,2P*,1.5,3/2,True,4,13.3442064,False,
007001.000076,11,2s2.2p2.(3P).5s,4P,0.5,1/2,True,2,13.6149817,False,
007001.000077,11,2s2.2p2.(3P).5s,4P,1.5,3/2,True,4,13.6204726,False,
007001.000078,11,2s2.2p2.(3P).5s,4P,2.5,5/2,True,6,13.629169,False,
007001.000079,11,2s2.2p2.(3P).5s,2P,0.5,1/2,True,2,13.6426905,False,
007001.000080,11,2s2.2p2.(3P).5s,2P,1.5,3/2,True,4,13.6511356,False,
007001.000081,11,2s2.2p2.(3P).4d,4F,1.5,3/2,True,4,13.6623958,False,
007001.000082,11,2s2.2p2.(3P).4d,4F,2.5,5/2,True,6,13.6645956,False,
007001.000085,11,2s2.2p2.(3P).4d,4F,3.5,7/2,True,8,13.6689216,False,
007001.000088,11,2s2.2p2.(3P).4d,4F,4.5,9/2,True,10,13.6758579,False,
007001.000083,11,2s2.2p2.(3P).4d,2P,1.5,3/2,True,4,13.6655516,False,
007001.000084,11,2s2.2p2.(3P).4d,2P,0.5,1/2,True,2,13.6686606,False,
007001.000086,11,2s2.2p2.(3P).4d,2F,2.5,5/2,True,6,13.6737591,False,
007001.000093,11,2s2.2p2.(3P).4d,2F,3.5,7/2,True,8,13.6832014,False,
007001.000087,11,2s2.2p2.(3P).4d,4P,2.5,5/2,True,6,13.6754539,False,
007001.000089,11,2s2.2p2.(3P).4d,4P,1.5,3/2,True,4,13.6782741,False,
007001.000092,11,2s2.2p2.(3P).4d,4P,0.5,1/2,True,2,13.681658,False,
007001.000090,11,2s2.2p2.(3P).4f D,2[3]*,2.5,5/2,True,6,13.681543,False,
007001.000091,11,2s2.2p2.(3P).4f D,2[3]*,3.5,7/2,True,8,13.681553,False,
007001.000094,11,2s2.2p2.(3P).4f G,2[3]*,2.5,5/2,True,6,13.686032,False,
007001.000095,11,2s2.2p2.(3P).4f G,2[3]*,3.5,7/2,True,8,13.68604,False,
007001.000096,11,2s2.2p2.(3P).4d,4D,0.5,1/2,True,2,13.6860943,False,
007001.000097,11,2s2.2p2.(3P).4d,4D,1.5,3/2,True,4,13.687293,False,
007001.000098,11,2s2.2p2.(3P).4d,4D,2.5,5/2,True,6,13.6880236,False,
007001.000101,11,2s2.2p2.(3P).4d,4D,3.5,7/2,True,8,13.6882547,False,
007001.000099,11,2s2.2p2.(3P).4f G,2[4]*,4.5,9/2,True,10,13.688115,False,
007001.000100,11,2s2.2p2.(3P).4f G,2[4]*,3.5,7/2,True,8,13.688126,False,
007001.000102,11,2s2.2p2.(3P).4f D,2[2]*,1.5,3/2,True,4,13.688413,False,
007001.000103,11,2s2.2p2.(3P).4f D,2[2]*,2.5,5/2,True,6,13.68842,False,
007001.000104,11,2s2.2p2.(3P).4d,2D,1.5,3/2,True,4,13.6936867,False,
007001.000107,11,2s2.2p2.(3P).4d,2D,2.5,5/2,True,6,13.6965647,False,
007001.000105,11,2s2.2p2.(3P).4f D,2[1]*,0.5,1/2,True,2,13.695269,False,
007001.000106,11,2s2.2p2.(3P).4f D,2[1]*,1.5,3/2,True,4,13.695269,False,
007001.000108,11,2s2.2p2.(3P).4f G,2[5]*,5.5,11/2,True,12,13.696918,False,
007001.000109,11,2s2.2p2.(3P).4f G,2[5]*,4.5,9/2,True,10,13.696936,False,
007001.000110,11,2s2.2p2.(3P).4f F,2[2]*,1.5,3/2,True,4,13.698513,False,
007001.000111,11,2s2.2p2.(3P).4f F,2[2]*,2.5,5/2,True,6,13.698523,False,
007001.000112,11,2s2.2p2.(3P).4f F,2[3]*,3.5,7/2,True,8,13.700058,False,
007001.000113,11,2s2.2p2.(3P).4f F,2[3]*,2.5,5/2,True,6,13.700059,False,
007001.000114,11,2s2.2p2.(3P).4f F,2[4]*,4.5,9/2,True,10,13.700462,False,
007001.000115,11,2s2.2p2.(3P).4f F,2[4]*,3.5,7/2,True,8,13.700481,False,
007001.000116,11,2s2.2p2.(1D).3p,2D*,1.5,3/2,True,4,13.7028638,False,
007001.000117,11,2s2.2p2.(1D).3p,2D*,2.5,5/2,True,6,13.7058146,False,
007001.000118,11,2s2.2p2.(1D).3p,2F*,2.5,5/2,True,6,13.7263822,False,
007001.000119,11,2s2.2p2.(1D).3p,2F*,3.5,7/2,True,8,13.7269294,False,
007001.000120,11,2s2.2p2.(3P).5p,2S*,0.5,1/2,True,2,13.7697973,False,
007001.000121,11,2s2.2p2.(3P).5p,4D*,0.5,1/2,True,2,13.7800461,False,
007001.000122,11,2s2.2p2.(3P).5p,4D*,1.5,3/2,True,4,13.782723,False,
007001.000124,11,2s2.2p2.(3P).5p,4D*,2.5,5/2,True,6,13.7875408,False,
007001.000126,11,2s2.2p2.(3P).5p,4D*,3.5,7/2,True,8,13.7945902,False,
007001.000123,11,2s2.2p2.(3P).5p,2P*,0.5,1/2,True,2,13.7869,False,
007001.000125,11,2s2.2p2.(3P).5p,2P*,1.5,3/2,True,4,13.7886883,False,
007001.000127,11,2s2.2p2.(3P).5p,4P*,0.5,1/2,True,2,13.7959196,False,
007001.000128,11,2s2.2p2.(3P).5p,4P*,1.5,3/2,True,4,13.7976614,False,
007001.000129,11,2s2.2p2.(3P).5p,4P*,2.5,5/2,True,6,13.8027638,False,
007001.000130,11,2s2.2p2.(3P).5p,4S*,1.5,3/2,True,4,13.8244077,False,
007001.000131,11,2s2.2p2.(3P).5p,2D*,1.5,3/2,True,4,13.8680121,False,
007001.000132,11,2s2.2p2.(3P).5p,2D*,2.5,5/2,True,6,13.8745272,False,
007001.000133,11,2s2.2p2.(1D).3p,2P*,0.5,1/2,True,2,13.9226824,False,
007001.000134,11,2s2.2p2.(1D).3p,2P*,1.5,3/2,True,4,13.925881,False,
007001.000135,11,2s2.2p2.(3P).6s,4P,0.5,1/2,True,2,13.9563396,False,
007001.000136,11,2s2.2p2.(3P).6s,4P,1.5,3/2,True,4,13.9618125,False,
007001.000137,11,2s2.2p2.(3P).6s,4P,2.5,5/2,True,6,13.9707117,False,
007001.000138,11,2s2.2p2.(3P).6s,2P,0.5,1/2,True,2,13.972022,False,
007001.000139,11,2s2.2p2.(3P).6s,2P,1.5,3/2,True,4,13.9776017,False,
007001.000140,11,2s2.2p2.(3P).5d,4F,1.5,3/2,True,4,13.980454,False,
007001.000141,11,2s2.2p2.(3P).5d,4F,2.5,5/2,True,6,13.9804985,False,
007001.000142,11,2s2.2p2.(3P).5d,4F,3.5,7/2,True,8,13.9851355,False,
007001.000150,11,2s2.2p2.(3P).5d,4F,4.5,9/2,True,10,13.9930238,False,
007001.000143,11,2s2.2p2.(3P).5d,2P,1.5,3/2,True,4,13.9855454,False,
007001.000144,11,2s2.2p2.(3P).5d,2P,0.5,1/2,True,2,13.9863558,False,
007001.000145,11,2s2.2p2.(3P).5d,2F,2.5,5/2,True,6,13.9869696,False,
007001.000157,11,2s2.2p2.(3P).5d,2F,3.5,7/2,True,8,13.9967297,False,
007001.000146,11,2s2.2p2.(3P).5d,4P,2.5,5/2,True,6,13.9884501,False,
007001.000149,11,2s2.2p2.(3P).5d,4P,1.5,3/2,True,4,13.990131,False,
007001.000152,11,2s2.2p2.(3P).5d,4P,0.5,1/2,True,2,13.99413,False,
007001.000147,11,2s2.2p2.(3P<0>).5f,2[3]*,2.5,5/2,True,6,13.988758,True,
007001.000148,11,2s2.2p2.(3P<0>).5f,2[3]*,3.5,7/2,True,8,13.988758,True,
007001.000002,11,2s2.2p2.(3P<1>).5f,2[3]*,2.5,5/2,True,6,,False,
007001.000151,11,2s2.2p2.(3P<1>).5f,2[3]*,3.5,7/2,True,8,13.993939,False,
007001.000153,11,2s2.2p2.(3P<1>).5f,2[4]*,4.5,9/2,True,10,13.995077,False,
007001.000154,11,2s2.2p2.(3P<1>).5f,2[4]*,3.5,7/2,True,8,13.995078,False,
007001.000155,11,2s2.2p2.(3P<1>).5f,2[2]*,1.5,3/2,True,4,13.99535,False,
007001.000156,11,2s2.2p2.(3P<1>).5f,2[2]*,2.5,5/2,True,6,13.995402,False,
007001.000158,11,2s2.2p2.(3P).5d,4D,0.5,1/2,True,2,13.99837,False,
007001.000159,11,2s2.2p2.(3P).5d,4D,1.5,3/2,True,4,13.9989413,False,
007001.000160,11,2s2.2p2.(3P).5d,4D,2.5,5/2,True,6,13.999134,False,
007001.000161,11,2s2.2p2.(3P).5d,4D,3.5,7/2,True,8,13.9991896,False,
007001.000162,11,2s2.2p2.(3P).5d,2D,1.5,3/2,True,4,14.0011704,False,
007001.000163,11,2s2.2p2.(3P).5d,2D,2.5,5/2,True,6,14.0034956,False,
007001.000164,11,2s2.2p2.(3P<2>).5f,2[1]*,0.5,1/2,True,2,14.003596,False,
007001.000165,11,2s2.2p2.(3P<2>).5f,2[1]*,1.5,3/2,True,4,14.003596,False,
007001.000166,11,2s2.2p2.(3P<2>).5f,2[5]*,5.5,11/2,True,12,14.00444,False,
007001.000167,11,2s2.2p2.(3P<2>).5f,2[5]*,4.5,9/2,True,10,14.004453,False,
007001.000168,11,2s2.2p2.(3P<2>).5f,2[2]*,1.5,3/2,True,4,14.004979,True,
007001.000169,11,2s2.2p2.(3P<2>).5f,2[2]*,2.5,5/2,True,6,14.004979,True,
007001.000003,11,2s2.2p2.(3P<2>).5f,2[3]*,2.5,5/2,True,6,,False,
007001.000170,11,2s2.2p2.(3P<2>).5f,2[3]*,3.5,7/2,True,8,14.00592,False,
007001.000171,11,2s2.2p2.(3P<2>).5f,2[4]*,4.5,9/2,True,10,14.006134,False,
007001.000172,11,2s2.2p2.(3P<2>).5f,2[4]*,3.5,7/2,True,8,14.006148,False,
007001.000004,11,2s2.2p2.(3P).6p,4D*,0.5,1/2,True,2,,False,
007001.000005,11,2s2.2p2.(3P).6p,4D*,1.5,3/2,True,4,,False,
007001.000173,11,2s2.2p2.(3P).6p,4D*,2.5,5/2,True,6,14.04834,False,
007001.000175,11,2s2.2p2.(3P).6p,4D*,3.5,7/2,True,8,14.05615,False,
007001.000006,11,2s2.2p2.(3P).6p,4P*,0.5,1/2,True,2,,False,
007001.000174,11,2s2.2p2.(3P).6p,4P*,1.5,3/2,True,4,14.05358,False,
007001.000176,11,2s2.2p2.(3P).6p,4P*,2.5,5/2,True,6,14.06011,False,
007001.000177,11,2s2.2p2.(3P).7s,4P,0.5,1/2,True,2,14.1375033,False,
007001.000178,11,2s2.2p2.(3P).7s,4P,1.5,3/2,True,4,14.1430205,False,
007001.000182,11,2s2.2p2.(3P).7s,4P,2.5,5/2,True,6,14.1523654,False,
007001.000179,11,2s2.2p2.(3P).7s,2P,0.5,1/2,True,2,14.1481,False,
007001.000191,11,2s2.2p2.(3P).7s,2P,1.5,3/2,True,4,14.15975,False,
007001.000180,11,2s2.2p2.(3P).6d,4F,1.5,3/2,True,4,14.1496,False,
007001.000181,11,2s2.2p2.(3P).6d,4F,2.5,5/2,True,6,14.15065,False,
007001.000186,11,2s2.2p2.(3P).6d,4F,3.5,7/2,True,8,14.1559871,False,
007001.000198,11,2s2.2p2.(3P).6d,4F,4.5,9/2,True,10,14.1646131,False,
007001.000183,11,2s2.2p2.(3P).6d,2P,1.5,3/2,True,4,14.15533,False,
007001.000188,11,2s2.2p2.(3P).6d,2P,0.5,1/2,True,2,14.15695,False,
007001.000184,11,2s2.2p2.(3P<0>).6f,2[3]*,2.5,5/2,True,6,14.155521,False,
007001.000185,11,2s2.2p2.(3P<0>).6f,2[3]*,3.5,7/2,True,8,14.155521,False,
007001.000187,11,2s2.2p2.(3P).6d,2F,2.5,5/2,True,6,14.15685,False,
007001.000200,11,2s2.2p2.(3P).6d,2F,3.5,7/2,True,8,14.16669,False,
007001.000189,11,2s2.2p2.(3P).6d,4P,2.5,5/2,True,6,14.15795,False,
007001.000190,11,2s2.2p2.(3P).6d,4P,1.5,3/2,True,4,14.159,False,
007001.000199,11,2s2.2p2.(3P).6d,4P,0.5,1/2,True,2,14.16513,False,
007001.000192,11,2s2.2p2.(3P<1>).6f,2[3]*,2.5,5/2,True,6,14.161066,False,
007001.000193,11,2s2.2p2.(3P<1>).6f,2[3]*,3.5,7/2,True,8,14.161066,False,
007001.000194,11,2s2.2p2.(3P<1>).6f,2[4]*,3.5,7/2,True,8,14.161733,False,
007001.000195,11,2s2.2p2.(3P<1>).6f,2[4]*,4.5,9/2,True,10,14.161733,False,
007001.000196,11,2s2.2p2.(3P<1>).6f,2[2]*,1.5,3/2,True,4,14.161956,False,
007001.000197,11,2s2.2p2.(3P<1>).6f,2[2]*,2.5,5/2,True,6,14.161956,False,
007001.000201,11,2s2.2p2.(3P).6d,4D,0.5,1/2,True,2,14.1679,False,
007001.000202,11,2s2.2p2.(3P).6d,4D,1.5,3/2,True,4,14.168,False,
007001.000203,11,2s2.2p2.(3P).6d,4D,2.5,5/2,True,6,14.16817,False,
007001.000204,11,2s2.2p2.(3P).6d,4D,3.5,7/2,True,8,14.16818,False,
007001.000205,11,2s2.2p2.(3P).6d,2D,1.5,3/2,True,4,14.16854,False,
007001.000206,11,2s2.2p2.(3P).6d,2D,2.5,5/2,True,6,14.17059,False,
007001.000207,11,2s2.2p2.(3P<2>).6f,2[1]*,0.5,1/2,True,2,14.170922,True,
007001.000208,11,2s2.2p2.(3P<2>).6f,2[1]*,1.5,3/2,True,4,14.170922,True,
007001.000209,11,2s2.2p2.(3P<2>).6f,2[5]*,4.5,9/2,True,10,14.1714075,False,
007001.000210,11,2s2.2p2.(3P<2>).6f,2[5]*,5.5,11/2,True,12,14.1714075,False,
007001.000211,11,2s2.2p2.(3P<2>).6f,2[2]*,1.5,3/2,True,4,14.171644,False,
007001.000212,11,2s2.2p2.(3P<2>).6f,2[2]*,2.5,5/2,True,6,14.171644,False,
007001.000213,11,2s2.2p2.(3P<2>).6f,2[3]*,2.5,5/2,True,6,14.172223,False,
007001.000214,11,2s2.2p2.(3P<2>).6f,2[3]*,3.5,7/2,True,8,14.172223,False,
007001.000215,11,2s2.2p2.(3P<2>).6f,2[4]*,3.5,7/2,True,8,14.17236,False,
007001.000216,11,2s2.2p2.(3P<2>).6f,2[4]*,4.5,9/2,True,10,14.17236,False,
007001.000007,11,2s2.2p2.(3P).7p,4D*,0.5,1/2,True,2,,False,
007001.000008,11,2s2.2p2.(3P).7p,4D*,1.5,3/2,True,4,,False,
007001.000009,11,2s2.2p2.(3P).7p,4D*,2.5,5/2,True,6,,False,
007001.000217,11,2s2.2p2.(3P).7p,4D*,3.5,7/2,True,8,14.20184,False,
007001.000218,11,2s2.2p2.(3P).8s,4P,0.5,1/2,True,2,14.24504,False,
007001.000219,11,2s2.2p2.(3P).8s,4P,1.5,3/2,True,4,14.25063,False,
007001.000229,11,2s2.2p2.(3P).8s,4P,2.5,5/2,True,6,14.26082,False,
007001.000220,11,2s2.2p2.(3P).7d,4F,1.5,3/2,True,4,14.25229,False,
007001.000221,11,2s2.2p2.(3P).7d,4F,2.5,5/2,True,6,14.2531,False,
007001.000225,11,2s2.2p2.(3P).7d,4F,3.5,7/2,True,8,14.25863,False,
007001.000231,11,2s2.2p2.(3P).7d,4F,4.5,9/2,True,10,14.26775,False,
007001.000222,11,2s2.2p2.(3P).8s,2P,0.5,1/2,True,2,14.25361,False,
007001.000230,11,2s2.2p2.(3P).8s,2P,1.5,3/2,True,4,14.26232,False,
007001.000223,11,2s2.2p2.(3P).7d,2P,1.5,3/2,True,4,14.25729,False,
007001.000226,11,2s2.2p2.(3P).7d,2P,0.5,1/2,True,2,14.25941,False,
007001.000224,11,2s2.2p2.(3P).7d,2F,2.5,5/2,True,6,14.25855,False,
007001.000232,11,2s2.2p2.(3P).7d,2F,3.5,7/2,True,8,14.26896,False,
007001.000010,11,2s2.2p2.(3P).7d,4P,0.5,1/2,True,2,,False,
007001.000227,11,2s2.2p2.(3P).7d,4P,2.5,5/2,True,6,14.25955,False,
007001.000228,11,2s2.2p2.(3P).7d,4P,1.5,3/2,True,4,14.2605,False,
007001.000233,11,2s2.2p2.(3P).7d,4D,0.5,1/2,True,2,14.26975,False,
007001.000234,11,2s2.2p2.(3P).7d,4D,3.5,7/2,True,8,14.26989,False,
007001.000235,11,2s2.2p2.(3P).7d,4D,1.5,3/2,True,4,14.2699,False,
007001.000236,11,2s2.2p2.(3P).7d,4D,2.5,5/2,True,6,14.26991,False,
007001.000237,11,2s2.2p2.(3P).7d,2D,1.5,3/2,True,4,14.27058,False,
007001.000238,11,2s2.2p2.(3P).7d,2D,2.5,5/2,True,6,14.27135,False,
007001.000239,11,2s2.2p2.(3P).9s,4P,0.5,1/2,True,2,14.31391,False,
007001.000242,11,2s2.2p2.(3P).9s,4P,1.5,3/2,True,4,14.31962,False,
007001.000248,11,2s2.2p2.(3P).9s,4P,2.5,5/2,True,6,14.32967,False,
007001.000240,11,2s2.2p2.(3P).9s,2P,0.5,1/2,True,2,14.318,False,
007001.000241,11,2s2.2p2.(3P).9s,2P,1.5,3/2,True,4,14.318,False,
007001.000011,11,2s2.2p2.(3P).8d,4F,1.5,3/2,True,4,,False,
007001.000243,11,2s2.2p2.(3P).8d,4F,2.5,5/2,True,6,14.31962,False,
007001.000246,11,2s2.2p2.(3P).8d,4F,3.5,7/2,True,8,14.32486,False,
007001.000250,11,2s2.2p2.(3P).8d,4F,4.5,9/2,True,10,14.33422,False,
007001.000244,11,2s2.2p2.(3P).8d,2P,0.5,1/2,True,2,14.324,False,
007001.000245,11,2s2.2p2.(3P).8d,2P,1.5,3/2,True,4,14.32456,False,
007001.000247,11,2s2.2p2.(3P).8d,2F,2.5,5/2,True,6,14.32494,False,
007001.000254,11,2s2.2p2.(3P).8d,2F,3.5,7/2,True,8,14.33513,False,
007001.000249,11,2s2.2p2.(3P).8d,2D,1.5,3/2,True,4,14.3322,False,
007001.000259,11,2s2.2p2.(3P).8d,2D,2.5,5/2,True,6,14.33673,False,
007001.000251,11,2s2.2p2.(3P).8d,4P,0.5,1/2,True,2,14.3348,False,
007001.000252,11,2s2.2p2.(3P).8d,4P,1.5,3/2,True,4,14.3348,False,
007001.000253,11,2s2.2p2.(3P).8d,4P,2.5,5/2,True,6,14.3348,False,
007001.000255,11,2s2.2p2.(3P).8d,4D,0.5,1/2,True,2,14.33561,False,
007001.000256,11,2s2.2p2.(3P).8d,4D,1.5,3/2,True,4,14.33591,False,
007001.000257,11,2s2.2p2.(3P).8d,4D,2.5,5/2,True,6,14.33591,False,
007001.000258,11,2s2.2p2.(3P).8d,4D,3.5,7/2,True,8,14.33601,False,
007001.000260,11,2s2.2p2.(3P).10s,4P,0.5,1/2,True,2,14.361,False,
007001.000263,11,2s2.2p2.(3P).10s,4P,1.5,3/2,True,4,14.36685,False,
007001.000272,11,2s2.2p2.(3P).10s,4P,2.5,5/2,True,6,14.37661,False,
007001.000261,11,2s2.2p2.(3P).10s,2P,0.5,1/2,True,2,14.3626,False,
007001.000262,11,2s2.2p2.(3P).10s,2P,1.5,3/2,True,4,14.3626,False,
007001.000264,11,2s2.2p2.(3P).9d,4D,0.5,1/2,True,2,14.3682,False,
007001.000265,11,2s2.2p2.(3P).9d,4D,1.5,3/2,True,4,14.3682,False,
007001.000266,11,2s2.2p2.(3P).9d,4D,2.5,5/2,True,6,14.3682,False,
007001.000267,11,2s2.2p2.(3P).9d,4D,3.5,7/2,True,8,14.3682,False,
007001.000268,11,2s2.2p2.(3P).9d,2P,0.5,1/2,True,2,14.3684,False,
007001.000269,11,2s2.2p2.(3P).9d,2P,1.5,3/2,True,4,14.3684,False,
007001.000270,11,2s2.2p2.(3P).9d,2F,2.5,5/2,True,6,14.37,False,
007001.000271,11,2s2.2p2.(3P).9d,2F,3.5,7/2,True,8,14.37,False,
007001.000273,11,2s2.2p2.(3P).9d,2D,1.5,3/2,True,4,14.3788,False,
007001.000277,11,2s2.2p2.(3P).9d,2D,2.5,5/2,True,6,14.3811,False,
007001.000274,11,2s2.2p2.(3P).9d,4P,0.5,1/2,True,2,14.381,False,
007001.000275,11,2s2.2p2.(3P).9d,4P,1.5,3/2,True,4,14.381,False,
007001.000276,11,2s2.2p2.(3P).9d,4P,2.5,5/2,True,6,14.381,False,
007001.000278,11,2s2.2p2.(3P).11s,2P,0.5,1/2,True,2,14.3954,False,
007001.000279,11,2s2.2p2.(3P).11s,2P,1.5,3/2,True,4,14.3954,False,
007001.000280,11,2s2.2p2.(3P).11s,4P,0.5,1/2,True,2,14.3975,False,
007001.000281,11,2s2.2p2.(3P).11s,4P,1.5,3/2,True,4,14.3975,False,
007001.000282,11,2s2.2p2.(3P).11s,4P,2.5,5/2,True,6,14.3975,False,
007001.000283,11,2s2.2p2.(3P).10d,2P,0.5,1/2,True,2,14.4014,False,
007001.000284,11,2s2.2p2.(3P).10d,2P,1.5,3/2,True,4,14.4014,False,
007001.000285,11,2s2.2p2.(3P).10d,2F,2.5,5/2,True,6,14.4019,False,
007001.000286,11,2s2.2p2.(3P).10d,2F,3.5,7/2,True,8,14.4019,False,
007001.000287,11,2s2.2p2.(3P).10d,4D,0.5,1/2,True,2,14.4025,False,
007001.000288,11,2s2.2p2.(3P).10d,4D,1.5,3/2,True,4,14.4025,False,
007001.000289,11,2s2.2p2.(3P).10d,4D,2.5,5/2,True,6,14.4025,False,
007001.000290,11,2s2.2p2.(3P).10d,4D,3.5,7/2,True,8,14.4025,False,
007001.000291,11,2s2.2p2.(3P).10d,2D,1.5,3/2,True,4,14.412,False,
007001.000292,11,2s2.2p2.(3P).10d,2D,2.5,5/2,True,6,14.412,False,
007001.000293,11,2s2.2p2.(3P).10d,4P,0.5,1/2,True,2,14.4143,False,
007001.000294,11,2s2.2p2.(3P).10d,4P,1.5,3/2,True,4,14.4143,False,
007001.000295,11,2s2.2p2.(3P).10d,4P,2.5,5/2,True,6,14.4143,False,
007001.000296,11,2s2.2p2.(1S).3s,2S,0.5,1/2,True,2,14.4167038,False,
007001.000297,11,2s2.2p2.(3P).12s,2P,0.5,1/2,True,2,14.42,False,
007001.000298,11,2s2.2p2.(3P).12s,2P,1.5,3/2,True,4,14.42,False,
007001.000299,11,2s2.2p2.(3P).12s,4P,0.5,1/2,True,2,14.4209,False,
007001.000300,11,2s2.2p2.(3P).12s,4P,1.5,3/2,True,4,14.4209,False,
007001.000301,11,2s2.2p2.(3P).12s,4P,2.5,5/2,True,6,14.4209,False,
007001.000302,11,2s2.2p2.(3P).11d,2P,0.5,1/2,True,2,14.4257,False,
007001.000303,11,2s2.2p2.(3P).11d,2P,1.5,3/2,True,4,14.4257,False,
007001.000304,11,2s2.2p2.(3P).11d,2F,2.5,5/2,True,6,14.4267,False,
007001.000305,11,2s2.2p2.(3P).11d,2F,3.5,7/2,True,8,14.4267,False,
007001.000306,11,2s2.2p2.(3P).11d,4D,0.5,1/2,True,2,14.4277,False,
007001.000307,11,2s2.2p2.(3P).11d,4D,1.5,3/2,True,4,14.4277,False,
007001.000308,11,2s2.2p2.(3P).11d,4D,2.5,5/2,True,6,14.4277,False,
007001.000309,11,2s2.2p2.(3P).11d,4D,3.5,7/2,True,8,14.4277,False,
007001.000310,11,2s2.2p2.(3P).11d,2D,1.5,3/2,True,4,14.4362,False,
007001.000311,11,2s2.2p2.(3P).11d,2D,2.5,5/2,True,6,14.4362,False,
007001.000312,11,2s2.2p2.(3P).11d,4P,0.5,1/2,True,2,14.4368,False,
007001.000313,11,2s2.2p2.(3P).11d,4P,1.5,3/2,True,4,14.4368,False,
007001.000314,11,2s2.2p2.(3P).11d,4P,2.5,5/2,True,6,14.4368,False,
007001.000315,11,2s2.2p2.(3P).13s,2P,0.5,1/2,True,2,14.4401,False,
007001.000316,11,2s2.2p2.(3P).13s,2P,1.5,3/2,True,4,14.4401,False,
007001.000317,11,2s2.2p2.(3P).12d,2P,0.5,1/2,True,2,14.4444,False,
007001.000318,11,2s2.2p2.(3P).12d,2P,1.5,3/2,True,4,14.4444,False,
007001.000319,11,2s2.2p2.(3P).12d,4P,0.5,1/2,True,2,14.4542,False,
007001.000320,11,2s2.2p2.(3P).12d,4P,1.5,3/2,True,4,14.4542,False,
007001.000321,11,2s2.2p2.(3P).12d,4P,2.5,5/2,True,6,14.4542,False,
007001.000322,11,2s2.2p2.(3P).12d,2D,1.5,3/2,True,4,14.4597,False,
007001.000323,11,2s2.2p2.(3P).12d,2D,2.5,5/2,True,6,14.4597,False,
007001.Lim001,11,N II (2p2 3P<0>),Limit,,---,False,,14.53413,False,4e-05
007001.Lim002,11,N II (2p2 3P<1>),Limit,,---,False,,14.54017,False,
007001.Lim003,11,N II (2p2 3P<2>),Limit,,---,False,,14.550347,False,
007001.000327,11,2s2.2p2.(1D).4s,2D,1.5,3/2,True,4,14.78016,False,
007001.000328,11,2s2.2p2.(1D).4s,2D,2.5,5/2,True,6,14.78016,False,
007001.000012,11,2s2.2p2.(1D).3d,2F,2.5,5/2,True,6,,False,
007001.000329,11,2s2.2p2.(1D).3d,2F,3.5,7/2,True,8,14.85491,False,
007001.000330,11,2s2.2p2.(1D).3d,2G,4.5,9/2,True,10,14.896607,False,
007001.000331,11,2s2.2p2.(1D).3d,2G,3.5,7/2,True,8,14.8966178,False,
007001.000332,11,2s2.2p2.(1D).3d,2D,2.5,5/2,True,6,14.89671,False,
007001.000333,11,2s2.2p2.(1D).3d,2D,1.5,3/2,True,4,14.89742,False,
007001.000334,11,2s2.2p2.(1D).3d,2P,1.5,3/2,True,4,14.91649,False,
007001.000335,11,2s2.2p2.(1D).3d,2P,0.5,1/2,True,2,14.91669,False,
007001.000336,11,2s2.2p2.(1D).3d,2S,0.5,1/2,True,2,14.94828,False,
007001.000013,11,2s.2p4,2D,1.5,3/2,True,4,,False,
007001.000337,11,2s.2p4,2D,2.5,5/2,True,6,15.02695,False,
007001.000338,11,2s2.2p2.(1D).4p,2F*,2.5,5/2,True,6,15.15662,False,
007001.000339,11,2s2.2p2.(1D).4p,2F*,3.5,7/2,True,8,15.15662,False,
007001.000340,11,2s2.2p2.(1D).4f H,2[5]*,4.5,9/2,True,10,15.583335,False,
007001.000341,11,2s2.2p2.(1D).4f H,2[5]*,5.5,11/2,True,12,15.583335,False,
007001.000342,11,2s.2p3.(5S*).3s,6S*,2.5,5/2,True,6,16.24193,True,
007001.000343,11,2s.2p3.(5S*).3p,6P,1.5,3/2,True,4,17.615768,False,
007001.000344,11,2s.2p3.(5S*).3p,6P,2.5,5/2,True,6,17.615912,False,
007001.000345,11,2s.2p3.(5S*).3p,6P,3.5,7/2,True,8,17.616187,False,
007001.000346,11,2s.2p3.(5S*).3p,4P,0.5,1/2,True,2,17.898,False,
007001.000347,11,2s.2p3.(5S*).3p,4P,1.5,3/2,True,4,17.898,False,
007001.000348,11,2s.2p3.(5S*).3p,4P,2.5,5/2,True,6,17.898,False,
007001.000349,11,2s.2p3.(5S*).4p,4P,0.5,1/2,True,2,19.148,False,
007001.000350,11,2s.2p3.(5S*).4p,4P,1.5,3/2,True,4,19.148,False,
007001.000351,11,2s.2p3.(5S*).4p,4P,2.5,5/2,True,6,19.148,False,
007001.000352,11,2s.2p3.(5S*).5p,4P,0.5,1/2,True,2,19.6294,False,
007001.000353,11,2s.2p3.(5S*).5p,4P,1.5,3/2,True,4,19.6294,False,
007001.000354,11,2s.2p3.(5S*).5p,4P,2.5,5/2,True,6,19.6294,False,
007001.000355,11,2s.2p3.(5S*).6p,4P,0.5,1/2,True,2,19.8674,False,
007001.000356,11,2s.2p3.(5S*).6p,4P,1.5,3/2,True,4,19.8674,False,
007001.000357,11,2s.2p3.(5S*).6p,4P,2.5,5/2,True,6,19.8674,False,
007001.000358,11,2s.2p3.(5S*).7p,4P,0.5,1/2,True,2,20.002,False,
007001.000359,11,2s.2p3.(5S*).7p,4P,1.5,3/2,True,4,20.002,False,
007001.000360,11,2s.2p3.(5S*).7p,4P,2.5,5/2,True,6,20.002,False,
007001.000361,11,2s.2p3.(5S*).8p,4P,0.5,1/2,True,2,20.0861,False,
007001.000362,11,2s.2p3.(5S*).8p,4P,1.5,3/2,True,4,20.0861,False,
007001.000363,11,2s.2p3.(5S*).8p,4P,2.5,5/2,True,6,20.0861,False,
007001.000364,11,2s.2p3.(5S*).9p,4P,0.5,1/2,True,2,20.1395,True,
007001.000365,11,2s.2p3.(5S*).9p,4P,1.5,3/2,True,4,20.1395,True,
007001.000366,11,2s.2p3.(5S*).9p,4P,2.5,5/2,True,6,20.1395,True,
007001.000367,11,2s.2p3.(5S*).10p,4P,0.5,1/2,True,2,20.181,False,
007001.000368,11,2s.2p3.(5S*).10p,4P,1.5,3/2,True,4,20.181,False,
007001.000369,11,2s.2p3.(5S*).10p,4P,2.5,5/2,True,6,20.181,False,
007001.000370,11,2s.2p3.(5S*).11p,4P,0.5,1/2,True,2,20.2093,False,
007001.000371,11,2s.2p3.(5S*).11p,4P,1.5,3/2,True,4,20.2093,False,
007001.000372,11,2s.2p3.(5S*).11p,4P,2.5,5/2,True,6,20.2093,False,
007001.000373,11,2s.2p3.(5S*).12p,4P,0.5,1/2,True,2,20.2296,False,
007001.000374,11,2s.2p3.(5S*).12p,4P,1.5,3/2,True,4,20.2296,False,
007001.000375,11,2s.2p3.(5S*).12p,4P,2.5,5/2,True,6,20.2296,False,
007001.000376,11,2s.2p3.(5S*).13p,4P,0.5,1/2,True,2,20.2464,False,
007001.000377,11,2s.2p3.(5S*).13p,4P,1.5,3/2,True,4,20.2464,False,
007001.000378,11,2s.2p3.(5S*).13p,4P,2.5,5/2,True,6,20.2464,False,
007001.000379,11,2s.2p3.(5S*).14p,4P,0.5,1/2,True,2,20.2589,False,
007001.000380,11,2s.2p3.(5S*).14p,4P,1.5,3/2,True,4,20.2589,False,
007001.000381,11,2s.2p3.(5S*).14p,4P,2.5,5/2,True,6,20.2589,False,
007002.000001,12,2s2.2p2,3P,0.0,0,True,1,0.0,False,0.0
007002.000016,12,2s2.2p2,3P,1.0,1,True,3,0.00604,False,
007002.000017,12,2s2.2p2,3P,2.0,2,True,5,0.01622,False,
007002.000018,12,2s2.2p2,1D,2.0,2,True,5,1.89897,False,
007002.000019,12,2s2.2p2,1S,0.0,0,True,1,4.05289,False,
007002.000020,12,2s.2p3,5S*,2.0,2,True,5,5.80055,False,
007002.000021,12,2s.2p3,3D*,3.0,3,True,7,11.43596,False,
007002.000022,12,2s.2p3,3D*,2.0,2,True,5,11.43758,False,
007002.000023,12,2s.2p3,3D*,1.0,1,True,3,11.43777,False,
007002.000024,12,2s.2p3,3P*,1.0,1,True,3,13.54113,False,
007002.000025,12,2s.2p3,3P*,2.0,2,True,5,13.54126,False,
007002.000026,12,2s.2p3,3P*,0.0,0,True,1,13.54199,False,
007002.000027,12,2s.2p3,1D*,2.0,2,True,5,17.877026,False,
007002.000028,12,2s2.2p.3s,3P*,0.0,0,True,1,18.462312,False,
007002.000029,12,2s2.2p.3s,3P*,1.0,1,True,3,18.466228,False,
007002.000030,12,2s2.2p.3s,3P*,2.0,2,True,5,18.483133,False,
007002.000031,12,2s2.2p.3s,1P*,1.0,1,True,3,18.49693,False,
007002.000032,12,2s.2p3,3S*,1.0,1,True,3,19.233263,False,
007002.000033,12,2s2.2p.3p,1P,1.0,1,True,3,20.409133,False,
007002.000034,12,2s2.2p.3p,3D,1.0,1,True,3,20.646058,False,
007002.000035,12,2s2.2p.3p,3D,2.0,2,True,5,20.653592,False,
007002.000036,12,2s2.2p.3p,3D,3.0,3,True,7,20.665518,False,
007002.000037,12,2s.2p3,1P*,1.0,1,True,3,20.676307,False,
007002.000038,12,2s2.2p.3p,3S,1.0,1,True,3,20.939965,False,
007002.000039,12,2s2.2p.3p,3P,0.0,0,True,1,21.148308,False,
007002.000040,12,2s2.2p.3p,3P,1.0,1,True,3,21.152682,False,
007002.000041,12,2s2.2p.3p,3P,2.0,2,True,5,21.159916,False,
007002.000042,12,2s2.2p.3p,1D,2.0,2,True,5,21.599539,False,
007002.000043,12,2s2.2p.3p,1S,0.0,0,True,1,22.103082,False,
007002.000044,12,2s2.2p.3d,3F*,2.0,2,True,5,23.124489,False,
007002.000045,12,2s2.2p.3d,3F*,3.0,3,True,7,23.131853,False,
007002.000046,12,2s2.2p.3d,3F*,4.0,4,True,9,23.141959,False,
007002.000047,12,2s2.2p.3d,1D*,2.0,2,True,5,23.196374,False,
007002.000048,12,2s2.2p.3d,3D*,1.0,1,True,3,23.239296,False,
007002.000049,12,2s2.2p.3d,3D*,2.0,2,True,5,23.242271,False,
007002.000050,12,2s2.2p.3d,3D*,3.0,3,True,7,23.246033,False,
007002.000051,12,2s2.2p.3d,3P*,2.0,2,True,5,23.41533,False,
007002.000052,12,2s2.2p.3d,3P*,1.0,1,True,3,23.421752,False,
007002.000053,12,2s2.2p.3d,3P*,0.0,0,True,1,23.425232,False,
007002.000054,12,2s2.2p.3d,1F*,3.0,3,True,7,23.474568,False,
007002.000055,12,2s2.2p.3d,1P*,1.0,1,True,3,23.571906,False,
007002.000056,12,2s2.2p.4s,3P*,0.0,0,True,1,24.367883,False,
007002.000057,12,2s2.2p.4s,3P*,1.0,1,True,3,24.37431,False,
007002.000058,12,2s2.2p.4s,3P*,2.0,2,True,5,24.389123,False,
007002.000059,12,2s2.2p.4s,1P*,1.0,1,True,3,24.531351,False,
007002.000060,12,2s2.2p.4p,1P,1.0,1,True,3,25.065964,False,
007002.000061,12,2s2.2p.4p,3D,1.0,1,True,3,25.133348,False,
007002.000062,12,2s2.2p.4p,3D,2.0,2,True,5,25.139688,False,
007002.000063,12,2s2.2p.4p,3D,3.0,3,True,7,25.151603,False,
007002.000064,12,2s2.2p.4p,3P,0.0,0,True,1,25.188937,False,
007002.000065,12,2s2.2p.4p,3P,1.0,1,True,3,25.192229,False,
007002.000066,12,2s2.2p.4p,3P,2.0,2,True,5,25.200902,False,
007002.000067,12,2s2.2p.4p,3S,1.0,1,True,3,25.235454,False,
007002.000068,12,2s2.2p.4p,1D,2.0,2,True,5,25.460177,False,
007002.000069,12,2s.2p2.(4P).3s,5P,1.0,1,True,3,25.4909,False,
007002.000070,12,2s.2p2.(4P).3s,5P,2.0,2,True,5,25.497874,False,
007002.000071,12,2s.2p2.(4P).3s,5P,3.0,3,True,7,25.506626,False,
007002.000072,12,2s2.2p.4p,1S,0.0,0,True,1,25.6536,False,
007002.000073,12,2s2.2p.4d,3F*,2.0,2,True,5,25.996219,False,
007002.000074,12,2s2.2p.4d,3F*,3.0,3,True,7,26.004194,False,
007002.000075,12,2s2.2p.4d,3F*,4.0,4,True,9,26.014849,False,
007002.000076,12,2s2.2p.4d,1D*,2.0,2,True,5,26.027477,False,
007002.000077,12,2s2.2p.4d,3D*,1.0,1,True,3,26.066417,False,
007002.000078,12,2s2.2p.4d,3D*,2.0,2,True,5,26.069666,False,
007002.000079,12,2s2.2p.4d,3D*,3.0,3,True,7,26.074085,False,
007002.000080,12,2s2.2p.4d,3P*,2.0,2,True,5,26.124123,False,
007002.000081,12,2s2.2p.4d,3P*,1.0,1,True,3,26.129847,False,
007002.000082,12,2s2.2p.4d,3P*,0.0,0,True,1,26.132949,False,
007002.000083,12,2s2.2p.(2P*<1/2>).4f,2[5/2],3.0,3,True,7,26.164394,False,
007002.000084,12,2s2.2p.(2P*<1/2>).4f,2[5/2],2.0,2,True,5,26.164749,False,
007002.000085,12,2s2.2p.(2P*<1/2>).4f,2[7/2],3.0,3,True,7,26.167641,False,
007002.000086,12,2s2.2p.(2P*<1/2>).4f,2[7/2],4.0,4,True,9,26.168135,False,
007002.000087,12,2s2.2p.4d,1F*,3.0,3,True,7,26.173514,False,
007002.000088,12,2s2.2p.(2P*<3/2>).4f,2[7/2],3.0,3,True,7,26.196278,False,
007002.000089,12,2s2.2p.(2P*<3/2>).4f,2[7/2],4.0,4,True,9,26.197223,False,
007002.000090,12,2s2.2p.4d,1P*,1.0,1,True,3,26.202344,False,
007002.000091,12,2s2.2p.(2P*<3/2>).4f,2[9/2],5.0,5,True,11,26.209014,False,
007002.000092,12,2s2.2p.(2P*<3/2>).4f,2[9/2],4.0,4,True,9,26.210511,False,
007002.000093,12,2s2.2p.(2P*<3/2>).4f,2[5/2],3.0,3,True,7,26.211558,False,
007002.000094,12,2s2.2p.(2P*<3/2>).4f,2[5/2],2.0,2,True,5,26.212139,False,
007002.000095,12,2s2.2p.(2P*<3/2>).4f,2[3/2],1.0,1,True,3,26.220994,False,
007002.000096,12,2s2.2p.(2P*<3/2>).4f,2[3/2],2.0,2,True,5,26.221455,False,
007002.000097,12,2s.2p2.(4P).3s,3P,0.0,0,True,1,26.253573,False,
007002.000098,12,2s.2p2.(4P).3s,3P,1.0,1,True,3,26.257305,False,
007002.000099,12,2s.2p2.(4P).3s,3P,2.0,2,True,5,26.263284,False,
007002.000100,12,2s2.2p.5s,3P*,0.0,0,True,1,26.558898,False,
007002.000101,12,2s2.2p.5s,3P*,1.0,1,True,3,26.564568,False,
007002.000102,12,2s2.2p.5s,3P*,2.0,2,True,5,26.580245,False,
007002.000103,12,2s2.2p.5s,1P*,1.0,1,True,3,26.635424,False,
007002.000104,12,2p4,3P,2.0,2,True,5,27.312,False,
007002.000105,12,2p4,3P,1.0,1,True,3,27.31,False,
007002.000106,12,2p4,3P,0.0,0,True,1,27.315,False,
007002.000107,12,2s2.2p.5d,1D*,2.0,2,True,5,27.33794,False,
007002.000002,12,2s2.2p.5d,3D*,1.0,1,True,3,,False,
007002.000108,12,2s2.2p.5d,3D*,2.0,2,True,5,27.3601,False,
007002.000109,12,2s2.2p.5d,3D*,3.0,3,True,7,27.3653,False,
007002.000110,12,2s2.2p.(2P*<1/2>).5f,2[5/2],3.0,3,True,7,27.407265,False,
007002.000111,12,2s2.2p.(2P*<1/2>).5f,2[5/2],2.0,2,True,5,27.407576,False,
007002.000112,12,2s2.2p.(2P*<1/2>).5f,2[7/2],3.0,3,True,7,27.40909,False,
007002.000113,12,2s2.2p.(2P*<1/2>).5f,2[7/2],4.0,4,True,9,27.409602,False,
007002.000114,12,2s2.2p.5d,1F*,3.0,3,True,7,27.418065,False,
007002.000115,12,2s2.2p.(2P*<1/2>).5g,2[7/2]*,3.0,3,True,7,27.420805,False,
007002.000116,12,2s2.2p.(2P*<1/2>).5g,2[7/2]*,4.0,4,True,9,27.420805,False,
007002.000117,12,2s2.2p.(2P*<1/2>).5g,2[9/2]*,4.0,4,True,9,27.42126,False,
007002.000118,12,2s2.2p.(2P*<1/2>).5g,2[9/2]*,5.0,5,True,11,27.421284,False,
007002.000119,12,2s2.2p.(2P*<3/2>).5f,2[7/2],3.0,3,True,7,27.428609,False,
007002.000120,12,2s2.2p.(2P*<3/2>).5f,2[7/2],4.0,4,True,9,27.429262,False,
007002.000121,12,2s2.2p.5d,1P*,1.0,1,True,3,27.431029,False,
007002.000122,12,2s2.2p.(2P*<3/2>).5f,2[5/2],3.0,3,True,7,27.43675,False,
007002.000123,12,2s2.2p.(2P*<3/2>).5f,2[5/2],2.0,2,True,5,27.437237,False,
007002.000124,12,2s2.2p.(2P*<3/2>).5f,2[9/2],5.0,5,True,11,27.437839,False,
007002.000125,12,2s2.2p.(2P*<3/2>).5f,2[9/2],4.0,4,True,9,27.439081,False,
007002.000126,12,2s2.2p.(2P*<3/2>).5g,2[9/2]*,4.0,4,True,9,27.440525,False,
007002.000127,12,2s2.2p.(2P*<3/2>).5g,2[9/2]*,5.0,5,True,11,27.440537,False,
007002.000128,12,2s2.2p.(2P*<3/2>).5g,2[7/2]*,3.0,3,True,7,27.443011,False,
007002.000129,12,2s2.2p.(2P*<3/2>).5g,2[7/2]*,4.0,4,True,9,27.443034,False,
007002.000130,12,2s2.2p.(2P*<3/2>).5f,2[3/2],1.0,1,True,3,27.444104,False,
007002.000131,12,2s2.2p.(2P*<3/2>).5f,2[3/2],2.0,2,True,5,27.444457,False,
007002.000132,12,2s2.2p.(2P*<3/2>).5g,2[11/2]*,5.0,5,True,11,27.445636,False,
007002.000133,12,2s2.2p.(2P*<3/2>).5g,2[11/2]*,6.0,6,True,13,27.445638,False,
007002.000134,12,2s2.2p.(2P*<3/2>).5g,2[5/2]*,2.0,2,True,5,27.44766,True,
007002.000135,12,2s2.2p.(2P*<3/2>).5g,2[5/2]*,3.0,3,True,7,27.44766,True,
007002.000003,12,2s2.2p.6s,3P*,0.0,0,True,1,,False,
007002.000136,12,2s2.2p.6s,3P*,1.0,1,True,3,27.616756,False,
007002.000137,12,2s2.2p.6s,3P*,2.0,2,True,5,27.633399,False,
007002.000138,12,2s.2p2.(4P).3p,3S*,1.0,1,True,3,27.657034,False,
007002.000139,12,2s2.2p.6s,1P*,1.0,1,True,3,27.6611,False,
007002.000140,12,2s.2p2.(4P).3p,5D*,0.0,0,True,1,27.728235,False,
007002.000141,12,2s.2p2.(4P).3p,5D*,1.0,1,True,3,27.730126,False,
007002.000142,12,2s.2p2.(4P).3p,5D*,2.0,2,True,5,27.733833,False,
007002.000143,12,2s.2p2.(4P).3p,5D*,3.0,3,True,7,27.739182,False,
007002.000144,12,2s.2p2.(4P).3p,5D*,4.0,4,True,9,27.745867,False,
007002.000145,12,2s.2p2.(4P).3p,5P*,1.0,1,True,3,27.971269,False,
007002.000146,12,2s.2p2.(4P).3p,5P*,2.0,2,True,5,27.974241,False,
007002.000147,12,2s.2p2.(4P).3p,5P*,3.0,3,True,7,27.979665,False,
007002.000148,12,2s2.2p.(2P*<1/2>).6f,2[5/2],3.0,3,True,7,28.080274,False,
007002.000149,12,2s2.2p.(2P*<1/2>).6f,2[5/2],2.0,2,True,5,28.080517,False,
007002.000150,12,2s2.2p.(2P*<1/2>).6f,2[7/2],3.0,3,True,7,28.081031,False,
007002.000151,12,2s2.2p.(2P*<1/2>).6f,2[7/2],4.0,4,True,9,28.08144,False,
007002.000152,12,2s2.2p.(2P*<3/2>).6f,2[7/2],3.0,3,True,7,28.099806,False,
007002.000153,12,2s2.2p.(2P*<3/2>).6f,2[7/2],4.0,4,True,9,28.100182,False,
007002.000154,12,2s2.2p.(2P*<3/2>).6f,2[5/2],3.0,3,True,7,28.104241,False,
007002.000155,12,2s2.2p.(2P*<3/2>).6f,2[5/2],2.0,2,True,5,28.10454,False,
007002.000156,12,2s2.2p.(2P*<3/2>).6f,2[9/2],5.0,5,True,11,28.10584,False,
007002.000157,12,2s2.2p.(2P*<3/2>).6f,2[9/2],4.0,4,True,9,28.10675,False,
007002.000158,12,2s2.2p.(2P*<3/2>).6f,2[3/2],1.0,1,True,3,28.10952,False,
007002.000159,12,2s2.2p.(2P*<3/2>).6f,2[3/2],2.0,2,True,5,28.1098,False,
007002.000160,12,2s.2p2.(4P).3p,3D*,1.0,1,True,3,28.354479,False,
007002.000161,12,2s.2p2.(4P).3p,3D*,2.0,2,True,5,28.35913,False,
007002.000162,12,2s.2p2.(4P).3p,3D*,3.0,3,True,7,28.366572,False,
007002.000163,12,2s2.2p.(2P*<1/2>).7f,2[7/2],3.0,3,True,7,28.48523,False,
007002.000164,12,2s2.2p.(2P*<1/2>).7f,2[7/2],4.0,4,True,9,28.48533,False,
007002.000165,12,2s.2p2.(4P).3p,5S*,2.0,2,True,5,28.496399,False,
007002.000166,12,2s2.2p.(2P*<3/2>).7f,2[7/2],4.0,4,True,9,28.5049,False,
007002.000167,12,2s2.2p.(2P*<3/2>).7f,2[9/2],5.0,5,True,11,28.50869,False,
007002.000168,12,2s2.2p.(2P*<3/2>).7f,2[9/2],4.0,4,True,9,28.50931,False,
007002.000005,12,2s.2p2.(4P).3p,3P*,1.0,1,True,3,,False,
007002.000004,12,2s.2p2.(4P).3p,3P*,0.0,0,True,1,,False,
007002.000169,12,2s.2p2.(4P).3p,3P*,2.0,2,True,5,28.619488,False,
007002.Lim001,12,N III (2p 2P*<1/2>),Limit,,---,False,,29.60125,True,9e-05
007002.Lim002,12,N III (2p 2P*<3/2>),Limit,,---,False,,29.622907,False,
007002.000172,12,2s.2p2.(4P).3d,5F,1.0,1,True,3,30.124337,False,
007002.000173,12,2s.2p2.(4P).3d,5F,2.0,2,True,5,30.126519,False,
007002.000174,12,2s.2p2.(4P).3d,5F,3.0,3,True,7,30.129743,False,
007002.000175,12,2s.2p2.(4P).3d,5F,4.0,4,True,9,30.133933,False,
007002.000176,12,2s.2p2.(4P).3d,5F,5.0,5,True,11,30.138939,False,
007002.000177,12,2s.2p2.(4P).3d,5P,3.0,3,True,7,30.295949,False,
007002.000178,12,2s.2p2.(4P).3d,5P,2.0,2,True,5,30.300731,False,
007002.000179,12,2s.2p2.(4P).3d,5P,1.0,1,True,3,30.304034,False,
007002.000180,12,2s.2p2.(4P).3d,5D,0.0,0,True,1,30.368161,False,
007002.000181,12,2s.2p2.(4P).3d,5D,1.0,1,True,3,30.368676,False,
007002.000182,12,2s.2p2.(4P).3d,5D,2.0,2,True,5,30.369653,False,
007002.000183,12,2s.2p2.(4P).3d,5D,3.0,3,True,7,30.371039,False,
007002.000184,12,2s.2p2.(4P).3d,5D,4.0,4,True,9,30.372819,False,
007002.000006,12,2s.2p2.(4P).4f,5G*,2.0,2,True,5,,False,
007002.000007,12,2s.2p2.(4P).4f,5G*,3.0,3,True,7,,False,
007002.000185,12,2s.2p2.(4P).4f,5G*,4.0,4,True,9,33.274675,False,
007002.000187,12,2s.2p2.(4P).4f,5G*,5.0,5,True,11,33.279324,False,
007002.000188,12,2s.2p2.(4P).4f,5G*,6.0,6,True,13,33.285202,False,
007002.000008,12,2s.2p2.(4P).4f,5D*,0.0,0,True,1,,False,
007002.000009,12,2s.2p2.(4P).4f,5D*,1.0,1,True,3,,False,
007002.000010,12,2s.2p2.(4P).4f,5D*,2.0,2,True,5,,False,
007002.000011,12,2s.2p2.(4P).4f,5D*,3.0,3,True,7,,False,
007002.000186,12,2s.2p2.(4P).4f,5D*,4.0,4,True,9,33.279252,False,
007002.000012,12,2s.2p2.(4P).4f,5F*,1.0,1,True,3,,False,
007002.000013,12,2s.2p2.(4P).4f,5F*,2.0,2,True,5,,False,
007002.000189,12,2s.2p2.(4P).4f,5F*,3.0,3,True,7,33.31654,False,
007002.000190,12,2s.2p2.(4P).4f,5F*,4.0,4,True,9,33.317643,False,
007002.000191,12,2s.2p2.(4P).4f,5F*,5.0,5,True,11,33.318735,False,
007002.000014,12,2s.2p2.(4P).5f,5G*,2.0,2,True,5,,False,
007002.000015,12,2s.2p2.(4P).5f,5G*,3.0,3,True,7,,False,
007002.000192,12,2s.2p2.(4P).5f,5G*,4.0,4,True,9,34.50896,False,
007002.000193,12,2s.2p2.(4P).5f,5G*,5.0,5,True,11,34.51315,False,
007002.000194,12,2s.2p2.(4P).5f,5G*,6.0,6,True,13,34.519713,False,
007002.Lim003,12,N III (2s.2p2 4P*<1/2>),Limit,,---,False,,36.69159,False,
007002.Lim004,12,N III (2s.2p2 4P*<3/2>),Limit,,---,False,,36.69899,False,
007002.Lim005,12,N III (2s.2p2 4P*<5/2>),Limit,,---,False,,36.70904,False,
008001.000001,13,2s2.2p4,3P,2.0,2,True,5,0.0,False,0.0
008001.000035,13,2s2.2p4,3P,1.0,1,True,3,0.0196224,False,
008001.000036,13,2s2.2p4,3P,0.0,0,True,1,0.0281416,False,
008001.000037,13,2s2.2p4,1D,2.0,2,True,5,1.9673642,False,
008001.000038,13,2s2.2p4,1S,0.0,0,True,1,4.1897463,False,
008001.000039,13,2s2.2p3.(4S*).3s,5S*,2.0,2,True,5,9.1460911,False,
008001.000040,13,2s2.2p3.(4S*).3s,3S*,1.0,1,True,3,9.5213638,False,
008001.000041,13,2s2.2p3.(4S*).3p,5P,1.0,1,True,3,10.740225,False,
008001.000042,13,2s2.2p3.(4S*).3p,5P,2.0,2,True,5,10.7404756,False,
008001.000043,13,2s2.2p3.(4S*).3p,5P,3.0,3,True,7,10.7409314,False,
008001.000044,13,2s2.2p3.(4S*).3p,3P,1.0,1,True,3,10.9887923,False,
008001.000045,13,2s2.2p3.(4S*).3p,3P,2.0,2,True,5,10.9888616,False,
008001.000046,13,2s2.2p3.(4S*).3p,3P,0.0,0,True,1,10.9888811,False,
008001.000047,13,2s2.2p3.(4S*).4s,5S*,2.0,2,True,5,11.8376056,False,
008001.000048,13,2s2.2p3.(4S*).4s,3S*,1.0,1,True,3,11.9303856,False,
008001.000049,13,2s2.2p3.(4S*).3d,5D*,4.0,4,True,9,12.0786187,False,
008001.000050,13,2s2.2p3.(4S*).3d,5D*,3.0,3,True,7,12.0786294,False,
008001.000051,13,2s2.2p3.(4S*).3d,5D*,2.0,2,True,5,12.0786446,False,
008001.000052,13,2s2.2p3.(4S*).3d,5D*,1.0,1,True,3,12.0786574,False,
008001.000053,13,2s2.2p3.(4S*).3d,5D*,0.0,0,True,1,12.0786635,False,
008001.000054,13,2s2.2p3.(4S*).3d,3D*,1.0,1,True,3,12.0870184,False,
008001.000055,13,2s2.2p3.(4S*).3d,3D*,2.0,2,True,5,12.0870271,False,
008001.000056,13,2s2.2p3.(4S*).3d,3D*,3.0,3,True,7,12.0870382,False,
008001.000057,13,2s2.2p3.(4S*).4p,5P,1.0,1,True,3,12.2859622,False,
008001.000058,13,2s2.2p3.(4S*).4p,5P,2.0,2,True,5,12.2860456,False,
008001.000059,13,2s2.2p3.(4S*).4p,5P,3.0,3,True,7,12.2861939,False,
008001.000060,13,2s2.2p3.(4S*).4p,3P,1.0,1,True,3,12.3588649,False,
008001.000061,13,2s2.2p3.(4S*).4p,3P,2.0,2,True,5,12.358875,False,
008001.000062,13,2s2.2p3.(4S*).4p,3P,0.0,0,True,1,12.3589072,False,
008001.000063,13,2s2.2p3.(2D*).3s,3D*,3.0,3,True,7,12.5391924,False,
008001.000064,13,2s2.2p3.(2D*).3s,3D*,2.0,2,True,5,12.5406949,False,
008001.000065,13,2s2.2p3.(2D*).3s,3D*,1.0,1,True,3,12.5416739,False,
008001.000066,13,2s2.2p3.(4S*).5s,5S*,2.0,2,True,5,12.6608569,False,
008001.000067,13,2s2.2p3.(4S*).5s,3S*,1.0,1,True,3,12.6974691,False,
008001.000068,13,2s2.2p3.(2D*).3s,1D*,2.0,2,True,5,12.728469,False,
008001.000069,13,2s2.2p3.(4S*).4d,5D*,4.0,4,True,9,12.7536973,False,
008001.000070,13,2s2.2p3.(4S*).4d,5D*,3.0,3,True,7,12.7537024,False,
008001.000071,13,2s2.2p3.(4S*).4d,5D*,2.0,2,True,5,12.7537097,False,
008001.000072,13,2s2.2p3.(4S*).4d,5D*,1.0,1,True,3,12.7537158,False,
008001.000073,13,2s2.2p3.(4S*).4d,5D*,0.0,0,True,1,12.7537188,False,
008001.000074,13,2s2.2p3.(4S*).4d,3D*,3.0,3,True,7,12.7590123,False,
008001.000075,13,2s2.2p3.(4S*).4d,3D*,2.0,2,True,5,12.7590208,False,
008001.000076,13,2s2.2p3.(4S*).4d,3D*,1.0,1,True,3,12.7590265,False,
008001.000077,13,2s2.2p3.(4S*).4f,5F,5.0,5,True,11,12.7664358,False,
008001.000078,13,2s2.2p3.(4S*).4f,5F,4.0,4,True,9,12.7664358,False,
008001.000079,13,2s2.2p3.(4S*).4f,5F,3.0,3,True,7,12.7664358,False,
008001.000080,13,2s2.2p3.(4S*).4f,5F,2.0,2,True,5,12.7664358,False,
008001.000081,13,2s2.2p3.(4S*).4f,5F,1.0,1,True,3,12.7664358,False,
008001.000082,13,2s2.2p3.(4S*).4f,3F,4.0,4,True,9,12.7664475,False,
008001.000083,13,2s2.2p3.(4S*).4f,3F,3.0,3,True,7,12.7664475,False,
008001.000084,13,2s2.2p3.(4S*).4f,3F,2.0,2,True,5,12.7664475,False,
008001.000085,13,2s2.2p3.(4S*).5p,5P,1.0,1,True,3,12.847956,False,
008001.000086,13,2s2.2p3.(4S*).5p,5P,2.0,2,True,5,12.8480003,False,
008001.000087,13,2s2.2p3.(4S*).5p,5P,3.0,3,True,7,12.8480623,False,
008001.000088,13,2s2.2p3.(4S*).5p,3P,2.0,2,True,5,12.8782347,False,
008001.000089,13,2s2.2p3.(4S*).5p,3P,1.0,1,True,3,12.8782422,False,
008001.000090,13,2s2.2p3.(4S*).5p,3P,0.0,0,True,1,12.8782699,False,
008001.000091,13,2s2.2p3.(4S*).6s,5S*,2.0,2,True,5,13.0207346,False,
008001.000092,13,2s2.2p3.(4S*).6s,3S*,1.0,1,True,3,13.038827,False,
008001.000093,13,2s2.2p3.(4S*).5d,5D*,4.0,4,True,9,13.0661186,False,
008001.000094,13,2s2.2p3.(4S*).5d,5D*,3.0,3,True,7,13.0661215,False,
008001.000095,13,2s2.2p3.(4S*).5d,5D*,2.0,2,True,5,13.0661255,False,
008001.000096,13,2s2.2p3.(4S*).5d,5D*,1.0,1,True,3,13.0661288,False,
008001.000097,13,2s2.2p3.(4S*).5d,5D*,0.0,0,True,1,13.0661304,False,
008001.000098,13,2s2.2p3.(4S*).5d,3D*,3.0,3,True,7,13.0690514,False,
008001.000099,13,2s2.2p3.(4S*).5d,3D*,2.0,2,True,5,13.0690514,False,
008001.000100,13,2s2.2p3.(4S*).5d,3D*,1.0,1,True,3,13.0690514,False,
008001.000101,13,2s2.2p3.(4S*).5f,5F,5.0,5,True,11,13.0730978,False,
008001.000102,13,2s2.2p3.(4S*).5f,5F,4.0,4,True,9,13.0730978,False,
008001.000103,13,2s2.2p3.(4S*).5f,5F,3.0,3,True,7,13.0730978,False,
008001.000104,13,2s2.2p3.(4S*).5f,5F,2.0,2,True,5,13.0730978,False,
008001.000105,13,2s2.2p3.(4S*).5f,5F,1.0,1,True,3,13.0730978,False,
008001.000106,13,2s2.2p3.(4S*).5f,3F,4.0,4,True,9,13.0731076,False,
008001.000107,13,2s2.2p3.(4S*).5f,3F,3.0,3,True,7,13.0731076,False,
008001.000108,13,2s2.2p3.(4S*).5f,3F,2.0,2,True,5,13.0731076,False,
008001.000109,13,2s2.2p3.(4S*).6p,5P,1.0,1,True,3,13.1160938,False,
008001.000110,13,2s2.2p3.(4S*).6p,5P,2.0,2,True,5,13.1161142,False,
008001.000111,13,2s2.2p3.(4S*).6p,5P,3.0,3,True,7,13.1161465,False,
008001.000112,13,2s2.2p3.(4S*).6p,3P,2.0,2,True,5,13.1314183,False,
008001.000113,13,2s2.2p3.(4S*).6p,3P,1.0,1,True,3,13.1314183,False,
008001.000114,13,2s2.2p3.(4S*).6p,3P,0.0,0,True,1,13.1314183,False,
008001.000115,13,2s2.2p3.(4S*).7s,5S*,2.0,2,True,5,13.2099403,False,
008001.000116,13,2s2.2p3.(4S*).7s,3S*,1.0,1,True,3,13.2201789,False,
008001.000117,13,2s2.2p3.(4S*).6d,5D*,4.0,4,True,9,13.2354926,False,
008001.000118,13,2s2.2p3.(4S*).6d,5D*,3.0,3,True,7,13.235494,False,
008001.000119,13,2s2.2p3.(4S*).6d,5D*,2.0,2,True,5,13.2354959,False,
008001.000120,13,2s2.2p3.(4S*).6d,5D*,1.0,1,True,3,13.2354975,False,
008001.000121,13,2s2.2p3.(4S*).6d,5D*,0.0,0,True,1,13.2354984,False,
008001.000122,13,2s2.2p3.(4S*).6d,3D*,3.0,3,True,7,13.2372725,False,
008001.000123,13,2s2.2p3.(4S*).6d,3D*,2.0,2,True,5,13.2372725,False,
008001.000124,13,2s2.2p3.(4S*).6d,3D*,1.0,1,True,3,13.2372725,False,
008001.000125,13,2s2.2p3.(4S*).6f,5F,5.0,5,True,11,13.2396725,False,
008001.000126,13,2s2.2p3.(4S*).6f,5F,4.0,4,True,9,13.2396725,False,
008001.000127,13,2s2.2p3.(4S*).6f,5F,3.0,3,True,7,13.2396725,False,
008001.000128,13,2s2.2p3.(4S*).6f,5F,2.0,2,True,5,13.2396725,False,
008001.000129,13,2s2.2p3.(4S*).6f,5F,1.0,1,True,3,13.2396725,False,
008001.000130,13,2s2.2p3.(4S*).6f,3F,4.0,4,True,9,13.2396776,False,
008001.000131,13,2s2.2p3.(4S*).6f,3F,3.0,3,True,7,13.2396776,False,
008001.000132,13,2s2.2p3.(4S*).6f,3F,2.0,2,True,5,13.2396776,False,
008001.000133,13,2s2.2p3.(4S*).6g,3G*,5.0,5,True,11,13.2400126,False,
008001.000135,13,2s2.2p3.(4S*).6g,3G*,4.0,4,True,9,13.2400126,False,
008001.000136,13,2s2.2p3.(4S*).6g,3G*,3.0,3,True,7,13.2400126,False,
008001.000134,13,2s2.2p3.(4S*).6g,5G*,6.0,6,True,13,13.2400126,False,
008001.000137,13,2s2.2p3.(4S*).6g,5G*,5.0,5,True,11,13.2400126,False,
008001.000138,13,2s2.2p3.(4S*).6g,5G*,4.0,4,True,9,13.2400126,False,
008001.000139,13,2s2.2p3.(4S*).6g,5G*,3.0,3,True,7,13.2400126,False,
008001.000140,13,2s2.2p3.(4S*).6g,5G*,2.0,2,True,5,13.2400126,False,
008001.000141,13,2s2.2p3.(4S*).8s,5S*,2.0,2,True,5,13.3216106,False,
008001.000142,13,2s2.2p3.(4S*).8s,3S*,1.0,1,True,3,13.3279572,False,
008001.000143,13,2s2.2p3.(4S*).7d,5D*,4.0,4,True,9,13.3374112,False,
008001.000144,13,2s2.2p3.(4S*).7d,5D*,3.0,3,True,7,13.3374122,False,
008001.000145,13,2s2.2p3.(4S*).7d,5D*,2.0,2,True,5,13.3374136,False,
008001.000146,13,2s2.2p3.(4S*).7d,5D*,1.0,1,True,3,13.3374147,False,
008001.000147,13,2s2.2p3.(4S*).7d,5D*,0.0,0,True,1,13.3374152,False,
008001.000148,13,2s2.2p3.(4S*).7d,3D*,3.0,3,True,7,13.3385644,False,
008001.000149,13,2s2.2p3.(4S*).7d,3D*,2.0,2,True,5,13.3385644,False,
008001.000150,13,2s2.2p3.(4S*).7d,3D*,1.0,1,True,3,13.3385644,False,
008001.000151,13,2s2.2p3.(4S*).7f,5F,5.0,5,True,11,13.3400972,False,
008001.000152,13,2s2.2p3.(4S*).7f,5F,4.0,4,True,9,13.3400972,False,
008001.000153,13,2s2.2p3.(4S*).7f,5F,3.0,3,True,7,13.3400972,False,
008001.000154,13,2s2.2p3.(4S*).7f,5F,2.0,2,True,5,13.3400972,False,
008001.000155,13,2s2.2p3.(4S*).7f,5F,1.0,1,True,3,13.3400972,False,
008001.000156,13,2s2.2p3.(4S*).7f,3F,4.0,4,True,9,13.3400981,False,
008001.000157,13,2s2.2p3.(4S*).7f,3F,3.0,3,True,7,13.3400981,False,
008001.000158,13,2s2.2p3.(4S*).7f,3F,2.0,2,True,5,13.3400981,False,
008001.000159,13,2s2.2p3.(4S*).9s,5S*,2.0,2,True,5,13.3929467,False,
008001.000160,13,2s2.2p3.(4S*).9s,3S*,1.0,1,True,3,13.3972365,False,
008001.000161,13,2s2.2p3.(4S*).8d,5D*,4.0,4,True,9,13.4034447,False,
008001.000162,13,2s2.2p3.(4S*).8d,5D*,3.0,3,True,7,13.4034453,False,
008001.000163,13,2s2.2p3.(4S*).8d,5D*,2.0,2,True,5,13.4034463,False,
008001.000164,13,2s2.2p3.(4S*).8d,5D*,1.0,1,True,3,13.403447,False,
008001.000165,13,2s2.2p3.(4S*).8d,5D*,0.0,0,True,1,13.4034474,False,
008001.000166,13,2s2.2p3.(4S*).8d,3D*,3.0,3,True,7,13.40443,False,
008001.000167,13,2s2.2p3.(4S*).8d,3D*,2.0,2,True,5,13.40443,False,
008001.000168,13,2s2.2p3.(4S*).8d,3D*,1.0,1,True,3,13.40443,False,
008001.000169,13,2s2.2p3.(4S*).10s,5S*,2.0,2,True,5,13.44137,False,
008001.000170,13,2s2.2p3.(4S*).10s,3S*,1.0,1,True,3,13.44439,False,
008001.000171,13,2s2.2p3.(4S*).9d,5D*,4.0,4,True,9,13.448595,False,
008001.000172,13,2s2.2p3.(4S*).9d,5D*,3.0,3,True,7,13.448595,False,
008001.000173,13,2s2.2p3.(4S*).9d,5D*,2.0,2,True,5,13.448595,False,
008001.000174,13,2s2.2p3.(4S*).9d,5D*,1.0,1,True,3,13.448595,False,
008001.000175,13,2s2.2p3.(4S*).9d,5D*,0.0,0,True,1,13.448595,False,
008001.000176,13,2s2.2p3.(4S*).9d,3D*,3.0,3,True,7,13.4494,False,
008001.000177,13,2s2.2p3.(4S*).9d,3D*,2.0,2,True,5,13.4494,False,
008001.000178,13,2s2.2p3.(4S*).9d,3D*,1.0,1,True,3,13.4494,False,
008001.000179,13,2s2.2p3.(4S*).11s,3S*,1.0,1,True,3,13.47776,False,
008001.000180,13,2s2.2p3.(4S*).10d,5D*,4.0,4,True,9,13.480992,False,
008001.000181,13,2s2.2p3.(4S*).10d,5D*,3.0,3,True,7,13.480992,False,
008001.000182,13,2s2.2p3.(4S*).10d,5D*,2.0,2,True,5,13.480992,False,
008001.000183,13,2s2.2p3.(4S*).10d,5D*,1.0,1,True,3,13.480992,False,
008001.000184,13,2s2.2p3.(4S*).10d,5D*,0.0,0,True,1,13.480992,False,
008001.000185,13,2s2.2p3.(4S*).10d,3D*,3.0,3,True,7,13.48156,False,
008001.000186,13,2s2.2p3.(4S*).10d,3D*,2.0,2,True,5,13.48156,False,
008001.000187,13,2s2.2p3.(4S*).10d,3D*,1.0,1,True,3,13.48156,False,
008001.000188,13,2s2.2p3.(4S*).12s,3S*,1.0,1,True,3,13.50264,False,
008001.000189,13,2s2.2p3.(4S*).11d,3D*,3.0,3,True,7,13.50525,False,
008001.000190,13,2s2.2p3.(4S*).11d,3D*,2.0,2,True,5,13.50525,False,
008001.000191,13,2s2.2p3.(4S*).11d,3D*,1.0,1,True,3,13.50525,False,
008001.000192,13,2s2.2p3.(4S*).13s,3S*,1.0,1,True,3,13.52122,False,
008001.000193,13,2s2.2p3.(4S*).12d,3D*,3.0,3,True,7,13.52337,False,
008001.000194,13,2s2.2p3.(4S*).12d,3D*,2.0,2,True,5,13.52337,False,
008001.000195,13,2s2.2p3.(4S*).12d,3D*,1.0,1,True,3,13.52337,False,
008001.000196,13,2s2.2p3.(4S*).14s,3S*,1.0,1,True,3,13.53557,False,
008001.000197,13,2s2.2p3.(4S*).13d,3D*,3.0,3,True,7,13.53738,False,
008001.000198,13,2s2.2p3.(4S*).13d,3D*,2.0,2,True,5,13.53738,False,
008001.000199,13,2s2.2p3.(4S*).13d,3D*,1.0,1,True,3,13.53738,False,
008001.000200,13,2s2.2p3.(4S*).15s,3S*,1.0,1,True,3,13.54725,False,
008001.000201,13,2s2.2p3.(4S*).14d,3D*,3.0,3,True,7,13.54877,False,
008001.000202,13,2s2.2p3.(4S*).14d,3D*,2.0,2,True,5,13.54877,False,
008001.000203,13,2s2.2p3.(4S*).14d,3D*,1.0,1,True,3,13.54937,False,
008001.000204,13,2s2.2p3.(4S*).16s,3S*,1.0,1,True,3,13.55656,False,
008001.000205,13,2s2.2p3.(4S*).15d,3D*,3.0,3,True,7,13.55754,False,
008001.000206,13,2s2.2p3.(4S*).15d,3D*,2.0,2,True,5,13.55754,False,
008001.000207,13,2s2.2p3.(4S*).15d,3D*,1.0,1,True,3,13.55754,False,
008001.000208,13,2s2.2p3.(4S*).17s,3S*,1.0,1,True,3,13.56417,False,
008001.000209,13,2s2.2p3.(4S*).16d,3D*,3.0,3,True,7,13.56505,False,
008001.000210,13,2s2.2p3.(4S*).16d,3D*,2.0,2,True,5,13.56505,False,
008001.000211,13,2s2.2p3.(4S*).16d,3D*,1.0,1,True,3,13.56505,False,
008001.000212,13,2s2.2p3.(4S*).18s,3S*,1.0,1,True,3,13.57065,False,
008001.000213,13,2s2.2p3.(4S*).17d,3D*,3.0,3,True,7,13.57101,False,
008001.000214,13,2s2.2p3.(4S*).17d,3D*,2.0,2,True,5,13.57101,False,
008001.000215,13,2s2.2p3.(4S*).17d,3D*,1.0,1,True,3,13.57101,False,
008001.000216,13,2s2.2p3.(4S*).18d,3D*,1.0,1,True,3,13.57539,False,
008001.000217,13,2s2.2p3.(4S*).18d,3D*,2.0,2,True,5,13.57602,False,
008001.000218,13,2s2.2p3.(4S*).18d,3D*,3.0,3,True,7,13.57615,False,
008001.000219,13,2s2.2p3.(4S*).19s,3S*,1.0,1,True,3,13.57615,False,
008001.000220,13,2s2.2p3.(4S*).19d,3D*,3.0,3,True,7,13.58039,False,
008001.000221,13,2s2.2p3.(4S*).19d,3D*,2.0,2,True,5,13.58039,False,
008001.000222,13,2s2.2p3.(4S*).19d,3D*,1.0,1,True,3,13.58039,False,
008001.000223,13,2s2.2p3.(4S*).20s,3S*,1.0,1,True,3,13.5804,False,
008001.000224,13,2s2.2p3.(4S*).20d,3D*,3.0,3,True,7,13.58389,False,
008001.000225,13,2s2.2p3.(4S*).20d,3D*,2.0,2,True,5,13.58389,False,
008001.000226,13,2s2.2p3.(4S*).20d,3D*,1.0,1,True,3,13.58389,False,
008001.000227,13,2s2.2p3.(4S*).21s,3S*,1.0,1,True,3,13.58399,False,
008001.000228,13,2s2.2p3.(4S*).22s,3S*,1.0,1,True,3,13.5873,False,
008001.000229,13,2s2.2p3.(4S*).21d,3D*,3.0,3,True,7,13.58734,False,
008001.000230,13,2s2.2p3.(4S*).21d,3D*,2.0,2,True,5,13.58734,False,
008001.000231,13,2s2.2p3.(4S*).21d,3D*,1.0,1,True,3,13.58734,False,
008001.000232,13,2s2.2p3.(4S*).23s,3S*,1.0,1,True,3,13.58997,False,
008001.000233,13,2s2.2p3.(4S*).22d,3D*,3.0,3,True,7,13.58997,False,
008001.000234,13,2s2.2p3.(4S*).22d,3D*,2.0,2,True,5,13.58997,False,
008001.000235,13,2s2.2p3.(4S*).22d,3D*,1.0,1,True,3,13.58997,False,
008001.000236,13,2s2.2p3.(4S*).24s,3S*,1.0,1,True,3,13.59239,False,
008001.000237,13,2s2.2p3.(4S*).23d,3D*,3.0,3,True,7,13.59239,False,
008001.000238,13,2s2.2p3.(4S*).23d,3D*,2.0,2,True,5,13.59239,False,
008001.000239,13,2s2.2p3.(4S*).23d,3D*,1.0,1,True,3,13.59239,False,
008001.000240,13,2s2.2p3.(4S*).25s,3S*,1.0,1,True,3,13.59458,False,
008001.000241,13,2s2.2p3.(4S*).24d,3D*,3.0,3,True,7,13.59458,False,
008001.000242,13,2s2.2p3.(4S*).24d,3D*,2.0,2,True,5,13.59458,False,
008001.000243,13,2s2.2p3.(4S*).24d,3D*,1.0,1,True,3,13.59458,False,
008001.000244,13,2s2.2p3.(4S*).26s,3S*,1.0,1,True,3,13.59628,False,
008001.000245,13,2s2.2p3.(4S*).25d,3D*,3.0,3,True,7,13.59628,False,
008001.000246,13,2s2.2p3.(4S*).25d,3D*,2.0,2,True,5,13.59628,False,
008001.000247,13,2s2.2p3.(4S*).25d,3D*,1.0,1,True,3,13.59628,False,
008001.000248,13,2s2.2p3.(4S*).27s,3S*,1.0,1,True,3,13.59778,False,
008001.000249,13,2s2.2p3.(4S*).26d,3D*,3.0,3,True,7,13.59778,False,
008001.000250,13,2s2.2p3.(4S*).26d,3D*,2.0,2,True,5,13.59778,False,
008001.000251,13,2s2.2p3.(4S*).26d,3D*,1.0,1,True,3,13.59778,False,
008001.000252,13,2s2.2p3.(4S*).28s,3S*,1.0,1,True,3,13.59936,False,
008001.000253,13,2s2.2p3.(4S*).27d,3D*,3.0,3,True,7,13.59936,False,
008001.000254,13,2s2.2p3.(4S*).27d,3D*,2.0,2,True,5,13.59936,False,
008001.000255,13,2s2.2p3.(4S*).27d,3D*,1.0,1,True,3,13.59936,False,
008001.000256,13,2s2.2p3.(4S*).29s,3S*,1.0,1,True,3,13.60056,False,
008001.000257,13,2s2.2p3.(4S*).28d,3D*,3.0,3,True,7,13.60056,False,
008001.000258,13,2s2.2p3.(4S*).28d,3D*,2.0,2,True,5,13.60056,False,
008001.000259,13,2s2.2p3.(4S*).28d,3D*,1.0,1,True,3,13.60056,False,
008001.000260,13,2s2.2p3.(4S*).30s,3S*,1.0,1,True,3,13.60174,False,
008001.000261,13,2s2.2p3.(4S*).29d,3D*,3.0,3,True,7,13.60174,False,
008001.000262,13,2s2.2p3.(4S*).29d,3D*,2.0,2,True,5,13.60174,False,
008001.000263,13,2s2.2p3.(4S*).29d,3D*,1.0,1,True,3,13.60174,False,
008001.000264,13,2s2.2p3.(4S*).31s,3S*,1.0,1,True,3,13.60277,False,
008001.000265,13,2s2.2p3.(4S*).30d,3D*,3.0,3,True,7,13.60277,False,
008001.000266,13,2s2.2p3.(4S*).30d,3D*,2.0,2,True,5,13.60277,False,
008001.000267,13,2s2.2p3.(4S*).30d,3D*,1.0,1,True,3,13.60277,False,
008001.Lim001,13,O II (2p3 4S*<3/2>),Limit,,---,False,,13.618055,False,7e-06
008001.000269,13,2s2.2p3.(2D*).3p,1P,1.0,1,True,3,14.0355624,False,
008001.000270,13,2s2.2p3.(2D*).3p,3D,3.0,3,True,7,14.0467669,False,
008001.000271,13,2s2.2p3.(2D*).3p,3D,2.0,2,True,5,14.0467717,False,
008001.000272,13,2s2.2p3.(2D*).3p,3D,1.0,1,True,3,14.0472014,False,
008001.000273,13,2s2.2p3.(2D*).3p,3F,4.0,4,True,9,14.0987942,False,
008001.000274,13,2s2.2p3.(2D*).3p,3F,3.0,3,True,7,14.0996582,False,
008001.000275,13,2s2.2p3.(2D*).3p,3F,2.0,2,True,5,14.1003714,False,
008001.000276,13,2s2.2p3.(2P*).3s,3P*,2.0,2,True,5,14.1231587,False,
008001.000277,13,2s2.2p3.(2P*).3s,3P*,1.0,1,True,3,14.1244523,False,
008001.000278,13,2s2.2p3.(2P*).3s,3P*,0.0,0,True,1,14.125214,False,
008001.000279,13,2s2.2p3.(2D*).3p,1F,3.0,3,True,7,14.1337323,False,
008001.000280,13,2s2.2p3.(2P*).3s,1P*,1.0,1,True,3,14.372018,False,
008001.000281,13,2s2.2p3.(2D*).3p,1D,2.0,2,True,5,14.4604127,False,
008001.000282,13,2s2.2p3.(2D*).4s,3D*,3.0,3,True,7,15.17811,False,
008001.000283,13,2s2.2p3.(2D*).4s,3D*,2.0,2,True,5,15.17978,False,
008001.000284,13,2s2.2p3.(2D*).4s,3D*,1.0,1,True,3,15.18075,False,
008001.000285,13,2s2.2p3.(2D*<3/2>).4s,1D*,2.0,2,True,5,15.2249696,False,
008001.000286,13,2s2.2p3.(2D*<3/2>).3d,3P*,2.0,2,True,5,15.2868521,False,
008001.000287,13,2s2.2p3.(2D*<3/2>).3d,3P*,1.0,1,True,3,15.2941343,False,
008001.000288,13,2s2.2p3.(2D*<3/2>).3d,3P*,0.0,0,True,1,15.2980803,False,
008001.000289,13,2s2.2p3.(2D*<5/2>).3d,3F*,4.0,4,True,9,15.4005245,False,
008001.000290,13,2s2.2p3.(2D*<5/2>).3d,3F*,3.0,3,True,7,15.4011962,False,
008001.000291,13,2s2.2p3.(2D*<5/2>).3d,3F*,2.0,2,True,5,15.4018277,False,
008001.000292,13,2s2.2p3.(2D*).3d,3G*,4.0,4,True,9,15.4036294,False,
008001.000293,13,2s2.2p3.(2D*).3d,3G*,5.0,5,True,11,15.4038114,False,
008001.000296,13,2s2.2p3.(2D*).3d,3G*,3.0,3,True,7,15.4053994,False,
008001.000294,13,2s2.2p3.(2D*<5/2>).3d,1S*,0.0,0,True,1,15.4041162,False,
008001.000295,13,2s2.2p3.(2D*<5/2>).3d,3D*,3.0,3,True,7,15.40468,False,
008001.000297,13,2s2.2p3.(2D*<5/2>).3d,3D*,2.0,2,True,5,15.40599,False,
008001.000299,13,2s2.2p3.(2D*<5/2>).3d,3D*,1.0,1,True,3,15.40677,False,
008001.000298,13,2s2.2p3.(2D*<3/2>).3d,1G*,4.0,4,True,9,15.4061252,False,
008001.000300,13,2s2.2p3.(2D*<5/2>).3d,1P*,1.0,1,True,3,15.408,False,
008001.000301,13,2s2.2p3.(2D*<3/2>).3d,1D*,2.0,2,True,5,15.4136133,False,
008001.000302,13,2s2.2p3.(2D*<3/2>).3d,1F*,3.0,3,True,7,15.414556,False,
008001.000303,13,2s2.2p3.(2D*<3/2>).3d,3S*,1.0,1,True,3,15.41574,False,
008001.000304,13,2s2.2p3.(2D*).4p,3D,3.0,3,True,7,15.5941737,False,
008001.000306,13,2s2.2p3.(2D*).4p,3D,2.0,2,True,5,15.5950907,False,
008001.000305,13,2s2.2p3.(2D*).4p,3D,1.0,1,True,3,15.5957253,False,
008001.000307,13,2s.2p5,3P*,2.0,2,True,5,15.6550999,False,
008001.000308,13,2s.2p5,3P*,1.0,1,True,3,15.6641915,False,
008001.000309,13,2s.2p5,3P*,0.0,0,True,1,15.6695881,False,
008001.000310,13,2s2.2p3.(2P*).3p,3D,3.0,3,True,7,15.7810344,False,
008001.000311,13,2s2.2p3.(2P*).3p,3D,2.0,2,True,5,15.7817439,False,
008001.000312,13,2s2.2p3.(2P*).3p,3D,1.0,1,True,3,15.7821517,False,
008001.000313,13,2s2.2p3.(2P*).3p,1P,1.0,1,True,3,15.8287841,False,
008001.000314,13,2s2.2p3.(2P*).3p,1D,2.0,2,True,5,15.9437376,False,
008001.000315,13,2s2.2p3.(2D*).5s,3D*,3.0,3,True,7,15.99133,False,
008001.000316,13,2s2.2p3.(2D*).5s,3D*,2.0,2,True,5,15.99275,False,
008001.000317,13,2s2.2p3.(2D*).5s,3D*,1.0,1,True,3,15.99374,False,
008001.000318,13,2s2.2p3.(2D*<3/2>).5s,1D*,2.0,2,True,5,16.0103676,False,
008001.000002,13,2s2.2p3.(2D*<5/2>).4d,3F*,3.0,3,True,7,,False,
008001.000003,13,2s2.2p3.(2D*<5/2>).4d,3F*,2.0,2,True,5,,False,
008001.000319,13,2s2.2p3.(2D*<5/2>).4d,3F*,4.0,4,True,9,16.0766475,False,
008001.000320,13,2s2.2p3.(2D*).4d,3G*,4.0,4,True,9,16.0782511,False,
008001.000321,13,2s2.2p3.(2D*).4d,3G*,5.0,5,True,11,16.0783356,False,
008001.000325,13,2s2.2p3.(2D*).4d,3G*,3.0,3,True,7,16.0799432,False,
008001.000322,13,2s2.2p3.(2D*<5/2>).4d,1S*,0.0,0,True,1,16.0785843,False,
008001.000323,13,2s2.2p3.(2D*<5/2>).4d,1P*,1.0,1,True,3,16.0786,False,
008001.000324,13,2s2.2p3.(2D*<5/2>).4d,3D*,3.0,3,True,7,16.0798,False,
008001.000326,13,2s2.2p3.(2D*<5/2>).4d,3D*,2.0,2,True,5,16.08044,False,
008001.000328,13,2s2.2p3.(2D*<5/2>).4d,3D*,1.0,1,True,3,16.08112,False,
008001.000327,13,2s2.2p3.(2D*<3/2>).4d,1G*,4.0,4,True,9,16.0806911,False,
008001.000329,13,2s2.2p3.(2D*<3/2>).4d,1D*,2.0,2,True,5,16.0846,False,
008001.000330,13,2s2.2p3.(2D*<3/2>).4d,3S*,1.0,1,True,3,16.08529,False,
008001.000331,13,2s2.2p3.(2D*<3/2>).4d,1F*,3.0,3,True,7,16.0853444,False,
008001.000004,13,2s2.2p3.(2D*).4f,3G,4.0,4,True,9,,False,
008001.000005,13,2s2.2p3.(2D*).4f,3G,3.0,3,True,7,,False,
008001.000332,13,2s2.2p3.(2D*).4f,3G,5.0,5,True,11,16.0904139,False,
008001.000006,13,2s2.2p3.(2D*).4f,3H,4.0,4,True,9,,False,
008001.000333,13,2s2.2p3.(2D*).4f,3H,5.0,5,True,11,16.0906592,False,
008001.000334,13,2s2.2p3.(2D*).4f,3H,6.0,6,True,13,16.0906605,False,
008001.000335,13,2s2.2p3.(2D*).4f,1H,5.0,5,True,11,16.093128,False,
008001.000336,13,2s2.2p3.(2D*<3/2>).4d,3P*,2.0,2,True,5,16.1142263,False,
008001.000337,13,2s2.2p3.(2D*<3/2>).4d,3P*,1.0,1,True,3,16.1153897,False,
008001.000338,13,2s2.2p3.(2D*<3/2>).4d,3P*,0.0,0,True,1,16.1160306,False,
008001.000339,13,2s2.2p3.(2P*).3p,1S,0.0,0,True,1,16.2348533,False,
008001.000340,13,2s2.2p3.(2D*).6s,3D*,3.0,3,True,7,16.34787,False,
008001.000341,13,2s2.2p3.(2D*).6s,3D*,2.0,2,True,5,16.34924,False,
008001.000342,13,2s2.2p3.(2D*).6s,3D*,1.0,1,True,3,16.35055,False,
008001.000343,13,2s2.2p3.(2D*<3/2>).6s,1D*,2.0,2,True,5,16.358,False,
008001.000007,13,2s2.2p3.(2D*<5/2>).5d,3F*,3.0,3,True,7,,False,
008001.000008,13,2s2.2p3.(2D*<5/2>).5d,3F*,2.0,2,True,5,,False,
008001.000344,13,2s2.2p3.(2D*<5/2>).5d,3F*,4.0,4,True,9,16.3895544,False,
008001.000009,13,2s2.2p3.(2D*).5d,3G*,3.0,3,True,7,,False,
008001.000345,13,2s2.2p3.(2D*).5d,3G*,4.0,4,True,9,16.3904688,False,
008001.000346,13,2s2.2p3.(2D*).5d,3G*,5.0,5,True,11,16.3905122,False,
008001.000347,13,2s2.2p3.(2D*<5/2>).5d,1P*,1.0,1,True,3,16.3911,False,
008001.000348,13,2s2.2p3.(2D*<5/2>).5d,3D*,3.0,3,True,7,16.39113,False,
008001.000349,13,2s2.2p3.(2D*<5/2>).5d,3D*,2.0,2,True,5,16.39242,False,
008001.000351,13,2s2.2p3.(2D*<5/2>).5d,3D*,1.0,1,True,3,16.39296,False,
008001.000350,13,2s2.2p3.(2D*<3/2>).5d,1G*,4.0,4,True,9,16.3929029,False,
008001.000352,13,2s2.2p3.(2D*<3/2>).5d,3S*,1.0,1,True,3,16.39475,False,
008001.000353,13,2s2.2p3.(2D*<3/2>).5d,1D*,2.0,2,True,5,16.3951,False,
008001.000354,13,2s2.2p3.(2D*<3/2>).5d,1F*,3.0,3,True,7,16.396,False,
008001.000010,13,2s2.2p3.(2D*<3/2>).5d,3P*,0.0,0,True,1,,False,
008001.000355,13,2s2.2p3.(2D*<3/2>).5d,3P*,2.0,2,True,5,16.40449,False,
008001.000356,13,2s2.2p3.(2D*<3/2>).5d,3P*,1.0,1,True,3,16.40512,False,
008001.000357,13,2s2.2p3.(2D*).7s,3D*,3.0,3,True,7,16.53575,False,
008001.000358,13,2s2.2p3.(2D*).7s,3D*,2.0,2,True,5,16.53686,False,
008001.000359,13,2s2.2p3.(2D*).7s,3D*,1.0,1,True,3,16.53828,False,
008001.000360,13,2s2.2p3.(2D*<3/2>).7s,1D*,2.0,2,True,5,16.5421,False,
008001.000361,13,2s2.2p3.(2D*<5/2>).6d,3D*,3.0,3,True,7,16.56017,False,
008001.000362,13,2s2.2p3.(2D*<5/2>).6d,3D*,2.0,2,True,5,16.56017,False,
008001.000363,13,2s2.2p3.(2D*<5/2>).6d,3D*,1.0,1,True,3,16.56017,False,
008001.000364,13,2s2.2p3.(2D*<5/2>).6d,1P*,1.0,1,True,3,16.5604,False,
008001.000365,13,2s2.2p3.(2D*<3/2>).6d,3S*,1.0,1,True,3,16.56155,False,
008001.000366,13,2s2.2p3.(2D*<3/2>).6d,1D*,2.0,2,True,5,16.5627,False,
008001.000367,13,2s2.2p3.(2D*<3/2>).6d,1F*,3.0,3,True,7,16.5632,False,
008001.000011,13,2s2.2p3.(2D*<3/2>).6d,3P*,0.0,0,True,1,,False,
008001.000368,13,2s2.2p3.(2D*<3/2>).6d,3P*,2.0,2,True,5,16.56702,False,
008001.000369,13,2s2.2p3.(2D*<3/2>).6d,3P*,1.0,1,True,3,16.56757,False,
008001.000370,13,2s2.2p3.(2D*).8s,3D*,3.0,3,True,7,16.64678,False,
008001.000371,13,2s2.2p3.(2D*).8s,3D*,2.0,2,True,5,16.64778,False,
008001.000372,13,2s2.2p3.(2D*).8s,3D*,1.0,1,True,3,16.64923,False,
008001.000373,13,2s2.2p3.(2D*<3/2>).8s,1D*,2.0,2,True,5,16.6517,False,
008001.000374,13,2s2.2p3.(2D*<5/2>).7d,3D*,3.0,3,True,7,16.66162,False,
008001.000375,13,2s2.2p3.(2D*<5/2>).7d,3D*,2.0,2,True,5,16.66162,False,
008001.000376,13,2s2.2p3.(2D*<5/2>).7d,3D*,1.0,1,True,3,16.66162,False,
008001.000377,13,2s2.2p3.(2D*<5/2>).7d,1P*,1.0,1,True,3,16.6619,False,
008001.000378,13,2s2.2p3.(2D*<3/2>).7d,3S*,1.0,1,True,3,16.66379,False,
008001.000379,13,2s2.2p3.(2D*<3/2>).7d,1D*,2.0,2,True,5,16.6646,False,
008001.000380,13,2s2.2p3.(2D*<3/2>).7d,1F*,3.0,3,True,7,16.6646,False,
008001.000012,13,2s2.2p3.(2D*<3/2>).7d,3P*,0.0,0,True,1,,False,
008001.000381,13,2s2.2p3.(2D*<3/2>).7d,3P*,2.0,2,True,5,16.66613,False,
008001.000382,13,2s2.2p3.(2D*<3/2>).7d,3P*,1.0,1,True,3,16.66676,False,
008001.000013,13,2s2.2p3.(2D*).9s,3D*,1.0,1,True,3,,False,
008001.000383,13,2s2.2p3.(2D*).9s,3D*,3.0,3,True,7,16.71791,False,
008001.000384,13,2s2.2p3.(2D*).9s,3D*,2.0,2,True,5,16.71849,False,
008001.000385,13,2s2.2p3.(2D*<3/2>).9s,1D*,2.0,2,True,5,16.7216,False,
008001.000386,13,2s2.2p3.(2D*<5/2>).8d,3D*,3.0,3,True,7,16.72785,False,
008001.000388,13,2s2.2p3.(2D*<5/2>).8d,3D*,2.0,2,True,5,16.72785,False,
008001.000389,13,2s2.2p3.(2D*<5/2>).8d,3D*,1.0,1,True,3,16.72785,False,
008001.000387,13,2s2.2p3.(2D*<3/2>).8d,3S*,1.0,1,True,3,16.72785,False,
008001.000390,13,2s2.2p3.(2D*<5/2>).8d,1P*,1.0,1,True,3,16.7281,False,
008001.000391,13,2s2.2p3.(2D*<3/2>).8d,1D*,2.0,2,True,5,16.73,False,
008001.000392,13,2s2.2p3.(2D*<3/2>).8d,1F*,3.0,3,True,7,16.73,False,
008001.000014,13,2s2.2p3.(2D*<3/2>).8d,3P*,0.0,0,True,1,,False,
008001.000393,13,2s2.2p3.(2D*<3/2>).8d,3P*,2.0,2,True,5,16.7309,False,
008001.000394,13,2s2.2p3.(2D*<3/2>).8d,3P*,1.0,1,True,3,16.73131,False,
008001.000015,13,2s2.2p3.(2D*).10s,3D*,1.0,1,True,3,,False,
008001.000395,13,2s2.2p3.(2D*).10s,3D*,3.0,3,True,7,16.76597,False,
008001.000396,13,2s2.2p3.(2D*).10s,3D*,2.0,2,True,5,16.76597,False,
008001.000397,13,2s2.2p3.(2D*<3/2>).10s,1D*,2.0,2,True,5,16.7691,False,
008001.000398,13,2s2.2p3.(2D*<5/2>).9d,3D*,3.0,3,True,7,16.77304,False,
008001.000400,13,2s2.2p3.(2D*<5/2>).9d,3D*,2.0,2,True,5,16.77304,False,
008001.000401,13,2s2.2p3.(2D*<5/2>).9d,3D*,1.0,1,True,3,16.77304,False,
008001.000399,13,2s2.2p3.(2D*<3/2>).9d,3S*,1.0,1,True,3,16.77304,False,
008001.000402,13,2s2.2p3.(2D*<5/2>).9d,1P*,1.0,1,True,3,16.7732,False,
008001.000016,13,2s2.2p3.(2D*<3/2>).9d,3P*,0.0,0,True,1,,False,
008001.000403,13,2s2.2p3.(2D*<3/2>).9d,3P*,2.0,2,True,5,16.7755,False,
008001.000406,13,2s2.2p3.(2D*<3/2>).9d,3P*,1.0,1,True,3,16.77568,False,
008001.000404,13,2s2.2p3.(2D*<3/2>).9d,1D*,2.0,2,True,5,16.7756,False,
008001.000405,13,2s2.2p3.(2D*<3/2>).9d,1F*,3.0,3,True,7,16.7756,False,
008001.000017,13,2s2.2p3.(2D*).11s,3D*,2.0,2,True,5,,False,
008001.000018,13,2s2.2p3.(2D*).11s,3D*,1.0,1,True,3,,False,
008001.000407,13,2s2.2p3.(2D*).11s,3D*,3.0,3,True,7,16.80014,False,
008001.000408,13,2s2.2p3.(2D*<5/2>).10d,3D*,3.0,3,True,7,16.80503,False,
008001.000410,13,2s2.2p3.(2D*<5/2>).10d,3D*,2.0,2,True,5,16.80503,False,
008001.000411,13,2s2.2p3.(2D*<5/2>).10d,3D*,1.0,1,True,3,16.80503,False,
008001.000409,13,2s2.2p3.(2D*<3/2>).10d,3S*,1.0,1,True,3,16.80503,False,
008001.000412,13,2s2.2p3.(2D*<5/2>).10d,1P*,1.0,1,True,3,16.8051,False,
008001.000413,13,2s2.2p3.(2D*<3/2>).10d,3P*,2.0,2,True,5,16.80734,False,
008001.000414,13,2s2.2p3.(2D*<3/2>).10d,3P*,1.0,1,True,3,16.80757,False,
008001.000415,13,2s2.2p3.(2D*<3/2>).10d,1D*,2.0,2,True,5,16.8079,False,
008001.000416,13,2s2.2p3.(2D*<3/2>).10d,1F*,3.0,3,True,7,16.8079,False,
008001.000019,13,2s2.2p3.(2P*).4s,3P*,2.0,2,True,5,16.82239,True,
008001.000033,13,2s2.2p3.(2P*).4s,3P*,1.0,1,True,3,16.82239,True,
008001.000034,13,2s2.2p3.(2P*).4s,3P*,0.0,0,True,1,16.82239,True,
008001.000020,13,2s2.2p3.(2D*).12s,3D*,2.0,2,True,5,,False,
008001.000021,13,2s2.2p3.(2D*).12s,3D*,1.0,1,True,3,,False,
008001.000417,13,2s2.2p3.(2D*).12s,3D*,3.0,3,True,7,16.82488,False,
008001.000418,13,2s2.2p3.(2D*<3/2>).12s,1D*,2.0,2,True,5,16.8275,False,
008001.000419,13,2s2.2p3.(2D*<5/2>).11d,3D*,3.0,3,True,7,16.82867,False,
008001.000421,13,2s2.2p3.(2D*<5/2>).11d,3D*,2.0,2,True,5,16.82867,False,
008001.000422,13,2s2.2p3.(2D*<5/2>).11d,3D*,1.0,1,True,3,16.82867,False,
008001.000420,13,2s2.2p3.(2D*<3/2>).11d,3S*,1.0,1,True,3,16.82867,False,
008001.000423,13,2s2.2p3.(2D*<5/2>).11d,1P*,1.0,1,True,3,16.8291,False,
008001.000022,13,2s2.2p3.(2D*<3/2>).11d,3P*,0.0,0,True,1,,False,
008001.000424,13,2s2.2p3.(2D*<3/2>).11d,3P*,1.0,1,True,3,16.83107,False,
008001.000425,13,2s2.2p3.(2D*<3/2>).11d,3P*,2.0,2,True,5,16.83121,False,
008001.000426,13,2s2.2p3.(2D*<3/2>).11d,1D*,2.0,2,True,5,16.8315,False,
008001.000427,13,2s2.2p3.(2D*<3/2>).11d,1F*,3.0,3,True,7,16.8315,False,
008001.000023,13,2s2.2p3.(2D*).13d,3D*,2.0,2,True,5,,False,
008001.000024,13,2s2.2p3.(2D*).13d,3D*,1.0,1,True,3,,False,
008001.000428,13,2s2.2p3.(2D*).13d,3D*,3.0,3,True,7,16.84358,False,
008001.000429,13,2s2.2p3.(2D*<5/2>).12d,3D*,3.0,3,True,7,16.84653,False,
008001.000431,13,2s2.2p3.(2D*<5/2>).12d,3D*,2.0,2,True,5,16.84653,False,
008001.000432,13,2s2.2p3.(2D*<5/2>).12d,3D*,1.0,1,True,3,16.84653,False,
008001.000430,13,2s2.2p3.(2D*<3/2>).12d,3S*,1.0,1,True,3,16.84653,False,
008001.000433,13,2s2.2p3.(2D*<5/2>).12d,1P*,1.0,1,True,3,16.8478,False,
008001.000025,13,2s2.2p3.(2D*<3/2>).12d,3P*,0.0,0,True,1,,False,
008001.000434,13,2s2.2p3.(2D*<3/2>).12d,3P*,1.0,1,True,3,16.84907,False,
008001.000435,13,2s2.2p3.(2D*<3/2>).12d,3P*,2.0,2,True,5,16.84934,False,
008001.000436,13,2s2.2p3.(2D*<3/2>).12d,1D*,2.0,2,True,5,16.8497,False,
008001.000437,13,2s2.2p3.(2D*<3/2>).12d,1F*,3.0,3,True,7,16.8497,False,
008001.000438,13,2s2.2p3.(2D*<5/2>).13d,3D*,3.0,3,True,7,16.86016,False,
008001.000440,13,2s2.2p3.(2D*<5/2>).13d,3D*,2.0,2,True,5,16.86016,False,
008001.000441,13,2s2.2p3.(2D*<5/2>).13d,3D*,1.0,1,True,3,16.86016,False,
008001.000439,13,2s2.2p3.(2D*<3/2>).13d,3S*,1.0,1,True,3,16.86016,False,
008001.000026,13,2s2.2p3.(2D*<3/2>).13d,3P*,0.0,0,True,1,,False,
008001.000444,13,2s2.2p3.(2D*<3/2>).13d,3P*,2.0,2,True,5,16.86321,False,
008001.000445,13,2s2.2p3.(2D*<3/2>).13d,3P*,1.0,1,True,3,16.8633,False,
008001.000446,13,2s2.2p3.(2D*<5/2>).14d,3D*,3.0,3,True,7,16.87069,False,
008001.000448,13,2s2.2p3.(2D*<5/2>).14d,3D*,2.0,2,True,5,16.87069,False,
008001.000449,13,2s2.2p3.(2D*<5/2>).14d,3D*,1.0,1,True,3,16.87069,False,
008001.000447,13,2s2.2p3.(2D*<3/2>).14d,3S*,1.0,1,True,3,16.87069,False,
008001.000450,13,2s2.2p3.(2D*<5/2>).14d,1P*,1.0,1,True,3,16.8724,False,
008001.000027,13,2s2.2p3.(2D*<3/2>).14d,3P*,1.0,1,True,3,,False,
008001.000028,13,2s2.2p3.(2D*<3/2>).14d,3P*,0.0,0,True,1,,False,
008001.000451,13,2s2.2p3.(2D*<3/2>).14d,3P*,2.0,2,True,5,16.87426,False,
008001.000452,13,2s2.2p3.(2D*<5/2>).15d,3D*,3.0,3,True,7,16.87907,False,
008001.000454,13,2s2.2p3.(2D*<5/2>).15d,3D*,2.0,2,True,5,16.87907,False,
008001.000455,13,2s2.2p3.(2D*<5/2>).15d,3D*,1.0,1,True,3,16.87907,False,
008001.000453,13,2s2.2p3.(2D*<3/2>).15d,3S*,1.0,1,True,3,16.87907,False,
008001.000029,13,2s2.2p3.(2D*<3/2>).15d,3P*,1.0,1,True,3,,False,
008001.000030,13,2s2.2p3.(2D*<3/2>).15d,3P*,0.0,0,True,1,,False,
008001.000456,13,2s2.2p3.(2D*<3/2>).15d,3P*,2.0,2,True,5,16.88311,False,
008001.000457,13,2s2.2p3.(2D*<5/2>).16d,3D*,3.0,3,True,7,16.88595,False,
008001.000459,13,2s2.2p3.(2D*<5/2>).16d,3D*,2.0,2,True,5,16.88595,False,
008001.000460,13,2s2.2p3.(2D*<5/2>).16d,3D*,1.0,1,True,3,16.88595,False,
008001.000458,13,2s2.2p3.(2D*<3/2>).16d,3S*,1.0,1,True,3,16.88595,False,
008001.000031,13,2s2.2p3.(2D*<3/2>).16d,3P*,1.0,1,True,3,,False,
008001.000032,13,2s2.2p3.(2D*<3/2>).16d,3P*,0.0,0,True,1,,False,
008001.000461,13,2s2.2p3.(2D*<3/2>).16d,3P*,2.0,2,True,5,16.89188,False,
008001.000442,13,2s2.2p3.(2D*<3/2>).14s,1D*,2.0,2,True,5,16.9,False,
008001.000443,13,2s2.2p3.(2D*<5/2>).13d,1P*,1.0,1,True,3,16.9,False,
008001.000462,13,2s2.2p3.(2P*).4s,1P*,1.0,1,True,3,16.9056,False,
008001.Lim002,13,O II (2p3 2D*<5/2>),Limit,,---,False,,16.942152,False,
008001.Lim003,13,O II (2p3 2D*<3/2>),Limit,,---,False,,16.944605,False,
008001.000465,13,2s2.2p3.(2P*).3d,1D*,2.0,2,True,5,17.1009,False,
008001.000466,13,2s2.2p3.(2P*).3d,3P*,2.0,2,True,5,17.10319,False,
008001.000467,13,2s2.2p3.(2P*).3d,3P*,1.0,1,True,3,17.10319,False,
008001.000468,13,2s2.2p3.(2P*).3d,3P*,0.0,0,True,1,17.10319,False,
008001.000469,13,2s2.2p3.(2P*).3d,3D*,3.0,3,True,7,17.10517,False,
008001.000470,13,2s2.2p3.(2P*).3d,3D*,2.0,2,True,5,17.10517,False,
008001.000471,13,2s2.2p3.(2P*).3d,3D*,1.0,1,True,3,17.10517,False,
008001.000472,13,2s2.2p3.(2P*).3d,1P*,1.0,1,True,3,17.1075,False,
008001.000473,13,2s2.2p3.(2P*).5s,3P*,2.0,2,True,5,17.68641,False,
008001.000474,13,2s2.2p3.(2P*).5s,3P*,1.0,1,True,3,17.68641,False,
008001.000475,13,2s2.2p3.(2P*).5s,3P*,0.0,0,True,1,17.68641,False,
008001.000476,13,2s2.2p3.(2P*).5s,1P*,1.0,1,True,3,17.6979,False,
008001.000477,13,2s2.2p3.(2P*).4d,1D*,2.0,2,True,5,17.7743,False,
008001.000478,13,2s2.2p3.(2P*).4d,3P*,2.0,2,True,5,17.7748,False,
008001.000480,13,2s2.2p3.(2P*).4d,3P*,1.0,1,True,3,17.7748,False,
008001.000481,13,2s2.2p3.(2P*).4d,3P*,0.0,0,True,1,17.7748,False,
008001.000479,13,2s2.2p3.(2P*).4d,3D*,3.0,3,True,7,17.7748,False,
008001.000482,13,2s2.2p3.(2P*).4d,3D*,2.0,2,True,5,17.7748,False,
008001.000483,13,2s2.2p3.(2P*).4d,3D*,1.0,1,True,3,17.7748,False,
008001.000484,13,2s2.2p3.(2P*).4d,1P*,1.0,1,True,3,17.7774,False,
008001.000485,13,2s2.2p3.(2P*).6s,3P*,2.0,2,True,5,18.04175,False,
008001.000486,13,2s2.2p3.(2P*).6s,3P*,1.0,1,True,3,18.04175,False,
008001.000487,13,2s2.2p3.(2P*).6s,3P*,0.0,0,True,1,18.04175,False,
008001.000488,13,2s2.2p3.(2P*).6s,1P*,1.0,1,True,3,18.055,False,
008001.000489,13,2s2.2p3.(2P*).5d,1D*,2.0,2,True,5,18.0853,False,
008001.000490,13,2s2.2p3.(2P*).5d,3P*,2.0,2,True,5,18.08564,False,
008001.000492,13,2s2.2p3.(2P*).5d,3P*,1.0,1,True,3,18.08564,False,
008001.000493,13,2s2.2p3.(2P*).5d,3P*,0.0,0,True,1,18.08564,False,
008001.000491,13,2s2.2p3.(2P*).5d,3D*,3.0,3,True,7,18.08564,False,
008001.000494,13,2s2.2p3.(2P*).5d,3D*,2.0,2,True,5,18.08564,False,
008001.000495,13,2s2.2p3.(2P*).5d,3D*,1.0,1,True,3,18.08564,False,
008001.000496,13,2s2.2p3.(2P*).5d,1P*,1.0,1,True,3,18.0877,False,
008001.000497,13,2s2.2p3.(2P*).7s,3P*,2.0,2,True,5,18.22924,False,
008001.000498,13,2s2.2p3.(2P*).7s,3P*,1.0,1,True,3,18.22924,False,
008001.000499,13,2s2.2p3.(2P*).7s,3P*,0.0,0,True,1,18.22924,False,
008001.000500,13,2s2.2p3.(2P*).7s,1P*,1.0,1,True,3,18.2327,False,
008001.000501,13,2s2.2p3.(2P*).6d,1D*,2.0,2,True,5,18.2541,False,
008001.000502,13,2s2.2p3.(2P*).6d,3P*,2.0,2,True,5,18.25421,False,
008001.000504,13,2s2.2p3.(2P*).6d,3P*,1.0,1,True,3,18.25421,False,
008001.000505,13,2s2.2p3.(2P*).6d,3P*,0.0,0,True,1,18.25421,False,
008001.000503,13,2s2.2p3.(2P*).6d,3D*,3.0,3,True,7,18.25421,False,
008001.000506,13,2s2.2p3.(2P*).6d,3D*,2.0,2,True,5,18.25421,False,
008001.000507,13,2s2.2p3.(2P*).6d,3D*,1.0,1,True,3,18.25421,False,
008001.000508,13,2s2.2p3.(2P*).6d,1P*,1.0,1,True,3,18.255,False,
008001.000509,13,2s2.2p3.(2P*).8s,3P*,2.0,2,True,5,18.33988,False,
008001.000510,13,2s2.2p3.(2P*).8s,3P*,1.0,1,True,3,18.33988,False,
008001.000511,13,2s2.2p3.(2P*).8s,3P*,0.0,0,True,1,18.33988,False,
008001.000512,13,2s2.2p3.(2P*).8s,1P*,1.0,1,True,3,18.3425,False,
008001.000513,13,2s2.2p3.(2P*).7d,1D*,2.0,2,True,5,18.3552,False,
008001.000514,13,2s2.2p3.(2P*).7d,3P*,2.0,2,True,5,18.35558,False,
008001.000516,13,2s2.2p3.(2P*).7d,3P*,1.0,1,True,3,18.35558,False,
008001.000517,13,2s2.2p3.(2P*).7d,3P*,0.0,0,True,1,18.35558,False,
008001.000515,13,2s2.2p3.(2P*).7d,3D*,3.0,3,True,7,18.35558,False,
008001.000518,13,2s2.2p3.(2P*).7d,3D*,2.0,2,True,5,18.35558,False,
008001.000519,13,2s2.2p3.(2P*).7d,3D*,1.0,1,True,3,18.35558,False,
008001.000520,13,2s2.2p3.(2P*).7d,1P*,1.0,1,True,3,18.3569,False,
008001.000521,13,2s2.2p3.(2P*).9s,3P*,2.0,2,True,5,18.4111,False,
008001.000522,13,2s2.2p3.(2P*).9s,3P*,1.0,1,True,3,18.4111,False,
008001.000523,13,2s2.2p3.(2P*).9s,3P*,0.0,0,True,1,18.4111,False,
008001.000524,13,2s2.2p3.(2P*).9s,1P*,1.0,1,True,3,18.4123,False,
008001.000525,13,2s2.2p3.(2P*).8d,3P*,2.0,2,True,5,18.42119,False,
008001.000527,13,2s2.2p3.(2P*).8d,3P*,1.0,1,True,3,18.42119,False,
008001.000528,13,2s2.2p3.(2P*).8d,3P*,0.0,0,True,1,18.42119,False,
008001.000526,13,2s2.2p3.(2P*).8d,3D*,3.0,3,True,7,18.42119,False,
008001.000529,13,2s2.2p3.(2P*).8d,3D*,2.0,2,True,5,18.42119,False,
008001.000530,13,2s2.2p3.(2P*).8d,3D*,1.0,1,True,3,18.42119,False,
008001.000531,13,2s2.2p3.(2P*).8d,1D*,2.0,2,True,5,18.4213,False,
008001.000532,13,2s2.2p3.(2P*).8d,1P*,1.0,1,True,3,18.4218,False,
008001.000533,13,2s2.2p3.(2P*).10s,3P*,2.0,2,True,5,18.45913,False,
008001.000534,13,2s2.2p3.(2P*).10s,3P*,1.0,1,True,3,18.45913,False,
008001.000535,13,2s2.2p3.(2P*).10s,3P*,0.0,0,True,1,18.45913,False,
008001.000536,13,2s2.2p3.(2P*).10s,1P*,1.0,1,True,3,18.4601,False,
008001.000537,13,2s2.2p3.(2P*).9d,1D*,2.0,2,True,5,18.4663,False,
008001.000538,13,2s2.2p3.(2P*).9d,3P*,2.0,2,True,5,18.46688,False,
008001.000540,13,2s2.2p3.(2P*).9d,3P*,1.0,1,True,3,18.46688,False,
008001.000541,13,2s2.2p3.(2P*).9d,3P*,0.0,0,True,1,18.46688,False,
008001.000539,13,2s2.2p3.(2P*).9d,3D*,3.0,3,True,7,18.46688,False,
008001.000542,13,2s2.2p3.(2P*).9d,3D*,2.0,2,True,5,18.46688,False,
008001.000543,13,2s2.2p3.(2P*).9d,3D*,1.0,1,True,3,18.46688,False,
008001.000544,13,2s2.2p3.(2P*).9d,1P*,1.0,1,True,3,18.467,False,
008001.000545,13,2s2.2p3.(2P*).11s,3P*,2.0,2,True,5,18.49337,False,
008001.000546,13,2s2.2p3.(2P*).11s,3P*,1.0,1,True,3,18.49337,False,
008001.000547,13,2s2.2p3.(2P*).11s,3P*,0.0,0,True,1,18.49337,False,
008001.000548,13,2s2.2p3.(2P*).11s,1P*,1.0,1,True,3,18.4945,False,
008001.000549,13,2s2.2p3.(2P*).10d,3P*,2.0,2,True,5,18.49852,False,
008001.000551,13,2s2.2p3.(2P*).10d,3P*,1.0,1,True,3,18.49852,False,
008001.000552,13,2s2.2p3.(2P*).10d,3P*,0.0,0,True,1,18.49852,False,
008001.000550,13,2s2.2p3.(2P*).10d,3D*,3.0,3,True,7,18.49852,False,
008001.000553,13,2s2.2p3.(2P*).10d,3D*,2.0,2,True,5,18.49852,False,
008001.000554,13,2s2.2p3.(2P*).10d,3D*,1.0,1,True,3,18.49852,False,
008001.000555,13,2s2.2p3.(2P*).10d,1D*,2.0,2,True,5,18.4988,False,
008001.000556,13,2s2.2p3.(2P*).12s,3P*,2.0,2,True,5,18.51821,False,
008001.000557,13,2s2.2p3.(2P*).12s,3P*,1.0,1,True,3,18.51821,False,
008001.000558,13,2s2.2p3.(2P*).12s,3P*,0.0,0,True,1,18.51821,False,
008001.000559,13,2s2.2p3.(2P*).11d,3P*,2.0,2,True,5,18.52207,False,
008001.000561,13,2s2.2p3.(2P*).11d,3P*,1.0,1,True,3,18.52207,False,
008001.000562,13,2s2.2p3.(2P*).11d,3P*,0.0,0,True,1,18.52207,False,
008001.000560,13,2s2.2p3.(2P*).11d,3D*,3.0,3,True,7,18.52207,False,
008001.000563,13,2s2.2p3.(2P*).11d,3D*,2.0,2,True,5,18.52207,False,
008001.000564,13,2s2.2p3.(2P*).11d,3D*,1.0,1,True,3,18.52207,False,
008001.000565,13,2s2.2p3.(2P*).11d,1D*,2.0,2,True,5,18.5222,False,
008001.000566,13,2s2.2p3.(2P*).13s,3P*,2.0,2,True,5,18.53742,False,
008001.000567,13,2s2.2p3.(2P*).13s,3P*,1.0,1,True,3,18.53742,False,
008001.000568,13,2s2.2p3.(2P*).13s,3P*,0.0,0,True,1,18.53742,False,
008001.000569,13,2s2.2p3.(2P*).12d,3P*,2.0,2,True,5,18.54052,False,
008001.000571,13,2s2.2p3.(2P*).12d,3P*,1.0,1,True,3,18.54052,False,
008001.000572,13,2s2.2p3.(2P*).12d,3P*,0.0,0,True,1,18.54052,False,
008001.000570,13,2s2.2p3.(2P*).12d,3D*,3.0,3,True,7,18.54052,False,
008001.000573,13,2s2.2p3.(2P*).12d,3D*,2.0,2,True,5,18.54052,False,
008001.000574,13,2s2.2p3.(2P*).12d,3D*,1.0,1,True,3,18.54052,False,
008001.000575,13,2s2.2p3.(2P*).14s,3P*,2.0,2,True,5,18.55198,False,
008001.000576,13,2s2.2p3.(2P*).14s,3P*,1.0,1,True,3,18.55198,False,
008001.000577,13,2s2.2p3.(2P*).14s,3P*,0.0,0,True,1,18.55198,False,
008001.000578,13,2s2.2p3.(2P*).13d,3P*,2.0,2,True,5,18.55451,False,
008001.000580,13,2s2.2p3.(2P*).13d,3P*,1.0,1,True,3,18.55451,False,
008001.000581,13,2s2.2p3.(2P*).13d,3P*,0.0,0,True,1,18.55451,False,
008001.000579,13,2s2.2p3.(2P*).13d,3D*,3.0,3,True,7,18.55451,False,
008001.000582,13,2s2.2p3.(2P*).13d,3D*,2.0,2,True,5,18.55451,False,
008001.000583,13,2s2.2p3.(2P*).13d,3D*,1.0,1,True,3,18.55451,False,
008001.000584,13,2s2.2p3.(2P*).14d,3P*,2.0,2,True,5,18.566,False,
008001.000586,13,2s2.2p3.(2P*).14d,3P*,1.0,1,True,3,18.566,False,
008001.000587,13,2s2.2p3.(2P*).14d,3P*,0.0,0,True,1,18.566,False,
008001.000585,13,2s2.2p3.(2P*).14d,3D*,3.0,3,True,7,18.566,False,
008001.000588,13,2s2.2p3.(2P*).14d,3D*,2.0,2,True,5,18.566,False,
008001.000589,13,2s2.2p3.(2P*).14d,3D*,1.0,1,True,3,18.566,False,
008001.000590,13,2s2.2p3.(2P*).15d,3P*,2.0,2,True,5,18.57477,False,
008001.000592,13,2s2.2p3.(2P*).15d,3P*,1.0,1,True,3,18.57477,False,
008001.000593,13,2s2.2p3.(2P*).15d,3P*,0.0,0,True,1,18.57477,False,
008001.000591,13,2s2.2p3.(2P*).15d,3D*,3.0,3,True,7,18.57477,False,
008001.000594,13,2s2.2p3.(2P*).15d,3D*,2.0,2,True,5,18.57477,False,
008001.000595,13,2s2.2p3.(2P*).15d,3D*,1.0,1,True,3,18.57477,False,
008001.000596,13,2s2.2p3.(2P*).17d,3P*,2.0,2,True,5,18.58817,False,
008001.000598,13,2s2.2p3.(2P*).17d,3P*,1.0,1,True,3,18.58817,False,
008001.000599,13,2s2.2p3.(2P*).17d,3P*,0.0,0,True,1,18.58817,False,
008001.000597,13,2s2.2p3.(2P*).17d,3D*,3.0,3,True,7,18.58817,False,
008001.000600,13,2s2.2p3.(2P*).17d,3D*,2.0,2,True,5,18.58817,False,
008001.000601,13,2s2.2p3.(2P*).17d,3D*,1.0,1,True,3,18.58817,False,
008001.000602,13,2s2.2p3.(2P*).18d,3P*,2.0,2,True,5,18.59286,False,
008001.000604,13,2s2.2p3.(2P*).18d,3P*,1.0,1,True,3,18.59286,False,
008001.000605,13,2s2.2p3.(2P*).18d,3P*,0.0,0,True,1,18.59286,False,
008001.000603,13,2s2.2p3.(2P*).18d,3D*,3.0,3,True,7,18.59286,False,
008001.000606,13,2s2.2p3.(2P*).18d,3D*,2.0,2,True,5,18.59286,False,
008001.000607,13,2s2.2p3.(2P*).18d,3D*,1.0,1,True,3,18.59286,False,
008001.000608,13,2s2.2p3.(2P*).19d,3P*,2.0,2,True,5,18.59773,False,
008001.000610,13,2s2.2p3.(2P*).19d,3P*,1.0,1,True,3,18.59773,False,
008001.000611,13,2s2.2p3.(2P*).19d,3P*,0.0,0,True,1,18.59773,False,
008001.000609,13,2s2.2p3.(2P*).19d,3D*,3.0,3,True,7,18.59773,False,
008001.000612,13,2s2.2p3.(2P*).19d,3D*,2.0,2,True,5,18.59773,False,
008001.000613,13,2s2.2p3.(2P*).19d,3D*,1.0,1,True,3,18.59773,False,
008001.Lim004,13,O II (2p3 2P*),Limit,,---,False,,18.63552,False,
008002.000001,14,2s2.2p3,4S*,1.5,3/2,True,4,0.0,False,0.0
008002.000009,14,2s2.2p3,2D*,2.5,5/2,True,6,3.324085,False,
008002.000010,14,2s2.2p3,2D*,1.5,3/2,True,4,3.326567,False,
008002.000011,14,2s2.2p3,2P*,1.5,3/2,True,4,5.017394,False,
008002.000012,14,2s2.2p3,2P*,0.5,1/2,True,2,5.017641,False,
008002.000013,14,2s.2p4,4P,2.5,5/2,True,6,14.85792,False,
008002.000014,14,2s.2p4,4P,1.5,3/2,True,4,14.878157,False,
008002.000015,14,2s.2p4,4P,0.5,1/2,True,2,14.888377,False,
008002.000016,14,2s.2p4,2D,2.5,5/2,True,6,20.579946,False,
008002.000017,14,2s.2p4,2D,1.5,3/2,True,4,20.580943,False,
008002.000018,14,2s2.2p2.(3P).3s,4P,0.5,1/2,True,2,22.9662478,False,
008002.000019,14,2s2.2p2.(3P).3s,4P,1.5,3/2,True,4,22.9793029,False,
008002.000020,14,2s2.2p2.(3P).3s,4P,2.5,5/2,True,6,22.9989602,False,
008002.000021,14,2s2.2p2.(3P).3s,2P,0.5,1/2,True,2,23.4191946,False,
008002.000022,14,2s2.2p2.(3P).3s,2P,1.5,3/2,True,4,23.4415082,False,
008002.000023,14,2s.2p4,2S,0.5,1/2,True,2,24.265006,False,
008002.000024,14,2s2.2p2.(3P).3p,2S*,0.5,1/2,True,2,25.2856211,False,
008002.000025,14,2s2.2p2.(3P).3p,4D*,0.5,1/2,True,2,25.6313478,False,
008002.000026,14,2s2.2p2.(3P).3p,4D*,1.5,3/2,True,4,25.6382319,False,
008002.000027,14,2s2.2p2.(3P).3p,4D*,2.5,5/2,True,6,25.6495863,False,
008002.000030,14,2s2.2p2.(3P).3p,4D*,3.5,7/2,True,8,25.6650368,False,
008002.000028,14,2s2.2p2.(1D).3s,2D,2.5,5/2,True,6,25.661218,False,
008002.000029,14,2s2.2p2.(1D).3s,2D,1.5,3/2,True,4,25.661347,False,
008002.000031,14,2s2.2p2.(3P).3p,4P*,0.5,1/2,True,2,25.8316247,False,
008002.000032,14,2s2.2p2.(3P).3p,4P*,1.5,3/2,True,4,25.8373471,False,
008002.000033,14,2s2.2p2.(3P).3p,4P*,2.5,5/2,True,6,25.8487467,False,
008002.000034,14,2s2.2p2.(3P).3p,2D*,1.5,3/2,True,4,26.2254001,False,
008002.000035,14,2s2.2p2.(3P).3p,2D*,2.5,5/2,True,6,26.2490334,False,
008002.000036,14,2s2.2p2.(3P).3p,4S*,1.5,3/2,True,4,26.3047208,False,
008002.000037,14,2s.2p4,2P,1.5,3/2,True,4,26.358274,False,
008002.000038,14,2s.2p4,2P,0.5,1/2,True,2,26.379157,False,
008002.000039,14,2s2.2p2.(3P).3p,2P*,0.5,1/2,True,2,26.5536859,False,
008002.000040,14,2s2.2p2.(3P).3p,2P*,1.5,3/2,True,4,26.561094,False,
008002.000041,14,2s2.2p2.(1D).3p,2F*,2.5,5/2,True,6,28.358142,False,
008002.000042,14,2s2.2p2.(1D).3p,2F*,3.5,7/2,True,8,28.361069,False,
008002.000043,14,2s2.2p2.(1D).3p,2D*,2.5,5/2,True,6,28.509803,False,
008002.000044,14,2s2.2p2.(1D).3p,2D*,1.5,3/2,True,4,28.512453,False,
008002.000045,14,2s2.2p2.(1S).3s,2S,0.5,1/2,True,2,28.591928,False,
008002.000046,14,2s2.2p2.(3P).3d,4F,1.5,3/2,True,4,28.6770648,False,
008002.000047,14,2s2.2p2.(3P).3d,4F,2.5,5/2,True,6,28.6837551,False,
008002.000048,14,2s2.2p2.(3P).3d,4F,3.5,7/2,True,8,28.6934114,False,
008002.000049,14,2s2.2p2.(3P).3d,4F,4.5,9/2,True,10,28.706092,False,
008002.000050,14,2s2.2p2.(3P).3d,4P,2.5,5/2,True,6,28.8217045,False,
008002.000053,14,2s2.2p2.(3P).3d,4P,1.5,3/2,True,4,28.8307832,False,
008002.000054,14,2s2.2p2.(3P).3d,4P,0.5,1/2,True,2,28.8390335,False,
008002.000051,14,2s2.2p2.(1D).3p,2P*,0.5,1/2,True,2,28.823901,False,
008002.000052,14,2s2.2p2.(1D).3p,2P*,1.5,3/2,True,4,28.829685,False,
008002.000055,14,2s2.2p2.(3P).3d,4D,0.5,1/2,True,2,28.8525664,False,
008002.000056,14,2s2.2p2.(3P).3d,4D,1.5,3/2,True,4,28.8568239,False,
008002.000057,14,2s2.2p2.(3P).3d,4D,2.5,5/2,True,6,28.8570199,False,
008002.000058,14,2s2.2p2.(3P).3d,4D,3.5,7/2,True,8,28.8577953,False,
008002.000059,14,2s2.2p2.(3P).3d,2F,2.5,5/2,True,6,28.8630624,False,
008002.000060,14,2s2.2p2.(3P).3d,2F,3.5,7/2,True,8,28.8832609,False,
008002.000061,14,2s2.2p2.(3P).3d,2P,1.5,3/2,True,4,28.941697,False,
008002.000062,14,2s2.2p2.(3P).3d,2P,0.5,1/2,True,2,28.955839,False,
008002.000063,14,2s2.2p2.(3P).3d,2D,1.5,3/2,True,4,29.0622429,False,
008002.000064,14,2s2.2p2.(3P).3d,2D,2.5,5/2,True,6,29.0686699,False,
008002.000065,14,2s2.2p2.(3P).4s,4P,0.5,1/2,True,2,29.586034,False,
008002.000066,14,2s2.2p2.(3P).4s,4P,1.5,3/2,True,4,29.599076,False,
008002.000067,14,2s2.2p2.(3P).4s,4P,2.5,5/2,True,6,29.619076,False,
008002.000068,14,2s2.2p2.(3P).4s,2P,0.5,1/2,True,2,29.797124,False,
008002.000069,14,2s2.2p2.(3P).4s,2P,1.5,3/2,True,4,29.820351,False,
008002.000070,14,2s2.2p2.(3P).4p,2S*,0.5,1/2,True,2,30.380752,False,
008002.000071,14,2s.2p3.(5S*).3s,6S*,2.5,5/2,True,6,30.425722,False,
008002.000072,14,2s2.2p2.(3P).4p,4D*,0.5,1/2,True,2,30.471394,False,
008002.000073,14,2s2.2p2.(3P).4p,4D*,1.5,3/2,True,4,30.477387,False,
008002.000074,14,2s2.2p2.(3P).4p,4D*,2.5,5/2,True,6,30.4881141,False,
008002.000075,14,2s2.2p2.(3P).4p,4D*,3.5,7/2,True,8,30.5037449,False,
008002.000076,14,2s2.2p2.(3P).4p,4S*,1.5,3/2,True,4,30.5362941,False,
008002.000077,14,2s2.2p2.(3P).4p,4P*,0.5,1/2,True,2,30.5397984,False,
008002.000078,14,2s2.2p2.(3P).4p,4P*,2.5,5/2,True,6,30.5566036,False,
008002.000079,14,2s2.2p2.(3P).4p,4P*,1.5,3/2,True,4,30.5600365,False,
008002.000080,14,2s2.2p2.(3P).4p,2D*,1.5,3/2,True,4,30.74935,False,
008002.000081,14,2s2.2p2.(3P).4p,2D*,2.5,5/2,True,6,30.771222,False,
008002.000082,14,2s2.2p2.(3P).4p,2P*,0.5,1/2,True,2,30.800949,False,
008002.000083,14,2s2.2p2.(3P).4p,2P*,1.5,3/2,True,4,30.81197,False,
008002.000084,14,2s2.2p2.(1D).3d,2F,3.5,7/2,True,8,31.147582,False,
008002.000085,14,2s2.2p2.(1D).3d,2F,2.5,5/2,True,6,31.147904,False,
008002.000086,14,2s2.2p2.(1D).3d,2G,4.5,9/2,True,10,31.319435,False,
008002.000087,14,2s2.2p2.(1D).3d,2G,3.5,7/2,True,8,31.319581,False,
008002.000088,14,2s2.2p2.(1S).3p,2P*,0.5,1/2,True,2,31.366419,False,
008002.000089,14,2s2.2p2.(1S).3p,2P*,1.5,3/2,True,4,31.367183,False,
008002.000090,14,2s2.2p2.(1D).3d,2D,1.5,3/2,True,4,31.373797,False,
008002.000091,14,2s2.2p2.(1D).3d,2D,2.5,5/2,True,6,31.374055,False,
008002.000092,14,2s2.2p2.(1D).3d,2P,0.5,1/2,True,2,31.465948,False,
008002.000093,14,2s2.2p2.(1D).3d,2P,1.5,3/2,True,4,31.466247,False,
008002.000094,14,2s2.2p2.(3P).4d,4F,1.5,3/2,True,4,31.533845,False,
008002.000095,14,2s2.2p2.(3P).4d,4F,2.5,5/2,True,6,31.540144,False,
008002.000096,14,2s2.2p2.(3P).4d,4F,3.5,7/2,True,8,31.551524,False,
008002.000097,14,2s2.2p2.(3P).4d,4F,4.5,9/2,True,10,31.565137,False,
008002.000098,14,2s2.2p2.(3P).4d,4D,0.5,1/2,True,2,31.596961,False,
008002.000099,14,2s2.2p2.(3P).4d,4D,1.5,3/2,True,4,31.601262,False,
008002.000100,14,2s2.2p2.(3P).4d,4D,2.5,5/2,True,6,31.603128,False,
008002.000102,14,2s2.2p2.(3P).4d,4D,3.5,7/2,True,8,31.618417,False,
008002.000101,14,2s.2p3.(5S*).3s,4S*,1.5,3/2,True,4,31.613683,False,
008002.000103,14,2s2.2p2.(3P).4d,4P,2.5,5/2,True,6,31.62899,False,
008002.000104,14,2s2.2p2.(3P).4d,4P,1.5,3/2,True,4,31.633627,False,
008002.000105,14,2s2.2p2.(3P).4d,4P,0.5,1/2,True,2,31.63619,False,
008002.000106,14,2s2.2p2.(3P).4d,2P,1.5,3/2,True,4,31.637492,False,
008002.000107,14,2s2.2p2.(3P).4d,2P,0.5,1/2,True,2,31.650925,False,
008002.000108,14,2s2.2p2.(3P).4d,2F,2.5,5/2,True,6,31.653427,False,
008002.000109,14,2s2.2p2.(3P).4d,2F,3.5,7/2,True,8,31.67376,False,
008002.000110,14,2s2.2p2.(1D).3d,2S,0.5,1/2,True,2,31.693188,False,
008002.000111,14,2s2.2p2.(3P).4f D,2[3]*,2.5,5/2,True,6,31.7015121,False,
008002.000112,14,2s2.2p2.(3P).4f D,2[3]*,3.5,7/2,True,8,31.7016866,False,
008002.000113,14,2s2.2p2.(3P).4f G,2[3]*,2.5,5/2,True,6,31.7097189,False,
008002.000114,14,2s2.2p2.(3P).4f G,2[3]*,3.5,7/2,True,8,31.7101222,False,
008002.000115,14,2s2.2p2.(3P).4f D,2[2]*,1.5,3/2,True,4,31.716736,False,
008002.000116,14,2s2.2p2.(3P).4f D,2[2]*,2.5,5/2,True,6,31.7168283,False,
008002.000117,14,2s2.2p2.(3P).4f G,2[4]*,4.5,9/2,True,10,31.718587,False,
008002.000118,14,2s2.2p2.(3P).4f G,2[4]*,3.5,7/2,True,8,31.718825,False,
008002.000119,14,2s2.2p2.(3P).4d,2D,1.5,3/2,True,4,31.720478,False,
008002.000120,14,2s2.2p2.(3P).4d,2D,2.5,5/2,True,6,31.727258,False,
008002.000121,14,2s2.2p2.(3P).4f D,2[1]*,1.5,3/2,True,4,31.729084,False,
008002.000122,14,2s2.2p2.(3P).4f D,2[1]*,0.5,1/2,True,2,31.72909,False,
008002.000123,14,2s2.2p2.(3P).4f G,2[5]*,5.5,11/2,True,12,31.7371628,False,
008002.000124,14,2s2.2p2.(3P).4f G,2[5]*,4.5,9/2,True,10,31.7379195,False,
008002.000125,14,2s2.2p2.(3P).4f F,2[2]*,1.5,3/2,True,4,31.7503204,False,
008002.000126,14,2s2.2p2.(3P).4f F,2[2]*,2.5,5/2,True,6,31.7508339,False,
008002.000127,14,2s2.2p2.(3P).4f F,2[3]*,3.5,7/2,True,8,31.7552335,False,
008002.000128,14,2s2.2p2.(3P).4f F,2[3]*,2.5,5/2,True,6,31.7555502,False,
008002.000129,14,2s2.2p2.(3P).4f F,2[4]*,4.5,9/2,True,10,31.7568211,False,
008002.000130,14,2s2.2p2.(3P).4f F,2[4]*,3.5,7/2,True,8,31.7577077,False,
008002.000131,14,2s2.2p2.(3P).5s,4P,0.5,1/2,True,2,31.9502,False,
008002.000132,14,2s2.2p2.(3P).5s,4P,1.5,3/2,True,4,31.963118,False,
008002.000133,14,2s2.2p2.(3P).5s,4P,2.5,5/2,True,6,31.983597,False,
008002.000134,14,2s2.2p2.(3P).5s,2P,0.5,1/2,True,2,32.038913,False,
008002.000135,14,2s2.2p2.(3P).5s,2P,1.5,3/2,True,4,32.063101,False,
008002.000136,14,2s2.2p2.(1D).4s,2D,2.5,5/2,True,6,32.147566,False,
008002.000137,14,2s2.2p2.(1D).4s,2D,1.5,3/2,True,4,32.147624,False,
008002.000138,14,2s2.2p2.(3P).5p,2S*,0.5,1/2,True,2,32.320978,False,
008002.000139,14,2s2.2p2.(3P).5p,4D*,0.5,1/2,True,2,32.34896,False,
008002.000140,14,2s2.2p2.(3P).5p,4D*,1.5,3/2,True,4,32.354745,False,
008002.000141,14,2s2.2p2.(3P).5p,4D*,2.5,5/2,True,6,32.365335,False,
008002.000142,14,2s2.2p2.(3P).5p,4D*,3.5,7/2,True,8,32.382266,False,
008002.000143,14,2s2.2p2.(3P).5p,4P*,0.5,1/2,True,2,32.386467,False,
008002.000144,14,2s2.2p2.(3P).5p,4P*,1.5,3/2,True,4,32.392272,False,
008002.000145,14,2s2.2p2.(3P).5p,4P*,2.5,5/2,True,6,32.404017,False,
008002.000146,14,2s2.2p2.(3P).5p,4S*,1.5,3/2,True,4,32.436939,False,
008002.000147,14,2s2.2p2.(3P).5p,2D*,1.5,3/2,True,4,32.44651,False,
008002.000148,14,2s2.2p2.(3P).5p,2D*,2.5,5/2,True,6,32.467735,False,
008002.000149,14,2s2.2p2.(3P).5p,2P*,0.5,1/2,True,2,32.519421,False,
008002.000150,14,2s2.2p2.(3P).5p,2P*,1.5,3/2,True,4,32.529492,False,
008002.000151,14,2s2.2p2.(3P).5d,4D,2.5,5/2,True,6,32.88313,False,
008002.000152,14,2s2.2p2.(3P).5d,4D,1.5,3/2,True,4,32.88313,False,
008002.000153,14,2s2.2p2.(3P).5d,4P,2.5,5/2,True,6,32.90931,False,
008002.000154,14,2s2.2p2.(3P).5d,4P,1.5,3/2,True,4,32.91386,False,
008002.000155,14,2s2.2p2.(3P).5d,2F,3.5,7/2,True,8,32.92787,False,
008002.000156,14,2s2.2p2.(3P).5f D,2[3]*,2.5,5/2,True,6,32.934803,False,
008002.000157,14,2s2.2p2.(3P).5f D,2[3]*,3.5,7/2,True,8,32.934988,False,
008002.000158,14,2s2.2p2.(3P<0>).5g,2[4],4.5,9/2,True,10,32.942246,False,
008002.000159,14,2s2.2p2.(3P<0>).5g,2[4],3.5,7/2,True,8,32.942246,False,
008002.000160,14,2s2.2p2.(3P).5f G,2[3]*,2.5,5/2,True,6,32.944893,False,
008002.000161,14,2s2.2p2.(3P).5f G,2[3]*,3.5,7/2,True,8,32.945128,False,
008002.000162,14,2s2.2p2.(3P).5f G,2[4]*,4.5,9/2,True,10,32.950201,False,
008002.000163,14,2s2.2p2.(3P).5f G,2[4]*,3.5,7/2,True,8,32.950457,False,
008002.000164,14,2s2.2p2.(3P).5f D,2[2]*,1.5,3/2,True,4,32.950819,False,
008002.000165,14,2s2.2p2.(3P).5f D,2[2]*,2.5,5/2,True,6,32.950977,False,
008002.000166,14,2s2.2p2.(3P<1>).5g,2[4],3.5,7/2,True,8,32.954266,False,
008002.000167,14,2s2.2p2.(3P<1>).5g,2[4],4.5,9/2,True,10,32.954273,False,
008002.000168,14,2s2.2p2.(3P<1>).5g,2[5],4.5,9/2,True,10,32.956981,False,
008002.000169,14,2s2.2p2.(3P<1>).5g,2[5],5.5,11/2,True,12,32.956991,False,
008002.000170,14,2s2.2p2.(3P<1>).5g,2[3],2.5,5/2,True,6,32.957513,False,
008002.000171,14,2s2.2p2.(3P<1>).5g,2[3],3.5,7/2,True,8,32.957537,False,
008002.000172,14,2s2.2p2.(3P).5d,2D,2.5,5/2,True,6,32.96184,False,
008002.000173,14,2s2.2p2.(3P).5f D,2[1]*,0.5,1/2,True,2,32.966538,False,
008002.000174,14,2s2.2p2.(3P).5f D,2[1]*,1.5,3/2,True,4,32.966607,False,
008002.000175,14,2s2.2p2.(3P).5f G,2[5]*,5.5,11/2,True,12,32.970522,False,
008002.000176,14,2s2.2p2.(3P).5f G,2[5]*,4.5,9/2,True,10,32.971156,False,
008002.000177,14,2s2.2p2.(3P).5f F,2[2]*,1.5,3/2,True,4,32.974511,False,
008002.000178,14,2s2.2p2.(3P).5f F,2[2]*,2.5,5/2,True,6,32.975276,False,
008002.000179,14,2s2.2p2.(3P<2>).5g,2[2],2.5,5/2,True,6,32.977331,False,
008002.000180,14,2s2.2p2.(3P<2>).5g,2[2],1.5,3/2,True,4,32.977331,False,
008002.000181,14,2s2.2p2.(3P).5f F,2[3]*,3.5,7/2,True,8,32.978843,False,
008002.000184,14,2s2.2p2.(3P).5f F,2[3]*,2.5,5/2,True,6,32.978851,False,
008002.000182,14,2s2.2p2.(3P<2>).5g,2[6],5.5,11/2,True,12,32.978843,False,
008002.000183,14,2s2.2p2.(3P<2>).5g,2[6],6.5,13/2,True,14,32.978847,False,
008002.000185,14,2s2.2p2.(3P).5f F,2[4]*,4.5,9/2,True,10,32.979766,False,
008002.000186,14,2s2.2p2.(3P).5f F,2[4]*,3.5,7/2,True,8,32.980404,False,
008002.000187,14,2s2.2p2.(3P<2>).5g,2[3],2.5,5/2,True,6,32.980739,False,
008002.000188,14,2s2.2p2.(3P<2>).5g,2[3],3.5,7/2,True,8,32.980754,False,
008002.000189,14,2s2.2p2.(3P<2>).5g,2[4],4.5,9/2,True,10,32.982636,False,
008002.000190,14,2s2.2p2.(3P<2>).5g,2[4],3.5,7/2,True,8,32.982636,False,
008002.000191,14,2s2.2p2.(3P<2>).5g,2[5],5.5,11/2,True,12,32.982792,False,
008002.000192,14,2s2.2p2.(3P<2>).5g,2[5],4.5,9/2,True,10,32.982792,False,
008002.000193,14,2s2.2p2.(1D).4p,2F*,2.5,5/2,True,6,33.051674,False,
008002.000194,14,2s2.2p2.(1D).4p,2F*,3.5,7/2,True,8,33.05274,False,
008002.000195,14,2s2.2p2.(1D).4p,2D*,1.5,3/2,True,4,33.057203,False,
008002.000196,14,2s2.2p2.(1D).4p,2D*,2.5,5/2,True,6,33.059219,False,
008002.000197,14,2s2.2p2.(3P).6s,4P,0.5,1/2,True,2,33.06634,False,
008002.000198,14,2s2.2p2.(3P).6s,4P,1.5,3/2,True,4,33.07923,False,
008002.000199,14,2s2.2p2.(3P).6s,4P,2.5,5/2,True,6,33.100214,False,
008002.000200,14,2s2.2p2.(3P).6s,2P,0.5,1/2,True,2,33.11632,False,
008002.000201,14,2s2.2p2.(3P).6s,2P,1.5,3/2,True,4,33.140757,False,
008002.000202,14,2s2.2p2.(1D).4p,2P*,0.5,1/2,True,2,33.160848,False,
008002.000203,14,2s2.2p2.(1D).4p,2P*,1.5,3/2,True,4,33.164631,False,
008002.000204,14,2s.2p3.(5S*).3p,6P,1.5,3/2,True,4,33.199026,False,
008002.000205,14,2s.2p3.(5S*).3p,6P,2.5,5/2,True,6,33.199928,False,
008002.000206,14,2s.2p3.(5S*).3p,6P,3.5,7/2,True,8,33.201492,False,
008002.000207,14,2s2.2p2.(3P).6p,2S*,0.5,1/2,True,2,33.27361,False,
008002.000002,14,2s2.2p2.(3P).6p,4D*,0.5,1/2,True,2,,False,
008002.000208,14,2s2.2p2.(3P).6p,4D*,1.5,3/2,True,4,33.28549,False,
008002.000209,14,2s2.2p2.(3P).6p,4D*,2.5,5/2,True,6,33.295647,False,
008002.000210,14,2s2.2p2.(3P).6p,4D*,3.5,7/2,True,8,33.31357,False,
008002.000003,14,2s2.2p2.(3P).6p,4P*,0.5,1/2,True,2,,False,
008002.000004,14,2s2.2p2.(3P).6p,4P*,1.5,3/2,True,4,,False,
008002.000211,14,2s2.2p2.(3P).6p,4P*,2.5,5/2,True,6,33.32478,False,
008002.000212,14,2s2.2p2.(3P<0>).6g,2[4],3.5,7/2,True,8,33.608192,False,
008002.000213,14,2s2.2p2.(3P<0>).6g,2[4],4.5,9/2,True,10,33.608197,False,
008002.000214,14,2s2.2p2.(3P<1>).6g,2[4],4.5,9/2,True,10,33.621024,False,
008002.000215,14,2s2.2p2.(3P<1>).6g,2[4],3.5,7/2,True,8,33.621024,False,
008002.000216,14,2s2.2p2.(3P<1>).6g,2[5],4.5,9/2,True,10,33.622639,False,
008002.000217,14,2s2.2p2.(3P<1>).6g,2[5],5.5,11/2,True,12,33.622665,False,
008002.000218,14,2s2.2p2.(3P<1>).6g,2[3],2.5,5/2,True,6,33.623017,False,
008002.000219,14,2s2.2p2.(3P<1>).6g,2[3],3.5,7/2,True,8,33.623032,False,
008002.000220,14,2s2.2p2.(3P<2>).6g,2[2],2.5,5/2,True,6,33.644428,False,
008002.000221,14,2s2.2p2.(3P<2>).6g,2[2],1.5,3/2,True,4,33.644428,False,
008002.000222,14,2s2.2p2.(3P<2>).6g,2[6],5.5,11/2,True,12,33.645307,False,
008002.000223,14,2s2.2p2.(3P<2>).6g,2[6],6.5,13/2,True,14,33.645318,False,
008002.000224,14,2s2.2p2.(3P<2>).6g,2[3],3.5,7/2,True,8,33.646271,False,
008002.000225,14,2s2.2p2.(3P<2>).6g,2[3],2.5,5/2,True,6,33.646287,False,
008002.000226,14,2s2.2p2.(3P<2>).6g,2[4],3.5,7/2,True,8,33.647408,False,
008002.000227,14,2s2.2p2.(3P<2>).6g,2[4],4.5,9/2,True,10,33.647427,False,
008002.000228,14,2s2.2p2.(3P<2>).6g,2[5],4.5,9/2,True,10,33.647459,False,
008002.000229,14,2s2.2p2.(3P<2>).6g,2[5],5.5,11/2,True,12,33.6475,False,
008002.000005,14,2s2.2p2.(3P).7p,4D*,0.5,1/2,True,2,,False,
008002.000230,14,2s2.2p2.(3P).7p,4D*,1.5,3/2,True,4,33.81401,False,
008002.000231,14,2s2.2p2.(3P).7p,4D*,2.5,5/2,True,6,33.82136,False,
008002.000232,14,2s2.2p2.(3P).7p,4D*,3.5,7/2,True,8,33.84377,False,
008002.000006,14,2s2.2p2.(3P).7p,4P*,0.5,1/2,True,2,,False,
008002.000007,14,2s2.2p2.(3P).7p,4P*,1.5,3/2,True,4,,False,
008002.000233,14,2s2.2p2.(3P).7p,4P*,2.5,5/2,True,6,33.85,False,
008002.000234,14,2s2.2p2.(1D).4d,2F,2.5,5/2,True,6,34.06351,False,
008002.000235,14,2s2.2p2.(1D).4d,2F,3.5,7/2,True,8,34.06856,False,
008002.000236,14,2s2.2p2.(1D).4d,2D,1.5,3/2,True,4,34.08524,False,
008002.000237,14,2s2.2p2.(1D).4d,2D,2.5,5/2,True,6,34.08673,False,
008002.000008,14,2s2.2p2.(1D).4d,2P,0.5,1/2,True,2,,False,
008002.000238,14,2s2.2p2.(1D).4d,2P,1.5,3/2,True,4,34.17142,False,
008002.000239,14,2s2.2p2.(1D).4f G,2[4]*,4.5,9/2,True,10,34.200067,False,
008002.000240,14,2s2.2p2.(1D).4f G,2[4]*,3.5,7/2,True,8,34.200067,False,
008002.000241,14,2s2.2p2.(1D).4f F,2[3]*,3.5,7/2,True,8,34.204965,False,
008002.000242,14,2s2.2p2.(1D).4f F,2[3]*,2.5,5/2,True,6,34.204965,False,
008002.000243,14,2s2.2p2.(1S).3d,2D,1.5,3/2,True,4,34.217649,False,
008002.000247,14,2s2.2p2.(1S).3d,2D,2.5,5/2,True,6,34.228977,False,
008002.000244,14,2s2.2p2.(1D).4d,2S,0.5,1/2,True,2,34.2192,False,
008002.000245,14,2s2.2p2.(1D).4f D,2[2]*,1.5,3/2,True,4,34.227922,False,
008002.000246,14,2s2.2p2.(1D).4f D,2[2]*,2.5,5/2,True,6,34.227931,False,
008002.000248,14,2s2.2p2.(1D).4f H,2[5]*,4.5,9/2,True,10,34.23321,False,
008002.000249,14,2s2.2p2.(1D).4f H,2[5]*,5.5,11/2,True,12,34.23322,False,
008002.000250,14,2s2.2p2.(1D).4f P,2[1]*,1.5,3/2,True,4,34.252347,False,
008002.000251,14,2s2.2p2.(1D).4f P,2[1]*,0.5,1/2,True,2,34.252347,False,
008002.000252,14,2s2.2p2.(1D).5s,2D,1.5,3/2,True,4,34.485502,False,
008002.000253,14,2s2.2p2.(1D).5s,2D,2.5,5/2,True,6,34.485538,False,
008002.000254,14,2s2.2p2.(1S).4s,2S,0.5,1/2,True,2,34.990808,False,
008002.Lim001,14,O III (2p2 3P<0>),Limit,,---,False,,35.12112,False,6e-05
008002.Lim002,14,O III (2p2 3P<1>),Limit,,---,False,,35.13515,False,
008002.Lim003,14,O III (2p2 3P<2>),Limit,,---,False,,35.15908,False,
008002.000258,14,2s2.2p2.(1D).5f G,2[4]*,4.5,9/2,True,10,35.439459,False,
008002.000259,14,2s2.2p2.(1D).5f F,2[3]*,3.5,7/2,True,8,35.442339,False,
008002.000260,14,2s2.2p2.(1D<2>).5g,2[5],5.5,11/2,True,12,35.451924,False,
008002.000261,14,2s2.2p2.(1D<2>).5g,2[5],4.5,9/2,True,10,35.451924,False,
008002.000262,14,2s2.2p2.(1D<2>).5g,2[4],4.5,9/2,True,10,35.452208,False,
008002.000263,14,2s2.2p2.(1D<2>).5g,2[4],3.5,7/2,True,8,35.452208,False,
008002.000264,14,2s2.2p2.(1D).5f D,2[2]*,2.5,5/2,True,6,35.454483,False,
008002.000265,14,2s2.2p2.(1D).5f H,2[5]*,5.5,11/2,True,12,35.45682,False,
008002.000266,14,2s2.2p2.(1D).5f H,2[5]*,4.5,9/2,True,10,35.45682,False,
008002.000267,14,2s2.2p2.(1D<2>).5g,2[6],6.5,13/2,True,14,35.459519,False,
008002.000268,14,2s2.2p2.(1D<2>).5g,2[6],5.5,11/2,True,12,35.459519,False,
008002.000269,14,2s2.2p2.(1D).5f P,2[1]*,1.5,3/2,True,4,35.466335,False,
008002.000270,14,2s2.2p2.(1D).6s,2D,1.5,3/2,True,4,35.58912,False,
008002.000271,14,2s2.2p2.(1D).6s,2D,2.5,5/2,True,6,35.5893,False,
008002.000272,14,2s2.2p2.(1S).4p,2P*,0.5,1/2,True,2,35.95426,False,
008002.000273,14,2s2.2p2.(1S).4p,2P*,1.5,3/2,True,4,35.95545,False,
008002.000274,14,2s2.2p2.(1D<2>).6g,2[5],5.5,11/2,True,12,36.119449,False,
008002.000275,14,2s2.2p2.(1D<2>).6g,2[5],4.5,9/2,True,10,36.119449,False,
008002.000276,14,2s2.2p2.(1D<2>).6g,2[4],4.5,9/2,True,10,36.119578,False,
008002.000277,14,2s2.2p2.(1D<2>).6g,2[4],3.5,7/2,True,8,36.119578,False,
008002.000278,14,2s2.2p2.(1D<2>).6g,2[6],6.5,13/2,True,14,36.12383,False,
008002.000279,14,2s2.2p2.(1D<2>).6g,2[6],5.5,11/2,True,12,36.12383,False,
008002.000280,14,2s.2p3.(5S*).3d,6D*,4.5,9/2,True,10,36.191047,False,
008002.000281,14,2s.2p3.(5S*).3d,6D*,3.5,7/2,True,8,36.19117,False,
008002.000282,14,2s.2p3.(5S*).3d,6D*,2.5,5/2,True,6,36.191326,False,
008002.000283,14,2s.2p3.(5S*).3d,6D*,1.5,3/2,True,4,36.191472,False,
008002.000284,14,2s.2p3.(5S*).3d,6D*,0.5,1/2,True,2,36.191571,False,
008002.000285,14,2s.2p3.(5S*).4s,6S*,2.5,5/2,True,6,37.053303,False,
008002.Lim004,14,O III (2p2 1D<2>),Limit,,---,False,,37.63468,False,
008002.Lim005,14,O III (2p2 1S<0>),Limit,,---,False,,40.47546,False,
009001.000001,15,2s2.2p5,2P*,1.5,3/2,True,4,0.0,False,0.0
009001.000002,15,2s2.2p5,2P*,0.5,1/2,True,2,0.0501071,False,2.5e-07
009001.000003,15,2s2.2p4.(3P).3s,4P,2.5,5/2,True,6,12.69669,False,
009001.000004,15,2s2.2p4.(3P).3s,4P,1.5,3/2,True,4,12.730752,False,
009001.000005,15,2s2.2p4.(3P).3s,4P,0.5,1/2,True,2,12.750582,False,
009001.000006,15,2s2.2p4.(3P).3s,2P,1.5,3/2,True,4,12.984995,False,
009001.000007,15,2s2.2p4.(3P).3s,2P,0.5,1/2,True,2,13.025319,False,
009001.000008,15,2s2.2p4.(3P).3p,4P*,2.5,5/2,True,6,14.371989,False,
009001.000009,15,2s2.2p4.(3P).3p,4P*,1.5,3/2,True,4,14.387235,False,
009001.000010,15,2s2.2p4.(3P).3p,4P*,0.5,1/2,True,2,14.399969,False,
009001.000011,15,2s2.2p4.(3P).3p,4D*,3.5,7/2,True,8,14.504588,False,
009001.000012,15,2s2.2p4.(3P).3p,4D*,2.5,5/2,True,6,14.526486,False,
009001.000013,15,2s2.2p4.(3P).3p,4D*,1.5,3/2,True,4,14.544408,False,
009001.000014,15,2s2.2p4.(3P).3p,4D*,0.5,1/2,True,2,14.554747,False,
009001.000015,15,2s2.2p4.(3P).3p,2D*,2.5,5/2,True,6,14.583383,False,
009001.000016,15,2s2.2p4.(3P).3p,2D*,1.5,3/2,True,4,14.61438,False,
009001.000017,15,2s2.2p4.(3P).3p,2S*,0.5,1/2,True,2,14.680382,False,
009001.000018,15,2s2.2p4.(3P).3p,4S*,1.5,3/2,True,4,14.683178,False,
009001.000019,15,2s2.2p4.(3P).3p,2P*,1.5,3/2,True,4,14.746284,False,
009001.000020,15,2s2.2p4.(3P).3p,2P*,0.5,1/2,True,2,14.764264,False,
009001.000021,15,2s2.2p4.(1D).3s,2D,2.5,5/2,True,6,15.3641547,False,
009001.000022,15,2s2.2p4.(1D).3s,2D,1.5,3/2,True,4,15.3642647,False,
009001.000023,15,2s2.2p4.(3P).4s,4P,2.5,5/2,True,6,15.577088,False,
009001.000024,15,2s2.2p4.(3P).4s,4P,1.5,3/2,True,4,15.606794,False,
009001.000025,15,2s2.2p4.(3P).4s,4P,0.5,1/2,True,2,15.630344,False,
009001.000026,15,2s2.2p4.(3P).4s,2P,1.5,3/2,True,4,15.657044,False,
009001.000027,15,2s2.2p4.(3P).4s,2P,0.5,1/2,True,2,15.694066,False,
009001.000028,15,2s2.2p4.(3P).3d,4D,3.5,7/2,True,8,15.877925,False,
009001.000029,15,2s2.2p4.(3P).3d,4D,2.5,5/2,True,6,15.880867,False,
009001.000030,15,2s2.2p4.(3P).3d,4D,1.5,3/2,True,4,15.885193,False,
009001.000032,15,2s2.2p4.(3P).3d,4D,0.5,1/2,True,2,15.892913,False,
009001.000031,15,2s2.2p4.(3P).3d,2D,2.5,5/2,True,6,15.887395,False,
009001.000034,15,2s2.2p4.(3P).3d,2D,1.5,3/2,True,4,15.897233,False,
009001.000033,15,2s2.2p4.(3P).3d,4F,4.5,9/2,True,10,15.897146,False,
009001.000037,15,2s2.2p4.(3P).3d,4F,3.5,7/2,True,8,15.933798,False,
009001.000040,15,2s2.2p4.(3P).3d,4F,2.5,5/2,True,6,15.935112,False,
009001.000042,15,2s2.2p4.(3P).3d,4F,1.5,3/2,True,4,15.945846,False,
009001.000035,15,2s2.2p4.(3P).3d,2F,3.5,7/2,True,8,15.897299,False,
009001.000043,15,2s2.2p4.(3P).3d,2F,2.5,5/2,True,6,15.956505,False,
009001.000036,15,2s2.2p4.(3P).3d,4P,0.5,1/2,True,2,15.911973,False,
009001.000039,15,2s2.2p4.(3P).3d,4P,1.5,3/2,True,4,15.934856,False,
009001.000041,15,2s2.2p4.(3P).3d,4P,2.5,5/2,True,6,15.945123,False,
009001.000038,15,2s2.2p4.(3P).3d,2P,0.5,1/2,True,2,15.934476,False,
009001.000044,15,2s2.2p4.(3P).3d,2P,1.5,3/2,True,4,15.958291,False,
009001.000045,15,2s2.2p4.(3P).4p,4P*,2.5,5/2,True,6,16.041306,False,
009001.000046,15,2s2.2p4.(3P).4p,4P*,1.5,3/2,True,4,16.054052,False,
009001.000047,15,2s2.2p4.(3P).4p,4P*,0.5,1/2,True,2,16.069229,False,
009001.000048,15,2s2.2p4.(3P).4p,4D*,3.5,7/2,True,8,16.075729,False,
009001.000049,15,2s2.2p4.(3P).4p,4D*,2.5,5/2,True,6,16.08978,False,
009001.000050,15,2s2.2p4.(3P).4p,4D*,1.5,3/2,True,4,16.110176,False,
009001.000052,15,2s2.2p4.(3P).4p,4D*,0.5,1/2,True,2,16.12531,False,
009001.000051,15,2s2.2p4.(3P).4p,2D*,2.5,5/2,True,6,16.119942,False,
009001.000053,15,2s2.2p4.(3P).4p,2D*,1.5,3/2,True,4,16.135508,False,
009001.000054,15,2s2.2p4.(3P).4p,2S*,0.5,1/2,True,2,16.136428,False,
009001.000055,15,2s2.2p4.(3P).4p,4S*,1.5,3/2,True,4,16.145361,False,
009001.000056,15,2s2.2p4.(3P).4p,2P*,1.5,3/2,True,4,16.164423,False,
009001.000057,15,2s2.2p4.(3P).4p,2P*,0.5,1/2,True,2,16.178689,False,
009001.000058,15,2s2.2p4.(3P).5s,4P,2.5,5/2,True,6,16.439747,False,
009001.000059,15,2s2.2p4.(3P).5s,4P,1.5,3/2,True,4,16.458279,False,
009001.000061,15,2s2.2p4.(3P).5s,4P,0.5,1/2,True,2,16.49103,False,
009001.000060,15,2s2.2p4.(3P).5s,2P,1.5,3/2,True,4,16.489698,False,
009001.000062,15,2s2.2p4.(3P).5s,2P,0.5,1/2,True,2,16.517578,False,
009001.000063,15,2s2.2p4.(3P).4d,4D,3.5,7/2,True,8,16.557413,False,
009001.000064,15,2s2.2p4.(3P).4d,4D,2.5,5/2,True,6,16.559011,False,
009001.000065,15,2s2.2p4.(3P).4d,4D,1.5,3/2,True,4,16.561487,False,
009001.000069,15,2s2.2p4.(3P).4d,4D,0.5,1/2,True,2,16.565952,False,
009001.000066,15,2s2.2p4.(3P).4d,2D,2.5,5/2,True,6,16.562252,False,
009001.000070,15,2s2.2p4.(3P).4d,2D,1.5,3/2,True,4,16.567246,False,
009001.000067,15,2s2.2p4.(3P).4d,4F,4.5,9/2,True,10,16.564984,False,
009001.000074,15,2s2.2p4.(3P).4d,4F,3.5,7/2,True,8,16.604344,False,
009001.000075,15,2s2.2p4.(3P).4d,4F,2.5,5/2,True,6,16.605428,False,
009001.000077,15,2s2.2p4.(3P).4d,4F,1.5,3/2,True,4,16.610334,False,
009001.000068,15,2s2.2p4.(3P).4d,2F,3.5,7/2,True,8,16.565096,False,
009001.000078,15,2s2.2p4.(3P).4d,2F,2.5,5/2,True,6,16.62439,False,
009001.000071,15,2s2.2p4.(3P).4d,4P,0.5,1/2,True,2,16.571619,False,
009001.000073,15,2s2.2p4.(3P).4d,4P,1.5,3/2,True,4,16.603901,False,
009001.000076,15,2s2.2p4.(3P).4d,4P,2.5,5/2,True,6,16.609627,False,
009001.000072,15,2s2.2p4.(3P).4d,2P,0.5,1/2,True,2,16.602772,False,
009001.000079,15,2s2.2p4.(3P).4d,2P,1.5,3/2,True,4,16.6252,False,
009001.000080,15,2s2.2p4.(3P).5p,4D*,3.5,7/2,True,8,16.645708,False,
009001.000081,15,2s2.2p4.(3P).6s,4P,2.5,5/2,True,6,16.812735,False,
009001.000082,15,2s2.2p4.(3P).6s,4P,1.5,3/2,True,4,16.822829,False,
009001.000084,15,2s2.2p4.(3P).6s,4P,0.5,1/2,True,2,16.861265,False,
009001.000083,15,2s2.2p4.(3P).6s,2P,1.5,3/2,True,4,16.857684,False,
009001.000094,15,2s2.2p4.(3P).6s,2P,0.5,1/2,True,2,16.880599,False,
009001.000085,15,2s2.2p4.(3P).5d,4D,3.5,7/2,True,8,16.870639,False,
009001.000086,15,2s2.2p4.(3P).5d,4D,2.5,5/2,True,6,16.871552,False,
009001.000087,15,2s2.2p4.(3P).5d,4D,1.5,3/2,True,4,16.87299,False,
009001.000091,15,2s2.2p4.(3P).5d,4D,0.5,1/2,True,2,16.875419,False,
009001.000088,15,2s2.2p4.(3P).5d,2D,2.5,5/2,True,6,16.873287,False,
009001.000092,15,2s2.2p4.(3P).5d,2D,1.5,3/2,True,4,16.875962,False,
009001.000089,15,2s2.2p4.(3P).5d,4F,4.5,9/2,True,10,16.874381,False,
009001.000097,15,2s2.2p4.(3P).5d,4F,3.5,7/2,True,8,16.915056,False,
009001.000098,15,2s2.2p4.(3P).5d,4F,2.5,5/2,True,6,16.915766,False,
009001.000100,15,2s2.2p4.(3P).5d,4F,1.5,3/2,True,4,16.918274,False,
009001.000090,15,2s2.2p4.(3P).5d,2F,3.5,7/2,True,8,16.874454,False,
009001.000101,15,2s2.2p4.(3P).5d,2F,2.5,5/2,True,6,16.934314,False,
009001.000093,15,2s2.2p4.(3P).5d,4P,0.5,1/2,True,2,16.877262,False,
009001.000096,15,2s2.2p4.(3P).5d,4P,1.5,3/2,True,4,16.914767,False,
009001.000099,15,2s2.2p4.(3P).5d,4P,2.5,5/2,True,6,16.917829,False,
009001.000095,15,2s2.2p4.(3P).5d,2P,0.5,1/2,True,2,16.913932,False,
009001.000102,15,2s2.2p4.(3P).5d,2P,1.5,3/2,True,4,16.934752,False,
009001.000103,15,2s2.2p4.(3P).7s,4P,2.5,5/2,True,6,17.007508,False,
009001.000104,15,2s2.2p4.(3P).7s,4P,1.5,3/2,True,4,17.013383,False,
009001.000105,15,2s2.2p4.(3P).6d,4D,3.5,7/2,True,8,17.040199,False,
009001.000106,15,2s2.2p4.(3P).6d,4D,2.5,5/2,True,6,17.040765,False,
009001.000107,15,2s2.2p4.(3P).6d,4D,1.5,3/2,True,4,17.041623,False,
009001.000108,15,2s2.2p4.(3P).6d,2D,2.5,5/2,True,6,17.041794,False,
009001.000111,15,2s2.2p4.(3P).6d,2D,1.5,3/2,True,4,17.043204,False,
009001.000109,15,2s2.2p4.(3P).6d,4F,4.5,9/2,True,10,17.042332,False,
009001.000120,15,2s2.2p4.(3P).6d,4F,3.5,7/2,True,8,17.083667,False,
009001.000121,15,2s2.2p4.(3P).6d,4F,2.5,5/2,True,6,17.08412,False,
009001.000110,15,2s2.2p4.(3P).6d,2F,3.5,7/2,True,8,17.042374,False,
009001.000123,15,2s2.2p4.(3P).6d,2F,2.5,5/2,True,6,17.102559,False,
009001.000112,15,2s2.2p4.(3P<1>).7s,2[1],1.5,3/2,True,4,17.05129,False,
009001.000113,15,2s2.2p4.(3P<1>).7s,2[1],0.5,1/2,True,2,17.05359,False,
009001.000114,15,2s2.2p4.(1D).3p,2P*,0.5,1/2,True,2,17.058685,False,
009001.000117,15,2s2.2p4.(1D).3p,2P*,1.5,3/2,True,4,17.060879,False,
009001.000115,15,2s2.2p4.(1D).3p,2F*,2.5,5/2,True,6,17.0588903,False,
009001.000116,15,2s2.2p4.(1D).3p,2F*,3.5,7/2,True,8,17.0600023,False,
009001.000118,15,2s2.2p4.(3P<0>).7s,2[0],0.5,1/2,True,2,17.07148,False,
009001.000119,15,2s2.2p4.(3P).6d,4P,1.5,3/2,True,4,17.083498,False,
009001.000122,15,2s2.2p4.(3P).6d,4P,2.5,5/2,True,6,17.085283,False,
009001.000124,15,2s2.2p4.(3P).8s,4P,2.5,5/2,True,6,17.121938,False,
009001.000125,15,2s2.2p4.(3P<2>).8s,2[2],1.5,3/2,True,4,17.12591,False,
009001.000126,15,2s2.2p4.(3P).7d,4F,4.5,9/2,True,10,17.143498,False,
009001.000128,15,2s2.2p4.(3P<2>).7d,2[2],1.5,3/2,True,4,17.14354,False,
009001.000129,15,2s2.2p4.(3P<2>).7d,2[2],2.5,5/2,True,6,17.14354,False,
009001.000127,15,2s2.2p4.(3P).7d,2F,3.5,7/2,True,8,17.143543,False,
009001.000130,15,2s2.2p4.(3P<2>).7d,2[0],0.5,1/2,True,2,17.14452,False,
009001.000131,15,2s2.2p4.(3P<1>).8s,2[1],1.5,3/2,True,4,17.16513,False,
009001.000132,15,2s2.2p4.(3P<1>).8s,2[1],0.5,1/2,True,2,17.16722,False,
009001.000133,15,2s2.2p4.(3P<0>).8s,2[0],0.5,1/2,True,2,17.18442,False,
009001.000134,15,2s2.2p4.(3P<1>).7d,2[2],1.5,3/2,True,4,17.18575,False,
009001.000135,15,2s2.2p4.(3P<1>).7d,2[2],2.5,5/2,True,6,17.18575,False,
009001.000136,15,2s2.2p4.(1D).3p,2D*,1.5,3/2,True,4,17.196058,False,
009001.000137,15,2s2.2p4.(1D).3p,2D*,2.5,5/2,True,6,17.197045,False,
009001.000138,15,2s2.2p4.(3P<2>).9s,2[2],1.5,3/2,True,4,17.1975,False,
009001.000139,15,2s2.2p4.(3P<0>).7d,2[2],1.5,3/2,True,4,17.20425,False,
009001.000140,15,2s2.2p4.(3P<0>).7d,2[2],2.5,5/2,True,6,17.20425,False,
009001.000141,15,2s2.2p4.(3P).8d,4F,4.5,9/2,True,10,17.209125,False,
009001.000142,15,2s2.2p4.(3P<2>).8d,2[2],1.5,3/2,True,4,17.20934,False,
009001.000143,15,2s2.2p4.(3P<2>).8d,2[2],2.5,5/2,True,6,17.20934,False,
009001.000144,15,2s2.2p4.(3P<2>).8d,2[0],0.5,1/2,True,2,17.21041,False,
009001.000145,15,2s2.2p4.(3P<1>).9s,2[1],1.5,3/2,True,4,17.23762,False,
009001.000146,15,2s2.2p4.(3P<2>).10s,2[2],1.5,3/2,True,4,17.24621,False,
009001.000147,15,2s2.2p4.(3P<1>).8d,2[2],1.5,3/2,True,4,17.25145,False,
009001.000148,15,2s2.2p4.(3P<1>).8d,2[2],2.5,5/2,True,6,17.25145,False,
009001.000149,15,2s2.2p4.(3P<2>).9d,2[2],1.5,3/2,True,4,17.2543,False,
009001.000150,15,2s2.2p4.(3P<2>).9d,2[2],2.5,5/2,True,6,17.2543,False,
009001.000151,15,2s2.2p4.(3P<2>).9d,2[0],0.5,1/2,True,2,17.25528,False,
009001.000152,15,2s2.2p4.(3P<0>).9s,2[0],0.5,1/2,True,2,17.25663,False,
009001.000153,15,2s2.2p4.(3P<0>).8d,2[2],1.5,3/2,True,4,17.26986,False,
009001.000154,15,2s2.2p4.(3P<0>).8d,2[2],2.5,5/2,True,6,17.26986,False,
009001.000155,15,2s2.2p4.(3P<2>).11s,2[2],1.5,3/2,True,4,17.2802,False,
009001.000156,15,2s2.2p4.(3P<2>).10d,2[2],1.5,3/2,True,4,17.28639,False,
009001.000157,15,2s2.2p4.(3P<2>).10d,2[2],2.5,5/2,True,6,17.28639,False,
009001.000158,15,2s2.2p4.(3P<2>).10d,2[0],0.5,1/2,True,2,17.28653,False,
009001.000159,15,2s2.2p4.(3P<1>).9d,2[2],1.5,3/2,True,4,17.29647,False,
009001.000160,15,2s2.2p4.(3P<1>).9d,2[2],2.5,5/2,True,6,17.29647,False,
009001.000161,15,2s2.2p4.(3P<2>).12s,2[2],1.5,3/2,True,4,17.30492,False,
009001.000162,15,2s2.2p4.(3P<0>).10s,2[0],0.5,1/2,True,2,17.30554,False,
009001.000163,15,2s2.2p4.(3P<2>).11d,2[2],1.5,3/2,True,4,17.31017,False,
009001.000164,15,2s2.2p4.(3P<2>).11d,2[2],2.5,5/2,True,6,17.31017,False,
009001.000165,15,2s2.2p4.(3P<0>).9d,2[2],1.5,3/2,True,4,17.31474,False,
009001.000166,15,2s2.2p4.(3P<0>).9d,2[2],2.5,5/2,True,6,17.31474,False,
009001.000167,15,2s2.2p4.(3P<2>).13s,2[2],1.5,3/2,True,4,17.32465,False,
009001.000168,15,2s2.2p4.(3P<2>).12d,2[2],1.5,3/2,True,4,17.32825,False,
009001.000169,15,2s2.2p4.(3P<2>).12d,2[2],2.5,5/2,True,6,17.32825,False,
009001.000170,15,2s2.2p4.(3P<1>).10d,2[2],1.5,3/2,True,4,17.32835,False,
009001.000171,15,2s2.2p4.(3P<1>).10d,2[2],2.5,5/2,True,6,17.32835,False,
009001.000172,15,2s2.2p4.(3P<2>).14s,2[2],1.5,3/2,True,4,17.33943,False,
009001.000173,15,2s2.2p4.(3P<0>).11s,2[0],0.5,1/2,True,2,17.33943,False,
009001.000174,15,2s2.2p4.(3P<2>).13d,2[2],1.5,3/2,True,4,17.34219,False,
009001.000175,15,2s2.2p4.(3P<2>).13d,2[2],2.5,5/2,True,6,17.34219,False,
009001.000176,15,2s2.2p4.(3P<0>).10d,2[2],1.5,3/2,True,4,17.34683,False,
009001.000177,15,2s2.2p4.(3P<0>).10d,2[2],2.5,5/2,True,6,17.34683,False,
009001.000178,15,2s2.2p4.(3P<2>).15s,2[2],1.5,3/2,True,4,17.35124,False,
009001.000179,15,2s2.2p4.(3P<1>).11d,2[2],1.5,3/2,True,4,17.35215,False,
009001.000180,15,2s2.2p4.(3P<1>).11d,2[2],2.5,5/2,True,6,17.35215,False,
009001.000181,15,2s2.2p4.(3P<2>).14d,2[2],1.5,3/2,True,4,17.35321,False,
009001.000182,15,2s2.2p4.(3P<2>).14d,2[2],2.5,5/2,True,6,17.35321,False,
009001.000183,15,2s2.2p4.(3P<2>).16s,2[2],1.5,3/2,True,4,17.3607,False,
009001.000184,15,2s2.2p4.(3P<2>).15d,2[2],1.5,3/2,True,4,17.3622,False,
009001.000185,15,2s2.2p4.(3P<2>).15d,2[2],2.5,5/2,True,6,17.3622,False,
009001.000186,15,2s2.2p4.(3P<0>).12s,2[0],0.5,1/2,True,2,17.36551,False,
009001.000187,15,2s2.2p4.(3P<2>).17s,2[2],1.5,3/2,True,4,17.36839,False,
009001.000188,15,2s2.2p4.(3P<2>).16d,2[2],1.5,3/2,True,4,17.36953,False,
009001.000189,15,2s2.2p4.(3P<2>).16d,2[2],2.5,5/2,True,6,17.36953,False,
009001.000190,15,2s2.2p4.(3P<1>).12d,2[2],1.5,3/2,True,4,17.37031,False,
009001.000191,15,2s2.2p4.(3P<1>).12d,2[2],2.5,5/2,True,6,17.37031,False,
009001.000193,15,2s2.2p4.(3P<0>).11d,2[2],2.5,5/2,True,6,17.37067,False,
009001.000192,15,2s2.2p4.(3P<0>).11d,2[2],1.5,3/2,True,4,17.37067,False,
009001.000194,15,2s2.2p4.(3P<2>).18s,2[2],1.5,3/2,True,4,17.37471,False,
009001.000196,15,2s2.2p4.(3P<2>).17d,2[2],2.5,5/2,True,6,17.37573,False,
009001.000195,15,2s2.2p4.(3P<2>).17d,2[2],1.5,3/2,True,4,17.37573,False,
009001.000197,15,2s2.2p4.(3P<2>).18d,2[2],1.5,3/2,True,4,17.38077,False,
009001.000198,15,2s2.2p4.(3P<2>).18d,2[2],2.5,5/2,True,6,17.38077,False,
009001.000199,15,2s2.2p4.(3P<1>).13d,2[2],1.5,3/2,True,4,17.38447,False,
009001.000200,15,2s2.2p4.(3P<1>).13d,2[2],2.5,5/2,True,6,17.38447,False,
009001.000202,15,2s2.2p4.(3P<2>).19d,2[2],1.5,3/2,True,4,17.38509,False,
009001.000203,15,2s2.2p4.(3P<2>).19d,2[2],2.5,5/2,True,6,17.38509,False,
009001.000201,15,2s2.2p4.(3P<0>).13s,2[0],0.5,1/2,True,2,17.38509,False,
009001.000205,15,2s2.2p4.(3P<2>).20d,2[2],2.5,5/2,True,6,17.38892,False,
009001.000204,15,2s2.2p4.(3P<2>).20d,2[2],1.5,3/2,True,4,17.38892,False,
009001.000206,15,2s2.2p4.(3P<0>).12d,2[2],1.5,3/2,True,4,17.38892,False,
009001.000207,15,2s2.2p4.(3P<0>).12d,2[2],2.5,5/2,True,6,17.38892,False,
009001.000208,15,2s2.2p4.(3P<2>).21d,2[2],1.5,3/2,True,4,17.39209,False,
009001.000209,15,2s2.2p4.(3P<2>).21d,2[2],2.5,5/2,True,6,17.39209,False,
009001.000210,15,2s2.2p4.(3P<2>).22d,2[2],1.5,3/2,True,4,17.39475,False,
009001.000211,15,2s2.2p4.(3P<2>).22d,2[2],2.5,5/2,True,6,17.39475,False,
009001.000212,15,2s2.2p4.(3P<1>).14d,2[2],1.5,3/2,True,4,17.39545,False,
009001.000213,15,2s2.2p4.(3P<1>).14d,2[2],2.5,5/2,True,6,17.39545,False,
009001.000214,15,2s2.2p4.(3P<0>).14s,2[0],0.5,1/2,True,2,17.39948,False,
009001.000215,15,2s2.2p4.(3P<0>).13d,2[2],1.5,3/2,True,4,17.40298,False,
009001.000216,15,2s2.2p4.(3P<0>).13d,2[2],2.5,5/2,True,6,17.40298,False,
009001.000218,15,2s2.2p4.(3P<1>).15d,2[2],2.5,5/2,True,6,17.40458,False,
009001.000217,15,2s2.2p4.(3P<1>).15d,2[2],1.5,3/2,True,4,17.40458,False,
009001.000219,15,2s2.2p4.(3P<0>).15s,2[0],0.5,1/2,True,2,17.41149,False,
009001.000221,15,2s2.2p4.(3P<1>).16d,2[2],2.5,5/2,True,6,17.41157,False,
009001.000220,15,2s2.2p4.(3P<1>).16d,2[2],1.5,3/2,True,4,17.41157,False,
009001.000222,15,2s2.2p4.(3P<0>).14d,2[2],1.5,3/2,True,4,17.41457,False,
009001.000223,15,2s2.2p4.(3P<0>).14d,2[2],2.5,5/2,True,6,17.41457,False,
009001.000224,15,2s2.2p4.(3P<1>).17d,2[2],1.5,3/2,True,4,17.41801,False,
009001.000225,15,2s2.2p4.(3P<1>).17d,2[2],2.5,5/2,True,6,17.41801,False,
009001.Lim001,15,F II (2p4 3P<2>),Limit,,---,False,,17.42282,False,5e-05
009001.000227,15,2s2.2p4.(3P<0>).15d,2[2],1.5,3/2,True,4,17.4234,False,
009001.000228,15,2s2.2p4.(3P<0>).15d,2[2],2.5,5/2,True,6,17.4234,False,
009001.000230,15,2s2.2p4.(3P<0>).16d,2[2],2.5,5/2,True,6,17.43059,False,
009001.000229,15,2s2.2p4.(3P<0>).16d,2[2],1.5,3/2,True,4,17.43059,False,
009001.000231,15,2s2.2p4.(1D<2>).4s,2[2],1.5,3/2,True,4,18.18398,False,
009001.000232,15,2s2.2p4.(1D<2>).4s,2[2],2.5,5/2,True,6,18.18398,False,
009001.000233,15,2s2.2p4.(1S).3s,2S,0.5,1/2,True,2,18.21427,False,
009001.000234,15,2s2.2p4.(1D<2>).3d,2[1],0.5,1/2,True,2,18.46617,False,
009001.000235,15,2s2.2p4.(1D<2>).3d,2[1],1.5,3/2,True,4,18.46617,False,
009001.000236,15,2s2.2p4.(1D<2>).3d,2[4],3.5,7/2,True,8,18.469704,False,
009001.000237,15,2s2.2p4.(1D<2>).3d,2[4],4.5,9/2,True,10,18.469705,False,
009001.000239,15,2s2.2p4.(1D<2>).3d,2[2],2.5,5/2,True,6,18.48935,False,
009001.000238,15,2s2.2p4.(1D<2>).3d,2[2],1.5,3/2,True,4,18.48935,False,
009001.000240,15,2s2.2p4.(1D<2>).3d,2[0],0.5,1/2,True,2,18.49641,False,
009001.000241,15,2s2.2p4.(1D<2>).3d,2[3],2.5,5/2,True,6,18.499267,False,
009001.000242,15,2s2.2p4.(1D<2>).3d,2[3],3.5,7/2,True,8,18.499283,False,
009001.000243,15,2s2.2p4.(1D<2>).5s,2[2],1.5,3/2,True,4,19.03512,False,
009001.000244,15,2s2.2p4.(1D<2>).5s,2[2],2.5,5/2,True,6,19.03512,False,
009001.000245,15,2s2.2p4.(1D<2>).4d,2[0],0.5,1/2,True,2,19.1271,False,
009001.000246,15,2s2.2p4.(1D<2>).4d,2[1],0.5,1/2,True,2,19.14552,False,
009001.000247,15,2s2.2p4.(1D<2>).4d,2[1],1.5,3/2,True,4,19.14552,False,
009001.000248,15,2s2.2p4.(1D<2>).4d,2[4],3.5,7/2,True,8,19.146432,False,
009001.000249,15,2s2.2p4.(1D<2>).4d,2[4],4.5,9/2,True,10,19.146433,False,
009001.000251,15,2s2.2p4.(1D<2>).4d,2[2],2.5,5/2,True,6,19.15514,False,
009001.000250,15,2s2.2p4.(1D<2>).4d,2[2],1.5,3/2,True,4,19.15514,False,
009001.000252,15,2s2.2p4.(1D<2>).4d,2[3],2.5,5/2,True,6,19.159557,False,
009001.000253,15,2s2.2p4.(1D<2>).4d,2[3],3.5,7/2,True,8,19.159578,False,
009001.000254,15,2s2.2p4.(1D<2>).6s,2[2],1.5,3/2,True,4,19.40433,False,
009001.000255,15,2s2.2p4.(1D<2>).6s,2[2],2.5,5/2,True,6,19.40433,False,
009001.000256,15,2s2.2p4.(1D<2>).5d,2[0],0.5,1/2,True,2,19.44682,False,
009001.000257,15,2s2.2p4.(1D<2>).5d,2[1],0.5,1/2,True,2,19.45885,False,
009001.000258,15,2s2.2p4.(1D<2>).5d,2[1],1.5,3/2,True,4,19.45885,False,
009001.000259,15,2s2.2p4.(1D<2>).5d,2[4],4.5,9/2,True,10,19.459119,False,
009001.000261,15,2s2.2p4.(1D<2>).5d,2[2],2.5,5/2,True,6,19.4637,False,
009001.000260,15,2s2.2p4.(1D<2>).5d,2[2],1.5,3/2,True,4,19.4637,False,
009001.000262,15,2s2.2p4.(1D<2>).7s,2[2],1.5,3/2,True,4,19.59755,False,
009001.000263,15,2s2.2p4.(1D<2>).7s,2[2],2.5,5/2,True,6,19.59755,False,
009001.000264,15,2s2.2p4.(1D<2>).6d,2[0],0.5,1/2,True,2,19.61583,False,
009001.000265,15,2s2.2p4.(1D<2>).6d,2[1],0.5,1/2,True,2,19.62838,False,
009001.000266,15,2s2.2p4.(1D<2>).6d,2[1],1.5,3/2,True,4,19.62838,False,
009001.000268,15,2s2.2p4.(1D<2>).6d,2[2],2.5,5/2,True,6,19.63106,False,
009001.000267,15,2s2.2p4.(1D<2>).6d,2[2],1.5,3/2,True,4,19.63106,False,
009001.000269,15,2s2.2p4.(1D<2>).8s,2[2],1.5,3/2,True,4,19.71122,False,
009001.000270,15,2s2.2p4.(1D<2>).8s,2[2],2.5,5/2,True,6,19.71122,False,
009001.000271,15,2s2.2p4.(1D<2>).7d,2[1],0.5,1/2,True,2,19.73036,False,
009001.000272,15,2s2.2p4.(1D<2>).7d,2[1],1.5,3/2,True,4,19.73036,False,
009001.000274,15,2s2.2p4.(1D<2>).7d,2[2],2.5,5/2,True,6,19.73209,False,
009001.000273,15,2s2.2p4.(1D<2>).7d,2[2],1.5,3/2,True,4,19.73209,False,
009001.000275,15,2s2.2p4.(1D<2>).9s,2[2],1.5,3/2,True,4,19.78348,False,
009001.000276,15,2s2.2p4.(1D<2>).9s,2[2],2.5,5/2,True,6,19.78348,False,
009001.000277,15,2s2.2p4.(1D<2>).8d,2[1],0.5,1/2,True,2,19.79673,False,
009001.000278,15,2s2.2p4.(1D<2>).8d,2[1],1.5,3/2,True,4,19.79673,False,
009001.000280,15,2s2.2p4.(1D<2>).8d,2[2],2.5,5/2,True,6,19.79766,False,
009001.000279,15,2s2.2p4.(1D<2>).8d,2[2],1.5,3/2,True,4,19.79766,False,
009001.000281,15,2s2.2p4.(1D<2>).10s,2[2],1.5,3/2,True,4,19.83252,False,
009001.000282,15,2s2.2p4.(1D<2>).10s,2[2],2.5,5/2,True,6,19.83252,False,
009001.000283,15,2s2.2p4.(1D<2>).9d,2[1],0.5,1/2,True,2,19.84203,False,
009001.000284,15,2s2.2p4.(1D<2>).9d,2[1],1.5,3/2,True,4,19.84203,False,
009001.000286,15,2s2.2p4.(1D<2>).11s,2[2],2.5,5/2,True,6,19.86748,False,
009001.000285,15,2s2.2p4.(1D<2>).11s,2[2],1.5,3/2,True,4,19.86748,False,
009001.000287,15,2s2.2p4.(1D<2>).10d,2[1],0.5,1/2,True,2,19.87399,False,
009001.000288,15,2s2.2p4.(1D<2>).10d,2[1],1.5,3/2,True,4,19.87399,False,
009001.000289,15,2s2.2p4.(1D<2>).12s,2[2],1.5,3/2,True,4,19.89298,False,
009001.000290,15,2s2.2p4.(1D<2>).12s,2[2],2.5,5/2,True,6,19.89298,False,
009001.000291,15,2s2.2p4.(1D<2>).11d,2[1],0.5,1/2,True,2,19.8979,False,
009001.000292,15,2s2.2p4.(1D<2>).11d,2[1],1.5,3/2,True,4,19.8979,False,
009001.000293,15,2s2.2p4.(1D<2>).13s,2[2],1.5,3/2,True,4,19.9122,False,
009001.000294,15,2s2.2p4.(1D<2>).13s,2[2],2.5,5/2,True,6,19.9122,False,
009001.000296,15,2s2.2p4.(1D<2>).12d,2[1],1.5,3/2,True,4,19.91599,False,
009001.000295,15,2s2.2p4.(1D<2>).12d,2[1],0.5,1/2,True,2,19.91599,False,
009001.000297,15,2s2.2p4.(1D<2>).14s,2[2],1.5,3/2,True,4,19.92704,False,
009001.000298,15,2s2.2p4.(1D<2>).14s,2[2],2.5,5/2,True,6,19.92704,False,
009001.000299,15,2s2.2p4.(1D<2>).13d,2[1],1.5,3/2,True,4,19.92973,False,
009001.000300,15,2s.2p6,2S,0.5,1/2,True,2,21.055555,False,
009001.000301,15,2s2.2p4.(1S).3d,2D,1.5,3/2,True,4,21.2013,False,
009001.000302,15,2s2.2p4.(1S).3d,2D,2.5,5/2,True,6,21.2013,False,
009001.000303,15,2s.2p5.3s,2P*,1.5,3/2,True,4,32.3599,False,
009002.000001,16,2s2.2p4,3P,2.0,2,True,5,0.0,False,0.0
009002.000002,16,2s2.2p4,3P,1.0,1,True,3,0.04228,False,
009002.000003,16,2s2.2p4,3P,0.0,0,True,1,0.06074,False,
009002.000004,16,2s2.2p4,1D,2.0,2,True,5,2.58797,False,
009002.000005,16,2s2.2p4,1S,0.0,0,True,1,5.56913,False,
009002.000006,16,2s.2p5,3P*,2.0,2,True,5,20.432333,False,
009002.000007,16,2s.2p5,3P*,1.0,1,True,3,20.470617,False,
009002.000008,16,2s.2p5,3P*,0.0,0,True,1,20.492008,False,
009002.000009,16,2s2.2p3.(4S*).3s,5S*,2.0,2,True,5,21.882458,False,
009002.000010,16,2s2.2p3.(4S*).3s,3S*,1.0,1,True,3,22.672296,False,
009002.000011,16,2s2.2p3.(4S*).3p,5P,1.0,1,True,3,25.10052,False,
009002.000012,16,2s2.2p3.(4S*).3p,5P,2.0,2,True,5,25.101926,False,
009002.000013,16,2s2.2p3.(4S*).3p,5P,3.0,3,True,7,25.104353,False,
009002.000014,16,2s2.2p3.(4S*).3p,3P,1.0,1,True,3,25.751403,False,
009002.000015,16,2s2.2p3.(4S*).3p,3P,0.0,0,True,1,25.751771,False,
009002.000016,16,2s2.2p3.(4S*).3p,3P,2.0,2,True,5,25.751988,False,
009002.000017,16,2s2.2p3.(2D*).3s,3D*,3.0,3,True,7,26.268052,False,
009002.000018,16,2s2.2p3.(2D*).3s,3D*,2.0,2,True,5,26.270663,False,
009002.000019,16,2s2.2p3.(2D*).3s,3D*,1.0,1,True,3,26.272284,False,
009002.000020,16,2s2.2p3.(2D*).3s,1D*,2.0,2,True,5,26.665231,False,
009002.000021,16,2s2.2p3.(2P*).3s,1P*,1.0,1,True,3,28.172734,False,
009002.000022,16,2s2.2p3.(2P*).3s,3P*,2.0,2,True,5,28.460586,False,
009002.000023,16,2s2.2p3.(2P*).3s,3P*,1.0,1,True,3,28.460795,False,
009002.000024,16,2s2.2p3.(2P*).3s,3P*,0.0,0,True,1,28.461124,False,
009002.000025,16,2s2.2p3.(4S*).3d,5D*,4.0,4,True,9,28.64006,False,
009002.000026,16,2s2.2p3.(4S*).3d,5D*,3.0,3,True,7,28.640176,False,
009002.000027,16,2s2.2p3.(4S*).3d,5D*,2.0,2,True,5,28.640323,False,
009002.000028,16,2s2.2p3.(4S*).3d,5D*,1.0,1,True,3,28.640448,False,
009002.000029,16,2s2.2p3.(4S*).3d,5D*,0.0,0,True,1,28.640507,False,
009002.000030,16,2s2.2p3.(4S*).3d,3D*,1.0,1,True,3,28.772187,False,
009002.000031,16,2s2.2p3.(4S*).3d,3D*,2.0,2,True,5,28.772289,False,
009002.000032,16,2s2.2p3.(4S*).3d,3D*,3.0,3,True,7,28.772557,False,
009002.000033,16,2s2.2p3.(4S*).4s,5S*,2.0,2,True,5,29.154956,False,
009002.000034,16,2s2.2p3.(2D*).3p,1P,1.0,1,True,3,29.215944,False,
009002.000035,16,2s2.2p3.(2D*).3p,3D,1.0,1,True,3,29.281339,False,
009002.000036,16,2s2.2p3.(2D*).3p,3D,2.0,2,True,5,29.281672,False,
009002.000037,16,2s2.2p3.(2D*).3p,3D,3.0,3,True,7,29.284465,False,
009002.000038,16,2s2.2p3.(4S*).4s,3S*,1.0,1,True,3,29.379399,False,
009002.000039,16,2s2.2p3.(2D*).3p,3F,4.0,4,True,9,29.447196,False,
009002.000040,16,2s2.2p3.(2D*).3p,3F,3.0,3,True,7,29.447268,False,
009002.000041,16,2s2.2p3.(2D*).3p,3F,2.0,2,True,5,29.447353,False,
009002.000042,16,2s2.2p3.(2D*).3p,1F,3.0,3,True,7,29.548333,False,
009002.000043,16,2s.2p5,1P*,1.0,1,True,3,29.70727,False,
009002.000044,16,2s2.2p3.(2D*).3p,3P,2.0,2,True,5,29.767682,False,
009002.000045,16,2s2.2p3.(2D*).3p,3P,1.0,1,True,3,29.775141,False,
009002.000046,16,2s2.2p3.(2D*).3p,3P,0.0,0,True,1,29.778428,False,
009002.000047,16,2s2.2p3.(4S*).4p,5P,1.0,1,True,3,30.185057,False,
009002.000048,16,2s2.2p3.(4S*).4p,5P,2.0,2,True,5,30.185538,False,
009002.000049,16,2s2.2p3.(4S*).4p,5P,3.0,3,True,7,30.186342,False,
009002.000050,16,2s2.2p3.(2D*).3p,1D,2.0,2,True,5,30.535278,False,
009002.000051,16,2s2.2p3.(4S*).4p,3P,0.0,0,True,1,30.58129,False,
009002.000052,16,2s2.2p3.(4S*).4p,3P,1.0,1,True,3,30.582192,False,
009002.000053,16,2s2.2p3.(4S*).4p,3P,2.0,2,True,5,30.584682,False,
009002.000054,16,2s2.2p3.(2P*).3p,3S,1.0,1,True,3,31.406745,False,
009002.000055,16,2s2.2p3.(4S*).4d,5D*,4.0,4,True,9,31.426853,False,
009002.000056,16,2s2.2p3.(4S*).4d,5D*,3.0,3,True,7,31.426929,False,
009002.000057,16,2s2.2p3.(4S*).4d,5D*,2.0,2,True,5,31.427014,False,
009002.000058,16,2s2.2p3.(4S*).4d,5D*,1.0,1,True,3,31.427014,False,
009002.000059,16,2s2.2p3.(4S*).4d,5D*,0.0,0,True,1,31.427014,False,
009002.000060,16,2s2.2p3.(4S*).4d,3D*,1.0,1,True,3,31.493825,False,
009002.000061,16,2s2.2p3.(4S*).4d,3D*,2.0,2,True,5,31.493896,False,
009002.000062,16,2s2.2p3.(4S*).4d,3D*,3.0,3,True,7,31.49403,False,
009002.000063,16,2s2.2p3.(4S*).4f,5F,5.0,5,True,11,31.559105,False,
009002.000064,16,2s2.2p3.(4S*).4f,5F,4.0,4,True,9,31.559113,False,
009002.000065,16,2s2.2p3.(4S*).4f,5F,2.0,2,True,5,31.559118,False,
009002.000066,16,2s2.2p3.(4S*).4f,5F,3.0,3,True,7,31.559119,False,
009002.000067,16,2s2.2p3.(4S*).4f,5F,1.0,1,True,3,31.559129,False,
009002.000068,16,2s2.2p3.(4S*).4f,3F,4.0,4,True,9,31.559698,False,
009002.000069,16,2s2.2p3.(4S*).4f,3F,3.0,3,True,7,31.559723,False,
009002.000070,16,2s2.2p3.(4S*).4f,3F,2.0,2,True,5,31.559743,False,
009002.000071,16,2s2.2p3.(2P*).3p,3D,3.0,3,True,7,31.578976,False,
009002.000072,16,2s2.2p3.(2P*).3p,3D,2.0,2,True,5,31.580843,False,
009002.000073,16,2s2.2p3.(2P*).3p,3D,1.0,1,True,3,31.581662,False,
009002.000074,16,2s2.2p3.(4S*).5s,5S*,2.0,2,True,5,31.677789,False,
009002.000075,16,2s2.2p3.(2P*).3p,1P,1.0,1,True,3,31.691135,False,
009002.000076,16,2s2.2p3.(4S*).5s,3S*,1.0,1,True,3,31.772496,False,
009002.000077,16,2s2.2p3.(2P*).3p,3P,0.0,0,True,1,31.895287,False,
009002.000078,16,2s2.2p3.(2P*).3p,3P,1.0,1,True,3,31.89708,False,
009002.000079,16,2s2.2p3.(2P*).3p,3P,2.0,2,True,5,31.899999,False,
009002.000080,16,2s2.2p3.(2P*).3p,1D,2.0,2,True,5,32.103242,False,
009002.000081,16,2s2.2p3.(4S*).5p,5P,1.0,1,True,3,32.134179,False,
009002.000082,16,2s2.2p3.(4S*).5p,5P,2.0,2,True,5,32.134406,False,
009002.000083,16,2s2.2p3.(4S*).5p,5P,3.0,3,True,7,32.134771,False,
009002.000084,16,2s2.2p3.(4S*).5p,3P,2.0,2,True,5,32.297483,False,
009002.000085,16,2s2.2p3.(4S*).5p,3P,1.0,1,True,3,32.299391,False,
009002.000086,16,2s2.2p3.(4S*).5p,3P,0.0,0,True,1,32.300438,False,
009002.000087,16,2s2.2p3.(4S*).5d,5D*,4.0,4,True,9,32.716247,False,
009002.000088,16,2s2.2p3.(4S*).5d,5D*,3.0,3,True,7,32.716289,False,
009002.000089,16,2s2.2p3.(4S*).5d,5D*,2.0,2,True,5,32.716289,False,
009002.000090,16,2s2.2p3.(4S*).5d,5D*,1.0,1,True,3,32.71632,False,
009002.000091,16,2s2.2p3.(4S*).5d,5D*,0.0,0,True,1,32.71632,False,
009002.000092,16,2s2.2p3.(4S*).5d,3D*,3.0,3,True,7,32.740832,False,
009002.000093,16,2s2.2p3.(4S*).5d,3D*,2.0,2,True,5,32.741171,False,
009002.000094,16,2s2.2p3.(4S*).5d,3D*,1.0,1,True,3,32.741457,False,
009002.000095,16,2s2.2p3.(4S*).5f,5F,5.0,5,True,11,32.787745,False,
009002.000096,16,2s2.2p3.(4S*).5f,5F,4.0,4,True,9,32.787745,False,
009002.000097,16,2s2.2p3.(4S*).5f,5F,3.0,3,True,7,32.787758,False,
009002.000098,16,2s2.2p3.(4S*).5f,5F,2.0,2,True,5,32.787758,False,
009002.000099,16,2s2.2p3.(4S*).5f,5F,1.0,1,True,3,32.787758,False,
009002.000100,16,2s2.2p3.(4S*).5f,3F,4.0,4,True,9,32.78836,False,
009002.000101,16,2s2.2p3.(4S*).5f,3F,3.0,3,True,7,32.788389,False,
009002.000102,16,2s2.2p3.(4S*).5f,3F,2.0,2,True,5,32.788389,False,
009002.000103,16,2s2.2p3.(4S*).5g,5G*,2.0,2,True,5,32.792697,False,
009002.000104,16,2s2.2p3.(4S*).5g,5G*,3.0,3,True,7,32.792697,False,
009002.000105,16,2s2.2p3.(4S*).5g,5G*,4.0,4,True,9,32.792697,False,
009002.000106,16,2s2.2p3.(4S*).5g,5G*,5.0,5,True,11,32.792697,False,
009002.000107,16,2s2.2p3.(4S*).5g,5G*,6.0,6,True,13,32.792697,False,
009002.000108,16,2s2.2p3.(4S*).5g,3G*,3.0,3,True,7,32.792706,False,
009002.000109,16,2s2.2p3.(4S*).5g,3G*,4.0,4,True,9,32.792706,False,
009002.000110,16,2s2.2p3.(4S*).5g,3G*,5.0,5,True,11,32.792706,False,
009002.000111,16,2s2.2p3.(2D*).3d,3F*,2.0,2,True,5,32.849947,False,
009002.000112,16,2s2.2p3.(2D*).3d,3F*,3.0,3,True,7,32.850641,False,
009002.000113,16,2s2.2p3.(2D*).3d,3F*,4.0,4,True,9,32.851557,False,
009002.000114,16,2s2.2p3.(4S*).6s,5S*,2.0,2,True,5,32.852003,False,
009002.000115,16,2s2.2p3.(2D*).3d,1S*,0.0,0,True,1,32.855101,False,
009002.000116,16,2s2.2p3.(2D*).3d,3G*,5.0,5,True,11,32.887508,False,
009002.000117,16,2s2.2p3.(2D*).3d,3G*,4.0,4,True,9,32.888962,False,
009002.000118,16,2s2.2p3.(2D*).3d,3G*,3.0,3,True,7,32.891628,False,
009002.000119,16,2s2.2p3.(2D*).3d,1G*,4.0,4,True,9,32.894215,False,
009002.000120,16,2s2.2p3.(4S*).6s,3S*,1.0,1,True,3,32.900144,False,
009002.000121,16,2s2.2p3.(2D*).3d,3D*,3.0,3,True,7,32.914372,False,
009002.000122,16,2s2.2p3.(2D*).3d,3D*,2.0,2,True,5,32.917608,False,
009002.000123,16,2s2.2p3.(2D*).3d,3D*,1.0,1,True,3,32.919859,False,
009002.000124,16,2s2.2p3.(2D*).3d,1D*,2.0,2,True,5,33.013286,False,
009002.000125,16,2s2.2p3.(2P*).3p,1S,0.0,0,True,1,33.02179,False,
009002.000126,16,2s2.2p3.(2D*).3d,3S*,1.0,1,True,3,33.024505,False,
009002.000127,16,2s2.2p3.(2D*).3d,3P*,2.0,2,True,5,33.036071,False,
009002.000128,16,2s2.2p3.(2D*).3d,3P*,1.0,1,True,3,33.041633,False,
009002.000129,16,2s2.2p3.(2D*).3d,3P*,0.0,0,True,1,33.043826,False,
009002.000130,16,2s2.2p3.(2D*).3d,1F*,3.0,3,True,7,33.0478,False,
009002.000131,16,2s2.2p3.(4S*).6p,5P,1.0,1,True,3,33.092916,False,
009002.000132,16,2s2.2p3.(4S*).6p,5P,2.0,2,True,5,33.093038,False,
009002.000133,16,2s2.2p3.(4S*).6p,5P,3.0,3,True,7,33.093234,False,
009002.000134,16,2s2.2p3.(2D*).3d,1P*,1.0,1,True,3,33.153367,False,
009002.000135,16,2s2.2p3.(4S*).6p,3P,2.0,2,True,5,33.172029,False,
009002.000136,16,2s2.2p3.(4S*).6p,3P,1.0,1,True,3,33.172462,False,
009002.000137,16,2s2.2p3.(4S*).6d,5D*,4.0,4,True,9,33.41315,False,
009002.000138,16,2s2.2p3.(4S*).6d,5D*,3.0,3,True,7,33.41315,False,
009002.000139,16,2s2.2p3.(4S*).6d,5D*,2.0,2,True,5,33.41315,False,
009002.000140,16,2s2.2p3.(2D*).4s,3D*,3.0,3,True,7,33.419813,False,
009002.000141,16,2s2.2p3.(2D*).4s,3D*,2.0,2,True,5,33.421668,False,
009002.000142,16,2s2.2p3.(2D*).4s,3D*,1.0,1,True,3,33.422872,False,
009002.000143,16,2s2.2p3.(4S*).6d,3D*,3.0,3,True,7,33.442717,False,
009002.000144,16,2s2.2p3.(4S*).6d,3D*,2.0,2,True,5,33.442988,False,
009002.000145,16,2s2.2p3.(4S*).6d,3D*,1.0,1,True,3,33.4431,False,
009002.000146,16,2s2.2p3.(4S*).6f,5F,1.0,1,True,3,33.455237,False,
009002.000147,16,2s2.2p3.(4S*).6f,5F,2.0,2,True,5,33.455237,False,
009002.000148,16,2s2.2p3.(4S*).6f,5F,3.0,3,True,7,33.455237,False,
009002.000149,16,2s2.2p3.(4S*).6f,5F,4.0,4,True,9,33.455237,False,
009002.000150,16,2s2.2p3.(4S*).6f,5F,5.0,5,True,11,33.455237,False,
009002.000151,16,2s2.2p3.(4S*).6f,3F,2.0,2,True,5,33.455597,False,
009002.000152,16,2s2.2p3.(4S*).6f,3F,3.0,3,True,7,33.455597,False,
009002.000153,16,2s2.2p3.(4S*).6f,3F,4.0,4,True,9,33.455597,False,
009002.000154,16,2s2.2p3.(4S*).6g,5G*,2.0,2,True,5,33.458284,False,
009002.000155,16,2s2.2p3.(4S*).6g,5G*,3.0,3,True,7,33.458284,False,
009002.000156,16,2s2.2p3.(4S*).6g,5G*,4.0,4,True,9,33.458284,False,
009002.000157,16,2s2.2p3.(4S*).6g,5G*,5.0,5,True,11,33.458284,False,
009002.000158,16,2s2.2p3.(4S*).6g,5G*,6.0,6,True,13,33.458284,False,
009002.000159,16,2s2.2p3.(4S*).6g,3G*,3.0,3,True,7,33.458285,False,
009002.000160,16,2s2.2p3.(4S*).6g,3G*,4.0,4,True,9,33.458285,False,
009002.000161,16,2s2.2p3.(4S*).6g,3G*,5.0,5,True,11,33.458285,False,
009002.000162,16,2s2.2p3.(4S*).7s,5S*,2.0,2,True,5,33.49352,False,
009002.000163,16,2s2.2p3.(4S*).7s,3S*,1.0,1,True,3,33.522074,False,
009002.000164,16,2s2.2p3.(2D*).4s,1D*,2.0,2,True,5,33.538754,False,
009002.000165,16,2s2.2p3.(4S*).7p,5P,1.0,1,True,3,33.635828,False,
009002.000166,16,2s2.2p3.(4S*).7p,5P,2.0,2,True,5,33.635901,False,
009002.000167,16,2s2.2p3.(4S*).7p,5P,3.0,3,True,7,33.636019,False,
009002.000168,16,2s2.2p3.(4S*).7f,5F,1.0,1,True,3,33.857631,False,
009002.000169,16,2s2.2p3.(4S*).7f,5F,2.0,2,True,5,33.857631,False,
009002.000170,16,2s2.2p3.(4S*).7f,5F,3.0,3,True,7,33.857631,False,
009002.000171,16,2s2.2p3.(4S*).7f,5F,4.0,4,True,9,33.857631,False,
009002.000172,16,2s2.2p3.(4S*).7f,5F,5.0,5,True,11,33.857631,False,
009002.000173,16,2s2.2p3.(4S*).7f,3F,2.0,2,True,5,33.857766,False,
009002.000174,16,2s2.2p3.(4S*).7f,3F,3.0,3,True,7,33.857766,False,
009002.000175,16,2s2.2p3.(4S*).7f,3F,4.0,4,True,9,33.857766,False,
009002.000176,16,2s2.2p3.(4S*).7g,3G*,3.0,3,True,7,33.859573,False,
009002.000177,16,2s2.2p3.(4S*).7g,3G*,4.0,4,True,9,33.859573,False,
009002.000178,16,2s2.2p3.(4S*).7g,3G*,5.0,5,True,11,33.859573,False,
009002.000179,16,2s2.2p3.(4S*).7g,5G*,2.0,2,True,5,33.85962,False,
009002.000180,16,2s2.2p3.(4S*).7g,5G*,3.0,3,True,7,33.85962,False,
009002.000181,16,2s2.2p3.(4S*).7g,5G*,4.0,4,True,9,33.85962,False,
009002.000182,16,2s2.2p3.(4S*).7g,5G*,5.0,5,True,11,33.85962,False,
009002.000183,16,2s2.2p3.(4S*).7g,5G*,6.0,6,True,13,33.85962,False,
009002.000184,16,2s2.2p3.(4S*).8f,5F,1.0,1,True,3,34.118727,False,
009002.000185,16,2s2.2p3.(4S*).8f,5F,2.0,2,True,5,34.118727,False,
009002.000186,16,2s2.2p3.(4S*).8f,5F,3.0,3,True,7,34.118727,False,
009002.000187,16,2s2.2p3.(4S*).8f,5F,4.0,4,True,9,34.118727,False,
009002.000188,16,2s2.2p3.(4S*).8f,5F,5.0,5,True,11,34.118727,False,
009002.000189,16,2s2.2p3.(4S*).8g,5G*,2.0,2,True,5,34.120092,False,
009002.000190,16,2s2.2p3.(4S*).8g,5G*,3.0,3,True,7,34.120092,False,
009002.000191,16,2s2.2p3.(4S*).8g,5G*,4.0,4,True,9,34.120092,False,
009002.000192,16,2s2.2p3.(4S*).8g,5G*,5.0,5,True,11,34.120092,False,
009002.000193,16,2s2.2p3.(4S*).8g,5G*,6.0,6,True,13,34.120092,False,
009002.000194,16,2s2.2p3.(2D*).4p,1P,1.0,1,True,3,34.367039,False,
009002.000195,16,2s2.2p3.(2D*).4p,3D,3.0,3,True,7,34.407822,False,
009002.000196,16,2s2.2p3.(2D*).4p,3D,1.0,1,True,3,34.408142,False,
009002.000197,16,2s2.2p3.(2D*).4p,3D,2.0,2,True,5,34.408315,False,
009002.000198,16,2s2.2p3.(2D*).4p,3F,4.0,4,True,9,34.452934,False,
009002.000199,16,2s2.2p3.(2D*).4p,3F,3.0,3,True,7,34.454293,False,
009002.000200,16,2s2.2p3.(2D*).4p,3F,2.0,2,True,5,34.455555,False,
009002.000201,16,2s2.2p3.(2D*).4p,1F,3.0,3,True,7,34.487347,False,
009002.000202,16,2s2.2p3.(2D*).4p,3P,2.0,2,True,5,34.513235,False,
009002.000203,16,2s2.2p3.(2D*).4p,3P,1.0,1,True,3,34.516844,False,
009002.000204,16,2s2.2p3.(2D*).4p,3P,0.0,0,True,1,34.519206,False,
009002.000205,16,2s2.2p3.(2D*).4p,1D,2.0,2,True,5,34.746598,False,
009002.Lim001,16,F III (2p3 4S*<3/2>),Limit,,---,False,,34.97081,False,0.00012
009002.000207,16,2s2.2p3.(2P*).3d,3F*,4.0,4,True,9,35.031084,False,
009002.000208,16,2s2.2p3.(2P*).3d,3F*,3.0,3,True,7,35.034102,False,
009002.000209,16,2s2.2p3.(2P*).3d,3F*,2.0,2,True,5,35.036262,False,
009002.000210,16,2s2.2p3.(2P*).3d,1D*,2.0,2,True,5,35.05963,False,
009002.000211,16,2s2.2p3.(2P*).3d,3P*,0.0,0,True,1,35.074667,False,
009002.000212,16,2s2.2p3.(2P*).3d,3P*,1.0,1,True,3,35.076684,False,
009002.000213,16,2s2.2p3.(2P*).3d,3P*,2.0,2,True,5,35.080953,False,
009002.000214,16,2s2.2p3.(2P*).3d,3D*,1.0,1,True,3,35.131391,False,
009002.000215,16,2s2.2p3.(2P*).3d,3D*,2.0,2,True,5,35.131877,False,
009002.000216,16,2s2.2p3.(2P*).3d,3D*,3.0,3,True,7,35.133961,False,
009002.000217,16,2s2.2p3.(2P*).3d,1F*,3.0,3,True,7,35.138318,False,
009002.000218,16,2s2.2p3.(2P*).3d,1P*,1.0,1,True,3,35.239432,False,
009002.000219,16,2s2.2p3.(2P*).4s,3P*,2.0,2,True,5,35.546428,False,
009002.000220,16,2s2.2p3.(2P*).4s,3P*,1.0,1,True,3,35.547031,False,
009002.000221,16,2s2.2p3.(2P*).4s,3P*,0.0,0,True,1,35.547377,False,
009002.000222,16,2s2.2p3.(2D*).4d,3G*,5.0,5,True,11,35.663968,False,
009002.000223,16,2s2.2p3.(2D*).4d,3G*,4.0,4,True,9,35.665145,False,
009002.000224,16,2s2.2p3.(2D*).4d,3G*,3.0,3,True,7,35.665309,False,
009002.000225,16,2s2.2p3.(2D*).4d,1G*,4.0,4,True,9,35.669904,False,
009002.000226,16,2s2.2p3.(2D*).4f,2[9/2],5.0,5,True,11,35.785146,False,
009002.000230,16,2s2.2p3.(2D*).4f,2[9/2],4.0,4,True,9,35.785603,False,
009002.000227,16,2s2.2p3.(2D*).4f,2[7/2],4.0,4,True,9,35.785228,False,
009002.000229,16,2s2.2p3.(2D*).4f,2[7/2],3.0,3,True,7,35.78545,False,
009002.000228,16,2s2.2p3.(2D*).4f,2[3/2],2.0,2,True,5,35.785383,False,
009002.000231,16,2s2.2p3.(2D*).4f,2[3/2],1.0,1,True,3,35.785692,False,
009002.000232,16,2s2.2p3.(2D*).4f,2[5/2],2.0,2,True,5,35.786064,False,
009002.000233,16,2s2.2p3.(2D*).4f,2[5/2],3.0,3,True,7,35.786132,False,
009002.000234,16,2s2.2p3.(2D*).4f,2[11/2],5.0,5,True,11,35.786648,False,
009002.000235,16,2s2.2p3.(2D*).4f,2[11/2],6.0,6,True,13,35.786664,False,
009002.000236,16,2s2.2p3.(2D*).4f,2[1/2],1.0,1,True,3,35.786904,False,
009002.000237,16,2s2.2p3.(2D*).4f,2[1/2],0.0,0,True,1,35.787045,False,
009002.000238,16,2s2.2p3.(2D*).4f,2[7/2],3.0,3,True,7,35.788534,False,
009002.000239,16,2s2.2p3.(2D*).4f,2[7/2],4.0,4,True,9,35.788748,False,
009002.000240,16,2s2.2p3.(2D*).4f,2[5/2],2.0,2,True,5,35.789723,False,
009002.000241,16,2s2.2p3.(2D*).4f,2[5/2],3.0,3,True,7,35.789868,False,
009002.000242,16,2s2.2p3.(2D*).4f,2[9/2],5.0,5,True,11,35.790949,False,
009002.000243,16,2s2.2p3.(2D*).4f,2[9/2],4.0,4,True,9,35.790961,False,
009002.000244,16,2s2.2p3.(2D*).4f,2[3/2],1.0,1,True,3,35.79208,False,
009002.000245,16,2s2.2p3.(2D*).4f,2[3/2],2.0,2,True,5,35.792285,False,
009002.000246,16,2s2.2p3.(2P*).4s,1P*,1.0,1,True,3,35.859172,False,
009002.000247,16,2s2.2p3.(2D*).5s,3D*,3.0,3,True,7,35.919007,False,
009002.000248,16,2s2.2p3.(2D*).5s,3D*,2.0,2,True,5,35.91949,False,
009002.000249,16,2s2.2p3.(2D*).5s,1D*,2.0,2,True,5,35.97308,False,
009002.000250,16,2s2.2p3.(2P*).4p,3D,3.0,3,True,7,36.60892,False,
009002.000251,16,2s2.2p3.(2P*).4p,3D,2.0,2,True,5,36.609568,False,
009002.000252,16,2s2.2p3.(2P*).4p,3D,1.0,1,True,3,36.609816,False,
009002.000253,16,2s2.2p3.(2P*).4p,1P,1.0,1,True,3,36.648317,False,
009002.000254,16,2s2.2p3.(2P*).4p,1D,2.0,2,True,5,36.795689,False,
009002.000255,16,2s2.2p3.(2D*).5f,2[9/2],5.0,5,True,11,37.01391,False,
009002.000256,16,2s2.2p3.(2D*).5f,2[9/2],4.0,4,True,9,37.01398,False,
009002.000257,16,2s2.2p3.(2D*).5f,2[3/2],2.0,2,True,5,37.01404,False,
009002.000259,16,2s2.2p3.(2D*).5f,2[3/2],1.0,1,True,3,37.01429,False,
009002.000258,16,2s2.2p3.(2D*).5f,2[7/2],3.0,3,True,7,37.01409,False,
009002.000260,16,2s2.2p3.(2D*).5f,2[7/2],4.0,4,True,9,37.01465,False,
009002.000261,16,2s2.2p3.(2D*).5f,2[11/2],5.0,5,True,11,37.01499,False,
009002.000262,16,2s2.2p3.(2D*).5f,2[11/2],6.0,6,True,13,37.01501,False,
009002.000263,16,2s2.2p3.(2D*).5f,2[5/2],3.0,3,True,7,37.01504,False,
009002.000264,16,2s2.2p3.(2D*).5f,2[5/2],2.0,2,True,5,37.01506,False,
009002.000265,16,2s2.2p3.(2D*).5f,2[1/2],1.0,1,True,3,37.01532,False,
009002.000266,16,2s2.2p3.(2D*).5f,2[1/2],0.0,0,True,1,37.01537,False,
009002.000267,16,2s2.2p3.(2D*).5f,2[7/2],3.0,3,True,7,37.01763,False,
009002.000268,16,2s2.2p3.(2D*).5f,2[7/2],4.0,4,True,9,37.01778,False,
009002.000269,16,2s2.2p3.(2D*).5f,2[5/2],2.0,2,True,5,37.01863,False,
009002.000270,16,2s2.2p3.(2D*).5f,2[5/2],3.0,3,True,7,37.01873,False,
009002.000271,16,2s2.2p3.(2D*).5f,2[9/2],5.0,5,True,11,37.01916,False,
009002.000272,16,2s2.2p3.(2D*).5f,2[9/2],4.0,4,True,9,37.01918,False,
009002.000273,16,2s2.2p3.(2D*).5g,2[13/2]*,7.0,7,True,15,37.01926,False,
009002.000274,16,2s2.2p3.(2D*).5g,2[13/2]*,6.0,6,True,13,37.01926,False,
009002.000275,16,2s2.2p3.(2D*).5f,2[3/2],1.0,1,True,3,37.0205,False,
009002.000276,16,2s2.2p3.(2D*).5f,2[3/2],2.0,2,True,5,37.02059,False,
009002.000277,16,2s2.2p3.(2D*).5g,2[11/2]*,6.0,6,True,13,37.02355,False,
009002.000278,16,2s2.2p3.(2D*).5g,2[11/2]*,5.0,5,True,11,37.02355,False,
009002.000279,16,2s2.2p3.(2P*).4f,a,3.0,3,True,7,37.951302,False,
009002.000280,16,2s2.2p3.(2P*).4f,a,5.0,5,True,11,37.951577,False,
009002.000281,16,2s2.2p3.(2P*).4f,a,4.0,4,True,9,37.951776,False,
009002.000282,16,2s2.2p3.(2P*).4f,a,2.0,2,True,5,37.952416,False,
009002.000287,16,2s2.2p3.(2P*).4f,a,1.0,1,True,3,37.953908,False,
009002.000283,16,2s2.2p3.(2P*).4f,b,3.0,3,True,7,37.952518,False,
009002.000284,16,2s2.2p3.(2P*).4f,b,4.0,4,True,9,37.952774,False,
009002.000285,16,2s2.2p3.(2P*).4f,b,2.0,2,True,5,37.953484,False,
009002.000286,16,2s2.2p3.(2P*).4f,c,2.0,2,True,5,37.953632,False,
009002.000288,16,2s2.2p3.(2P*).4f,c,3.0,3,True,7,37.954296,False,
009002.000290,16,2s2.2p3.(2P*).4f,c,4.0,4,True,9,37.954936,False,
009002.000289,16,2s2.2p3.(2P*).4f,d,3.0,3,True,7,37.954742,False,
009002.000291,16,2p6,1S,0.0,0,True,1,48.1059,False,
010001.000001,17,2s2.2p6,1S,0.0,0,True,1,0.0,False,5e-06
010001.000002,17,2s2.2p5.(2P*<3/2>).3s,2[3/2]*,2.0,2,True,5,16.61907009,False,1.2e-07
010001.000003,17,2s2.2p5.(2P*<3/2>).3s,2[3/2]*,1.0,1,True,3,16.67082693,False,1.2e-07
010001.000004,17,2s2.2p5.(2P*<1/2>).3s,2[1/2]*,0.0,0,True,1,16.71538108,False,1.2e-07
010001.000005,17,2s2.2p5.(2P*<1/2>).3s,2[1/2]*,1.0,1,True,3,16.84805369,False,1.2e-07
010001.000006,17,2s2.2p5.(2P*<3/2>).3p,2[1/2],1.0,1,True,3,18.38162323,False,1.2e-07
010001.000013,17,2s2.2p5.(2P*<3/2>).3p,2[1/2],0.0,0,True,1,18.71137667,False,1.2e-07
010001.000007,17,2s2.2p5.(2P*<3/2>).3p,2[5/2],3.0,3,True,7,18.55510805,False,1.2e-07
010001.000008,17,2s2.2p5.(2P*<3/2>).3p,2[5/2],2.0,2,True,5,18.57583601,False,1.2e-07
010001.000009,17,2s2.2p5.(2P*<3/2>).3p,2[3/2],1.0,1,True,3,18.61270528,False,1.2e-07
010001.000010,17,2s2.2p5.(2P*<3/2>).3p,2[3/2],2.0,2,True,5,18.63679156,False,1.2e-07
010001.000011,17,2s2.2p5.(2P*<1/2>).3p,2[3/2],1.0,1,True,3,18.69335943,False,1.2e-07
010001.000012,17,2s2.2p5.(2P*<1/2>).3p,2[3/2],2.0,2,True,5,18.70407118,False,1.2e-07
010001.000014,17,2s2.2p5.(2P*<1/2>).3p,2[1/2],1.0,1,True,3,18.72638145,False,1.2e-07
010001.000015,17,2s2.2p5.(2P*<1/2>).3p,2[1/2],0.0,0,True,1,18.96595369,False,1.2e-07
010001.000016,17,2s2.2p5.(2P*<3/2>).4s,2[3/2]*,2.0,2,True,5,19.66403214,False,1.2e-07
010001.000017,17,2s2.2p5.(2P*<3/2>).4s,2[3/2]*,1.0,1,True,3,19.68819383,False,1.2e-07
010001.000018,17,2s2.2p5.(2P*<1/2>).4s,2[1/2]*,0.0,0,True,1,19.76060074,False,1.2e-07
010001.000019,17,2s2.2p5.(2P*<1/2>).4s,2[1/2]*,1.0,1,True,3,19.77977193,False,1.2e-07
010001.000020,17,2s2.2p5.(2P*<3/2>).3d,2[1/2]*,0.0,0,True,1,20.02464208,False,1.2e-07
010001.000021,17,2s2.2p5.(2P*<3/2>).3d,2[1/2]*,1.0,1,True,3,20.02644523,False,1.2e-07
010001.000022,17,2s2.2p5.(2P*<3/2>).3d,2[7/2]*,4.0,4,True,9,20.03464893,False,1.2e-07
010001.000023,17,2s2.2p5.(2P*<3/2>).3d,2[7/2]*,3.0,3,True,7,20.03486947,False,1.2e-07
010001.000024,17,2s2.2p5.(2P*<3/2>).3d,2[3/2]*,2.0,2,True,5,20.0367467,False,1.2e-07
010001.000025,17,2s2.2p5.(2P*<3/2>).3d,2[3/2]*,1.0,1,True,3,20.04038646,False,1.2e-07
010001.000026,17,2s2.2p5.(2P*<3/2>).3d,2[5/2]*,2.0,2,True,5,20.04820289,False,1.2e-07
010001.000027,17,2s2.2p5.(2P*<3/2>).3d,2[5/2]*,3.0,3,True,7,20.04842449,False,1.2e-07
010001.000028,17,2s2.2p5.(2P*<1/2>).3d,2[5/2]*,2.0,2,True,5,20.13610672,False,1.2e-07
010001.000029,17,2s2.2p5.(2P*<1/2>).3d,2[5/2]*,3.0,3,True,7,20.13629519,False,1.2e-07
010001.000030,17,2s2.2p5.(2P*<1/2>).3d,2[3/2]*,2.0,2,True,5,20.13751125,False,1.2e-07
010001.000031,17,2s2.2p5.(2P*<1/2>).3d,2[3/2]*,1.0,1,True,3,20.13945733,False,1.2e-07
010001.000032,17,2s2.2p5.(2P*<3/2>).4p,2[1/2],1.0,1,True,3,20.14964852,False,1.2e-07
010001.000037,17,2s2.2p5.(2P*<3/2>).4p,2[1/2],0.0,0,True,1,20.25917996,False,1.2e-07
010001.000033,17,2s2.2p5.(2P*<3/2>).4p,2[5/2],3.0,3,True,7,20.18843472,False,1.2e-07
010001.000034,17,2s2.2p5.(2P*<3/2>).4p,2[5/2],2.0,2,True,5,20.19691643,False,1.2e-07
010001.000035,17,2s2.2p5.(2P*<3/2>).4p,2[3/2],1.0,1,True,3,20.21098961,False,1.2e-07
010001.000036,17,2s2.2p5.(2P*<3/2>).4p,2[3/2],2.0,2,True,5,20.21417968,False,1.2e-07
010001.000038,17,2s2.2p5.(2P*<1/2>).4p,2[3/2],1.0,1,True,3,20.29091576,False,1.2e-07
010001.000040,17,2s2.2p5.(2P*<1/2>).4p,2[3/2],2.0,2,True,5,20.29727991,False,1.2e-07
010001.000039,17,2s2.2p5.(2P*<1/2>).4p,2[1/2],1.0,1,True,3,20.2971712,False,1.2e-07
010001.000041,17,2s2.2p5.(2P*<1/2>).4p,2[1/2],0.0,0,True,1,20.36885404,False,1.2e-07
010001.000042,17,2s2.2p5.(2P*<3/2>).5s,2[3/2]*,2.0,2,True,5,20.56007355,False,1.2e-07
010001.000043,17,2s2.2p5.(2P*<3/2>).5s,2[3/2]*,1.0,1,True,3,20.57056379,False,1.2e-07
010001.000044,17,2s2.2p5.(2P*<1/2>).5s,2[1/2]*,0.0,0,True,1,20.65655315,False,1.2e-07
010001.000045,17,2s2.2p5.(2P*<1/2>).5s,2[1/2]*,1.0,1,True,3,20.66277398,False,1.2e-07
010001.000046,17,2s2.2p5.(2P*<3/2>).4d,2[1/2]*,0.0,0,True,1,20.70135337,False,1.2e-07
010001.000047,17,2s2.2p5.(2P*<3/2>).4d,2[1/2]*,1.0,1,True,3,20.70230399,False,1.2e-07
010001.000048,17,2s2.2p5.(2P*<3/2>).4d,2[7/2]*,4.0,4,True,9,20.70536507,False,1.2e-07
010001.000049,17,2s2.2p5.(2P*<3/2>).4d,2[7/2]*,3.0,3,True,7,20.70550158,False,1.2e-07
010001.000050,17,2s2.2p5.(2P*<3/2>).4d,2[3/2]*,2.0,2,True,5,20.70679493,False,1.2e-07
010001.000051,17,2s2.2p5.(2P*<3/2>).4d,2[3/2]*,1.0,1,True,3,20.70870776,False,1.2e-07
010001.000052,17,2s2.2p5.(2P*<3/2>).4d,2[5/2]*,2.0,2,True,5,20.7112638,False,1.2e-07
010001.000053,17,2s2.2p5.(2P*<3/2>).4d,2[5/2]*,3.0,3,True,7,20.71139537,False,1.2e-07
010001.000054,17,2s2.2p5.(2P*<3/2>).4f,2[3/2],1.0,1,True,3,20.71188785,False,1.2e-07
010001.000055,17,2s2.2p5.(2P*<3/2>).4f,2[3/2],2.0,2,True,5,20.71189082,False,1.2e-07
010001.000056,17,2s2.2p5.(2P*<3/2>).4f,2[9/2],4.0,4,True,9,20.71283793,False,1.2e-07
010001.000057,17,2s2.2p5.(2P*<3/2>).4f,2[9/2],5.0,5,True,11,20.71283881,False,1.2e-07
010001.000058,17,2s2.2p5.(2P*<3/2>).4f,2[5/2],3.0,3,True,7,20.71392409,False,1.2e-07
010001.000059,17,2s2.2p5.(2P*<3/2>).4f,2[5/2],2.0,2,True,5,20.71392586,False,1.2e-07
010001.000060,17,2s2.2p5.(2P*<3/2>).4f,2[7/2],3.0,3,True,7,20.7149059,False,1.2e-07
010001.000061,17,2s2.2p5.(2P*<3/2>).4f,2[7/2],4.0,4,True,9,20.71490663,False,1.2e-07
010001.000062,17,2s2.2p5.(2P*<3/2>).5p,2[1/2],1.0,1,True,3,20.76108829,False,1.2e-07
010001.000075,17,2s2.2p5.(2P*<3/2>).5p,2[1/2],0.0,0,True,1,20.8128795,False,1.2e-07
010001.000063,17,2s2.2p5.(2P*<3/2>).5p,2[5/2],3.0,3,True,7,20.77467615,False,1.2e-07
010001.000064,17,2s2.2p5.(2P*<3/2>).5p,2[5/2],2.0,2,True,5,20.77866475,False,1.2e-07
010001.000065,17,2s2.2p5.(2P*<3/2>).5p,2[3/2],1.0,1,True,3,20.78465767,False,1.2e-07
010001.000066,17,2s2.2p5.(2P*<3/2>).5p,2[3/2],2.0,2,True,5,20.78578203,False,1.2e-07
010001.000067,17,2s2.2p5.(2P*<1/2>).4d,2[5/2]*,2.0,2,True,5,20.80392497,False,1.2e-07
010001.000068,17,2s2.2p5.(2P*<1/2>).4d,2[5/2]*,3.0,3,True,7,20.80403974,False,1.2e-07
010001.000069,17,2s2.2p5.(2P*<1/2>).4d,2[3/2]*,2.0,2,True,5,20.80417004,False,1.2e-07
010001.000070,17,2s2.2p5.(2P*<1/2>).4d,2[3/2]*,1.0,1,True,3,20.80551122,False,1.2e-07
010001.000071,17,2s2.2p5.(2P*<1/2>).4f,2[7/2],3.0,3,True,7,20.81030596,False,1.2e-07
010001.000072,17,2s2.2p5.(2P*<1/2>).4f,2[7/2],4.0,4,True,9,20.81030702,False,1.2e-07
010001.000073,17,2s2.2p5.(2P*<1/2>).4f,2[5/2],3.0,3,True,7,20.81033531,False,1.2e-07
010001.000074,17,2s2.2p5.(2P*<1/2>).4f,2[5/2],2.0,2,True,5,20.81033675,False,1.2e-07
010001.000076,17,2s2.2p5.(2P*<1/2>).5p,2[3/2],1.0,1,True,3,20.87341655,False,1.2e-07
010001.000078,17,2s2.2p5.(2P*<1/2>).5p,2[3/2],2.0,2,True,5,20.87629955,False,1.2e-07
010001.000077,17,2s2.2p5.(2P*<1/2>).5p,2[1/2],1.0,1,True,3,20.87380857,False,1.2e-07
010001.000079,17,2s2.2p5.(2P*<1/2>).5p,2[1/2],0.0,0,True,1,20.90210303,False,1.2e-07
010001.000080,17,2s2.2p5.(2P*<3/2>).6s,2[3/2]*,2.0,2,True,5,20.94398733,False,1.2e-07
010001.000081,17,2s2.2p5.(2P*<3/2>).6s,2[3/2]*,1.0,1,True,3,20.94928177,False,1.2e-07
010001.000082,17,2s2.2p5.(2P*<3/2>).5d,2[1/2]*,0.0,0,True,1,21.01321219,False,1.2e-07
010001.000083,17,2s2.2p5.(2P*<3/2>).5d,2[1/2]*,1.0,1,True,3,21.01388581,False,1.2e-07
010001.000084,17,2s2.2p5.(2P*<3/2>).5d,2[7/2]*,4.0,4,True,9,21.01552439,False,1.4e-07
010001.000085,17,2s2.2p5.(2P*<3/2>).5d,2[7/2]*,3.0,3,True,7,21.01560547,False,1.2e-07
010001.000086,17,2s2.2p5.(2P*<3/2>).5d,2[3/2]*,2.0,2,True,5,21.01638327,False,1.2e-07
010001.000087,17,2s2.2p5.(2P*<3/2>).5d,2[3/2]*,1.0,1,True,3,21.01742872,False,1.2e-07
010001.000088,17,2s2.2p5.(2P*<3/2>).5d,2[5/2]*,2.0,2,True,5,21.0185788,False,1.2e-07
010001.000089,17,2s2.2p5.(2P*<3/2>).5d,2[5/2]*,3.0,3,True,7,21.01865519,False,1.2e-07
010001.000090,17,2s2.2p5.(2P*<3/2>).5f,2[3/2],1.0,1,True,3,21.0190991,False,1.2e-07
010001.000091,17,2s2.2p5.(2P*<3/2>).5f,2[3/2],2.0,2,True,5,21.01910144,False,1.2e-07
010001.000092,17,2s2.2p5.(2P*<3/2>).5f,2[9/2],4.0,4,True,9,21.01958453,False,1.2e-07
010001.000093,17,2s2.2p5.(2P*<3/2>).5f,2[9/2],5.0,5,True,11,21.01958502,False,1.2e-07
010001.000094,17,2s2.2p5.(2P*<3/2>).5g,2[5/2]*,2.0,2,True,5,21.01988918,False,1.2e-07
010001.000095,17,2s2.2p5.(2P*<3/2>).5g,2[5/2]*,3.0,3,True,7,21.01988951,False,1.2e-07
010001.000096,17,2s2.2p5.(2P*<3/2>).5g,2[11/2]*,5.0,5,True,11,21.02005903,False,1.2e-07
010001.000097,17,2s2.2p5.(2P*<3/2>).5g,2[11/2]*,6.0,6,True,13,21.02005991,False,1.2e-07
010001.000098,17,2s2.2p5.(2P*<3/2>).5f,2[5/2],3.0,3,True,7,21.0201529,False,1.2e-07
010001.000099,17,2s2.2p5.(2P*<3/2>).5f,2[5/2],2.0,2,True,5,21.02015446,False,1.2e-07
010001.000100,17,2s2.2p5.(2P*<3/2>).5g,2[7/2]*,3.0,3,True,7,21.02038133,False,1.2e-07
010001.000101,17,2s2.2p5.(2P*<3/2>).5g,2[7/2]*,4.0,4,True,9,21.02038185,False,1.2e-07
010001.000102,17,2s2.2p5.(2P*<3/2>).5g,2[9/2]*,4.0,4,True,9,21.02055343,False,1.2e-07
010001.000103,17,2s2.2p5.(2P*<3/2>).5g,2[9/2]*,5.0,5,True,11,21.02055425,False,1.2e-07
010001.000104,17,2s2.2p5.(2P*<3/2>).5f,2[7/2],3.0,3,True,7,21.02064976,False,1.2e-07
010001.000105,17,2s2.2p5.(2P*<3/2>).5f,2[7/2],4.0,4,True,9,21.02065013,False,1.2e-07
010001.000106,17,2s2.2p5.(2P*<1/2>).6s,2[1/2]*,0.0,0,True,1,21.04085339,False,1.2e-07
010001.000107,17,2s2.2p5.(2P*<1/2>).6s,2[1/2]*,1.0,1,True,3,21.04354431,False,1.2e-07
010001.000108,17,2s2.2p5.(2P*<3/2>).6p,2[1/2],1.0,1,True,3,21.04608736,False,1.6e-07
010001.000113,17,2s2.2p5.(2P*<3/2>).6p,2[1/2],0.0,0,True,1,21.07442614,False,1.4e-07
010001.000109,17,2s2.2p5.(2P*<3/2>).6p,2[5/2],3.0,3,True,7,21.05216837,False,1.2e-07
010001.000110,17,2s2.2p5.(2P*<3/2>).6p,2[5/2],2.0,2,True,5,21.05433227,False,2.5e-07
010001.000111,17,2s2.2p5.(2P*<3/2>).6p,2[3/2],1.0,1,True,3,21.05740907,False,1.2e-07
010001.000112,17,2s2.2p5.(2P*<3/2>).6p,2[3/2],2.0,2,True,5,21.05794707,False,1.2e-07
010001.000114,17,2s2.2p5.(2P*<1/2>).5d,2[3/2]*,2.0,2,True,5,21.11313791,False,1.2e-07
010001.000117,17,2s2.2p5.(2P*<1/2>).5d,2[3/2]*,1.0,1,True,3,21.11401428,False,1.2e-07
010001.000115,17,2s2.2p5.(2P*<1/2>).5d,2[5/2]*,2.0,2,True,5,21.11318538,False,1.5e-07
010001.000116,17,2s2.2p5.(2P*<1/2>).5d,2[5/2]*,3.0,3,True,7,21.11322925,False,1.5e-07
010001.000118,17,2s2.2p5.(2P*<1/2>).5f,2[7/2],3.0,3,True,7,21.11670139,False,1.2e-07
010001.000119,17,2s2.2p5.(2P*<1/2>).5f,2[7/2],4.0,4,True,9,21.11670208,False,1.2e-07
010001.000120,17,2s2.2p5.(2P*<1/2>).5f,2[5/2],3.0,3,True,7,21.11670928,False,1.2e-07
010001.000121,17,2s2.2p5.(2P*<1/2>).5f,2[5/2],2.0,2,True,5,21.11671088,False,1.2e-07
010001.000122,17,2s2.2p5.(2P*<1/2>).5g,2[9/2]*,5.0,5,True,11,21.1170015,False,1.2e-07
010001.000123,17,2s2.2p5.(2P*<1/2>).5g,2[9/2]*,4.0,4,True,9,21.11700158,False,1.4e-07
010001.000124,17,2s2.2p5.(2P*<1/2>).5g,2[7/2]*,4.0,4,True,9,21.11700337,False,1.4e-07
010001.000125,17,2s2.2p5.(2P*<1/2>).5g,2[7/2]*,3.0,3,True,7,21.11700481,False,1.4e-07
010001.000126,17,2s2.2p5.(2P*<3/2>).7s,2[3/2]*,2.0,2,True,5,21.14336221,False,1.2e-07
010001.000127,17,2s2.2p5.(2P*<3/2>).7s,2[3/2]*,1.0,1,True,3,21.14637893,False,1.2e-07
010001.000128,17,2s2.2p5.(2P*<1/2>).6p,2[1/2],1.0,1,True,3,21.14902003,False,1.2e-07
010001.000131,17,2s2.2p5.(2P*<1/2>).6p,2[1/2],0.0,0,True,1,21.16278517,False,1.9e-07
010001.000129,17,2s2.2p5.(2P*<1/2>).6p,2[3/2],1.0,1,True,3,21.149857,False,4e-06
010001.000130,17,2s2.2p5.(2P*<1/2>).6p,2[3/2],2.0,2,True,5,21.15135738,False,1.4e-07
010001.000132,17,2s2.2p5.(2P*<3/2>).6d,2[1/2]*,0.0,0,True,1,21.1824863,False,6e-07
010001.000133,17,2s2.2p5.(2P*<3/2>).6d,2[1/2]*,1.0,1,True,3,21.18286278,False,1.5e-07
010001.000134,17,2s2.2p5.(2P*<3/2>).6d,2[7/2]*,4.0,4,True,9,21.18375011,False,1.2e-07
010001.000135,17,2s2.2p5.(2P*<3/2>).6d,2[7/2]*,3.0,3,True,7,21.1838004,False,1.6e-07
010001.000136,17,2s2.2p5.(2P*<3/2>).6d,2[3/2]*,2.0,2,True,5,21.18431077,False,1.4e-07
010001.000137,17,2s2.2p5.(2P*<3/2>).6d,2[3/2]*,1.0,1,True,3,21.18492247,False,2.5e-07
010001.000138,17,2s2.2p5.(2P*<3/2>).6d,2[5/2]*,2.0,2,True,5,21.18553364,False,1.2e-07
010001.000139,17,2s2.2p5.(2P*<3/2>).6d,2[5/2]*,3.0,3,True,7,21.18558079,False,1.2e-07
010001.000140,17,2s2.2p5.(2P*<3/2>).6f,2[3/2],1.0,1,True,3,21.18589162,False,1.7e-07
010001.000141,17,2s2.2p5.(2P*<3/2>).6f,2[3/2],2.0,2,True,5,21.18589309,False,1.2e-07
010001.000142,17,2s2.2p5.(2P*<3/2>).6f,2[9/2],4.0,4,True,9,21.18617212,False,1.2e-07
010001.000143,17,2s2.2p5.(2P*<3/2>).6f,2[9/2],5.0,5,True,11,21.18617244,False,1.6e-07
010001.000144,17,2s2.2p5.(2P*<3/2>).6g,2[5/2]*,2.0,2,True,5,21.18635432,False,1.4e-07
010001.000145,17,2s2.2p5.(2P*<3/2>).6g,2[5/2]*,3.0,3,True,7,21.1863566,False,6e-07
010001.000146,17,2s2.2p5.(2P*<3/2>).6g,2[11/2]*,5.0,5,True,11,21.18645404,False,1.6e-07
010001.000147,17,2s2.2p5.(2P*<3/2>).6g,2[11/2]*,6.0,6,True,13,21.18645492,False,1.6e-07
010001.000148,17,2s2.2p5.(2P*<3/2>).6f,2[5/2],3.0,3,True,7,21.18650689,False,1.2e-07
010001.000149,17,2s2.2p5.(2P*<3/2>).6f,2[5/2],2.0,2,True,5,21.18650803,False,1.2e-07
010001.000150,17,2s2.2p5.(2P*<3/2>).6g,2[7/2]*,4.0,4,True,9,21.18663789,False,1.5e-07
010001.000151,17,2s2.2p5.(2P*<3/2>).6g,2[7/2]*,3.0,3,True,7,21.18663968,False,1.4e-07
010001.000152,17,2s2.2p5.(2P*<3/2>).6g,2[9/2]*,4.0,4,True,9,21.18674169,False,1.2e-07
010001.000153,17,2s2.2p5.(2P*<3/2>).6g,2[9/2]*,5.0,5,True,11,21.18674247,False,1.2e-07
010001.000154,17,2s2.2p5.(2P*<3/2>).6f,2[7/2],3.0,3,True,7,21.18679426,False,1.5e-07
010001.000155,17,2s2.2p5.(2P*<3/2>).6f,2[7/2],4.0,4,True,9,21.18679463,False,1.6e-07
010001.000156,17,2s2.2p5.(2P*<3/2>).7p,2[1/2],1.0,1,True,3,21.20244,False,2.2e-05
010001.000161,17,2s2.2p5.(2P*<3/2>).7p,2[1/2],0.0,0,True,1,21.2197406,False,1.5e-06
010001.000157,17,2s2.2p5.(2P*<3/2>).7p,2[5/2],3.0,3,True,7,21.2053672,False,1.7e-06
010001.000158,17,2s2.2p5.(2P*<3/2>).7p,2[5/2],2.0,2,True,5,21.206715,False,2.1e-05
010001.000159,17,2s2.2p5.(2P*<3/2>).7p,2[3/2],1.0,1,True,3,21.208489,False,2.5e-05
010001.000160,17,2s2.2p5.(2P*<3/2>).7p,2[3/2],2.0,2,True,5,21.208761,False,1.6e-05
010001.000162,17,2s2.2p5.(2P*<1/2>).7s,2[1/2]*,0.0,0,True,1,21.24008531,False,1.2e-07
010001.000163,17,2s2.2p5.(2P*<1/2>).7s,2[1/2]*,1.0,1,True,3,21.24147014,False,1.2e-07
010001.000164,17,2s2.2p5.(2P*<3/2>).8s,2[3/2]*,2.0,2,True,5,21.259981,False,5e-07
010001.000165,17,2s2.2p5.(2P*<3/2>).8s,2[3/2]*,1.0,1,True,3,21.2619865,False,6e-07
010001.000166,17,2s2.2p5.(2P*<1/2>).6d,2[3/2]*,2.0,2,True,5,21.28064461,False,1.2e-07
010001.000169,17,2s2.2p5.(2P*<1/2>).6d,2[3/2]*,1.0,1,True,3,21.2812531,False,4e-07
010001.000167,17,2s2.2p5.(2P*<1/2>).6d,2[5/2]*,2.0,2,True,5,21.28091538,False,1.6e-07
010001.000168,17,2s2.2p5.(2P*<1/2>).6d,2[5/2]*,3.0,3,True,7,21.28095151,False,1.9e-07
010001.000170,17,2s2.2p5.(2P*<1/2>).6f,2[5/2],3.0,3,True,7,21.28309635,False,1.4e-07
010001.000171,17,2s2.2p5.(2P*<1/2>).6f,2[5/2],2.0,2,True,5,21.28309768,False,1.5e-07
010001.000172,17,2s2.2p5.(2P*<1/2>).6f,2[7/2],3.0,3,True,7,21.28311928,False,1.4e-07
010001.000173,17,2s2.2p5.(2P*<1/2>).6f,2[7/2],4.0,4,True,9,21.28311977,False,1.4e-07
010001.000174,17,2s2.2p5.(2P*<1/2>).6g,2[7/2]*,4.0,4,True,9,21.28331166,False,1.4e-07
010001.000175,17,2s2.2p5.(2P*<1/2>).6g,2[7/2]*,3.0,3,True,7,21.28331309,False,1.4e-07
010001.000176,17,2s2.2p5.(2P*<1/2>).6g,2[9/2]*,4.0,4,True,9,21.28331405,False,1.4e-07
010001.000177,17,2s2.2p5.(2P*<1/2>).6g,2[9/2]*,5.0,5,True,11,21.2833151,False,1.4e-07
010001.000178,17,2s2.2p5.(2P*<3/2>).7d,2[1/2]*,0.0,0,True,1,21.2842647,False,1.4e-06
010001.000179,17,2s2.2p5.(2P*<3/2>).7d,2[1/2]*,1.0,1,True,3,21.2846064,False,1.4e-06
010001.000180,17,2s2.2p5.(2P*<3/2>).7d,2[7/2]*,4.0,4,True,9,21.2850442,False,5e-07
010001.000181,17,2s2.2p5.(2P*<3/2>).7d,2[7/2]*,3.0,3,True,7,21.2850775,False,4e-07
010001.000182,17,2s2.2p5.(2P*<3/2>).7d,2[3/2]*,2.0,2,True,5,21.2857743,False,7e-07
010001.000183,17,2s2.2p5.(2P*<3/2>).7d,2[3/2]*,1.0,1,True,3,21.2859685,False,1.1e-06
010001.000184,17,2s2.2p5.(2P*<3/2>).7d,2[5/2]*,2.0,2,True,5,21.2862629,False,4e-07
010001.000185,17,2s2.2p5.(2P*<3/2>).7d,2[5/2]*,3.0,3,True,7,21.2862943,False,5e-07
010001.000186,17,2s2.2p5.(2P*<3/2>).7f,2[3/2],2.0,2,True,5,21.2864214,False,5e-07
010001.000187,17,2s2.2p5.(2P*<3/2>).7f,2[3/2],1.0,1,True,3,21.2864225,False,5e-07
010001.000188,17,2s2.2p5.(2P*<3/2>).7f,2[9/2],5.0,5,True,11,21.2865968,False,4e-07
010001.000189,17,2s2.2p5.(2P*<3/2>).7f,2[9/2],4.0,4,True,9,21.2865973,False,4e-07
010001.000190,17,2s2.2p5.(2P*<3/2>).7g,2[5/2]*,2.0,2,True,5,21.2867159,False,1.4e-06
010001.000191,17,2s2.2p5.(2P*<3/2>).7g,2[5/2]*,3.0,3,True,7,21.2867162,False,4e-07
010001.000192,17,2s2.2p5.(2P*<3/2>).7g,2[11/2]*,5.0,5,True,11,21.2867765,False,4e-07
010001.000193,17,2s2.2p5.(2P*<3/2>).7g,2[11/2]*,6.0,6,True,13,21.2867773,False,4e-07
010001.000194,17,2s2.2p5.(2P*<3/2>).7f,2[5/2],3.0,3,True,7,21.2868505,False,6e-07
010001.000195,17,2s2.2p5.(2P*<3/2>).7f,2[5/2],2.0,2,True,5,21.2868514,False,9e-07
010001.000196,17,2s2.2p5.(2P*<3/2>).7g,2[7/2]*,4.0,4,True,9,21.2869046,False,4e-07
010001.000197,17,2s2.2p5.(2P*<3/2>).7g,2[7/2]*,3.0,3,True,7,21.2869063,False,4e-07
010001.000198,17,2s2.2p5.(2P*<3/2>).7g,2[9/2]*,4.0,4,True,9,21.2869664,False,4e-07
010001.000199,17,2s2.2p5.(2P*<3/2>).7g,2[9/2]*,5.0,5,True,11,21.2869672,False,4e-07
010001.000200,17,2s2.2p5.(2P*<3/2>).7f,2[7/2],3.0,3,True,7,21.2870099,False,7e-07
010001.000201,17,2s2.2p5.(2P*<3/2>).7f,2[7/2],4.0,4,True,9,21.2870121,False,5e-07
010001.000202,17,2s2.2p5.(2P*<3/2>).8p,2[1/2],1.0,1,True,3,21.294564,False,2.5e-05
010001.000210,17,2s2.2p5.(2P*<3/2>).8p,2[1/2],0.0,0,True,1,21.30433,False,4e-05
010001.000203,17,2s2.2p5.(2P*<3/2>).8p,2[5/2],3.0,3,True,7,21.29887,False,4e-05
010001.000204,17,2s2.2p5.(2P*<3/2>).8p,2[5/2],2.0,2,True,5,21.29944,False,4e-05
010001.000205,17,2s2.2p5.(2P*<3/2>).8p,2[3/2],1.0,1,True,3,21.3002391,False,1.7e-06
010001.000206,17,2s2.2p5.(2P*<3/2>).8p,2[3/2],2.0,2,True,5,21.300882,False,2.5e-05
010001.000207,17,2s2.2p5.(2P*<1/2>).7p,2[3/2],1.0,1,True,3,21.3032418,False,1.7e-06
010001.000208,17,2s2.2p5.(2P*<1/2>).7p,2[3/2],2.0,2,True,5,21.303897,False,1.7e-06
010001.000209,17,2s2.2p5.(2P*<1/2>).7p,2[1/2],1.0,1,True,3,21.30427,False,4e-05
010001.000211,17,2s2.2p5.(2P*<1/2>).7p,2[1/2],0.0,0,True,1,21.3145513,False,2.5e-06
010001.000212,17,2s2.2p5.(2P*<3/2>).9s,2[3/2]*,2.0,2,True,5,21.3341332,False,9e-07
010001.000213,17,2s2.2p5.(2P*<3/2>).9s,2[3/2]*,1.0,1,True,3,21.3353143,False,6e-07
010001.000214,17,2s2.2p5.(2P*<3/2>).8d,2[1/2]*,0.0,0,True,1,21.35012,False,7e-06
010001.000215,17,2s2.2p5.(2P*<3/2>).8d,2[1/2]*,1.0,1,True,3,21.3503118,False,1.4e-06
010001.000216,17,2s2.2p5.(2P*<3/2>).8d,2[7/2]*,4.0,4,True,9,21.3507129,False,2.5e-07
010001.000217,17,2s2.2p5.(2P*<3/2>).8d,2[7/2]*,3.0,3,True,7,21.35073261,False,2.5e-07
010001.000218,17,2s2.2p5.(2P*<3/2>).8d,2[3/2]*,2.0,2,True,5,21.3509183,False,1.4e-06
010001.000219,17,2s2.2p5.(2P*<3/2>).8d,2[3/2]*,1.0,1,True,3,21.351213,False,6e-06
010001.000220,17,2s2.2p5.(2P*<3/2>).8d,2[5/2]*,2.0,2,True,5,21.3514561,False,1.2e-06
010001.000221,17,2s2.2p5.(2P*<3/2>).8d,2[5/2]*,3.0,3,True,7,21.3514758,False,7e-07
010001.000222,17,2s2.2p5.(2P*<3/2>).8f,2[3/2],2.0,2,True,5,21.351649,False,1.4e-05
010001.000223,17,2s2.2p5.(2P*<3/2>).8f,2[3/2],1.0,1,True,3,21.351661,False,1.4e-05
010001.000224,17,2s2.2p5.(2P*<3/2>).8f,2[9/2],5.0,5,True,11,21.351761,False,1.4e-05
010001.000225,17,2s2.2p5.(2P*<3/2>).8f,2[9/2],4.0,4,True,9,21.351763,False,1.4e-05
010001.000226,17,2s2.2p5.(2P*<3/2>).8f,2[7/2],4.0,4,True,9,21.352011,False,1.4e-05
010001.000227,17,2s2.2p5.(2P*<3/2>).8f,2[7/2],3.0,3,True,7,21.352038,False,1.4e-05
010001.000228,17,2s2.2p5.(2P*<1/2>).8s,2[1/2]*,0.0,0,True,1,21.3568107,False,1.1e-06
010001.000229,17,2s2.2p5.(2P*<1/2>).8s,2[1/2]*,1.0,1,True,3,21.3577339,False,5e-07
010001.000230,17,2s2.2p5.(2P*<3/2>).9p,2[5/2],3.0,3,True,7,21.36027,False,4e-05
010001.000231,17,2s2.2p5.(2P*<3/2>).9p,2[5/2],2.0,2,True,5,21.3608738,False,1.9e-06
010001.000232,17,2s2.2p5.(2P*<3/2>).9p,2[3/2],1.0,1,True,3,21.361386,False,2.5e-05
010001.000233,17,2s2.2p5.(2P*<3/2>).9p,2[3/2],2.0,2,True,5,21.36149,False,4e-05
010001.000234,17,2s2.2p5.(2P*<3/2>).9p,2[1/2],0.0,0,True,1,21.3658693,False,1.2e-06
010001.000235,17,2s2.2p5.(2P*<1/2>).7d,2[3/2]*,2.0,2,True,5,21.3820449,False,1e-06
010001.000238,17,2s2.2p5.(2P*<1/2>).7d,2[3/2]*,1.0,1,True,3,21.3824346,False,1.4e-06
010001.000236,17,2s2.2p5.(2P*<1/2>).7d,2[5/2]*,2.0,2,True,5,21.3821198,False,9e-07
010001.000237,17,2s2.2p5.(2P*<1/2>).7d,2[5/2]*,3.0,3,True,7,21.3821429,False,4e-07
010001.000239,17,2s2.2p5.(2P*<1/2>).7f,2[7/2],3.0,3,True,7,21.3834863,False,5e-07
010001.000240,17,2s2.2p5.(2P*<1/2>).7f,2[7/2],4.0,4,True,9,21.3834865,False,5e-07
010001.000241,17,2s2.2p5.(2P*<1/2>).7f,2[5/2],3.0,3,True,7,21.3834868,False,4e-07
010001.000242,17,2s2.2p5.(2P*<1/2>).7f,2[5/2],2.0,2,True,5,21.3834871,False,7e-07
010001.000243,17,2s2.2p5.(2P*<1/2>).7g,2[9/2]*,4.0,4,True,9,21.3835998,False,4e-07
010001.000244,17,2s2.2p5.(2P*<1/2>).7g,2[9/2]*,5.0,5,True,11,21.3836009,False,4e-07
010001.000245,17,2s2.2p5.(2P*<1/2>).7g,2[7/2]*,4.0,4,True,9,21.3836048,False,4e-07
010001.000246,17,2s2.2p5.(2P*<1/2>).7g,2[7/2]*,3.0,3,True,7,21.3836063,False,4e-07
010001.000247,17,2s2.2p5.(2P*<3/2>).10s,2[3/2]*,2.0,2,True,5,21.3842144,False,6e-07
010001.000248,17,2s2.2p5.(2P*<3/2>).10s,2[3/2]*,1.0,1,True,3,21.38502238,False,2.4e-07
010001.000249,17,2s2.2p5.(2P*<1/2>).8p,2[1/2],1.0,1,True,3,21.39506,False,4e-05
010001.000265,17,2s2.2p5.(2P*<1/2>).8p,2[1/2],0.0,0,True,1,21.39965,False,4e-05
010001.000250,17,2s2.2p5.(2P*<3/2>).9d,2[1/2]*,0.0,0,True,1,21.395318,False,1.5e-05
010001.000251,17,2s2.2p5.(2P*<3/2>).9d,2[1/2]*,1.0,1,True,3,21.395449,False,6e-06
010001.000252,17,2s2.2p5.(2P*<3/2>).9d,2[7/2]*,4.0,4,True,9,21.3956874,False,6e-07
010001.000253,17,2s2.2p5.(2P*<3/2>).9d,2[7/2]*,3.0,3,True,7,21.3957154,False,6e-07
010001.000254,17,2s2.2p5.(2P*<3/2>).9d,2[3/2]*,2.0,2,True,5,21.395879,False,5e-06
010001.000255,17,2s2.2p5.(2P*<3/2>).9d,2[3/2]*,1.0,1,True,3,21.396056,False,6e-06
010001.000256,17,2s2.2p5.(2P*<3/2>).9d,2[5/2]*,2.0,2,True,5,21.396216,False,7e-06
010001.000257,17,2s2.2p5.(2P*<3/2>).9d,2[5/2]*,3.0,3,True,7,21.396228,False,7e-06
010001.000258,17,2s2.2p5.(2P*<1/2>).8p,2[3/2],2.0,2,True,5,21.39634,False,6e-05
010001.000259,17,2s2.2p5.(2P*<3/2>).9f,2[9/2],5.0,5,True,11,21.396424,False,1.5e-05
010001.000260,17,2s2.2p5.(2P*<3/2>).9f,2[9/2],4.0,4,True,9,21.396432,False,1.5e-05
010001.000261,17,2s2.2p5.(2P*<3/2>).9f,2[5/2],3.0,3,True,7,21.396551,False,1.5e-05
010001.000262,17,2s2.2p5.(2P*<3/2>).9f,2[5/2],2.0,2,True,5,21.396551,False,1.5e-05
010001.000263,17,2s2.2p5.(2P*<3/2>).9f,2[7/2],4.0,4,True,9,21.396618,False,1.5e-05
010001.000264,17,2s2.2p5.(2P*<3/2>).9f,2[7/2],3.0,3,True,7,21.396618,False,1.5e-05
010001.000266,17,2s2.2p5.(2P*<3/2>).10p,2[1/2],1.0,1,True,3,21.40205,False,4e-05
010001.000270,17,2s2.2p5.(2P*<3/2>).10p,2[1/2],0.0,0,True,1,21.40774,False,4e-05
010001.000267,17,2s2.2p5.(2P*<3/2>).10p,2[5/2],3.0,3,True,7,21.40255,False,4e-05
010001.000268,17,2s2.2p5.(2P*<3/2>).10p,2[3/2],1.0,1,True,3,21.4034,False,4e-05
010001.000269,17,2s2.2p5.(2P*<3/2>).10p,2[3/2],2.0,2,True,5,21.40344,False,4e-05
010001.000271,17,2s2.2p5.(2P*<3/2>).11s,2[3/2]*,2.0,2,True,5,21.419488,False,7e-06
010001.000272,17,2s2.2p5.(2P*<3/2>).11s,2[3/2]*,1.0,1,True,3,21.42008,False,6e-06
010001.000273,17,2s2.2p5.(2P*<3/2>).10d,2[1/2]*,0.0,0,True,1,21.427516,False,1.5e-05
010001.000274,17,2s2.2p5.(2P*<3/2>).10d,2[1/2]*,1.0,1,True,3,21.427636,False,1.6e-05
010001.000275,17,2s2.2p5.(2P*<3/2>).10d,2[7/2]*,4.0,4,True,9,21.427833,False,1.4e-05
010001.000276,17,2s2.2p5.(2P*<3/2>).10d,2[7/2]*,3.0,3,True,7,21.42786,False,1.2e-05
010001.000277,17,2s2.2p5.(2P*<3/2>).10d,2[3/2]*,2.0,2,True,5,21.427932,False,1e-05
010001.000278,17,2s2.2p5.(2P*<3/2>).10d,2[3/2]*,1.0,1,True,3,21.428102,False,9e-06
010001.000279,17,2s2.2p5.(2P*<3/2>).10d,2[5/2]*,2.0,2,True,5,21.428214,False,1e-05
010001.000280,17,2s2.2p5.(2P*<3/2>).10d,2[5/2]*,3.0,3,True,7,21.42822,False,1e-05
010001.000281,17,2s2.2p5.(2P*<1/2>).9s,2[1/2]*,0.0,0,True,1,21.430933,False,7e-06
010001.000282,17,2s2.2p5.(2P*<1/2>).9s,2[1/2]*,1.0,1,True,3,21.431537,False,6e-06
010001.000283,17,2s2.2p5.(2P*<3/2>).11p,2[3/2],2.0,2,True,5,21.43338,False,4e-05
010001.000284,17,2s2.2p5.(2P*<3/2>).11p,2[3/2],1.0,1,True,3,21.43338,False,4e-05
010001.000285,17,2s2.2p5.(2P*<3/2>).12s,2[3/2]*,2.0,2,True,5,21.445362,False,1e-05
010001.000286,17,2s2.2p5.(2P*<3/2>).12s,2[3/2]*,1.0,1,True,3,21.4458306,False,5e-07
010001.000287,17,2s2.2p5.(2P*<1/2>).8d,2[3/2]*,2.0,2,True,5,21.447663,False,1e-05
010001.000290,17,2s2.2p5.(2P*<1/2>).8d,2[3/2]*,1.0,1,True,3,21.447901,False,9e-06
010001.000288,17,2s2.2p5.(2P*<1/2>).8d,2[5/2]*,2.0,2,True,5,21.4476798,False,6e-07
010001.000289,17,2s2.2p5.(2P*<1/2>).8d,2[5/2]*,3.0,3,True,7,21.4476896,False,6e-07
010001.000291,17,2s2.2p5.(2P*<1/2>).8f,2[7/2],4.0,4,True,9,21.448596,False,1.4e-05
010001.000294,17,2s2.2p5.(2P*<1/2>).8f,2[7/2],3.0,3,True,7,21.44861,False,1.4e-05
010001.000292,17,2s2.2p5.(2P*<1/2>).8f,2[5/2],3.0,3,True,7,21.448598,False,1.4e-05
010001.000293,17,2s2.2p5.(2P*<1/2>).8f,2[5/2],2.0,2,True,5,21.448598,False,1.4e-05
010001.000295,17,2s2.2p5.(2P*<3/2>).11d,2[1/2]*,0.0,0,True,1,21.451422,False,1.5e-05
010001.000296,17,2s2.2p5.(2P*<3/2>).11d,2[1/2]*,1.0,1,True,3,21.451496,False,1.6e-05
010001.000297,17,2s2.2p5.(2P*<3/2>).11d,2[7/2]*,3.0,3,True,7,21.451603,False,1.4e-05
010001.000298,17,2s2.2p5.(2P*<3/2>).11d,2[7/2]*,4.0,4,True,9,21.451608,False,1.4e-05
010001.000299,17,2s2.2p5.(2P*<3/2>).11d,2[3/2]*,2.0,2,True,5,21.451753,False,1.5e-05
010001.000300,17,2s2.2p5.(2P*<3/2>).11d,2[3/2]*,1.0,1,True,3,21.451856,False,2.2e-05
010001.000301,17,2s2.2p5.(2P*<3/2>).11d,2[5/2]*,2.0,2,True,5,21.451865,False,1.2e-05
010001.000302,17,2s2.2p5.(2P*<3/2>).11d,2[5/2]*,3.0,3,True,7,21.451906,False,1.1e-05
010001.000303,17,2s2.2p5.(2P*<1/2>).9p,2[3/2],2.0,2,True,5,21.457375,False,2.5e-05
010001.000304,17,2s2.2p5.(2P*<1/2>).9p,2[1/2],0.0,0,True,1,21.4613508,False,1.7e-06
010001.000305,17,2s2.2p5.(2P*<3/2>).13s,2[3/2]*,2.0,2,True,5,21.464903,False,1.1e-05
010001.000306,17,2s2.2p5.(2P*<3/2>).13s,2[3/2]*,1.0,1,True,3,21.465242,False,1.5e-05
010001.000307,17,2s2.2p5.(2P*<3/2>).12d,2[1/2]*,1.0,1,True,3,21.469565,False,2.1e-05
010001.000308,17,2s2.2p5.(2P*<3/2>).12d,2[7/2]*,3.0,3,True,7,21.469657,False,1.4e-05
010001.000309,17,2s2.2p5.(2P*<3/2>).12d,2[7/2]*,4.0,4,True,9,21.469659,False,1.4e-05
010001.000310,17,2s2.2p5.(2P*<3/2>).12d,2[3/2]*,2.0,2,True,5,21.469735,False,1.5e-05
010001.000311,17,2s2.2p5.(2P*<3/2>).12d,2[3/2]*,1.0,1,True,3,21.469858,False,2.2e-05
010001.000312,17,2s2.2p5.(2P*<3/2>).12d,2[5/2]*,2.0,2,True,5,21.469866,False,1.4e-05
010001.000313,17,2s2.2p5.(2P*<3/2>).12d,2[5/2]*,3.0,3,True,7,21.469903,False,1.4e-05
010001.000314,17,2s2.2p5.(2P*<3/2>).14s,2[3/2]*,1.0,1,True,3,21.480194,False,2.2e-05
010001.000315,17,2s2.2p5.(2P*<1/2>).10s,2[1/2]*,0.0,0,True,1,21.480912,False,7e-06
010001.000316,17,2s2.2p5.(2P*<1/2>).10s,2[1/2]*,1.0,1,True,3,21.481435,False,7e-06
010001.000317,17,2s2.2p5.(2P*<3/2>).13d,2[1/2]*,1.0,1,True,3,21.483683,False,1.7e-05
010001.000318,17,2s2.2p5.(2P*<3/2>).13d,2[7/2]*,4.0,4,True,9,21.483743,False,1.4e-05
010001.000319,17,2s2.2p5.(2P*<3/2>).13d,2[7/2]*,3.0,3,True,7,21.483753,False,1.4e-05
010001.000320,17,2s2.2p5.(2P*<3/2>).13d,2[3/2]*,1.0,1,True,3,21.483879,False,2.2e-05
010001.000321,17,2s2.2p5.(2P*<3/2>).13d,2[3/2]*,2.0,2,True,5,21.483999,False,1.6e-05
010001.000322,17,2s2.2p5.(2P*<3/2>).15s,2[3/2]*,1.0,1,True,3,21.49214,False,2.2e-05
010001.000323,17,2s2.2p5.(2P*<1/2>).9d,2[5/2]*,2.0,2,True,5,21.492594,False,1e-05
010001.000325,17,2s2.2p5.(2P*<1/2>).9d,2[5/2]*,3.0,3,True,7,21.492601,False,7e-06
010001.000324,17,2s2.2p5.(2P*<1/2>).9d,2[3/2]*,2.0,2,True,5,21.4926,False,1e-05
010001.000326,17,2s2.2p5.(2P*<1/2>).9d,2[3/2]*,1.0,1,True,3,21.492758,False,1.1e-05
010001.000327,17,2s2.2p5.(2P*<3/2>).14d,2[1/2]*,1.0,1,True,3,21.49487,False,2.2e-05
010001.000328,17,2s2.2p5.(2P*<3/2>).14d,2[3/2]*,1.0,1,True,3,21.495002,False,2.2e-05
010001.000329,17,2s2.2p5.(2P*<3/2>).16s,2[3/2]*,1.0,1,True,3,21.501658,False,2.2e-05
010001.000330,17,2s2.2p5.(2P*<3/2>).15d,2[3/2]*,1.0,1,True,3,21.503911,False,2.2e-05
010001.000331,17,2s2.2p5.(2P*<3/2>).15d,2[1/2]*,1.0,1,True,3,21.503959,False,2.2e-05
010001.000332,17,2s2.2p5.(2P*<3/2>).17s,2[3/2]*,1.0,1,True,3,21.50941,False,2.2e-05
010001.000333,17,2s2.2p5.(2P*<3/2>).16d,2[3/2]*,1.0,1,True,3,21.511272,False,2.2e-05
010001.000334,17,2s2.2p5.(2P*<3/2>).18s,2[3/2]*,1.0,1,True,3,21.515766,False,2.2e-05
010001.000335,17,2s2.2p5.(2P*<1/2>).11s,2[1/2]*,1.0,1,True,3,21.516611,False,2.2e-05
010001.000336,17,2s2.2p5.(2P*<3/2>).17d,2[3/2]*,1.0,1,True,3,21.517383,False,2.2e-05
010001.000337,17,2s2.2p5.(2P*<3/2>).19s,2[3/2]*,1.0,1,True,3,21.521178,False,2.2e-05
010001.000338,17,2s2.2p5.(2P*<3/2>).18d,2[3/2]*,1.0,1,True,3,21.522479,False,2.2e-05
010001.000339,17,2s2.2p5.(2P*<1/2>).10d,2[5/2]*,2.0,2,True,5,21.524712,False,6e-06
010001.000341,17,2s2.2p5.(2P*<1/2>).10d,2[5/2]*,3.0,3,True,7,21.524716,False,9e-06
010001.000340,17,2s2.2p5.(2P*<1/2>).10d,2[3/2]*,2.0,2,True,5,21.524712,False,1e-05
010001.000342,17,2s2.2p5.(2P*<1/2>).10d,2[3/2]*,1.0,1,True,3,21.524846,False,1.4e-05
010001.000343,17,2s2.2p5.(2P*<3/2>).20s,2[3/2]*,1.0,1,True,3,21.5257,False,2.2e-05
010001.000344,17,2s2.2p5.(2P*<3/2>).19d,2[3/2]*,1.0,1,True,3,21.526791,False,2.2e-05
010001.000345,17,2s2.2p5.(2P*<3/2>).20d,2[3/2]*,1.0,1,True,3,21.530477,False,2.2e-05
010001.000346,17,2s2.2p5.(2P*<1/2>).12s,2[1/2]*,1.0,1,True,3,21.542437,False,2.2e-05
010001.000347,17,2s2.2p5.(2P*<1/2>).11d,2[3/2]*,1.0,1,True,3,21.548593,False,2.2e-05
010001.000348,17,2s2.2p5.(2P*<1/2>).13s,2[1/2]*,1.0,1,True,3,21.561876,False,2.2e-05
010001.Lim001,17,Ne II (2p5 2P*<3/2>),Limit,,---,False,,21.564541,False,7e-06
010001.000350,17,2s2.2p5.(2P*<1/2>).12d,2[3/2]*,1.0,1,True,3,21.56655,False,2.2e-05
010001.000351,17,2s2.2p5.(2P*<1/2>).14s,2[1/2]*,1.0,1,True,3,21.576939,False,2.2e-05
010001.000352,17,2s2.2p5.(2P*<1/2>).13d,2[3/2]*,1.0,1,True,3,21.580589,False,2.2e-05
010001.000353,17,2s2.2p5.(2P*<1/2>).15s,2[1/2]*,1.0,1,True,3,21.588819,False,2.2e-05
010001.000354,17,2s2.2p5.(2P*<1/2>).14d,2[3/2]*,1.0,1,True,3,21.591729,False,2.2e-05
010001.000355,17,2s2.2p5.(2P*<1/2>).16s,2[1/2]*,1.0,1,True,3,21.598352,False,2.2e-05
010001.000356,17,2s2.2p5.(2P*<1/2>).15d,2[3/2]*,1.0,1,True,3,21.600708,False,2.2e-05
010001.000357,17,2s2.2p5.(2P*<1/2>).17s,2[1/2]*,1.0,1,True,3,21.606121,False,2.2e-05
010001.000358,17,2s2.2p5.(2P*<1/2>).16d,2[3/2]*,1.0,1,True,3,21.608042,False,2.2e-05
010001.000359,17,2s2.2p5.(2P*<1/2>).18s,2[1/2]*,1.0,1,True,3,21.612539,False,2.2e-05
010001.000360,17,2s2.2p5.(2P*<1/2>).17d,2[3/2]*,1.0,1,True,3,21.614148,False,2.2e-05
010001.000361,17,2s2.2p5.(2P*<1/2>).19s,2[1/2]*,1.0,1,True,3,21.617897,False,2.2e-05
010001.000362,17,2s2.2p5.(2P*<1/2>).18d,2[3/2]*,1.0,1,True,3,21.619285,False,2.2e-05
010001.000363,17,2s2.2p5.(2P*<1/2>).20s,2[1/2]*,1.0,1,True,3,21.622425,False,2.2e-05
010001.000364,17,2s2.2p5.(2P*<1/2>).19d,2[3/2]*,1.0,1,True,3,21.623565,False,2.2e-05
010001.000365,17,2s2.2p5.(2P*<1/2>).20d,2[3/2]*,1.0,1,True,3,21.627257,False,2.2e-05
010001.000366,17,2s.2p6.3p,1P*,1.0,1,True,3,45.547,False,0.009
010001.000367,17,2s.2p6.4p,1P*,1.0,1,True,3,47.123,False,0.005
010001.000368,17,2s.2p6.5p,1P*,1.0,1,True,3,47.693,False,0.005
010001.000369,17,2s.2p6.6p,1P*,1.0,1,True,3,47.967,False,0.005
010001.000370,17,2s.2p6.7p,1P*,1.0,1,True,3,48.116,False,0.006
010001.000371,17,2s.2p6.8p,1P*,1.0,1,True,3,48.208,False,0.006
010001.000372,17,2s.2p6.9p,1P*,1.0,1,True,3,48.271,False,0.006
010001.000373,17,2s.2p6.10p,1P*,1.0,1,True,3,48.313,False,0.006
010001.000374,17,2s.2p6.11p,1P*,1.0,1,True,3,48.344,False,0.006
010001.000375,17,2s.2p6.12p,1P*,1.0,1,True,3,48.365,False,0.006
010002.000001,18,2s2.2p5,2P*,1.5,3/2,True,4,0.0,False,0.0
010002.000002,18,2s2.2p5,2P*,0.5,1/2,True,2,0.09676024,False,2.5e-07
010002.000003,18,2s.2p6,2S,0.5,1/2,True,2,26.910472,False,1.1e-05
010002.000004,18,2s2.2p4.(3P).3s,4P,2.5,5/2,True,6,27.16875174,False,1.4e-07
010002.000005,18,2s2.2p4.(3P).3s,4P,1.5,3/2,True,4,27.2329339,False,6e-07
010002.000006,18,2s2.2p4.(3P).3s,4P,0.5,1/2,True,2,27.2700077,False,1.4e-07
010002.000007,18,2s2.2p4.(3P).3s,2P,1.5,3/2,True,4,27.78324821,False,1.6e-07
010002.000008,18,2s2.2p4.(3P).3s,2P,0.5,1/2,True,2,27.85915908,False,1.7e-07
010002.000009,18,2s2.2p4.(3P).3p,4P*,2.5,5/2,True,6,30.52396899,False,1.7e-07
010002.000012,18,2s2.2p4.(3P).3p,4P*,1.5,3/2,True,4,30.55156804,False,1.4e-07
010002.000013,18,2s2.2p4.(3P).3p,4P*,0.5,1/2,True,2,30.57421575,False,1.5e-07
010002.000010,18,2s2.2p4.(1D).3s,2D,2.5,5/2,True,6,30.54897749,False,1.9e-07
010002.000011,18,2s2.2p4.(1D).3s,2D,1.5,3/2,True,4,30.54939418,False,2.5e-07
010002.000014,18,2s2.2p4.(3P).3p,4D*,3.5,7/2,True,8,30.8855318,False,1.7e-07
010002.000015,18,2s2.2p4.(3P).3p,4D*,2.5,5/2,True,6,30.9273578,False,1.5e-07
010002.000016,18,2s2.2p4.(3P).3p,4D*,1.5,3/2,True,4,30.95829705,False,1.6e-07
010002.000017,18,2s2.2p4.(3P).3p,4D*,0.5,1/2,True,2,30.97616485,False,1.7e-07
010002.000018,18,2s2.2p4.(3P).3p,2D*,2.5,5/2,True,6,31.12141637,False,1.9e-07
010002.000019,18,2s2.2p4.(3P).3p,2D*,1.5,3/2,True,4,31.18476555,False,1.9e-07
010002.000020,18,2s2.2p4.(3P).3p,2S*,0.5,1/2,True,2,31.3430151,False,2.5e-07
010002.000021,18,2s2.2p4.(3P).3p,4S*,1.5,3/2,True,4,31.36223939,False,1.6e-07
010002.000022,18,2s2.2p4.(3P).3p,2P*,1.5,3/2,True,4,31.51244241,False,1.7e-07
010002.000023,18,2s2.2p4.(3P).3p,2P*,0.5,1/2,True,2,31.52821065,False,1.9e-07
010002.000024,18,2s2.2p4.(1D).3p,2F*,2.5,5/2,True,6,34.01687,False,2.5e-07
010002.000025,18,2s2.2p4.(1D).3p,2F*,3.5,7/2,True,8,34.0223902,False,2.5e-07
010002.000026,18,2s2.2p4.(1D).3p,2P*,1.5,3/2,True,4,34.25396207,False,2.5e-07
010002.000027,18,2s2.2p4.(1D).3p,2P*,0.5,1/2,True,2,34.2830939,False,4e-07
010002.000028,18,2s2.2p4.(1S).3s,2S,0.5,1/2,True,2,34.3035902,False,4e-07
010002.000029,18,2s2.2p4.(1D).3p,2D*,1.5,3/2,True,4,34.3839892,False,4e-07
010002.000030,18,2s2.2p4.(1D).3p,2D*,2.5,5/2,True,6,34.3863067,False,2.5e-07
010002.000031,18,2s2.2p4.(3P).3d,4D,3.5,7/2,True,8,34.6086522,False,4e-07
010002.000032,18,2s2.2p4.(3P).3d,4D,2.5,5/2,True,6,34.61869947,False,2.5e-07
010002.000033,18,2s2.2p4.(3P).3d,4D,1.5,3/2,True,4,34.63187052,False,2.5e-07
010002.000034,18,2s2.2p4.(3P).3d,4D,0.5,1/2,True,2,34.6440204,False,4e-07
010002.000035,18,2s2.2p4.(3P).3d,4F,4.5,9/2,True,10,34.737023,False,4e-07
010002.000039,18,2s2.2p4.(3P).3d,4F,3.5,7/2,True,8,34.80245657,False,2.5e-07
010002.000041,18,2s2.2p4.(3P).3d,4F,2.5,5/2,True,6,34.81442056,False,2.5e-07
010002.000042,18,2s2.2p4.(3P).3d,4F,1.5,3/2,True,4,34.83299812,False,2.5e-07
010002.000036,18,2s2.2p4.(3P).3d,2F,3.5,7/2,True,8,34.7480986,False,4e-07
010002.000044,18,2s2.2p4.(3P).3d,2F,2.5,5/2,True,6,34.84277499,False,2.5e-07
010002.000037,18,2s2.2p4.(3P).3d,2D,2.5,5/2,True,6,34.7489205,False,4e-07
010002.000038,18,2s2.2p4.(3P).3d,2D,1.5,3/2,True,4,34.7742889,False,2.5e-07
010002.000040,18,2s2.2p4.(3P).3d,4P,0.5,1/2,True,2,34.81085841,False,2.5e-07
010002.000043,18,2s2.2p4.(3P).3d,4P,1.5,3/2,True,4,34.83826076,False,2.5e-07
010002.000045,18,2s2.2p4.(3P).3d,4P,2.5,5/2,True,6,34.86080527,False,2.5e-07
010002.000046,18,2s2.2p4.(3P).3d,2P,0.5,1/2,True,2,34.8807871,False,4e-07
010002.000047,18,2s2.2p4.(3P).3d,2P,1.5,3/2,True,4,34.92886254,False,2.5e-07
010002.000048,18,2s2.2p4.(3P).4s,4P,2.5,5/2,True,6,34.96332866,False,2.5e-07
010002.000049,18,2s2.2p4.(3P).4s,4P,1.5,3/2,True,4,35.01007584,False,2.5e-07
010002.000050,18,2s2.2p4.(3P).4s,4P,0.5,1/2,True,2,35.04793112,False,2.5e-07
010002.000051,18,2s2.2p4.(3P).4s,2P,1.5,3/2,True,4,35.12749222,False,2.5e-07
010002.000052,18,2s2.2p4.(3P).4s,2P,0.5,1/2,True,2,35.19841919,False,2.5e-07
010002.000053,18,2s2.2p4.(3P).4p,4P*,2.5,5/2,True,6,36.00153059,False,2.5e-07
010002.000054,18,2s2.2p4.(3P).4p,4P*,1.5,3/2,True,4,36.02771897,False,2.5e-07
010002.000055,18,2s2.2p4.(3P).4p,4P*,0.5,1/2,True,2,36.05507591,False,2.5e-07
010002.000056,18,2s2.2p4.(3P).4p,4D*,3.5,7/2,True,8,36.1044477,False,4e-07
010002.000057,18,2s2.2p4.(3P).4p,4D*,2.5,5/2,True,6,36.1407761,False,2.5e-07
010002.000058,18,2s2.2p4.(3P).4p,4D*,1.5,3/2,True,4,36.1788195,False,4e-07
010002.000059,18,2s2.2p4.(3P).4p,4D*,0.5,1/2,True,2,36.1994328,False,4e-07
010002.000060,18,2s2.2p4.(3P).4p,2D*,2.5,5/2,True,6,36.2074931,False,4e-07
010002.000061,18,2s2.2p4.(3P).4p,2D*,1.5,3/2,True,4,36.25939694,False,2.5e-07
010002.000062,18,2s2.2p4.(3P).4p,2S*,0.5,1/2,True,2,36.2711665,False,4e-07
010002.000063,18,2s2.2p4.(3P).4p,4S*,1.5,3/2,True,4,36.2841366,False,7e-07
010002.000064,18,2s2.2p4.(3P).4p,2P*,1.5,3/2,True,4,36.46207411,False,2.5e-07
010002.000065,18,2s2.2p4.(3P).4p,2P*,0.5,1/2,True,2,36.4926649,False,4e-07
010002.000066,18,2s2.2p4.(3P).4d,4D,3.5,7/2,True,8,37.4185624,False,4e-07
010002.000067,18,2s2.2p4.(3P).4d,4D,2.5,5/2,True,6,37.4253334,False,4e-07
010002.000068,18,2s2.2p4.(3P).4d,4D,1.5,3/2,True,4,37.4367781,False,4e-07
010002.000069,18,2s2.2p4.(3P).4d,4D,0.5,1/2,True,2,37.4503262,False,4e-07
010002.000070,18,2s2.2p4.(3P).4d,4F,4.5,9/2,True,10,37.4671457,False,4e-07
010002.000075,18,2s2.2p4.(3P).4d,4F,3.5,7/2,True,8,37.5363133,False,4e-07
010002.000080,18,2s2.2p4.(3P).4d,4F,2.5,5/2,True,6,37.5472841,False,4e-07
010002.000088,18,2s2.2p4.(3P).4d,4F,1.5,3/2,True,4,37.5623819,False,4e-07
010002.000071,18,2s2.2p4.(3P).4d,2F,3.5,7/2,True,8,37.4739467,False,4e-07
010002.000083,18,2s2.2p4.(3P).4d,2F,2.5,5/2,True,6,37.5536404,False,4e-07
010002.000072,18,2s2.2p4.(3P).4d,2D,2.5,5/2,True,6,37.4813807,False,4e-07
010002.000073,18,2s2.2p4.(3P).4d,2D,1.5,3/2,True,4,37.4960221,False,4e-07
010002.000074,18,2s2.2p4.(3P).4d,4P,0.5,1/2,True,2,37.5021924,False,4e-07
010002.000076,18,2s2.2p4.(3P).4d,4P,1.5,3/2,True,4,37.5445181,False,4e-07
010002.000091,18,2s2.2p4.(3P).4d,4P,2.5,5/2,True,6,37.5761142,False,4e-07
010002.000077,18,2s2.2p4.(3P<2>).4f,2[4]*,4.5,9/2,True,10,37.5460164,False,5e-07
010002.000078,18,2s2.2p4.(3P<2>).4f,2[4]*,3.5,7/2,True,8,37.5462806,False,4e-07
010002.000079,18,2s2.2p4.(3P).4d,2P,0.5,1/2,True,2,37.5463535,False,4e-07
010002.000092,18,2s2.2p4.(3P).4d,2P,1.5,3/2,True,4,37.5967073,False,4e-07
010002.000081,18,2s2.2p4.(3P<2>).4f,2[3]*,3.5,7/2,True,8,37.5478097,False,5e-07
010002.000082,18,2s2.2p4.(3P<2>).4f,2[3]*,2.5,5/2,True,6,37.5478811,False,4e-07
010002.000084,18,2s2.2p4.(3P<2>).4f,2[2]*,1.5,3/2,True,4,37.5551307,False,5e-07
010002.000085,18,2s2.2p4.(3P<2>).4f,2[2]*,2.5,5/2,True,6,37.5552644,False,5e-07
010002.000086,18,2s2.2p4.(3P<2>).4f,2[5]*,4.5,9/2,True,10,37.5591893,False,4e-07
010002.000087,18,2s2.2p4.(3P<2>).4f,2[5]*,5.5,11/2,True,12,37.5591918,False,5e-07
010002.000089,18,2s2.2p4.(3P<2>).4f,2[1]*,0.5,1/2,True,2,37.5658308,False,1.1e-06
010002.000090,18,2s2.2p4.(3P<2>).4f,2[1]*,1.5,3/2,True,4,37.5659481,False,5e-07
010002.000093,18,2s2.2p4.(3P).5s,4P,2.5,5/2,True,6,37.6019142,False,4e-07
010002.000096,18,2s2.2p4.(3P).5s,4P,1.5,3/2,True,4,37.6314588,False,4e-07
010002.000103,18,2s2.2p4.(3P).5s,4P,0.5,1/2,True,2,37.6822788,False,4e-07
010002.000094,18,2s2.2p4.(3P<1>).4f,2[2]*,1.5,3/2,True,4,37.6302529,False,5e-07
010002.000095,18,2s2.2p4.(3P<1>).4f,2[2]*,2.5,5/2,True,6,37.6303838,False,4e-07
010002.000097,18,2s2.2p4.(3P<1>).4f,2[4]*,4.5,9/2,True,10,37.6326419,False,4e-07
010002.000098,18,2s2.2p4.(3P<1>).4f,2[4]*,3.5,7/2,True,8,37.6327393,False,4e-07
010002.000099,18,2s2.2p4.(3P<1>).4f,2[3]*,3.5,7/2,True,8,37.6415915,False,4e-07
010002.000100,18,2s2.2p4.(3P<1>).4f,2[3]*,2.5,5/2,True,6,37.6416644,False,5e-07
010002.000101,18,2s2.2p4.(3P<0>).4f,2[3]*,3.5,7/2,True,8,37.6694014,False,4e-07
010002.000102,18,2s2.2p4.(3P<0>).4f,2[3]*,2.5,5/2,True,6,37.6694582,False,4e-07
010002.000104,18,2s2.2p4.(3P).5s,2P,1.5,3/2,True,4,37.6880053,False,4e-07
010002.000105,18,2s2.2p4.(3P).5s,2P,0.5,1/2,True,2,37.7457753,False,4e-07
010002.000106,18,2s2.2p4.(1D).3d,2G,4.5,9/2,True,10,37.8603113,False,4e-07
010002.000107,18,2s2.2p4.(1D).3d,2G,3.5,7/2,True,8,37.8604491,False,5e-07
010002.000108,18,2s2.2p4.(1S).3p,2P*,1.5,3/2,True,4,37.8646002,False,4e-07
010002.000109,18,2s2.2p4.(1S).3p,2P*,0.5,1/2,True,2,37.8658278,False,6e-07
010002.000110,18,2s2.2p4.(1D).3d,2P,1.5,3/2,True,4,37.88547,False,4e-07
010002.000111,18,2s2.2p4.(1D).3d,2P,0.5,1/2,True,2,37.8873702,False,6e-07
010002.000112,18,2s2.2p4.(1D).3d,2S,0.5,1/2,True,2,37.9405355,False,4e-07
010002.000113,18,2s2.2p4.(1D).3d,2D,2.5,5/2,True,6,37.9693434,False,4e-07
010002.000114,18,2s2.2p4.(1D).3d,2D,1.5,3/2,True,4,37.9717422,False,5e-07
010002.000115,18,2s2.2p4.(1D).3d,2F,2.5,5/2,True,6,38.0243755,False,4e-07
010002.000116,18,2s2.2p4.(1D).3d,2F,3.5,7/2,True,8,38.024423,False,4e-07
010002.000117,18,2s2.2p4.(3P).5p,4P*,2.5,5/2,True,6,38.0506625,False,4e-07
010002.000118,18,2s2.2p4.(3P).5p,4P*,1.5,3/2,True,4,38.071804,False,4e-07
010002.000120,18,2s2.2p4.(3P).5p,4P*,0.5,1/2,True,2,38.1015169,False,4e-07
010002.000119,18,2s2.2p4.(3P).5p,4D*,3.5,7/2,True,8,38.0929919,False,4e-07
010002.000122,18,2s2.2p4.(3P).5p,4D*,1.5,3/2,True,4,38.1591977,False,4e-07
010002.000123,18,2s2.2p4.(3P).5p,4D*,2.5,5/2,True,6,38.1740924,False,4e-07
010002.000125,18,2s2.2p4.(3P).5p,4D*,0.5,1/2,True,2,38.1899796,False,4e-07
010002.000121,18,2s2.2p4.(3P).5p,2D*,2.5,5/2,True,6,38.1153245,False,4e-07
010002.000129,18,2s2.2p4.(3P).5p,2D*,1.5,3/2,True,4,38.2091012,False,4e-07
010002.000124,18,2s2.2p4.(3P).5p,2S*,0.5,1/2,True,2,38.1879819,False,4e-07
010002.000126,18,2s2.2p4.(1D).4s,2D,2.5,5/2,True,6,38.1996861,False,4e-07
010002.000127,18,2s2.2p4.(1D).4s,2D,1.5,3/2,True,4,38.1997309,False,4e-07
010002.000128,18,2s2.2p4.(3P).5p,4S*,1.5,3/2,True,4,38.2041026,False,4e-07
010002.000130,18,2s2.2p4.(3P).5p,2P*,1.5,3/2,True,4,38.2786348,False,4e-07
010002.000131,18,2s2.2p4.(3P).5p,2P*,0.5,1/2,True,2,38.3082452,False,4e-07
010002.000132,18,2s2.2p4.(3P).5d,4D,3.5,7/2,True,8,38.7107823,False,4e-07
010002.000133,18,2s2.2p4.(3P).5d,4D,2.5,5/2,True,6,38.7150642,False,4e-07
010002.000134,18,2s2.2p4.(3P).5d,4D,1.5,3/2,True,4,38.7234437,False,4e-07
010002.000136,18,2s2.2p4.(3P).5d,4D,0.5,1/2,True,2,38.7345146,False,5e-07
010002.000135,18,2s2.2p4.(3P).5d,4F,4.5,9/2,True,10,38.7336086,False,4e-07
010002.000162,18,2s2.2p4.(3P).5d,4F,3.5,7/2,True,8,38.806355,False,4e-07
010002.000165,18,2s2.2p4.(3P).5d,4F,2.5,5/2,True,6,38.8160168,False,4e-07
010002.000166,18,2s2.2p4.(3P).5d,4F,1.5,3/2,True,4,38.8229897,False,4e-07
010002.000137,18,2s2.2p4.(3P).5d,2F,3.5,7/2,True,8,38.7377045,False,4e-07
010002.000169,18,2s2.2p4.(3P).5d,2F,2.5,5/2,True,6,38.8499635,False,4e-07
010002.000138,18,2s2.2p4.(3P).5d,2D,2.5,5/2,True,6,38.745624,False,4e-07
010002.000139,18,2s2.2p4.(3P).5d,2D,1.5,3/2,True,4,38.7542089,False,4e-07
010002.000140,18,2s2.2p4.(3P).5d,4P,0.5,1/2,True,2,38.7556217,False,5e-07
010002.000164,18,2s2.2p4.(3P).5d,4P,1.5,3/2,True,4,38.8097589,False,4e-07
010002.000167,18,2s2.2p4.(3P).5d,4P,2.5,5/2,True,6,38.8242289,False,4e-07
010002.000141,18,2s2.2p4.(3P<2>).5f,2[4]*,4.5,9/2,True,10,38.7777806,False,6e-07
010002.000142,18,2s2.2p4.(3P<2>).5f,2[4]*,3.5,7/2,True,8,38.7779776,False,5e-07
010002.000143,18,2s2.2p4.(3P<2>).5f,2[3]*,3.5,7/2,True,8,38.7787847,False,6e-07
010002.000144,18,2s2.2p4.(3P<2>).5f,2[3]*,2.5,5/2,True,6,38.7788391,False,6e-07
010002.000145,18,2s2.2p4.(3P<2>).5f,2[2]*,1.5,3/2,True,4,38.7827565,False,6e-07
010002.000146,18,2s2.2p4.(3P<2>).5f,2[2]*,2.5,5/2,True,6,38.7828416,False,6e-07
010002.000147,18,2s2.2p4.(3P<2>).5g,2[5],4.5,9/2,True,10,38.7835808,False,2.5e-06
010002.000148,18,2s2.2p4.(3P<2>).5g,2[5],5.5,11/2,True,12,38.7835817,False,5e-07
010002.000149,18,2s2.2p4.(3P<2>).5g,2[4],3.5,7/2,True,8,38.783693,False,6e-07
010002.000150,18,2s2.2p4.(3P<2>).5g,2[4],4.5,9/2,True,10,38.783696,False,5e-07
010002.000151,18,2s2.2p4.(3P<2>).5f,2[5]*,5.5,11/2,True,12,38.7843216,False,5e-07
010002.000152,18,2s2.2p4.(3P<2>).5f,2[5]*,4.5,9/2,True,10,38.7843264,False,5e-07
010002.000153,18,2s2.2p4.(3P<2>).5g,2[3],2.5,5/2,True,6,38.7853272,False,7e-07
010002.000154,18,2s2.2p4.(3P<2>).5g,2[3],3.5,7/2,True,8,38.7853291,False,6e-07
010002.000155,18,2s2.2p4.(3P<2>).5g,2[6],5.5,11/2,True,12,38.7864002,False,7e-07
010002.000156,18,2s2.2p4.(3P<2>).5g,2[6],6.5,13/2,True,14,38.7864024,False,7e-07
010002.000157,18,2s2.2p4.(3P<2>).5g,2[2],1.5,3/2,True,4,38.787601,False,4e-06
010002.000158,18,2s2.2p4.(3P<2>).5g,2[2],2.5,5/2,True,6,38.7876037,False,1e-06
010002.000159,18,2s2.2p4.(3P<2>).5f,2[1]*,0.5,1/2,True,2,38.7876635,False,1e-06
010002.000160,18,2s2.2p4.(3P<2>).5f,2[1]*,1.5,3/2,True,4,38.7877813,False,9e-07
010002.000161,18,2s2.2p4.(3P).6s,4P,2.5,5/2,True,6,38.7950853,False,4e-07
010002.000183,18,2s2.2p4.(3P).6s,4P,1.5,3/2,True,4,38.8879095,False,4e-07
010002.000184,18,2s2.2p4.(3P).6s,4P,0.5,1/2,True,2,38.8938561,False,4e-07
010002.000163,18,2s2.2p4.(3P).5d,2P,0.5,1/2,True,2,38.8078231,False,5e-07
010002.000172,18,2s2.2p4.(3P).5d,2P,1.5,3/2,True,4,38.8598104,False,4e-07
010002.000168,18,2s2.2p4.(3P).6s,2P,1.5,3/2,True,4,38.8293979,False,4e-07
010002.000189,18,2s2.2p4.(3P).6s,2P,0.5,1/2,True,2,38.9333832,False,4e-07
010002.000170,18,2s2.2p4.(3P<1>).5f,2[2]*,1.5,3/2,True,4,38.8590081,False,2.5e-06
010002.000171,18,2s2.2p4.(3P<1>).5f,2[2]*,2.5,5/2,True,6,38.859132,False,7e-07
010002.000173,18,2s2.2p4.(3P<1>).5f,2[4]*,4.5,9/2,True,10,38.8605494,False,6e-07
010002.000174,18,2s2.2p4.(3P<1>).5f,2[4]*,3.5,7/2,True,8,38.8606478,False,7e-07
010002.000175,18,2s2.2p4.(3P<1>).5g,2[3],2.5,5/2,True,6,38.8637778,False,7e-07
010002.000176,18,2s2.2p4.(3P<1>).5g,2[3],3.5,7/2,True,8,38.8637841,False,2.5e-06
010002.000177,18,2s2.2p4.(3P<1>).5g,2[5],4.5,9/2,True,10,38.8643291,False,2.5e-06
010002.000178,18,2s2.2p4.(3P<1>).5g,2[5],5.5,11/2,True,12,38.8643301,False,5e-07
010002.000179,18,2s2.2p4.(3P<1>).5f,2[3]*,3.5,7/2,True,8,38.8653146,False,7e-07
010002.000180,18,2s2.2p4.(3P<1>).5f,2[3]*,2.5,5/2,True,6,38.8653769,False,1e-06
010002.000181,18,2s2.2p4.(3P<1>).5g,2[4],3.5,7/2,True,8,38.866589,False,6e-07
010002.000182,18,2s2.2p4.(3P<1>).5g,2[4],4.5,9/2,True,10,38.8665929,False,5e-07
010002.000185,18,2s2.2p4.(3P<0>).5f,2[3]*,3.5,7/2,True,8,38.8961927,False,9e-07
010002.000186,18,2s2.2p4.(3P<0>).5f,2[3]*,2.5,5/2,True,6,38.8962421,False,1.6e-06
010002.000187,18,2s2.2p4.(3P<0>).5g,2[4],3.5,7/2,True,8,38.8993595,False,5e-07
010002.000188,18,2s2.2p4.(3P<0>).5g,2[4],4.5,9/2,True,10,38.899365,False,4e-06
010002.000190,18,2s2.2p4.(3P).6p,4P*,2.5,5/2,True,6,39.0460582,False,5e-07
010002.000191,18,2s2.2p4.(3P).6p,4P*,1.5,3/2,True,4,39.0599954,False,5e-07
010002.000195,18,2s2.2p4.(3P).6p,4P*,0.5,1/2,True,2,39.1294269,False,6e-07
010002.000192,18,2s2.2p4.(3P).6p,4D*,3.5,7/2,True,8,39.0674208,False,4e-07
010002.000196,18,2s2.2p4.(3P).6p,4D*,2.5,5/2,True,6,39.1456464,False,5e-07
010002.000197,18,2s2.2p4.(3P).6p,4D*,0.5,1/2,True,2,39.1568211,False,5e-07
010002.000193,18,2s2.2p4.(3P).6p,2D*,2.5,5/2,True,6,39.0801608,False,5e-07
010002.000199,18,2s2.2p4.(3P).6p,2D*,1.5,3/2,True,4,39.1855257,False,5e-07
010002.000194,18,2s2.2p4.(3P).6p,2S*,0.5,1/2,True,2,39.0849488,False,5e-07
010002.000198,18,2s2.2p4.(3P).6p,4S*,1.5,3/2,True,4,39.1609808,False,5e-07
010002.000200,18,2s2.2p4.(1D).4p,2F*,2.5,5/2,True,6,39.2883828,False,4e-07
010002.000201,18,2s2.2p4.(1D).4p,2F*,3.5,7/2,True,8,39.290241,False,4e-07
010002.000202,18,2s2.2p4.(1D).4p,2P*,1.5,3/2,True,4,39.3852054,False,4e-07
010002.000205,18,2s2.2p4.(1D).4p,2P*,0.5,1/2,True,2,39.4056886,False,4e-07
010002.000203,18,2s2.2p4.(1D).4p,2D*,2.5,5/2,True,6,39.3998727,False,6e-07
010002.000204,18,2s2.2p4.(1D).4p,2D*,1.5,3/2,True,4,39.3999177,False,7e-07
010002.000206,18,2s2.2p4.(3P).6d,4D,3.5,7/2,True,8,39.4071606,False,5e-07
010002.000207,18,2s2.2p4.(3P).6d,4D,2.5,5/2,True,6,39.4098958,False,6e-07
010002.000208,18,2s2.2p4.(3P).6d,4D,1.5,3/2,True,4,39.4154511,False,6e-07
010002.000353,18,2s2.2p4.(3P).6d,4D,0.5,1/2,True,2,39.4932,False,0.0004
010002.000209,18,2s2.2p4.(3P).6d,4F,4.5,9/2,True,10,39.4196548,False,5e-07
010002.000238,18,2s2.2p4.(3P).6d,4F,3.5,7/2,True,8,39.494793,False,2.5e-05
010002.000355,18,2s2.2p4.(3P).6d,4F,2.5,5/2,True,6,39.50119,False,4e-05
010002.000356,18,2s2.2p4.(3P).6d,4F,1.5,3/2,True,4,39.5078,False,0.0004
010002.000210,18,2s2.2p4.(3P).6d,2F,3.5,7/2,True,8,39.422178,False,5e-07
010002.000357,18,2s2.2p4.(3P).6d,2F,2.5,5/2,True,6,39.533962,False,1.7e-05
010002.000351,18,2s2.2p4.(3P).6d,4P,0.5,1/2,True,2,39.4224,False,0.0012
010002.000354,18,2s2.2p4.(3P).6d,4P,1.5,3/2,True,4,39.49788,False,5e-05
010002.000211,18,2s2.2p4.(3P).6d,2D,2.5,5/2,True,6,39.4270009,False,9e-07
010002.000352,18,2s2.2p4.(3P).6d,2D,1.5,3/2,True,4,39.4319,False,4e-05
010002.000212,18,2s2.2p4.(3P<2>).6f,2[4]*,4.5,9/2,True,10,39.4463231,False,4e-07
010002.000213,18,2s2.2p4.(3P<2>).6f,2[4]*,3.5,7/2,True,8,39.4464583,False,4e-07
010002.000214,18,2s2.2p4.(3P<2>).6f,2[3]*,3.5,7/2,True,8,39.4469331,False,4e-07
010002.000215,18,2s2.2p4.(3P<2>).6f,2[3]*,2.5,5/2,True,6,39.4469722,False,5e-07
010002.000216,18,2s2.2p4.(3P<2>).6f,2[2]*,1.5,3/2,True,4,39.4492755,False,5e-07
010002.000217,18,2s2.2p4.(3P<2>).6f,2[2]*,2.5,5/2,True,6,39.4493295,False,5e-07
010002.000218,18,2s2.2p4.(3P<2>).6g,2[5],4.5,9/2,True,10,39.4497485,False,5e-07
010002.000219,18,2s2.2p4.(3P<2>).6g,2[5],5.5,11/2,True,12,39.44975,False,6e-07
010002.000220,18,2s2.2p4.(3P<2>).6g,2[4],3.5,7/2,True,8,39.4498152,False,6e-07
010002.000221,18,2s2.2p4.(3P<2>).6g,2[4],4.5,9/2,True,10,39.4498165,False,6e-07
010002.000222,18,2s2.2p4.(3P<2>).6f,2[5]*,5.5,11/2,True,12,39.450051,False,4e-07
010002.000223,18,2s2.2p4.(3P<2>).6f,2[5]*,4.5,9/2,True,10,39.4500561,False,4e-07
010002.000224,18,2s2.2p4.(3P<2>).6h,2[5]*,,,,22,39.450595,False,1.5e-06
010002.000225,18,2s2.2p4.(3P<2>).6h,2[6]*,,,,26,39.4506178,False,1.7e-06
010002.000226,18,2s2.2p4.(3P<2>).6g,2[3],2.5,5/2,True,6,39.4507713,False,6e-07
010002.000227,18,2s2.2p4.(3P<2>).6g,2[3],3.5,7/2,True,8,39.450773,False,6e-07
010002.000228,18,2s2.2p4.(3P<2>).6h,2[4]*,,,,18,39.451066,False,1.4e-06
010002.000229,18,2s2.2p4.(3P<2>).6g,2[6],5.5,11/2,True,12,39.451365,False,5e-06
010002.000230,18,2s2.2p4.(3P<2>).6g,2[6],6.5,13/2,True,14,39.4513718,False,5e-07
010002.000231,18,2s2.2p4.(3P<2>).6h,2[7]*,,,,30,39.4514744,False,2.5e-06
010002.000232,18,2s2.2p4.(3P<2>).6h,2[3]*,,,,14,39.4517801,False,1.9e-06
010002.000233,18,2s2.2p4.(3P<2>).6f,2[1]*,0.5,1/2,True,2,39.451983,False,2.5e-05
010002.000234,18,2s2.2p4.(3P<2>).6f,2[1]*,1.5,3/2,True,4,39.4520468,False,7e-07
010002.000235,18,2s2.2p4.(3P<2>).6g,2[2],1.5,3/2,True,4,39.4520653,False,1e-06
010002.000236,18,2s2.2p4.(3P<2>).6g,2[2],2.5,5/2,True,6,39.4520685,False,9e-07
010002.000237,18,2s2.2p4.(3P).7s,4P,2.5,5/2,True,6,39.4587284,False,6e-07
010002.000256,18,2s2.2p4.(3P).7s,4P,1.5,3/2,True,4,39.543526,False,7e-07
010002.000359,18,2s2.2p4.(3P).7s,4P,0.5,1/2,True,2,39.549799,False,1.4e-05
010002.000239,18,2s2.2p4.(3P).7s,2P,1.5,3/2,True,4,39.474869,False,1.1e-05
010002.000360,18,2s2.2p4.(3P).7s,2P,0.5,1/2,True,2,39.583132,False,1.5e-05
010002.000240,18,2s2.2p4.(3P<1>).6f,2[2]*,1.5,3/2,True,4,39.5266989,False,6e-07
010002.000241,18,2s2.2p4.(3P<1>).6f,2[2]*,2.5,5/2,True,6,39.5267974,False,5e-07
010002.000242,18,2s2.2p4.(3P<1>).6f,2[4]*,4.5,9/2,True,10,39.5276643,False,5e-07
010002.000243,18,2s2.2p4.(3P<1>).6f,2[4]*,3.5,7/2,True,8,39.5277415,False,4e-07
010002.000244,18,2s2.2p4.(3P<1>).6g,2[3],3.5,7/2,True,8,39.529695,False,7e-07
010002.000245,18,2s2.2p4.(3P<1>).6g,2[3],2.5,5/2,True,6,39.5296956,False,2.5e-06
010002.000246,18,2s2.2p4.(3P<1>).6g,2[5],4.5,9/2,True,10,39.5300254,False,7e-07
010002.000247,18,2s2.2p4.(3P<1>).6g,2[5],5.5,11/2,True,12,39.530029,False,6e-07
010002.000248,18,2s2.2p4.(3P<1>).6h,2[4]*,3.5,7/2,True,8,39.5304356,False,7e-07
010002.000249,18,2s2.2p4.(3P<1>).6h,2[4]*,4.5,9/2,True,10,39.5304382,False,2.5e-06
010002.000250,18,2s2.2p4.(3P<1>).6f,2[3]*,3.5,7/2,True,8,39.5304714,False,5e-07
010002.000251,18,2s2.2p4.(3P<1>).6f,2[3]*,2.5,5/2,True,6,39.5305178,False,5e-07
010002.000252,18,2s2.2p4.(3P<1>).6h,2[6]*,,,,26,39.5305813,False,2.5e-06
010002.000253,18,2s2.2p4.(3P<1>).6h,2[5]*,,,,22,39.5313074,False,1.5e-06
010002.000254,18,2s2.2p4.(3P<1>).6g,2[4],3.5,7/2,True,8,39.5313508,False,9e-07
010002.000255,18,2s2.2p4.(3P<1>).6g,2[4],4.5,9/2,True,10,39.5313548,False,7e-07
010002.000358,18,2s2.2p4.(3P).6d,2P,1.5,3/2,True,4,39.539463,False,1.5e-05
010002.000257,18,2s2.2p4.(3P<0>).6f,2[3]*,3.5,7/2,True,8,39.5628013,False,4e-07
010002.000258,18,2s2.2p4.(3P<0>).6f,2[3]*,2.5,5/2,True,6,39.5628381,False,4e-07
010002.000259,18,2s2.2p4.(3P<0>).6g,2[4],3.5,7/2,True,8,39.5648071,False,1.6e-06
010002.000260,18,2s2.2p4.(3P<0>).6g,2[4],4.5,9/2,True,10,39.5648093,False,9e-07
010002.000261,18,2s2.2p4.(3P<0>).6h,2[5]*,,,,22,39.56521,False,2.5e-06
010002.000361,18,2s2.2p4.(3P).7d,2D,2.5,5/2,True,6,39.8371,False,0.0004
010002.000362,18,2s2.2p4.(3P).7d,2D,1.5,3/2,True,4,39.84074,False,5e-05
010002.000262,18,2s2.2p4.(3P<2>).7f,2[4]*,4.5,9/2,True,10,39.8491698,False,2.5e-06
010002.000263,18,2s2.2p4.(3P<2>).7f,2[4]*,3.5,7/2,True,8,39.849254,False,7e-06
010002.000264,18,2s2.2p4.(3P<2>).7f,2[3]*,3.5,7/2,True,8,39.849565,False,1.4e-05
010002.000265,18,2s2.2p4.(3P<2>).7f,2[3]*,2.5,5/2,True,6,39.849588,False,9e-06
010002.000266,18,2s2.2p4.(3P<2>).7f,2[2]*,1.5,3/2,True,4,39.851058,False,1.7e-05
010002.000267,18,2s2.2p4.(3P<2>).7f,2[2]*,2.5,5/2,True,6,39.851083,False,7e-06
010002.000268,18,2s2.2p4.(3P<2>).7g,2[5],4.5,9/2,True,10,39.851352,False,1e-05
010002.000269,18,2s2.2p4.(3P<2>).7g,2[5],5.5,11/2,True,12,39.851353,False,1e-05
010002.000270,18,2s2.2p4.(3P<2>).7g,2[4],4.5,9/2,True,10,39.851399,False,1e-05
010002.000271,18,2s2.2p4.(3P<2>).7g,2[4],3.5,7/2,True,8,39.8514,False,1e-05
010002.000272,18,2s2.2p4.(3P<2>).7f,2[5]*,5.5,11/2,True,12,39.851492,False,1e-05
010002.000273,18,2s2.2p4.(3P<2>).7f,2[5]*,4.5,9/2,True,10,39.851496,False,9e-06
010002.000275,18,2s2.2p4.(3P<2>).7g,2[3],3.5,7/2,True,8,39.851999,False,1e-05
010002.000274,18,2s2.2p4.(3P<2>).7g,2[3],2.5,5/2,True,6,39.851999,False,1.7e-05
010002.000276,18,2s2.2p4.(3P<2>).7g,2[6],5.5,11/2,True,12,39.852367,False,1.4e-05
010002.000277,18,2s2.2p4.(3P<2>).7g,2[6],6.5,13/2,True,14,39.85237,False,1.2e-05
010002.000278,18,2s2.2p4.(3P<2>).7f,2[1]*,1.5,3/2,True,4,39.852733,False,1.2e-05
010002.000279,18,2s2.2p4.(3P<2>).7g,2[2],2.5,5/2,True,6,39.852804,False,1.7e-05
010002.000363,18,2s2.2p4.(3P).8s,2P,1.5,3/2,True,4,39.867692,False,1.7e-05
010002.000364,18,2s2.2p4.(3P).7d,4D,1.5,3/2,True,4,39.91,False,0.0006
010002.000365,18,2s2.2p4.(3P).7d,4F,2.5,5/2,True,6,39.9129,False,0.0004
010002.000366,18,2s2.2p4.(3P).7d,4F,1.5,3/2,True,4,39.917,False,0.0004
010002.000280,18,2s2.2p4.(3P<1>).7f,2[2]*,1.5,3/2,True,4,39.929226,False,1.9e-05
010002.000281,18,2s2.2p4.(3P<1>).7f,2[2]*,2.5,5/2,True,6,39.929286,False,7e-06
010002.000282,18,2s2.2p4.(3P<1>).7f,2[4]*,4.5,9/2,True,10,39.9298525,False,2.5e-06
010002.000283,18,2s2.2p4.(3P<1>).7f,2[4]*,3.5,7/2,True,8,39.929903,False,5e-06
010002.000284,18,2s2.2p4.(3P<1>).7g,2[3],3.5,7/2,True,8,39.931199,False,1e-05
010002.000285,18,2s2.2p4.(3P<1>).7g,2[3],2.5,5/2,True,6,39.931201,False,1e-05
010002.000286,18,2s2.2p4.(3P<1>).7g,2[5],4.5,9/2,True,10,39.931405,False,1e-05
010002.000287,18,2s2.2p4.(3P<1>).7g,2[5],5.5,11/2,True,12,39.931412,False,1e-05
010002.000288,18,2s2.2p4.(3P<1>).7f,2[3]*,3.5,7/2,True,8,39.931635,False,9e-06
010002.000289,18,2s2.2p4.(3P<1>).7f,2[3]*,2.5,5/2,True,6,39.931665,False,7e-06
010002.000290,18,2s2.2p4.(3P<1>).7g,2[4],3.5,7/2,True,8,39.932253,False,1e-05
010002.000291,18,2s2.2p4.(3P<1>).7g,2[4],4.5,9/2,True,10,39.932255,False,1e-05
010002.000367,18,2s2.2p4.(3P).7d,2F,2.5,5/2,True,6,39.9456,False,0.0004
010002.000368,18,2s2.2p4.(3P).7d,2P,1.5,3/2,True,4,39.94839,False,7e-05
010002.000292,18,2s2.2p4.(3P<0>).7f,2[3]*,3.5,7/2,True,8,39.964738,False,6e-06
010002.000293,18,2s2.2p4.(3P<0>).7f,2[3]*,2.5,5/2,True,6,39.964802,False,1.1e-05
010002.000294,18,2s2.2p4.(3P<0>).7g,2[4],3.5,7/2,True,8,39.966058,False,1e-05
010002.000295,18,2s2.2p4.(3P<0>).7g,2[4],4.5,9/2,True,10,39.966058,False,1e-05
010002.000369,18,2s2.2p4.(3P).8d,2D,2.5,5/2,True,6,40.103148,False,2.5e-05
010002.000370,18,2s2.2p4.(3P).8d,2D,1.5,3/2,True,4,40.10377,False,5e-05
010002.000296,18,2s2.2p4.(3P<2>).8f,2[4]*,4.5,9/2,True,10,40.1105,False,1e-05
010002.000297,18,2s2.2p4.(3P<2>).8f,2[4]*,3.5,7/2,True,8,40.110558,False,1.7e-05
010002.000298,18,2s2.2p4.(3P<2>).8f,2[3]*,3.5,7/2,True,8,40.110763,False,1.5e-05
010002.000299,18,2s2.2p4.(3P<2>).8f,2[2]*,2.5,5/2,True,6,40.111787,False,1.7e-05
010002.000300,18,2s2.2p4.(3P<2>).8f,2[5]*,5.5,11/2,True,12,40.112049,False,1.1e-05
010002.000301,18,2s2.2p4.(3P<2>).8f,2[5]*,4.5,9/2,True,10,40.112051,False,1.1e-05
010002.000371,18,2s2.2p4.(3P).8d,4F,1.5,3/2,True,4,40.18242,False,6e-05
010002.000302,18,2s2.2p4.(3P<1>).8f,2[2]*,1.5,3/2,True,4,40.190395,False,2.5e-05
010002.000303,18,2s2.2p4.(3P<1>).8f,2[2]*,2.5,5/2,True,6,40.190415,False,1.5e-05
010002.000304,18,2s2.2p4.(3P<1>).8f,2[4]*,4.5,9/2,True,10,40.190836,False,1.1e-05
010002.000305,18,2s2.2p4.(3P<1>).8f,2[4]*,3.5,7/2,True,8,40.190879,False,1.1e-05
010002.000306,18,2s2.2p4.(3P<1>).8f,2[3]*,3.5,7/2,True,8,40.192056,False,1.1e-05
010002.000307,18,2s2.2p4.(3P<1>).8f,2[3]*,2.5,5/2,True,6,40.192078,False,1e-05
010002.000372,18,2s2.2p4.(3P).8d,2P,1.5,3/2,True,4,40.2144,False,0.0006
010002.000308,18,2s2.2p4.(3P<0>).8f,2[3]*,3.5,7/2,True,8,40.225562,False,1e-05
010002.000309,18,2s2.2p4.(3P<0>).8f,2[3]*,2.5,5/2,True,6,40.22558,False,1e-05
010002.000373,18,2s2.2p4.(3P).9d,2D,2.5,5/2,True,6,40.2837,False,0.0007
010002.000374,18,2s2.2p4.(3P).9d,2D,1.5,3/2,True,4,40.2846,False,0.0014
010002.000310,18,2s2.2p4.(3P<2>).9f,2[4]*,4.5,9/2,True,10,40.289595,False,2.5e-05
010002.000312,18,2s2.2p4.(3P<2>).9f,2[5]*,5.5,11/2,True,12,40.290661,False,2.5e-05
010002.000311,18,2s2.2p4.(3P<2>).9f,2[5]*,4.5,9/2,True,10,40.290661,False,2.5e-05
010002.000375,18,2s2.2p4.(3P).9d,2F,2.5,5/2,True,6,40.3627,False,0.0014
010002.000313,18,2s2.2p4.(3P<1>).9f,2[4]*,4.5,9/2,True,10,40.369714,False,2.5e-05
010002.000314,18,2s2.2p4.(3P<1>).9f,2[4]*,3.5,7/2,True,8,40.369739,False,2.5e-05
010002.000315,18,2s2.2p4.(3P<1>).9f,2[3]*,3.5,7/2,True,8,40.370557,False,2.5e-05
010002.000376,18,2s2.2p4.(3P).9d,4F,1.5,3/2,True,4,40.3954,False,0.0014
010002.000316,18,2s2.2p4.(3P<0>).9f,2[3]*,3.5,7/2,True,8,40.404318,False,2.5e-05
010002.000317,18,2s2.2p4.(1D).4d,2G,4.5,9/2,True,10,40.638851,False,4e-06
010002.000318,18,2s2.2p4.(1D).4d,2G,3.5,7/2,True,8,40.638929,False,4e-06
010002.000377,18,2s2.2p4.(1D).4d,2P,1.5,3/2,True,4,40.6531,False,0.0004
010002.000378,18,2s2.2p4.(1D).4d,2S,0.5,1/2,True,2,40.666263,False,1.6e-05
010002.000379,18,2s2.2p4.(1D).4d,2D,2.5,5/2,True,6,40.6775,False,0.0004
010002.000380,18,2s2.2p4.(1D).4d,2D,1.5,3/2,True,4,40.6795,False,0.0004
010002.000381,18,2s2.2p4.(3P).12d,2F,2.5,5/2,True,6,40.6869,False,0.0005
010002.000319,18,2s2.2p4.(1D).4d,2F,2.5,5/2,True,6,40.706235,False,4e-06
010002.000320,18,2s2.2p4.(1D).4d,2F,3.5,7/2,True,8,40.706258,False,4e-06
010002.000321,18,2s2.2p4.(1D<2>).4f,2[1]*,1.5,3/2,True,4,40.7373472,False,1.7e-06
010002.000322,18,2s2.2p4.(1D<2>).4f,2[1]*,0.5,1/2,True,2,40.737348,False,4e-06
010002.000323,18,2s2.2p4.(1D<2>).4f,2[5]*,4.5,9/2,True,10,40.749305,False,4e-06
010002.000324,18,2s2.2p4.(1D<2>).4f,2[5]*,5.5,11/2,True,12,40.749321,False,4e-06
010002.000325,18,2s2.2p4.(1D<2>).4f,2[2]*,2.5,5/2,True,6,40.7530932,False,1.9e-06
010002.000326,18,2s2.2p4.(1D<2>).4f,2[2]*,1.5,3/2,True,4,40.7530955,False,1.9e-06
010002.000327,18,2s2.2p4.(1D<2>).4f,2[3]*,2.5,5/2,True,6,40.7682421,False,2.5e-06
010002.000328,18,2s2.2p4.(1D<2>).4f,2[3]*,3.5,7/2,True,8,40.7682429,False,2.5e-06
010002.000329,18,2s2.2p4.(1D<2>).4f,2[4]*,3.5,7/2,True,8,40.771835,False,2.5e-06
010002.000330,18,2s2.2p4.(1D<2>).4f,2[4]*,4.5,9/2,True,10,40.7718471,False,2.5e-06
010002.000331,18,2s2.2p4.(1D).5s,2D,2.5,5/2,True,6,40.809229,False,5e-06
010002.000332,18,2s2.2p4.(1D).5s,2D,1.5,3/2,True,4,40.809246,False,5e-06
010002.Lim001,18,Ne III (2p4 3P<2>),Limit,,---,False,,40.96297,False,4e-05
010002.Lim002,18,Ne III (2s2.2p4 3P<1>),Limit,,---,False,,41.04268,False,4e-05
010002.Lim003,18,Ne III (2s2.2p4 3P<0>),Limit,,---,False,,41.07711,False,4e-05
010002.000382,18,2s2.2p4.(1D).5d,2S,0.5,1/2,True,2,41.839874,False,2.5e-05
010002.000333,18,2s2.2p4.(1D<2>).5f,2[1]*,1.5,3/2,True,4,41.974911,False,1e-05
010002.000334,18,2s2.2p4.(1D<2>).5f,2[5]*,4.5,9/2,True,10,41.981155,False,1.5e-05
010002.000335,18,2s2.2p4.(1D<2>).5f,2[5]*,5.5,11/2,True,12,41.981156,False,1.5e-05
010002.000336,18,2s2.2p4.(1D<2>).5f,2[3]*,2.5,5/2,True,6,41.990789,False,1e-05
010002.000337,18,2s2.2p4.(1D<2>).5f,2[4]*,4.5,9/2,True,10,41.992663,False,1.2e-05
010002.000338,18,2s2.2p4.(1D<2>).5f,2[4]*,3.5,7/2,True,8,41.992671,False,1.2e-05
010002.000339,18,2s2.2p4.(1S).4s,2S,0.5,1/2,True,2,42.004452,False,1.1e-05
010002.000383,18,2s2.2p4.(1D).6d,2S,0.5,1/2,True,2,42.6311,False,0.0005
010002.000341,18,2s2.2p4.(1D<2>).6f,2[5]*,4.5,9/2,True,10,42.649824,False,2.5e-05
010002.000340,18,2s2.2p4.(1D<2>).6f,2[5]*,5.5,11/2,True,12,42.649824,False,2.5e-05
010002.000342,18,2s2.2p4.(1D<2>).6f,2[4]*,4.5,9/2,True,10,42.6565,False,4e-05
010002.000384,18,2s2.2p4.(1D).7d,2S,0.5,1/2,True,2,43.0391,False,0.0005
010002.000344,18,2s2.2p4.(1D<2>).7f,2[5]*,5.5,11/2,True,12,43.052781,False,2.5e-05
010002.000343,18,2s2.2p4.(1D<2>).7f,2[5]*,4.5,9/2,True,10,43.052781,False,2.5e-05
010002.000385,18,2s2.2p4.(1D).8d,2S,0.5,1/2,True,2,43.3045,False,0.0007
010002.000345,18,2s2.2p4.(1D<2>).8f,2[5]*,5.5,11/2,True,12,43.314177,False,2.5e-05
010002.Lim004,18,Ne III (2s2.2p4 1D<2>),Limit,,---,False,,44.1668,False,5e-05
010002.Lim005,18,Ne III (2s2.2p4 1S<0>),Limit,,---,False,,47.87542,False,0.00012
