espectro,Configuration,Term,J,g,Prefix,Level (eV),Suffix,Uncertainty (eV),Leading percentages,Level ID,Reference,Lande
H I,"=""1s""","=""2S""","=""1/2""",2.0,"=""""","=""0.00000000000000""","=""""","=""0.00000000000012""","="" 100                    ""","=""001001.001.000001""","=""""",
H I,"=""2p""","=""2P*""","=""1/2""",2.0,"=""""","=""10.19880615024""","=""""","=""0.00000000004""","="" 100                    ""","=""001001.001.000002""","=""L15291""",
H I,"=""2p""","=""2P*""","=""3/2""",4.0,"=""""","=""10.19885151459""","=""""","=""0.00000000005""","="" 100                    ""","=""001001.001.000004""","=""L15291""",
H I,"=""2s""","=""2S""","=""1/2""",2.0,"=""""","=""10.19881052514816""","=""""","=""0.00000000000012""","="" 100                    ""","=""001001.001.000003""","=""L15291""",
H I,"=""2""","=""""","=""""",8.0,"=""""","=""10.1988358""","=""""","=""0.0000012""","="" 100                    ""","=""001001.001.000059""","=""L15291""",
H I,"=""3p""","=""2P*""","=""1/2""",2.0,"=""""","=""12.0874936591""","=""""","=""0.0000000009""","="" 100                    ""","=""001001.001.000005""","=""L15291""",
H I,"=""3p""","=""2P*""","=""3/2""",4.0,"=""""","=""12.0875071004""","=""""","=""0.0000000009""","="" 100                    ""","=""001001.001.000008""","=""L15291""",
H I,"=""3s""","=""2S""","=""1/2""",2.0,"=""""","=""12.0874949611""","=""""","=""0.0000000009""","="" 100                    ""","=""001001.001.000006""","=""L15291""",
H I,"=""3""","=""""","=""""",18.0,"=""""","=""12.0875052""","=""""","=""0.0000006""","="" 100                    ""","=""001001.001.000060""","=""L15291""",
H I,"=""3d""","=""2D""","=""3/2""",4.0,"=""""","=""12.0875070783""","=""""","=""0.0000000025""","="" 100                    ""","=""001001.001.000007""","=""L15291""",
H I,"=""3d""","=""2D""","=""5/2""",6.0,"=""""","=""12.0875115582""","=""""","=""0.0000000009""","="" 100                    ""","=""001001.001.000009""","=""L15291""",
H I,"=""4p""","=""2P*""","=""1/2""",2.0,"=""""","=""12.74853244632""","=""""","=""0.00000000006""","="" 100                    ""","=""001001.001.000010""","=""L15291""",
H I,"=""4p""","=""2P*""","=""3/2""",4.0,"=""""","=""12.74853811674""","=""""","=""0.00000000004""","="" 100                    ""","=""001001.001.000013""","=""L15291""",
H I,"=""4s""","=""2S""","=""1/2""",2.0,"=""""","=""12.74853299663""","=""""","=""0.00000000004""","="" 100                    ""","=""001001.001.000011""","=""L15291""",
H I,"=""4d""","=""2D""","=""3/2""",4.0,"=""""","=""12.7485381084""","=""""","=""0.0000000010""","="" 100                    ""","=""001001.001.000012""","=""L15291""",
H I,"=""4d""","=""2D""","=""5/2""",6.0,"=""""","=""12.74853999753""","=""""","=""0.00000000010""","="" 100                    ""","=""001001.001.000015""","=""L15291""",
H I,"=""4""","=""""","=""""",32.0,"=""""","=""12.7485393""","=""""","=""0.0000004""","="" 100                    ""","=""001001.001.000061""","=""L15291""",
H I,"=""4f""","=""2F*""","=""5/2""",6.0,"=""""","=""12.748539998""","=""""","=""0.000000006""","="" 100                    ""","=""001001.001.000014""","=""L15291""",
H I,"=""4f""","=""2F*""","=""7/2""",8.0,"=""""","=""12.7485409403""","=""""","=""0.0000000016""","="" 100                    ""","=""001001.001.000016""","=""L15291""",
H I,"=""5p""","=""2P*""","=""1/2""",2.0,"=""""","=""13.054498182""","=""""","=""0.000000005""","="" 100                    ""","=""001001.001.000017""","=""L15291""",
H I,"=""5p""","=""2P*""","=""3/2""",4.0,"=""""","=""13.054501086""","=""""","=""0.000000005""","="" 100                    ""","=""001001.001.000020""","=""L15291""",
H I,"=""5s""","=""2S""","=""1/2""",2.0,"=""[""","=""13.054498464""","=""]""","=""0.000000005""","="" 100                    ""","=""001001.001.000018""","=""L15291""",
H I,"=""5d""","=""2D""","=""3/2""",4.0,"=""""","=""13.054501074""","=""""","=""0.000000003""","="" 100                    ""","=""001001.001.000019""","=""L15291""",
H I,"=""5d""","=""2D""","=""5/2""",6.0,"=""[""","=""13.054502042""","=""]""","=""0.000000003""","="" 100                    ""","=""001001.001.000021""","=""L15291""",
H I,"=""5""","=""""","=""""",50.0,"=""""","=""13.0545017""","=""""","=""0.0000005""","="" 100                    ""","=""001001.001.000062""","=""L15291""",
H I,"=""5f""","=""2F*""","=""5/2""",6.0,"=""(""","=""13.054502046336""","="")""","=""0.000000000010""","="" 100                    ""","=""001001.001.000098""","=""L15291""",
H I,"=""5f""","=""2F*""","=""7/2""",8.0,"=""""","=""13.054502526""","=""""","=""0.000000006""","="" 100                    ""","=""001001.001.000022""","=""L15291""",
H I,"=""5g""","=""2G""","=""7/2""",8.0,"=""(""","=""13.054502529303""","="")""","=""0.000000000010""","="" 100                    ""","=""001001.001.000099""","=""L15291""",
H I,"=""5g""","=""2G""","=""9/2""",10.0,"=""(""","=""13.054502819633""","="")""","=""0.000000000010""","="" 100                    ""","=""001001.001.000100""","=""L15291""",
H I,"=""6p""","=""2P*""","=""1/2""",2.0,"=""[""","=""13.22070146198""","=""]""","=""0.00000000012""","="" 100                    ""","=""001001.001.000023""","=""L15291""",
H I,"=""6p""","=""2P*""","=""3/2""",4.0,"=""[""","=""13.22070314214""","=""]""","=""0.00000000012""","="" 100                    ""","=""001001.001.000026""","=""L15291""",
H I,"=""6s""","=""2S""","=""1/2""",2.0,"=""""","=""13.22070162532""","=""""","=""0.00000000009""","="" 100                    ""","=""001001.001.000024""","=""L15291""",
H I,"=""6d""","=""2D""","=""3/2""",4.0,"=""[""","=""13.22070313941""","=""]""","=""0.00000000016""","="" 100                    ""","=""001001.001.000025""","=""L15291""",
H I,"=""6d""","=""2D""","=""5/2""",6.0,"=""""","=""13.22070369934""","=""""","=""0.00000000005""","="" 100                    ""","=""001001.001.000027""","=""L15291""",
H I,"=""6f""","=""2F*""","=""5/2""",6.0,"=""(""","=""13.220703699081""","="")""","=""0.000000000010""","="" 100                    ""","=""001001.001.000101""","=""L15291""",
H I,"=""6f""","=""2F*""","=""7/2""",8.0,"=""(""","=""13.220703979103""","="")""","=""0.000000000010""","="" 100                    ""","=""001001.001.000102""","=""L15291""",
H I,"=""6""","=""""","=""""",72.0,"=""""","=""13.22070389""","=""""","=""0.00000020""","="" 100                    ""","=""001001.001.000063""","=""L15291""",
H I,"=""6g""","=""2G""","=""7/2""",8.0,"=""(""","=""13.220703978574""","="")""","=""0.000000000010""","="" 100                    ""","=""001001.001.000103""","=""L15291""",
H I,"=""6g""","=""2G""","=""9/2""",10.0,"=""(""","=""13.220704146589""","="")""","=""0.000000000010""","="" 100                    ""","=""001001.001.000104""","=""L15291""",
H I,"=""6h""","=""2H*""","=""9/2""",10.0,"=""(""","=""13.220704146258""","="")""","=""0.000000000010""","="" 100                    ""","=""001001.001.000105""","=""L15291""",
H I,"=""6h""","=""2H*""","=""11/2""",12.0,"=""(""","=""13.220704258272""","="")""","=""0.000000000010""","="" 100                    ""","=""001001.001.000106""","=""L15291""",
H I,"=""7p""","=""2P*""","=""1/2""",2.0,"=""[""","=""13.320916647""","=""]""","=""0.000000005""","="" 100                    ""","=""001001.001.000028""","=""L15291""",
H I,"=""7p""","=""2P*""","=""3/2""",4.0,"=""[""","=""13.320917704""","=""]""","=""0.000000005""","="" 100                    ""","=""001001.001.000031""","=""L15291""",
H I,"=""7s""","=""2S""","=""1/2""",2.0,"=""[""","=""13.320916750""","=""]""","=""0.000000005""","="" 100                    ""","=""001001.001.000029""","=""L15291""",
H I,"=""7d""","=""2D""","=""3/2""",4.0,"=""[""","=""13.320917703""","=""]""","=""0.000000003""","="" 100                    ""","=""001001.001.000030""","=""L15291""",
H I,"=""7d""","=""2D""","=""5/2""",6.0,"=""[""","=""13.320918056""","=""]""","=""0.000000003""","="" 100                    ""","=""001001.001.000032""","=""L15291""",
H I,"=""7""","=""""","=""""",98.0,"=""""","=""13.32091817""","=""""","=""0.00000011""","="" 100                    ""","=""001001.001.000064""","=""L15291""",
H I,"=""8p""","=""2P*""","=""1/2""",2.0,"=""[""","=""13.38596007869""","=""]""","=""0.00000000007""","="" 100                    ""","=""001001.001.000033""","=""L15291""",
H I,"=""8p""","=""2P*""","=""3/2""",4.0,"=""[""","=""13.38596078751""","=""]""","=""0.00000000007""","="" 100                    ""","=""001001.001.000036""","=""L15291""",
H I,"=""8s""","=""2S""","=""1/2""",2.0,"=""""","=""13.38596014765""","=""""","=""0.00000000004""","="" 100                    ""","=""001001.001.000034""","=""L15291""",
H I,"=""8d""","=""2D""","=""3/2""",4.0,"=""""","=""13.38596078636""","=""""","=""0.00000000004""","="" 100                    ""","=""001001.001.000035""","=""L15291""",
H I,"=""8d""","=""2D""","=""5/2""",6.0,"=""""","=""13.385961022639""","=""""","=""0.000000000025""","="" 100                    ""","=""001001.001.000037""","=""L15291""",
H I,"=""8""","=""""","=""""",128.0,"=""""","=""13.38596103""","=""""","=""0.00000009""","="" 100                    ""","=""001001.001.000065""","=""L15291""",
H I,"=""9p""","=""2P*""","=""1/2""",2.0,"=""[""","=""13.430553600""","=""]""","=""0.000000005""","="" 100                    ""","=""001001.001.000038""","=""L15291""",
H I,"=""9p""","=""2P*""","=""3/2""",4.0,"=""[""","=""13.430554098""","=""]""","=""0.000000005""","="" 100                    ""","=""001001.001.000041""","=""L15291""",
H I,"=""9s""","=""2S""","=""1/2""",2.0,"=""[""","=""13.430553648""","=""]""","=""0.000000005""","="" 100                    ""","=""001001.001.000039""","=""L15291""",
H I,"=""9d""","=""2D""","=""3/2""",4.0,"=""[""","=""13.430554096""","=""]""","=""0.000000003""","="" 100                    ""","=""001001.001.000040""","=""L15291""",
H I,"=""9d""","=""2D""","=""5/2""",6.0,"=""[""","=""13.430554262""","=""]""","=""0.000000003""","="" 100                    ""","=""001001.001.000042""","=""L15291""",
H I,"=""9""","=""""","=""""",162.0,"=""""","=""13.43055424""","=""""","=""0.00000009""","="" 100                    ""","=""001001.001.000066""","=""L15291""",
H I,"=""10p""","=""2P*""","=""1/2""",2.0,"=""[""","=""13.462451058""","=""]""","=""0.000000005""","="" 100                    ""","=""001001.001.000043""","=""L15291""",
H I,"=""10p""","=""2P*""","=""3/2""",4.0,"=""[""","=""13.462451421""","=""]""","=""0.000000005""","="" 100                    ""","=""001001.001.000046""","=""L15291""",
H I,"=""10s""","=""2S""","=""1/2""",2.0,"=""[""","=""13.462451094""","=""]""","=""0.000000005""","="" 100                    ""","=""001001.001.000044""","=""L15291""",
H I,"=""10d""","=""2D""","=""3/2""",4.0,"=""[""","=""13.46245141908""","=""]""","=""0.00000000016""","="" 100                    ""","=""001001.001.000045""","=""L15291""",
H I,"=""10d""","=""2D""","=""5/2""",6.0,"=""""","=""13.46245154007""","=""""","=""0.00000000016""","="" 100                    ""","=""001001.001.000047""","=""L15291""",
H I,"=""10""","=""""","=""""",200.0,"=""""","=""13.46245155""","=""""","=""0.00000010""","="" 100                    ""","=""001001.001.000067""","=""L15291""",
H I,"=""11p""","=""2P*""","=""1/2""",2.0,"=""[""","=""13.486051554""","=""]""","=""0.000000005""","="" 100                    ""","=""001001.001.000048""","=""L15291""",
H I,"=""11p""","=""2P*""","=""3/2""",4.0,"=""[""","=""13.486051827""","=""]""","=""0.000000005""","="" 100                    ""","=""001001.001.000051""","=""L15291""",
H I,"=""11s""","=""2S""","=""1/2""",2.0,"=""[""","=""13.486051581""","=""]""","=""0.000000005""","="" 100                    ""","=""001001.001.000049""","=""L15291""",
H I,"=""11d""","=""2D""","=""3/2""",4.0,"=""[""","=""13.486051825""","=""]""","=""0.000000003""","="" 100                    ""","=""001001.001.000050""","=""L15291""",
H I,"=""11d""","=""2D""","=""5/2""",6.0,"=""[""","=""13.486051916""","=""]""","=""0.000000003""","="" 100                    ""","=""001001.001.000052""","=""L15291""",
H I,"=""11""","=""""","=""""",242.0,"=""""","=""13.48605194""","=""""","=""0.00000007""","="" 100                    ""","=""001001.001.000068""","=""L15291""",
H I,"=""12p""","=""2P*""","=""1/2""",2.0,"=""[""","=""13.504001658""","=""]""","=""0.000000005""","="" 100                    ""","=""001001.001.000053""","=""L15291""",
H I,"=""12p""","=""2P*""","=""3/2""",4.0,"=""[""","=""13.504001867""","=""]""","=""0.000000005""","="" 100                    ""","=""001001.001.000056""","=""L15291""",
H I,"=""12s""","=""2S""","=""1/2""",2.0,"=""[""","=""13.504001678""","=""]""","=""0.000000005""","="" 100                    ""","=""001001.001.000054""","=""L15291""",
H I,"=""12d""","=""2D""","=""3/2""",4.0,"=""""","=""13.50400186581""","=""""","=""0.00000000004""","="" 100                    ""","=""001001.001.000055""","=""L15291""",
H I,"=""12d""","=""2D""","=""5/2""",6.0,"=""""","=""13.50400193582""","=""""","=""0.00000000003""","="" 100                    ""","=""001001.001.000057""","=""L15291""",
H I,"=""12""","=""""","=""""",288.0,"=""""","=""13.50400193""","=""""","=""0.00000006""","="" 100                    ""","=""001001.001.000069""","=""L15291""",
H I,"=""13""","=""""","=""""",338.0,"=""[""","=""13.51797128""","=""]""","=""0.00000011""","="" 100                    ""","=""001001.001.000070""","=""L15291""",
H I,"=""14""","=""""","=""""",392.0,"=""[""","=""13.52905552""","=""]""","=""0.00000011""","="" 100                    ""","=""001001.001.000071""","=""L15291""",
H I,"=""15""","=""""","=""""",450.0,"=""[""","=""13.53799772""","=""]""","=""0.00000011""","="" 100                    ""","=""001001.001.000072""","=""L15291""",
H I,"=""16""","=""""","=""""",512.0,"=""[""","=""13.54531624""","=""]""","=""0.00000012""","="" 100                    ""","=""001001.001.000073""","=""L15291""",
H I,"=""17""","=""""","=""""",578.0,"=""[""","=""13.55138166""","=""]""","=""0.00000012""","="" 100                    ""","=""001001.001.000074""","=""L15291""",
H I,"=""18""","=""""","=""""",648.0,"=""[""","=""13.55646454""","=""]""","=""0.00000012""","="" 100                    ""","=""001001.001.000075""","=""L15291""",
H I,"=""19""","=""""","=""""",722.0,"=""[""","=""13.56076619""","=""]""","=""0.00000012""","="" 100                    ""","=""001001.001.000076""","=""L15291""",
H I,"=""20""","=""""","=""""",800.0,"=""[""","=""13.56443886""","=""]""","=""0.00000012""","="" 100                    ""","=""001001.001.000077""","=""L15291""",
H I,"=""21""","=""""","=""""",882.0,"=""[""","=""13.56759946""","=""]""","=""0.00000012""","="" 100                    ""","=""001001.001.000078""","=""L15291""",
H I,"=""22""","=""""","=""""",968.0,"=""[""","=""13.57033894""","=""]""","=""0.00000012""","="" 100                    ""","=""001001.001.000079""","=""L15291""",
H I,"=""23""","=""""","=""""",1058.0,"=""[""","=""13.57272894""","=""]""","=""0.00000012""","="" 100                    ""","=""001001.001.000080""","=""L15291""",
H I,"=""24""","=""""","=""""",1152.0,"=""[""","=""13.57482645""","=""]""","=""0.00000012""","="" 100                    ""","=""001001.001.000081""","=""L15291""",
H I,"=""25""","=""""","=""""",1250.0,"=""[""","=""13.57667733""","=""]""","=""0.00000012""","="" 100                    ""","=""001001.001.000082""","=""L15291""",
H I,"=""26""","=""""","=""""",1352.0,"=""[""","=""13.57831878""","=""]""","=""0.00000012""","="" 100                    ""","=""001001.001.000083""","=""L15291""",
H I,"=""27""","=""""","=""""",1458.0,"=""[""","=""13.57978125""","=""]""","=""0.00000012""","="" 100                    ""","=""001001.001.000084""","=""L15291""",
H I,"=""28""","=""""","=""""",1568.0,"=""[""","=""13.58108984""","=""]""","=""0.00000012""","="" 100                    ""","=""001001.001.000085""","=""L15291""",
H I,"=""29""","=""""","=""""",1682.0,"=""[""","=""13.58226541""","=""]""","=""0.00000012""","="" 100                    ""","=""001001.001.000086""","=""L15291""",
H I,"=""30""","=""""","=""""",1800.0,"=""[""","=""13.58332538""","=""]""","=""0.00000012""","="" 100                    ""","=""001001.001.000087""","=""L15291""",
H I,"=""31""","=""""","=""""",1922.0,"=""[""","=""13.58428445""","=""]""","=""0.00000012""","="" 100                    ""","=""001001.001.000088""","=""L15291""",
H I,"=""32""","=""""","=""""",2048.0,"=""[""","=""13.58515502""","=""]""","=""0.00000012""","="" 100                    ""","=""001001.001.000089""","=""L15291""",
H I,"=""33""","=""""","=""""",2178.0,"=""[""","=""13.58594765""","=""]""","=""0.00000012""","="" 100                    ""","=""001001.001.000090""","=""L15291""",
H I,"=""34""","=""""","=""""",2312.0,"=""[""","=""13.58667137""","=""]""","=""0.00000012""","="" 100                    ""","=""001001.001.000091""","=""L15291""",
H I,"=""35""","=""""","=""""",2450.0,"=""[""","=""13.58733395""","=""]""","=""0.00000012""","="" 100                    ""","=""001001.001.000092""","=""L15291""",
H I,"=""36""","=""""","=""""",2592.0,"=""[""","=""13.58794208""","=""]""","=""0.00000012""","="" 100                    ""","=""001001.001.000093""","=""L15291""",
H I,"=""37""","=""""","=""""",2738.0,"=""[""","=""13.58850159""","=""]""","=""0.00000012""","="" 100                    ""","=""001001.001.000094""","=""L15291""",
H I,"=""38""","=""""","=""""",2888.0,"=""[""","=""13.58901750""","=""]""","=""0.00000012""","="" 100                    ""","=""001001.001.000095""","=""L15291""",
H I,"=""39""","=""""","=""""",3042.0,"=""[""","=""13.58949423""","=""]""","=""0.00000012""","="" 100                    ""","=""001001.001.000096""","=""L15291""",
H I,"=""40""","=""""","=""""",3200.0,"=""[""","=""13.58993566""","=""]""","=""0.00000012""","="" 100                    ""","=""001001.001.000097""","=""L15291""",
H I,"=""""","=""Limit""","=""---""",,"=""(""","=""13.598434599702""","="")""","=""0.000000000012""","=""                        ""","=""001001.001.Lim001""","=""HDEL""",
He I,"=""1s2""","=""1S""","=""0""",1.0,"=""[""","=""0.00000000""","=""]""","=""0.00000015""",,"=""002001.000001""","=""L22715""",
He I,"=""1s.2s""","=""3S""","=""1""",3.0,"=""[""","=""19.819614525""","=""]""","=""0.000000005""",,"=""002001.000002""","=""L22715c200,L20736""",
He I,"=""1s.2s""","=""1S""","=""0""",1.0,"=""[""","=""20.615774823""","=""]""","=""0.000000008""",,"=""002001.000003""","=""L22715c200,L20736""",
He I,"=""1s.2p""","=""3P*""","=""2""",5.0,"=""[""","=""20.96408688908""","=""]""","=""0.000000003""",,"=""002001.000004""","=""L22715c200,L20736""",
He I,"=""1s.2p""","=""3P*""","=""1""",3.0,"=""[""","=""20.96409636464""","=""]""","=""0.000000003""",,"=""002001.000005""","=""L22715c200,L20736""",
He I,"=""1s.2p""","=""3P*""","=""0""",1.0,"=""[""","=""20.96421885051""","=""]""","=""0.000000003""",,"=""002001.000006""","=""L22715c200,L20736""",
He I,"=""1s.2p""","=""1P*""","=""1""",3.0,"=""[""","=""21.2180227112""","=""]""","=""0.0000000016""",,"=""002001.000007""","=""L22715c200,L20736""",
He I,"=""1s.3s""","=""3S""","=""1""",3.0,"=""[""","=""22.718466419""","=""]""","=""0.000000008""",,"=""002001.000008""","=""L22715c200""",
He I,"=""1s.3s""","=""1S""","=""0""",1.0,"=""[""","=""22.920317359""","=""]""","=""0.000000004""",,"=""002001.000009""","=""L22715c200""",
He I,"=""1s.3p""","=""3P*""","=""2""",5.0,"=""[""","=""23.00707314571""","=""]""","=""0.00000000004""",,"=""002001.000010""","=""L22715c200""",
He I,"=""1s.3p""","=""3P*""","=""1""",3.0,"=""[""","=""23.0070758719""","=""]""","=""0.0000000004""",,"=""002001.000011""","=""L22715c200""",
He I,"=""1s.3p""","=""3P*""","=""0""",1.0,"=""[""","=""23.0071094335""","=""]""","=""0.0000000004""",,"=""002001.000012""","=""L22715c200""",
He I,"=""1s.3d""","=""3D""","=""3""",7.0,"=""[""","=""23.07365070854""","=""]""","=""0.00000000010""",,"=""002001.000013""","=""L22715c200,L21466""",
He I,"=""1s.3d""","=""3D""","=""2""",5.0,"=""[""","=""23.07365101981""","=""]""","=""0.00000000010""",,"=""002001.000014""","=""L22715c200,L21466""",
He I,"=""1s.3d""","=""3D""","=""1""",3.0,"=""[""","=""23.07365649967""","=""]""","=""0.00000000010""",,"=""002001.000015""","=""L22715c200,L21466""",
He I,"=""1s.3d""","=""1D""","=""2""",5.0,"=""[""","=""23.07407479777""","=""]""","=""0.00000000008""",,"=""002001.000016""","=""L22715c200,L21466""",
He I,"=""1s.3p""","=""1P*""","=""1""",3.0,"=""[""","=""23.08701852960""","=""]""","=""0.00000000021""",,"=""002001.000017""","=""L22715c200""",
He I,"=""1s.4s""","=""3S""","=""1""",3.0,"=""[""","=""23.593958713""","=""]""","=""0.000000003""",,"=""002001.000018""","=""L22715c200""",
He I,"=""1s.4s""","=""1S""","=""0""",1.0,"=""[""","=""23.673570590""","=""]""","=""0.000000003""",,"=""002001.000019""","=""L22715c200""",
He I,"=""1s.4p""","=""3P*""","=""2""",5.0,"=""[""","=""23.7078912279""","=""]""","=""0.0000000008""",,"=""002001.000020""","=""L22715c200""",
He I,"=""1s.4p""","=""3P*""","=""1""",3.0,"=""[""","=""23.7078923433""","=""]""","=""0.0000000008""",,"=""002001.000021""","=""L22715c200""",
He I,"=""1s.4p""","=""3P*""","=""0""",1.0,"=""[""","=""23.7079060221""","=""]""","=""0.0000000008""",,"=""002001.000022""","=""L22715c200""",
He I,"=""1s.4d""","=""3D""","=""3""",7.0,"=""[""","=""23.73609019010""","=""]""","=""0.00000000005""",,"=""002001.000023""","=""L22715c200,L21466""",
He I,"=""1s.4d""","=""3D""","=""2""",5.0,"=""[""","=""23.73609033897""","=""]""","=""0.00000000005""",,"=""002001.000024""","=""L22715c200,L21466""",
He I,"=""1s.4d""","=""3D""","=""1""",3.0,"=""[""","=""23.73609263507""","=""]""","=""0.00000000005""",,"=""002001.000025""","=""L22715c200,L21466""",
He I,"=""1s.4d""","=""1D""","=""2""",5.0,"=""[""","=""23.73633503536""","=""]""","=""0.00000000004""",,"=""002001.000026""","=""L22715c200,L21466""",
He I,"=""1s.4f""","=""3F*""","=""3""",7.0,"=""[""","=""23.737006806968""","=""]""","=""0.000000000008""",,"=""002001.000027""","=""L22715c200""",
He I,"=""1s.4f""","=""3F*""","=""4""",9.0,"=""[""","=""23.737007692183""","=""]""","=""0.000000000006""",,"=""002001.000028""","=""L22715c200""",
He I,"=""1s.4f""","=""3F*""","=""2""",5.0,"=""[""","=""23.737008760725""","=""]""","=""0.000000000008""",,"=""002001.000029""","=""L22715c200""",
He I,"=""1s.4f""","=""1F*""","=""3""",7.0,"=""[""","=""23.737009722091""","=""]""","=""0.000000000006""",,"=""002001.000030""","=""L22715c200""",
He I,"=""1s.4p""","=""1P*""","=""1""",3.0,"=""[""","=""23.74207006880""","=""]""","=""0.00000000016""",,"=""002001.000031""","=""L22715c200""",
He I,"=""1s.5s""","=""3S""","=""1""",3.0,"=""[""","=""23.9719714182""","=""]""","=""0.0000000016""",,"=""002001.000032""","=""L22715c200""",
He I,"=""1s.5s""","=""1S""","=""0""",1.0,"=""[""","=""24.0112149898""","=""]""","=""0.0000000012""",,"=""002001.000033""","=""L22715c200""",
He I,"=""1s.5p""","=""3P*""","=""2""",5.0,"=""[""","=""24.0282250640""","=""]""","=""0.0000000005""",,"=""002001.000034""","=""L22715c200""",
He I,"=""1s.5p""","=""3P*""","=""1""",3.0,"=""[""","=""24.0282256244""","=""]""","=""0.0000000005""",,"=""002001.000035""","=""L22715c200""",
He I,"=""1s.5p""","=""3P*""","=""0""",1.0,"=""[""","=""24.0282324989""","=""]""","=""0.0000000005""",,"=""002001.000036""","=""L22715c200""",
He I,"=""1s.5d""","=""3D""","=""3""",7.0,"=""[""","=""24.042662242088""","=""]""","=""0.000000000025""",,"=""002001.000037""","=""L22715c200,L21466""",
He I,"=""1s.5d""","=""3D""","=""2""",5.0,"=""[""","=""24.042662321526""","=""]""","=""0.000000000025""",,"=""002001.000038""","=""L22715c200,L21466""",
He I,"=""1s.5d""","=""3D""","=""1""",3.0,"=""[""","=""24.042663494166""","=""]""","=""0.000000000025""",,"=""002001.000039""","=""L22715c200,L21466""",
He I,"=""1s.5d""","=""1D""","=""2""",5.0,"=""[""","=""24.042803412125""","=""]""","=""0.000000000021""",,"=""002001.000040""","=""L22715c200,L21466""",
He I,"=""1s.5f""","=""3F*""","=""3""",7.0,"=""[""","=""24.043154084167""","=""]""","=""0.000000000005""",,"=""002001.000041""","=""L22715c200""",
He I,"=""1s.5f""","=""3F*""","=""4""",9.0,"=""[""","=""24.043154465835""","=""]""","=""0.000000000004""",,"=""002001.000042""","=""L22715c200""",
He I,"=""1s.5f""","=""3F*""","=""2""",5.0,"=""[""","=""24.043155012649""","=""]""","=""0.000000000005""",,"=""002001.000043""","=""L22715c200""",
He I,"=""1s.5f""","=""1F*""","=""3""",7.0,"=""[""","=""24.043155648442""","=""]""","=""0.000000000004""",,"=""002001.000044""","=""L22715c200""",
He I,"=""1s.5g""","=""3G""","=""4""",9.0,"=""[""","=""24.0432156651818""","=""]""","=""0.0000000000012""",,"=""002001.000045""","=""L22715c200""",
He I,"=""1s.5g""","=""3G""","=""5""",11.0,"=""[""","=""24.0432160086825""","=""]""","=""0.0000000000009""",,"=""002001.000046""","=""L22715c200""",
He I,"=""1s.5g""","=""3G""","=""3""",7.0,"=""[""","=""24.0432163209841""","=""]""","=""0.0000000000012""",,"=""002001.000047""","=""L22715c200""",
He I,"=""1s.5g""","=""1G""","=""4""",9.0,"=""[""","=""24.0432165311324""","=""]""","=""0.0000000000009""",,"=""002001.000048""","=""L22715c200""",
He I,"=""1s.5p""","=""1P*""","=""1""",3.0,"=""[""","=""24.04580040653""","=""]""","=""0.00000000008""",,"=""002001.000049""","=""L22715c200""",
He I,"=""1s.6s""","=""3S""","=""1""",3.0,"=""[""","=""24.1689982232""","=""]""","=""0.0000000008""",,"=""002001.000050""","=""L22715c200""",
He I,"=""1s.6s""","=""1S""","=""0""",1.0,"=""[""","=""24.1911602752""","=""]""","=""0.0000000007""",,"=""002001.000051""","=""L22715c200""",
He I,"=""1s.6p""","=""3P*""","=""2""",5.0,"=""[""","=""24.20081545451""","=""]""","=""0.00000000025""",,"=""002001.000052""","=""L22715c200""",
He I,"=""1s.6p""","=""3P*""","=""1""",3.0,"=""[""","=""24.20081577498""","=""]""","=""0.00000000025""",,"=""002001.000053""","=""L22715c200""",
He I,"=""1s.6p""","=""3P*""","=""0""",1.0,"=""[""","=""24.20081970804""","=""]""","=""0.00000000025""",,"=""002001.000054""","=""L22715c200""",
He I,"=""1s.6d""","=""3D""","=""3""",7.0,"=""[""","=""24.209163110443""","=""]""","=""0.000000000016""",,"=""002001.000055""","=""L22715c200,L21466""",
He I,"=""1s.6d""","=""3D""","=""2""",5.0,"=""[""","=""24.209163157329""","=""]""","=""0.000000000016""",,"=""002001.000056""","=""L22715c200,L21466""",
He I,"=""1s.6d""","=""3D""","=""1""",3.0,"=""[""","=""24.209163835045""","=""]""","=""0.000000000016""",,"=""002001.000057""","=""L22715c200,L21466""",
He I,"=""1s.6d""","=""1D""","=""2""",5.0,"=""[""","=""24.209249793955""","=""]""","=""0.000000000012""",,"=""002001.000058""","=""L22715c200,L21466""",
He I,"=""1s.6f""","=""3F*""","=""3""",7.0,"=""[""","=""24.209454827529""","=""]""","=""0.000000000003""",,"=""002001.000059""","=""L22715c200""",
He I,"=""1s.6f""","=""3F*""","=""4""",9.0,"=""[""","=""24.2094550264796""","=""]""","=""0.0000000000021""",,"=""002001.000060""","=""L22715c200""",
He I,"=""1s.6f""","=""3F*""","=""2""",5.0,"=""[""","=""24.209455342828""","=""]""","=""0.000000000003""",,"=""002001.000061""","=""L22715c200""",
He I,"=""1s.6f""","=""1F*""","=""3""",7.0,"=""[""","=""24.2094557657828""","=""]""","=""0.0000000000021""",,"=""002001.000062""","=""L22715c200""",
He I,"=""1s.6g""","=""3G""","=""4""",9.0,"=""[""","=""24.2094918821374""","=""]""","=""0.0000000000009""",,"=""002001.000063""","=""L22715c200""",
He I,"=""1s.6g""","=""3G""","=""5""",11.0,"=""[""","=""24.2094920807421""","=""]""","=""0.0000000000006""",,"=""002001.000064""","=""L22715c200""",
He I,"=""1s.6g""","=""3G""","=""3""",7.0,"=""[""","=""24.2094922614541""","=""]""","=""0.0000000000009""",,"=""002001.000065""","=""L22715c200""",
He I,"=""1s.6g""","=""1G""","=""4""",9.0,"=""[""","=""24.2094923832773""","=""]""","=""0.0000000000006""",,"=""002001.000066""","=""L22715c200""",
He I,"=""1s.6h""","=""3H*""","=""5""",11.0,"=""[""","=""24.2095005571382""","=""]""","=""0.0000000000004""",,"=""002001.000067""","=""L22715c200""",
He I,"=""1s.6h""","=""3H*""","=""6""",13.0,"=""[""","=""24.20950068659936""","=""]""","=""0.00000000000025""",,"=""002001.000068""","=""L22715c200""",
He I,"=""1s.6h""","=""3H*""","=""4""",9.0,"=""[""","=""24.2095008041069""","=""]""","=""0.0000000000004""",,"=""002001.000069""","=""L22715c200""",
He I,"=""1s.6h""","=""1H*""","=""5""",11.0,"=""[""","=""24.20950089178800""","=""]""","=""0.00000000000025""",,"=""002001.000070""","=""L22715c200""",
He I,"=""1s.6p""","=""1P*""","=""1""",3.0,"=""[""","=""24.21100267716""","=""]""","=""0.00000000005""",,"=""002001.000071""","=""L22715c200""",
He I,"=""1s.7s""","=""3S""","=""1""",3.0,"=""[""","=""24.2845660369""","=""]""","=""0.0000000005""",,"=""002001.000072""","=""L22715c200""",
He I,"=""1s.7s""","=""1S""","=""0""",1.0,"=""[""","=""24.2982859057""","=""]""","=""0.0000000005""",,"=""002001.000073""","=""L22715c200""",
He I,"=""1s.7p""","=""3P*""","=""2""",5.0,"=""[""","=""24.30428920147""","=""]""","=""0.00000000016""",,"=""002001.000074""","=""L22715c200""",
He I,"=""1s.7p""","=""3P*""","=""1""",3.0,"=""[""","=""24.30428940164""","=""]""","=""0.00000000016""",,"=""002001.000075""","=""L22715c200""",
He I,"=""1s.7p""","=""3P*""","=""0""",1.0,"=""[""","=""24.30429185947""","=""]""","=""0.00000000016""",,"=""002001.000076""","=""L22715c200""",
He I,"=""1s.7d""","=""3D""","=""3""",7.0,"=""[""","=""24.309540897300""","=""]""","=""0.000000000008""",,"=""002001.000077""","=""L22715c200,L21466""",
He I,"=""1s.7d""","=""3D""","=""2""",5.0,"=""[""","=""24.309540927161""","=""]""","=""0.000000000008""",,"=""002001.000078""","=""L22715c200,L21466""",
He I,"=""1s.7d""","=""3D""","=""1""",3.0,"=""[""","=""24.309541353601""","=""]""","=""0.000000000008""",,"=""002001.000079""","=""L22715c200,L21466""",
He I,"=""1s.7d""","=""1D""","=""2""",5.0,"=""[""","=""24.309597381304""","=""]""","=""0.000000000008""",,"=""002001.000080""","=""L22715c200,L21466""",
He I,"=""1s.7f""","=""3F*""","=""3""",7.0,"=""[""","=""24.3097272911601""","=""]""","=""0.0000000000021""",,"=""002001.000081""","=""L22715c200""",
He I,"=""1s.7f""","=""3F*""","=""4""",9.0,"=""[""","=""24.3097274083893""","=""]""","=""0.0000000000016""",,"=""002001.000082""","=""L22715c200""",
He I,"=""1s.7f""","=""3F*""","=""2""",5.0,"=""[""","=""24.3097276075680""","=""]""","=""0.0000000000021""",,"=""002001.000083""","=""L22715c200""",
He I,"=""1s.7f""","=""1F*""","=""3""",7.0,"=""[""","=""24.3097278970701""","=""]""","=""0.0000000000016""",,"=""002001.000084""","=""L22715c200""",
He I,"=""1s.7g""","=""3G""","=""4""",9.0,"=""[""","=""24.3097511655788""","=""]""","=""0.0000000000006""",,"=""002001.000085""","=""L22715c200""",
He I,"=""1s.7g""","=""3G""","=""5""",11.0,"=""[""","=""24.3097512905603""","=""]""","=""0.0000000000004""",,"=""002001.000086""","=""L22715c200""",
He I,"=""1s.7g""","=""3G""","=""3""",7.0,"=""[""","=""24.3097514043543""","=""]""","=""0.0000000000006""",,"=""002001.000087""","=""L22715c200""",
He I,"=""1s.7g""","=""1G""","=""4""",9.0,"=""[""","=""24.3097514811699""","=""]""","=""0.0000000000004""",,"=""002001.000088""","=""L22715c200""",
He I,"=""1s.7h""","=""3H*""","=""5""",11.0,"=""[""","=""24.30975684089325""","=""]""","=""0.00000000000025""",,"=""002001.000089""","=""L22715c200""",
He I,"=""1s.7h""","=""3H*""","=""6""",13.0,"=""[""","=""24.30975692242005""","=""]""","=""0.00000000000025""",,"=""002001.000090""","=""L22715c200""",
He I,"=""1s.7h""","=""3H*""","=""4""",9.0,"=""[""","=""24.30975699641729""","=""]""","=""0.00000000000025""",,"=""002001.000091""","=""L22715c200""",
He I,"=""1s.7h""","=""1H*""","=""5""",11.0,"=""[""","=""24.30975705163464""","=""]""","=""0.00000000000025""",,"=""002001.000092""","=""L22715c200""",
He I,"=""1s.7i""","=""3I""","=""6""",13.0,"=""[""","=""24.30975862360302""","=""]""","=""0.00000000000025""",,"=""002001.000093""","=""L22715c200""",
He I,"=""1s.7i""","=""3I""","=""7""",15.0,"=""[""","=""24.30975868078527""","=""]""","=""0.00000000000025""",,"=""002001.000094""","=""L22715c200""",
He I,"=""1s.7i""","=""3I""","=""5""",11.0,"=""[""","=""24.30975873289013""","=""]""","=""0.00000000000025""",,"=""002001.000095""","=""L22715c200""",
He I,"=""1s.7i""","=""1I""","=""6""",13.0,"=""[""","=""24.30975877428610""","=""]""","=""0.00000000000025""",,"=""002001.000096""","=""L22715c200""",
He I,"=""1s.7p""","=""1P*""","=""1""",3.0,"=""[""","=""24.31070817873""","=""]""","=""0.00000000003""",,"=""002001.000097""","=""L22715c200""",
He I,"=""1s.8s""","=""3S""","=""1""",3.0,"=""[""","=""24.3581041440""","=""]""","=""0.0000000003""",,"=""002001.000098""","=""L22715c200""",
He I,"=""1s.8s""","=""1S""","=""0""",1.0,"=""[""","=""24.3671800778""","=""]""","=""0.0000000003""",,"=""002001.000099""","=""L22715c200""",
He I,"=""1s.8p""","=""3P*""","=""2""",5.0,"=""[""","=""24.37116588077""","=""]""","=""0.00000000012""",,"=""002001.000100""","=""L22715c200""",
He I,"=""1s.8p""","=""3P*""","=""1""",3.0,"=""[""","=""24.37116601407""","=""]""","=""0.00000000012""",,"=""002001.000101""","=""L22715c200""",
He I,"=""1s.8p""","=""3P*""","=""0""",1.0,"=""[""","=""24.37116765163""","=""]""","=""0.00000000012""",,"=""002001.000102""","=""L22715c200""",
He I,"=""1s.8d""","=""3D""","=""3""",7.0,"=""[""","=""24.374680880069""","=""]""","=""0.000000000008""",,"=""002001.000103""","=""L22715c200,L21466""",
He I,"=""1s.8d""","=""3D""","=""2""",5.0,"=""[""","=""24.374680900214""","=""]""","=""0.000000000008""",,"=""002001.000104""","=""L22715c200,L21466""",
He I,"=""1s.8d""","=""3D""","=""1""",3.0,"=""[""","=""24.374681185743""","=""]""","=""0.000000000008""",,"=""002001.000105""","=""L22715c200,L21466""",
He I,"=""1s.8d""","=""1D""","=""2""",5.0,"=""[""","=""24.374719544511""","=""]""","=""0.000000000004""",,"=""002001.000106""","=""L22715c200,L21466""",
He I,"=""1s.8f""","=""3F*""","=""3""",7.0,"=""[""","=""24.3748069170618""","=""]""","=""0.0000000000012""",,"=""002001.000107""","=""L22715c200""",
He I,"=""1s.8f""","=""3F*""","=""4""",9.0,"=""[""","=""24.3748069921824""","=""]""","=""0.0000000000012""",,"=""002001.000108""","=""L22715c200""",
He I,"=""1s.8f""","=""3F*""","=""2""",5.0,"=""[""","=""24.3748071255995""","=""]""","=""0.0000000000012""",,"=""002001.000109""","=""L22715c200""",
He I,"=""1s.8f""","=""1F*""","=""3""",7.0,"=""[""","=""24.3748073302369""","=""]""","=""0.0000000000012""",,"=""002001.000110""","=""L22715c200""",
He I,"=""1s.8g""","=""3G""","=""4""",9.0,"=""[""","=""24.3748231461435""","=""]""","=""0.0000000000005""",,"=""002001.000111""","=""L22715c200""",
He I,"=""1s.8g""","=""3G""","=""5""",11.0,"=""[""","=""24.3748232298280""","=""]""","=""0.0000000000004""",,"=""002001.000112""","=""L22715c200""",
He I,"=""1s.8g""","=""3G""","=""3""",7.0,"=""[""","=""24.3748233060576""","=""]""","=""0.0000000000005""",,"=""002001.000113""","=""L22715c200""",
He I,"=""1s.8g""","=""1G""","=""4""",9.0,"=""[""","=""24.3748233575671""","=""]""","=""0.0000000000004""",,"=""002001.000114""","=""L22715c200""",
He I,"=""1s.8h""","=""3H*""","=""5""",11.0,"=""[""","=""24.37482704046834""","=""]""","=""0.00000000000025""",,"=""002001.000115""","=""L22715c200""",
He I,"=""1s.8h""","=""3H*""","=""6""",13.0,"=""[""","=""24.37482709508499""","=""]""","=""0.00000000000025""",,"=""002001.000116""","=""L22715c200""",
He I,"=""1s.8h""","=""3H*""","=""4""",9.0,"=""[""","=""24.37482714465648""","=""]""","=""0.00000000000025""",,"=""002001.000117""","=""L22715c200""",
He I,"=""1s.8h""","=""1H*""","=""5""",11.0,"=""[""","=""24.37482718164840""","=""]""","=""0.00000000000025""",,"=""002001.000118""","=""L22715c200""",
He I,"=""1s.8i""","=""3I""","=""6""",13.0,"=""[""","=""24.37482827854156""","=""]""","=""0.00000000000025""",,"=""002001.000119""","=""L22715c200""",
He I,"=""1s.8i""","=""3I""","=""7""",15.0,"=""[""","=""24.37482831684934""","=""]""","=""0.00000000000025""",,"=""002001.000120""","=""L22715c200""",
He I,"=""1s.8i""","=""3I""","=""5""",11.0,"=""[""","=""24.37482835175535""","=""]""","=""0.00000000000025""",,"=""002001.000121""","=""L22715c200""",
He I,"=""1s.8i""","=""1I""","=""6""",13.0,"=""[""","=""24.37482837948752""","=""]""","=""0.00000000000025""",,"=""002001.000122""","=""L22715c200""",
He I,"=""1s.8k""","=""3K*""","=""7""",15.0,"=""[""","=""24.37482875537896""","=""]""","=""0.00000000000025""",,"=""002001.000123""","=""L22715c200""",
He I,"=""1s.8k""","=""3K*""","=""8""",17.0,"=""[""","=""24.37482878370663""","=""]""","=""0.00000000000025""",,"=""002001.000124""","=""L22715c200""",
He I,"=""1s.8k""","=""3K*""","=""6""",13.0,"=""[""","=""24.37482880965292""","=""]""","=""0.00000000000025""",,"=""002001.000125""","=""L22715c200""",
He I,"=""1s.8k""","=""1K*""","=""7""",15.0,"=""[""","=""24.37482883113740""","=""]""","=""0.00000000000025""",,"=""002001.000126""","=""L22715c200""",
He I,"=""1s.8p""","=""1P*""","=""1""",3.0,"=""[""","=""24.375466697350""","=""]""","=""0.000000000021""",,"=""002001.000127""","=""L22715c200""",
He I,"=""1s.9s""","=""3S""","=""1""",3.0,"=""[""","=""24.40777537914""","=""]""","=""0.00000000021""",,"=""002001.000128""","=""L22715c200""",
He I,"=""1s.9s""","=""1S""","=""0""",1.0,"=""[""","=""24.41408807749""","=""]""","=""0.00000000021""",,"=""002001.000129""","=""L22715c200""",
He I,"=""1s.9p""","=""3P*""","=""2""",5.0,"=""[""","=""24.41686888593""","=""]""","=""0.00000000008""",,"=""002001.000130""","=""L22715c200""",
He I,"=""1s.9p""","=""3P*""","=""1""",3.0,"=""[""","=""24.41686897915""","=""]""","=""0.00000000008""",,"=""002001.000131""","=""L22715c200""",
He I,"=""1s.9p""","=""3P*""","=""0""",1.0,"=""[""","=""24.41687012452""","=""]""","=""0.00000000008""",,"=""002001.000132""","=""L22715c200""",
He I,"=""1s.9d""","=""3D""","=""3""",7.0,"=""[""","=""24.419335565023""","=""]""","=""0.000000000005""",,"=""002001.000133""","=""L22715c200,L21466""",
He I,"=""1s.9d""","=""3D""","=""2""",5.0,"=""[""","=""24.419335579246""","=""]""","=""0.000000000005""",,"=""002001.000134""","=""L22715c200,L21466""",
He I,"=""1s.9d""","=""3D""","=""1""",3.0,"=""[""","=""24.419335779720""","=""]""","=""0.000000000005""",,"=""002001.000135""","=""L22715c200,L21466""",
He I,"=""1s.9d""","=""1D""","=""2""",5.0,"=""[""","=""24.419363117280""","=""]""","=""0.000000000004""",,"=""002001.000136""","=""L22715c200,L21466""",
He I,"=""1s.9f""","=""3F*""","=""3""",7.0,"=""[""","=""24.4194246464065""","=""]""","=""0.0000000000009""",,"=""002001.000137""","=""L22715c200""",
He I,"=""1s.9f""","=""3F*""","=""4""",9.0,"=""[""","=""24.4194246975540""","=""]""","=""0.0000000000009""",,"=""002001.000138""","=""L22715c200""",
He I,"=""1s.9f""","=""3F*""","=""2""",5.0,"=""[""","=""24.4194247912483""","=""]""","=""0.0000000000009""",,"=""002001.000139""","=""L22715c200""",
He I,"=""1s.9f""","=""1F*""","=""3""",7.0,"=""[""","=""24.4194249403235""","=""]""","=""0.0000000000009""",,"=""002001.000140""","=""L22715c200""",
He I,"=""1s.9g""","=""3G""","=""4""",9.0,"=""[""","=""24.4194361579319""","=""]""","=""0.0000000000004""",,"=""002001.000141""","=""L22715c200""",
He I,"=""1s.9g""","=""3G""","=""5""",11.0,"=""[""","=""24.41943621668346""","=""]""","=""0.00000000000025""",,"=""002001.000142""","=""L22715c200""",
He I,"=""1s.9g""","=""3G""","=""3""",7.0,"=""[""","=""24.4194362702203""","=""]""","=""0.0000000000004""",,"=""002001.000143""","=""L22715c200""",
He I,"=""1s.9g""","=""1G""","=""4""",9.0,"=""[""","=""24.41943630642235""","=""]""","=""0.00000000000025""",,"=""002001.000144""","=""L22715c200""",
He I,"=""1s.9h""","=""3H*""","=""5""",11.0,"=""[""","=""24.41943893748148""","=""]""","=""0.00000000000025""",,"=""002001.000145""","=""L22715c200""",
He I,"=""1s.9h""","=""3H*""","=""6""",13.0,"=""[""","=""24.41943897584046""","=""]""","=""0.00000000000025""",,"=""002001.000146""","=""L22715c200""",
He I,"=""1s.9h""","=""3H*""","=""4""",9.0,"=""[""","=""24.41943901065559""","=""]""","=""0.00000000000025""",,"=""002001.000147""","=""L22715c200""",
He I,"=""1s.9h""","=""1H*""","=""5""",11.0,"=""[""","=""24.41943903663648""","=""]""","=""0.00000000000025""",,"=""002001.000148""","=""L22715c200""",
He I,"=""1s.9i""","=""3I""","=""6""",13.0,"=""[""","=""24.41943982810474""","=""]""","=""0.00000000000025""",,"=""002001.000149""","=""L22715c200""",
He I,"=""1s.9i""","=""3I""","=""7""",15.0,"=""[""","=""24.41943985500943""","=""]""","=""0.00000000000025""",,"=""002001.000150""","=""L22715c200""",
He I,"=""1s.9i""","=""3I""","=""5""",11.0,"=""[""","=""24.41943987952483""","=""]""","=""0.00000000000025""",,"=""002001.000151""","=""L22715c200""",
He I,"=""1s.9i""","=""1I""","=""6""",13.0,"=""[""","=""24.41943989900212""","=""]""","=""0.00000000000025""",,"=""002001.000152""","=""L22715c200""",
He I,"=""1s.9k""","=""3K*""","=""7""",15.0,"=""[""","=""24.41944017424606""","=""]""","=""0.00000000000025""",,"=""002001.000153""","=""L22715c200""",
He I,"=""1s.9k""","=""3K*""","=""8""",17.0,"=""[""","=""24.41944019414143""","=""]""","=""0.00000000000025""",,"=""002001.000154""","=""L22715c200""",
He I,"=""1s.9k""","=""3K*""","=""6""",13.0,"=""[""","=""24.41944021236425""","=""]""","=""0.00000000000025""",,"=""002001.000155""","=""L22715c200""",
He I,"=""1s.9k""","=""1K*""","=""7""",15.0,"=""[""","=""24.41944022745362""","=""]""","=""0.00000000000025""",,"=""002001.000156""","=""L22715c200""",
He I,"=""1s.9p""","=""1P*""","=""1""",3.0,"=""[""","=""24.419889314325""","=""]""","=""0.000000000012""",,"=""002001.000157""","=""L22715c200""",
He I,"=""1s.10s""","=""3S""","=""1""",3.0,"=""[""","=""24.44289339729""","=""]""","=""0.00000000016""",,"=""002001.000158""","=""L22715c200""",
He I,"=""1s.10s""","=""1S""","=""0""",1.0,"=""[""","=""24.44746001910""","=""]""","=""0.00000000016""",,"=""002001.000159""","=""L22715c200""",
He I,"=""1s.10p""","=""3P*""","=""2""",5.0,"=""[""","=""24.44947689179""","=""]""","=""0.00000000005""",,"=""002001.000160""","=""L22715c200""",
He I,"=""1s.10p""","=""3P*""","=""1""",3.0,"=""[""","=""24.44947695951""","=""]""","=""0.00000000005""",,"=""002001.000161""","=""L22715c200""",
He I,"=""1s.10p""","=""3P*""","=""0""",1.0,"=""[""","=""24.44947779185""","=""]""","=""0.00000000006""",,"=""002001.000162""","=""L22715c200""",
He I,"=""1s.10d""","=""3D""","=""3""",7.0,"=""[""","=""24.451273812052""","=""]""","=""0.000000000004""",,"=""002001.000163""","=""L22715c200,L21466""",
He I,"=""1s.10d""","=""3D""","=""2""",5.0,"=""[""","=""24.451273822448""","=""]""","=""0.000000000004""",,"=""002001.000164""","=""L22715c200,L21466""",
He I,"=""1s.10d""","=""3D""","=""1""",3.0,"=""[""","=""24.451273968544""","=""]""","=""0.000000000004""",,"=""002001.000165""","=""L22715c200,L21466""",
He I,"=""1s.10d""","=""1D""","=""2""",5.0,"=""[""","=""24.4512941044573""","=""]""","=""0.0000000000025""",,"=""002001.000166""","=""L22715c200,L21466""",
He I,"=""1s.10f""","=""3F*""","=""3""",7.0,"=""[""","=""24.4513390447263""","=""]""","=""0.0000000000007""",,"=""002001.000167""","=""L22715c200""",
He I,"=""1s.10f""","=""3F*""","=""4""",9.0,"=""[""","=""24.4513390811842""","=""]""","=""0.0000000000006""",,"=""002001.000168""","=""L22715c200""",
He I,"=""1s.10f""","=""3F*""","=""2""",5.0,"=""[""","=""24.4513391494830""","=""]""","=""0.0000000000007""",,"=""002001.000169""","=""L22715c200""",
He I,"=""1s.10f""","=""1F*""","=""3""",7.0,"=""[""","=""24.4513392610240""","=""]""","=""0.0000000000005""",,"=""002001.000170""","=""L22715c200""",
He I,"=""1s.10g""","=""3G""","=""4""",9.0,"=""[""","=""24.45134749576287""","=""]""","=""0.00000000000025""",,"=""002001.000171""","=""L22715c200""",
He I,"=""1s.10g""","=""3G""","=""5""",11.0,"=""[""","=""24.45134753858031""","=""]""","=""0.00000000000025""",,"=""002001.000172""","=""L22715c200""",
He I,"=""1s.10g""","=""3G""","=""3""",7.0,"=""[""","=""24.45134757760769""","=""]""","=""0.00000000000025""",,"=""002001.000173""","=""L22715c200""",
He I,"=""1s.10g""","=""1G""","=""4""",9.0,"=""[""","=""24.45134760401285""","=""]""","=""0.00000000000025""",,"=""002001.000174""","=""L22715c200""",
He I,"=""1s.10h""","=""3H*""","=""5""",11.0,"=""[""","=""24.45134954522564""","=""]""","=""0.00000000000025""",,"=""002001.000175""","=""L22715c200""",
He I,"=""1s.10h""","=""3H*""","=""6""",13.0,"=""[""","=""24.45134957318928""","=""]""","=""0.00000000000025""",,"=""002001.000176""","=""L22715c200""",
He I,"=""1s.10h""","=""3H*""","=""4""",9.0,"=""[""","=""24.45134959856946""","=""]""","=""0.00000000000025""",,"=""002001.000177""","=""L22715c200""",
He I,"=""1s.10h""","=""1H*""","=""5""",11.0,"=""[""","=""24.45134961750954""","=""]""","=""0.00000000000025""",,"=""002001.000178""","=""L22715c200""",
He I,"=""1s.10i""","=""3I""","=""6""",13.0,"=""[""","=""24.45135020548303""","=""]""","=""0.00000000000025""",,"=""002001.000179""","=""L22715c200""",
He I,"=""1s.10i""","=""3I""","=""7""",15.0,"=""[""","=""24.45135022509671""","=""]""","=""0.00000000000025""",,"=""002001.000180""","=""L22715c200""",
He I,"=""1s.10i""","=""3I""","=""5""",11.0,"=""[""","=""24.45135024296829""","=""]""","=""0.00000000000025""",,"=""002001.000181""","=""L22715c200""",
He I,"=""1s.10i""","=""1I""","=""6""",13.0,"=""[""","=""24.45135025716733""","=""]""","=""0.00000000000025""",,"=""002001.000182""","=""L22715c200""",
He I,"=""1s.10k""","=""3K*""","=""7""",15.0,"=""[""","=""24.45135046368223""","=""]""","=""0.00000000000025""",,"=""002001.000183""","=""L22715c200""",
He I,"=""1s.10k""","=""3K*""","=""8""",17.0,"=""[""","=""24.45135047818590""","=""]""","=""0.00000000000025""",,"=""002001.000184""","=""L22715c200""",
He I,"=""1s.10k""","=""3K*""","=""6""",13.0,"=""[""","=""24.45135049147044""","=""]""","=""0.00000000000025""",,"=""002001.000185""","=""L22715c200""",
He I,"=""1s.10k""","=""1K*""","=""7""",15.0,"=""[""","=""24.45135050247044""","=""]""","=""0.00000000000025""",,"=""002001.000186""","=""L22715c200""",
He I,"=""1s.10p""","=""1P*""","=""1""",3.0,"=""[""","=""24.451678459372""","=""]""","=""0.000000000008""",,"=""002001.000187""","=""L22715c200""",
He I,"=""1s.11s""","=""3S""","=""1""",3.0,"=""[""","=""24.46863473284""","=""]""","=""0.00000000015""",,"=""002001.000224""","=""L22715c201""",
He I,"=""1s.11s""","=""1S""","=""0""",1.0,"=""[""","=""24.47204427115""","=""]""","=""0.00000000016""",,"=""002001.000199""","=""L22715c201""",
He I,"=""1s.11p""","=""3P*""","=""2""",5.0,"=""[""","=""24.47355345620""","=""]""","=""0.00000000006""",,"=""002001.000319""","=""L22715c201""",
He I,"=""1s.11p""","=""3P*""","=""1""",3.0,"=""[""","=""24.47355350694""","=""]""","=""0.00000000006""",,"=""002001.000294""","=""L22715c201""",
He I,"=""1s.11p""","=""3P*""","=""0""",1.0,"=""[""","=""24.47355413070""","=""]""","=""0.00000000006""",,"=""002001.000269""","=""L22715c201""",
He I,"=""1s.11d""","=""3D""","=""3""",7.0,"=""[""","=""24.474902662536""","=""]""","=""0.000000000005""",,"=""002001.000419""","=""L22715c201""",
He I,"=""1s.11d""","=""3D""","=""2""",5.0,"=""[""","=""24.474902670366""","=""]""","=""0.000000000005""",,"=""002001.000394""","=""L22715c201""",
He I,"=""1s.11d""","=""3D""","=""1""",3.0,"=""[""","=""24.474902780107""","=""]""","=""0.000000000005""",,"=""002001.000369""","=""L22715c201""",
He I,"=""1s.11d""","=""1D""","=""2""",5.0,"=""[""","=""24.474918023431""","=""]""","=""0.000000000003""",,"=""002001.000344""","=""L22715c201""",
He I,"=""1s.11f""","=""3F*""","=""3""",7.0,"=""[""","=""24.4749518351194""","=""]""","=""0.0000000000010""",,"=""002001.000494""","=""L22715c201""",
He I,"=""1s.11f""","=""3F*""","=""4""",9.0,"=""[""","=""24.4749518620554""","=""]""","=""0.0000000000007""",,"=""002001.000519""","=""L22715c201""",
He I,"=""1s.11f""","=""3F*""","=""2""",5.0,"=""[""","=""24.4749519133665""","=""]""","=""0.0000000000007""",,"=""002001.000469""","=""L22715c201""",
He I,"=""1s.11f""","=""1F*""","=""3""",7.0,"=""[""","=""24.4749519987919""","=""]""","=""0.0000000000009""",,"=""002001.000444""","=""L22715c201""",
He I,"=""1s.11g""","=""3G""","=""4""",9.0,"=""[""","=""24.4749582173963""","=""]""","=""0.0000000000004""",,"=""002001.000594""","=""L22715c201""",
He I,"=""1s.11g""","=""3G""","=""5""",11.0,"=""[""","=""24.47495824955843""","=""]""","=""0.00000000000025""",,"=""002001.000619""","=""L22715c201""",
He I,"=""1s.11g""","=""3G""","=""3""",7.0,"=""[""","=""24.4749582788797""","=""]""","=""0.0000000000004""",,"=""002001.000569""","=""L22715c201""",
He I,"=""1s.11g""","=""1G""","=""4""",9.0,"=""[""","=""24.47495829872647""","=""]""","=""0.00000000000025""",,"=""002001.000544""","=""L22715c201""",
He I,"=""1s.11h""","=""3H*""","=""5""",11.0,"=""[""","=""24.47495977006741""","=""]""","=""0.00000000000025""",,"=""002001.000694""","=""L22715c201""",
He I,"=""1s.11h""","=""3H*""","=""6""",13.0,"=""[""","=""24.47495979107690""","=""]""","=""0.00000000000025""",,"=""002001.000719""","=""L22715c201""",
He I,"=""1s.11h""","=""3H*""","=""4""",9.0,"=""[""","=""24.47495981014518""","=""]""","=""0.00000000000025""",,"=""002001.000669""","=""L22715c201""",
He I,"=""1s.11h""","=""1H*""","=""5""",11.0,"=""[""","=""24.47495982437534""","=""]""","=""0.00000000000025""",,"=""002001.000644""","=""L22715c201""",
He I,"=""1s.11i""","=""3I""","=""6""",13.0,"=""[""","=""24.47496027223875""","=""]""","=""0.00000000000025""",,"=""002001.000794""","=""L22715c201""",
He I,"=""1s.11i""","=""3I""","=""7""",15.0,"=""[""","=""24.47496028697489""","=""]""","=""0.00000000000025""",,"=""002001.000819""","=""L22715c201""",
He I,"=""1s.11i""","=""3I""","=""5""",11.0,"=""[""","=""24.47496030040201""","=""]""","=""0.00000000000025""",,"=""002001.000769""","=""L22715c201""",
He I,"=""1s.11i""","=""1I""","=""6""",13.0,"=""[""","=""24.47496031106998""","=""]""","=""0.00000000000025""",,"=""002001.000744""","=""L22715c201""",
He I,"=""1s.11p""","=""1P*""","=""1""",3.0,"=""[""","=""24.475207217946""","=""]""","=""0.000000000009""",,"=""002001.000190""","=""L22715c201""",
He I,"=""1s.12s""","=""3S""","=""1""",3.0,"=""[""","=""24.48806324708""","=""]""","=""0.00000000012""",,"=""002001.000225""","=""L22715c201""",
He I,"=""1s.12s""","=""1S""","=""0""",1.0,"=""[""","=""24.49067585161""","=""]""","=""0.00000000014""",,"=""002001.000200""","=""L22715c201""",
He I,"=""1s.12p""","=""3P*""","=""2""",5.0,"=""[""","=""24.49183450011""","=""]""","=""0.00000000005""",,"=""002001.000320""","=""L22715c201""",
He I,"=""1s.12p""","=""3P*""","=""1""",3.0,"=""[""","=""24.49183453911""","=""]""","=""0.00000000005""",,"=""002001.000295""","=""L22715c201""",
He I,"=""1s.12p""","=""3P*""","=""0""",1.0,"=""[""","=""24.49183501858""","=""]""","=""0.00000000005""",,"=""002001.000270""","=""L22715c201""",
He I,"=""1s.12d""","=""3D""","=""3""",7.0,"=""[""","=""24.492873161214""","=""]""","=""0.000000000004""",,"=""002001.000420""","=""L22715c201""",
He I,"=""1s.12d""","=""3D""","=""2""",5.0,"=""[""","=""24.492873167255""","=""]""","=""0.000000000004""",,"=""002001.000395""","=""L22715c201""",
He I,"=""1s.12d""","=""3D""","=""1""",3.0,"=""[""","=""24.492873251769""","=""]""","=""0.000000000004""",,"=""002001.000370""","=""L22715c201""",
He I,"=""1s.12d""","=""1D""","=""2""",5.0,"=""[""","=""24.492885060280""","=""]""","=""0.000000000003""",,"=""002001.000345""","=""L22715c201""",
He I,"=""1s.12f""","=""3F*""","=""3""",7.0,"=""[""","=""24.4929111315754""","=""]""","=""0.0000000000011""",,"=""002001.000495""","=""L22715c201""",
He I,"=""1s.12f""","=""3F*""","=""4""",9.0,"=""[""","=""24.4929111520585""","=""]""","=""0.0000000000006""",,"=""002001.000520""","=""L22715c201""",
He I,"=""1s.12f""","=""3F*""","=""2""",5.0,"=""[""","=""24.4929111915795""","=""]""","=""0.0000000000007""",,"=""002001.000470""","=""L22715c201""",
He I,"=""1s.12f""","=""1F*""","=""3""",7.0,"=""[""","=""24.4929112583427""","=""]""","=""0.0000000000009""",,"=""002001.000445""","=""L22715c201""",
He I,"=""1s.12g""","=""3G""","=""4""",9.0,"=""[""","=""24.4929160668271""","=""]""","=""0.0000000000004""",,"=""002001.000595""","=""L22715c201""",
He I,"=""1s.12g""","=""3G""","=""5""",11.0,"=""[""","=""24.49291609159562""","=""]""","=""0.00000000000025""",,"=""002001.000620""","=""L22715c201""",
He I,"=""1s.12g""","=""3G""","=""3""",7.0,"=""[""","=""24.4929161141802""","=""]""","=""0.0000000000004""",,"=""002001.000570""","=""L22715c201""",
He I,"=""1s.12g""","=""1G""","=""4""",9.0,"=""[""","=""24.49291612947205""","=""]""","=""0.00000000000025""",,"=""002001.000545""","=""L22715c201""",
He I,"=""1s.12h""","=""3H*""","=""5""",11.0,"=""[""","=""24.49291727032382""","=""]""","=""0.00000000000025""",,"=""002001.000695""","=""L22715c201""",
He I,"=""1s.12h""","=""3H*""","=""6""",13.0,"=""[""","=""24.49291728650648""","=""]""","=""0.00000000000025""",,"=""002001.000720""","=""L22715c201""",
He I,"=""1s.12h""","=""3H*""","=""4""",9.0,"=""[""","=""24.49291730119377""","=""]""","=""0.00000000000025""",,"=""002001.000670""","=""L22715c201""",
He I,"=""1s.12h""","=""1H*""","=""5""",11.0,"=""[""","=""24.49291731215472""","=""]""","=""0.00000000000025""",,"=""002001.000645""","=""L22715c201""",
He I,"=""1s.12i""","=""3I""","=""6""",13.0,"=""[""","=""24.49291766070294""","=""]""","=""0.00000000000025""",,"=""002001.000795""","=""L22715c201""",
He I,"=""1s.12i""","=""3I""","=""7""",15.0,"=""[""","=""24.49291767205344""","=""]""","=""0.00000000000025""",,"=""002001.000820""","=""L22715c201""",
He I,"=""1s.12i""","=""3I""","=""5""",11.0,"=""[""","=""24.49291768239584""","=""]""","=""0.00000000000025""",,"=""002001.000770""","=""L22715c201""",
He I,"=""1s.12i""","=""1I""","=""6""",13.0,"=""[""","=""24.49291769061289""","=""]""","=""0.00000000000025""",,"=""002001.000745""","=""L22715c201""",
He I,"=""1s.12p""","=""1P*""","=""1""",3.0,"=""[""","=""24.493108062951""","=""]""","=""0.000000000007""",,"=""002001.000191""","=""L22715c201""",
He I,"=""1s.13s""","=""3S""","=""1""",3.0,"=""[""","=""24.50308636307""","=""]""","=""0.00000000010""",,"=""002001.000226""","=""L22715c201""",
He I,"=""1s.13s""","=""1S""","=""0""",1.0,"=""[""","=""24.50513227197""","=""]""","=""0.00000000011""",,"=""002001.000201""","=""L22715c201""",
He I,"=""1s.13p""","=""3P*""","=""2""",5.0,"=""[""","=""24.50604111229""","=""]""","=""0.00000000004""",,"=""002001.000321""","=""L22715c201""",
He I,"=""1s.13p""","=""3P*""","=""1""",3.0,"=""[""","=""24.50604114291""","=""]""","=""0.00000000004""",,"=""002001.000296""","=""L22715c201""",
He I,"=""1s.13p""","=""3P*""","=""0""",1.0,"=""[""","=""24.50604151938""","=""]""","=""0.00000000004""",,"=""002001.000271""","=""L22715c201""",
He I,"=""1s.13d""","=""3D""","=""3""",7.0,"=""[""","=""24.506857651803""","=""]""","=""0.000000000004""",,"=""002001.000421""","=""L22715c201""",
He I,"=""1s.13d""","=""3D""","=""2""",5.0,"=""[""","=""24.506857656561""","=""]""","=""0.000000000004""",,"=""002001.000396""","=""L22715c201""",
He I,"=""1s.13d""","=""3D""","=""1""",3.0,"=""[""","=""24.506857723025""","=""]""","=""0.000000000004""",,"=""002001.000371""","=""L22715c201""",
He I,"=""1s.13d""","=""1D""","=""2""",5.0,"=""[""","=""24.5068670518803""","=""]""","=""0.0000000000025""",,"=""002001.000346""","=""L22715c201""",
He I,"=""1s.13f""","=""3F*""","=""3""",7.0,"=""[""","=""24.5068875745580""","=""]""","=""0.0000000000011""",,"=""002001.000496""","=""L22715c201""",
He I,"=""1s.13f""","=""3F*""","=""4""",9.0,"=""[""","=""24.5068875905076""","=""]""","=""0.0000000000005""",,"=""002001.000521""","=""L22715c201""",
He I,"=""1s.13f""","=""3F*""","=""2""",5.0,"=""[""","=""24.5068876215910""","=""]""","=""0.0000000000006""",,"=""002001.000471""","=""L22715c201""",
He I,"=""1s.13f""","=""1F*""","=""3""",7.0,"=""[""","=""24.5068876746984""","=""]""","=""0.0000000000009""",,"=""002001.000446""","=""L22715c201""",
He I,"=""1s.13g""","=""3G""","=""4""",9.0,"=""[""","=""24.5068914680669""","=""]""","=""0.0000000000004""",,"=""002001.000596""","=""L22715c201""",
He I,"=""1s.13g""","=""3G""","=""5""",11.0,"=""[""","=""24.50689148754531""","=""]""","=""0.00000000000025""",,"=""002001.000621""","=""L22715c201""",
He I,"=""1s.13g""","=""3G""","=""3""",7.0,"=""[""","=""24.5068915053084""","=""]""","=""0.0000000000004""",,"=""002001.000571""","=""L22715c201""",
He I,"=""1s.13g""","=""1G""","=""4""",9.0,"=""[""","=""24.50689151733895""","=""]""","=""0.00000000000025""",,"=""002001.000546""","=""L22715c201""",
He I,"=""1s.13h""","=""3H*""","=""5""",11.0,"=""[""","=""24.50689241926746""","=""]""","=""0.00000000000025""",,"=""002001.000696""","=""L22715c201""",
He I,"=""1s.13h""","=""3H*""","=""6""",13.0,"=""[""","=""24.50689243199543""","=""]""","=""0.00000000000025""",,"=""002001.000721""","=""L22715c201""",
He I,"=""1s.13h""","=""3H*""","=""4""",9.0,"=""[""","=""24.50689244354741""","=""]""","=""0.00000000000025""",,"=""002001.000671""","=""L22715c201""",
He I,"=""1s.13h""","=""1H*""","=""5""",11.0,"=""[""","=""24.50689245216853""","=""]""","=""0.00000000000025""",,"=""002001.000646""","=""L22715c201""",
He I,"=""1s.13i""","=""3I""","=""6""",13.0,"=""[""","=""24.50689272850203""","=""]""","=""0.00000000000025""",,"=""002001.000796""","=""L22715c201""",
He I,"=""1s.13i""","=""3I""","=""7""",15.0,"=""[""","=""24.50689273742951""","=""]""","=""0.00000000000025""",,"=""002001.000821""","=""L22715c201""",
He I,"=""1s.13i""","=""3I""","=""5""",11.0,"=""[""","=""24.50689274556400""","=""]""","=""0.00000000000025""",,"=""002001.000771""","=""L22715c201""",
He I,"=""1s.13i""","=""1I""","=""6""",13.0,"=""[""","=""24.50689275202692""","=""]""","=""0.00000000000025""",,"=""002001.000746""","=""L22715c201""",
He I,"=""1s.13p""","=""1P*""","=""1""",3.0,"=""[""","=""24.507042603098""","=""]""","=""0.000000000006""",,"=""002001.000192""","=""L22715c201""",
He I,"=""1s.14s""","=""3S""","=""1""",3.0,"=""[""","=""24.51494192561""","=""]""","=""0.00000000009""",,"=""002001.000227""","=""L22715c201""",
He I,"=""1s.14s""","=""1S""","=""0""",1.0,"=""[""","=""24.51657388180""","=""]""","=""0.00000000009""",,"=""002001.000202""","=""L22715c201""",
He I,"=""1s.14p""","=""3P*""","=""2""",5.0,"=""[""","=""24.51729989469""","=""]""","=""0.00000000003""",,"=""002001.000322""","=""L22715c201""",
He I,"=""1s.14p""","=""3P*""","=""1""",3.0,"=""[""","=""24.51729991916""","=""]""","=""0.00000000003""",,"=""002001.000297""","=""L22715c201""",
He I,"=""1s.14p""","=""3P*""","=""0""",1.0,"=""[""","=""24.51730022015""","=""]""","=""0.00000000003""",,"=""002001.000272""","=""L22715c201""",
He I,"=""1s.14d""","=""3D""","=""3""",7.0,"=""[""","=""24.517953381632""","=""]""","=""0.000000000003""",,"=""002001.000422""","=""L22715c201""",
He I,"=""1s.14d""","=""3D""","=""2""",5.0,"=""[""","=""24.517953385446""","=""]""","=""0.000000000003""",,"=""002001.000397""","=""L22715c201""",
He I,"=""1s.14d""","=""3D""","=""1""",3.0,"=""[""","=""24.517953438655""","=""]""","=""0.000000000003""",,"=""002001.000372""","=""L22715c201""",
He I,"=""1s.14d""","=""1D""","=""2""",5.0,"=""[""","=""24.5179609339738""","=""]""","=""0.0000000000022""",,"=""002001.000347""","=""L22715c201""",
He I,"=""1s.14f""","=""3F*""","=""3""",7.0,"=""[""","=""24.5179773762834""","=""]""","=""0.0000000000010""",,"=""002001.000497""","=""L22715c201""",
He I,"=""1s.14f""","=""3F*""","=""4""",9.0,"=""[""","=""24.5179773889519""","=""]""","=""0.0000000000005""",,"=""002001.000522""","=""L22715c201""",
He I,"=""1s.14f""","=""3F*""","=""2""",5.0,"=""[""","=""24.5179774138384""","=""]""","=""0.0000000000005""",,"=""002001.000472""","=""L22715c201""",
He I,"=""1s.14f""","=""1F*""","=""3""",7.0,"=""[""","=""24.5179774567411""","=""]""","=""0.0000000000009""",,"=""002001.000447""","=""L22715c201""",
He I,"=""1s.14g""","=""3G""","=""4""",9.0,"=""[""","=""24.51798050114187""","=""]""","=""0.00000000000025""",,"=""002001.000597""","=""L22715c201""",
He I,"=""1s.14g""","=""3G""","=""5""",11.0,"=""[""","=""24.51798051673562""","=""]""","=""0.00000000000025""",,"=""002001.000622""","=""L22715c201""",
He I,"=""1s.14g""","=""3G""","=""3""",7.0,"=""[""","=""24.51798053095760""","=""]""","=""0.00000000000025""",,"=""002001.000572""","=""L22715c201""",
He I,"=""1s.14g""","=""1G""","=""4""",9.0,"=""[""","=""24.51798054059179""","=""]""","=""0.00000000000025""",,"=""002001.000547""","=""L22715c201""",
He I,"=""1s.14h""","=""3H*""","=""5""",11.0,"=""[""","=""24.51798126565981""","=""]""","=""0.00000000000025""",,"=""002001.000697""","=""L22715c201""",
He I,"=""1s.14h""","=""3H*""","=""6""",13.0,"=""[""","=""24.51798127585057""","=""]""","=""0.00000000000025""",,"=""002001.000722""","=""L22715c201""",
He I,"=""1s.14h""","=""3H*""","=""4""",9.0,"=""[""","=""24.51798128509967""","=""]""","=""0.00000000000025""",,"=""002001.000672""","=""L22715c201""",
He I,"=""1s.14h""","=""1H*""","=""5""",11.0,"=""[""","=""24.51798129200224""","=""]""","=""0.00000000000025""",,"=""002001.000647""","=""L22715c201""",
He I,"=""1s.14i""","=""3I""","=""6""",13.0,"=""[""","=""24.51798151464203""","=""]""","=""0.00000000000025""",,"=""002001.000797""","=""L22715c201""",
He I,"=""1s.14i""","=""3I""","=""7""",15.0,"=""[""","=""24.51798152178984""","=""]""","=""0.00000000000025""",,"=""002001.000822""","=""L22715c201""",
He I,"=""1s.14i""","=""3I""","=""5""",11.0,"=""[""","=""24.51798152830273""","=""]""","=""0.00000000000025""",,"=""002001.000772""","=""L22715c201""",
He I,"=""1s.14i""","=""1I""","=""6""",13.0,"=""[""","=""24.51798153347746""","=""]""","=""0.00000000000025""",,"=""002001.000747""","=""L22715c201""",
He I,"=""1s.14p""","=""1P*""","=""1""",3.0,"=""[""","=""24.518101588364""","=""]""","=""0.000000000005""",,"=""002001.000193""","=""L22715c201""",
He I,"=""1s.15s""","=""3S""","=""1""",3.0,"=""[""","=""24.52446167530""","=""]""","=""0.00000000007""",,"=""002001.000228""","=""L22715c201""",
He I,"=""1s.15s""","=""1S""","=""0""",1.0,"=""[""","=""24.52578423650""","=""]""","=""0.00000000008""",,"=""002001.000203""","=""L22715c201""",
He I,"=""1s.15p""","=""3P*""","=""2""",5.0,"=""[""","=""24.52637336828""","=""]""","=""0.00000000003""",,"=""002001.000323""","=""L22715c201""",
He I,"=""1s.15p""","=""3P*""","=""1""",3.0,"=""[""","=""24.52637338816""","=""]""","=""0.00000000003""",,"=""002001.000298""","=""L22715c201""",
He I,"=""1s.15p""","=""3P*""","=""0""",1.0,"=""[""","=""24.52637363257""","=""]""","=""0.00000000003""",,"=""002001.000273""","=""L22715c201""",
He I,"=""1s.15d""","=""3D""","=""3""",7.0,"=""[""","=""24.526904474579""","=""]""","=""0.000000000003""",,"=""002001.000423""","=""L22715c201""",
He I,"=""1s.15d""","=""3D""","=""2""",5.0,"=""[""","=""24.526904477683""","=""]""","=""0.000000000003""",,"=""002001.000398""","=""L22715c201""",
He I,"=""1s.15d""","=""3D""","=""1""",3.0,"=""[""","=""24.526904520940""","=""]""","=""0.000000000003""",,"=""002001.000373""","=""L22715c201""",
He I,"=""1s.15d""","=""1D""","=""2""",5.0,"=""[""","=""24.5269106320262""","=""]""","=""0.0000000000020""",,"=""002001.000348""","=""L22715c201""",
He I,"=""1s.15f""","=""3F*""","=""3""",7.0,"=""[""","=""24.5269240072354""","=""]""","=""0.0000000000010""",,"=""002001.000498""","=""L22715c201""",
He I,"=""1s.15f""","=""3F*""","=""4""",9.0,"=""[""","=""24.5269240174689""","=""]""","=""0.0000000000004""",,"=""002001.000523""","=""L22715c201""",
He I,"=""1s.15f""","=""3F*""","=""2""",5.0,"=""[""","=""24.5269240377021""","=""]""","=""0.0000000000005""",,"=""002001.000473""","=""L22715c201""",
He I,"=""1s.15f""","=""1F*""","=""3""",7.0,"=""[""","=""24.5269240728357""","=""]""","=""0.0000000000007""",,"=""002001.000448""","=""L22715c201""",
He I,"=""1s.15g""","=""3G""","=""4""",9.0,"=""[""","=""24.52692655277887""","=""]""","=""0.00000000000025""",,"=""002001.000598""","=""L22715c201""",
He I,"=""1s.15g""","=""3G""","=""5""",11.0,"=""[""","=""24.52692656545589""","=""]""","=""0.00000000000025""",,"=""002001.000623""","=""L22715c201""",
He I,"=""1s.15g""","=""3G""","=""3""",7.0,"=""[""","=""24.52692657701890""","=""]""","=""0.00000000000025""",,"=""002001.000573""","=""L22715c201""",
He I,"=""1s.15g""","=""1G""","=""4""",9.0,"=""[""","=""24.52692658485321""","=""]""","=""0.00000000000025""",,"=""002001.000548""","=""L22715c201""",
He I,"=""1s.15h""","=""3H*""","=""5""",11.0,"=""[""","=""24.52692717628425""","=""]""","=""0.00000000000025""",,"=""002001.000698""","=""L22715c201""",
He I,"=""1s.15h""","=""3H*""","=""6""",13.0,"=""[""","=""24.52692718456974""","=""]""","=""0.00000000000025""",,"=""002001.000723""","=""L22715c201""",
He I,"=""1s.15h""","=""3H*""","=""4""",9.0,"=""[""","=""24.52692719208963""","=""]""","=""0.00000000000025""",,"=""002001.000673""","=""L22715c201""",
He I,"=""1s.15h""","=""1H*""","=""5""",11.0,"=""[""","=""24.52692719770165""","=""]""","=""0.00000000000025""",,"=""002001.000648""","=""L22715c201""",
He I,"=""1s.15i""","=""3I""","=""6""",13.0,"=""[""","=""24.52692737962887""","=""]""","=""0.00000000000025""",,"=""002001.000798""","=""L22715c201""",
He I,"=""1s.15i""","=""3I""","=""7""",15.0,"=""[""","=""24.52692738544026""","=""]""","=""0.00000000000025""",,"=""002001.000823""","=""L22715c201""",
He I,"=""1s.15i""","=""3I""","=""5""",11.0,"=""[""","=""24.52692739073550""","=""]""","=""0.00000000000025""",,"=""002001.000773""","=""L22715c201""",
He I,"=""1s.15i""","=""1I""","=""6""",13.0,"=""[""","=""24.52692739494278""","=""]""","=""0.00000000000025""",,"=""002001.000748""","=""L22715c201""",
He I,"=""1s.15p""","=""1P*""","=""1""",3.0,"=""[""","=""24.527025054182""","=""]""","=""0.000000000004""",,"=""002001.000194""","=""L22715c201""",
He I,"=""1s.16s""","=""3S""","=""1""",3.0,"=""[""","=""24.53222124199""","=""]""","=""0.00000000006""",,"=""002001.000229""","=""L22715c201""",
He I,"=""1s.16s""","=""1S""","=""0""",1.0,"=""[""","=""24.53330793053""","=""]""","=""0.00000000007""",,"=""002001.000204""","=""L22715c201""",
He I,"=""1s.16p""","=""3P*""","=""2""",5.0,"=""[""","=""24.533792549931""","=""]""","=""0.000000000024""",,"=""002001.000324""","=""L22715c201""",
He I,"=""1s.16p""","=""3P*""","=""1""",3.0,"=""[""","=""24.533792566288""","=""]""","=""0.000000000024""",,"=""002001.000299""","=""L22715c201""",
He I,"=""1s.16p""","=""3P*""","=""0""",1.0,"=""[""","=""24.533792767464""","=""]""","=""0.000000000025""",,"=""002001.000274""","=""L22715c201""",
He I,"=""1s.16d""","=""3D""","=""3""",7.0,"=""[""","=""24.534230018546""","=""]""","=""0.000000000003""",,"=""002001.000424""","=""L22715c201""",
He I,"=""1s.16d""","=""3D""","=""2""",5.0,"=""[""","=""24.534230021106""","=""]""","=""0.000000000003""",,"=""002001.000399""","=""L22715c201""",
He I,"=""1s.16d""","=""3D""","=""1""",3.0,"=""[""","=""24.534230056745""","=""]""","=""0.000000000003""",,"=""002001.000374""","=""L22715c201""",
He I,"=""1s.16d""","=""1D""","=""2""",5.0,"=""[""","=""24.5342351036565""","=""]""","=""0.0000000000017""",,"=""002001.000349""","=""L22715c201""",
He I,"=""1s.16f""","=""3F*""","=""3""",7.0,"=""[""","=""24.5342461291987""","=""]""","=""0.0000000000009""",,"=""002001.000499""","=""L22715c201""",
He I,"=""1s.16f""","=""3F*""","=""4""",9.0,"=""[""","=""24.5342461375862""","=""]""","=""0.0000000000004""",,"=""002001.000524""","=""L22715c201""",
He I,"=""1s.16f""","=""3F*""","=""2""",5.0,"=""[""","=""24.5342461542577""","=""]""","=""0.0000000000004""",,"=""002001.000474""","=""L22715c201""",
He I,"=""1s.16f""","=""1F*""","=""3""",7.0,"=""[""","=""24.5342461833777""","=""]""","=""0.0000000000007""",,"=""002001.000449""","=""L22715c201""",
He I,"=""1s.16g""","=""3G""","=""4""",9.0,"=""[""","=""24.53424822997854""","=""]""","=""0.00000000000025""",,"=""002001.000599""","=""L22715c201""",
He I,"=""1s.16g""","=""3G""","=""5""",11.0,"=""[""","=""24.53424824042322""","=""]""","=""0.00000000000025""",,"=""002001.000624""","=""L22715c201""",
He I,"=""1s.16g""","=""3G""","=""3""",7.0,"=""[""","=""24.53424824995078""","=""]""","=""0.00000000000025""",,"=""002001.000574""","=""L22715c201""",
He I,"=""1s.16g""","=""1G""","=""4""",9.0,"=""[""","=""24.53424825640689""","=""]""","=""0.00000000000025""",,"=""002001.000549""","=""L22715c201""",
He I,"=""1s.16h""","=""3H*""","=""5""",11.0,"=""[""","=""24.53424874502849""","=""]""","=""0.00000000000025""",,"=""002001.000699""","=""L22715c201""",
He I,"=""1s.16h""","=""3H*""","=""6""",13.0,"=""[""","=""24.53424875185555""","=""]""","=""0.00000000000025""",,"=""002001.000724""","=""L22715c201""",
He I,"=""1s.16h""","=""3H*""","=""4""",9.0,"=""[""","=""24.53424875805166""","=""]""","=""0.00000000000025""",,"=""002001.000674""","=""L22715c201""",
He I,"=""1s.16h""","=""1H*""","=""5""",11.0,"=""[""","=""24.53424876267590""","=""]""","=""0.00000000000025""",,"=""002001.000649""","=""L22715c201""",
He I,"=""1s.16i""","=""3I""","=""6""",13.0,"=""[""","=""24.53424891319483""","=""]""","=""0.00000000000025""",,"=""002001.000799""","=""L22715c201""",
He I,"=""1s.16i""","=""3I""","=""7""",15.0,"=""[""","=""24.53424891798335""","=""]""","=""0.00000000000025""",,"=""002001.000824""","=""L22715c201""",
He I,"=""1s.16i""","=""3I""","=""5""",11.0,"=""[""","=""24.53424892234647""","=""]""","=""0.00000000000025""",,"=""002001.000774""","=""L22715c201""",
He I,"=""1s.16i""","=""1I""","=""6""",13.0,"=""[""","=""24.53424892581307""","=""]""","=""0.00000000000025""",,"=""002001.000749""","=""L22715c201""",
He I,"=""1s.16p""","=""1P*""","=""1""",3.0,"=""[""","=""24.534329428726""","=""]""","=""0.000000000004""",,"=""002001.000249""","=""L22715c201""",
He I,"=""1s.17s""","=""3S""","=""1""",3.0,"=""[""","=""24.53862926761""","=""]""","=""0.00000000005""",,"=""002001.000230""","=""L22715c201""",
He I,"=""1s.17s""","=""1S""","=""0""",1.0,"=""[""","=""24.53953300075""","=""]""","=""0.00000000006""",,"=""002001.000205""","=""L22715c201""",
He I,"=""1s.17p""","=""3P*""","=""2""",5.0,"=""[""","=""24.539936444217""","=""]""","=""0.000000000021""",,"=""002001.000325""","=""L22715c201""",
He I,"=""1s.17p""","=""3P*""","=""1""",3.0,"=""[""","=""24.539936457840""","=""]""","=""0.000000000021""",,"=""002001.000300""","=""L22715c201""",
He I,"=""1s.17p""","=""3P*""","=""0""",1.0,"=""[""","=""24.539936625406""","=""]""","=""0.000000000021""",,"=""002001.000275""","=""L22715c201""",
He I,"=""1s.17d""","=""3D""","=""3""",7.0,"=""[""","=""24.5403010525758""","=""]""","=""0.0000000000022""",,"=""002001.000425""","=""L22715c201""",
He I,"=""1s.17d""","=""3D""","=""2""",5.0,"=""[""","=""24.5403010547107""","=""]""","=""0.0000000000022""",,"=""002001.000400""","=""L22715c201""",
He I,"=""1s.17d""","=""3D""","=""1""",3.0,"=""[""","=""24.5403010844219""","=""]""","=""0.0000000000022""",,"=""002001.000375""","=""L22715c201""",
He I,"=""1s.17d""","=""1D""","=""2""",5.0,"=""[""","=""24.5403053000247""","=""]""","=""0.0000000000016""",,"=""002001.000350""","=""L22715c201""",
He I,"=""1s.17f""","=""3F*""","=""3""",7.0,"=""[""","=""24.5403144953362""","=""]""","=""0.0000000000009""",,"=""002001.000500""","=""L22715c201""",
He I,"=""1s.17f""","=""3F*""","=""4""",9.0,"=""[""","=""24.5403145022982""","=""]""","=""0.0000000000004""",,"=""002001.000525""","=""L22715c201""",
He I,"=""1s.17f""","=""3F*""","=""2""",5.0,"=""[""","=""24.5403145161971""","=""]""","=""0.0000000000004""",,"=""002001.000475""","=""L22715c201""",
He I,"=""1s.17f""","=""1F*""","=""3""",7.0,"=""[""","=""24.5403145405933""","=""]""","=""0.0000000000006""",,"=""002001.000450""","=""L22715c201""",
He I,"=""1s.17g""","=""3G""","=""4""",9.0,"=""[""","=""24.54031624906159""","=""]""","=""0.00000000000025""",,"=""002001.000600""","=""L22715c201""",
He I,"=""1s.17g""","=""3G""","=""5""",11.0,"=""[""","=""24.54031625776888""","=""]""","=""0.00000000000025""",,"=""002001.000625""","=""L22715c201""",
He I,"=""1s.17g""","=""3G""","=""3""",7.0,"=""[""","=""24.54031626571205""","=""]""","=""0.00000000000025""",,"=""002001.000575""","=""L22715c201""",
He I,"=""1s.17g""","=""1G""","=""4""",9.0,"=""[""","=""24.54031627109507""","=""]""","=""0.00000000000025""",,"=""002001.000550""","=""L22715c201""",
He I,"=""1s.17h""","=""3H*""","=""5""",11.0,"=""[""","=""24.54031667935854""","=""]""","=""0.00000000000025""",,"=""002001.000700""","=""L22715c201""",
He I,"=""1s.17h""","=""3H*""","=""6""",13.0,"=""[""","=""24.54031668505029""","=""]""","=""0.00000000000025""",,"=""002001.000725""","=""L22715c201""",
He I,"=""1s.17h""","=""3H*""","=""4""",9.0,"=""[""","=""24.54031669021609""","=""]""","=""0.00000000000025""",,"=""002001.000675""","=""L22715c201""",
He I,"=""1s.17h""","=""1H*""","=""5""",11.0,"=""[""","=""24.54031669407125""","=""]""","=""0.00000000000025""",,"=""002001.000650""","=""L22715c201""",
He I,"=""1s.17i""","=""3I""","=""6""",13.0,"=""[""","=""24.54031681998514""","=""]""","=""0.00000000000025""",,"=""002001.000800""","=""L22715c201""",
He I,"=""1s.17i""","=""3I""","=""7""",15.0,"=""[""","=""24.54031682397743""","=""]""","=""0.00000000000025""",,"=""002001.000825""","=""L22715c201""",
He I,"=""1s.17i""","=""3I""","=""5""",11.0,"=""[""","=""24.54031682761500""","=""]""","=""0.00000000000025""",,"=""002001.000775""","=""L22715c201""",
He I,"=""1s.17i""","=""1I""","=""6""",13.0,"=""[""","=""24.54031683050508""","=""]""","=""0.00000000000025""",,"=""002001.000750""","=""L22715c201""",
He I,"=""1s.17p""","=""1P*""","=""1""",3.0,"=""[""","=""24.540383970169""","=""]""","=""0.000000000003""",,"=""002001.000250""","=""L22715c201""",
He I,"=""1s.18s""","=""3S""","=""1""",3.0,"=""[""","=""24.54398233732""","=""]""","=""0.00000000004""",,"=""002001.000231""","=""L22715c201""",
He I,"=""1s.18s""","=""1S""","=""0""",1.0,"=""[""","=""24.54474198645""","=""]""","=""0.00000000005""",,"=""002001.000206""","=""L22715c201""",
He I,"=""1s.18p""","=""3P*""","=""2""",5.0,"=""[""","=""24.545081422311""","=""]""","=""0.000000000017""",,"=""002001.000326""","=""L22715c201""",
He I,"=""1s.18p""","=""3P*""","=""1""",3.0,"=""[""","=""24.545081433777""","=""]""","=""0.000000000017""",,"=""002001.000301""","=""L22715c201""",
He I,"=""1s.18p""","=""3P*""","=""0""",1.0,"=""[""","=""24.545081574822""","=""]""","=""0.000000000019""",,"=""002001.000276""","=""L22715c201""",
He I,"=""1s.18d""","=""3D""","=""3""",7.0,"=""[""","=""24.5453884907962""","=""]""","=""0.0000000000020""",,"=""002001.000426""","=""L22715c201""",
He I,"=""1s.18d""","=""3D""","=""2""",5.0,"=""[""","=""24.5453884925955""","=""]""","=""0.0000000000020""",,"=""002001.000401""","=""L22715c201""",
He I,"=""1s.18d""","=""3D""","=""1""",3.0,"=""[""","=""24.5453885176235""","=""]""","=""0.0000000000020""",,"=""002001.000376""","=""L22715c201""",
He I,"=""1s.18d""","=""1D""","=""2""",5.0,"=""[""","=""24.5453920745509""","=""]""","=""0.0000000000014""",,"=""002001.000351""","=""L22715c201""",
He I,"=""1s.18f""","=""3F*""","=""3""",7.0,"=""[""","=""24.5453998231606""","=""]""","=""0.0000000000007""",,"=""002001.000501""","=""L22715c201""",
He I,"=""1s.18f""","=""3F*""","=""4""",9.0,"=""[""","=""24.54539982900393""","=""]""","=""0.00000000000025""",,"=""002001.000526""","=""L22715c201""",
He I,"=""1s.18f""","=""3F*""","=""2""",5.0,"=""[""","=""24.5453998407124""","=""]""","=""0.0000000000004""",,"=""002001.000476""","=""L22715c201""",
He I,"=""1s.18f""","=""1F*""","=""3""",7.0,"=""[""","=""24.5453998613483""","=""]""","=""0.0000000000006""",,"=""002001.000451""","=""L22715c201""",
He I,"=""1s.18g""","=""3G""","=""4""",9.0,"=""[""","=""24.54540130215355""","=""]""","=""0.00000000000025""",,"=""002001.000601""","=""L22715c201""",
He I,"=""1s.18g""","=""3G""","=""5""",11.0,"=""[""","=""24.54540130948846""","=""]""","=""0.00000000000025""",,"=""002001.000626""","=""L22715c201""",
He I,"=""1s.18g""","=""3G""","=""3""",7.0,"=""[""","=""24.54540131617989""","=""]""","=""0.00000000000025""",,"=""002001.000576""","=""L22715c201""",
He I,"=""1s.18g""","=""1G""","=""4""",9.0,"=""[""","=""24.54540132071510""","=""]""","=""0.00000000000025""",,"=""002001.000551""","=""L22715c201""",
He I,"=""1s.18h""","=""3H*""","=""5""",11.0,"=""[""","=""24.54540166527773""","=""]""","=""0.00000000000025""",,"=""002001.000701""","=""L22715c201""",
He I,"=""1s.18h""","=""3H*""","=""6""",13.0,"=""[""","=""24.54540167007257""","=""]""","=""0.00000000000025""",,"=""002001.000726""","=""L22715c201""",
He I,"=""1s.18h""","=""3H*""","=""4""",9.0,"=""[""","=""24.54540167442429""","=""]""","=""0.00000000000025""",,"=""002001.000676""","=""L22715c201""",
He I,"=""1s.18h""","=""1H*""","=""5""",11.0,"=""[""","=""24.54540167767194""","=""]""","=""0.00000000000025""",,"=""002001.000651""","=""L22715c201""",
He I,"=""1s.18i""","=""3I""","=""6""",13.0,"=""[""","=""24.54540178404480""","=""]""","=""0.00000000000025""",,"=""002001.000801""","=""L22715c201""",
He I,"=""1s.18i""","=""3I""","=""7""",15.0,"=""[""","=""24.54540178740787""","=""]""","=""0.00000000000025""",,"=""002001.000826""","=""L22715c201""",
He I,"=""1s.18i""","=""3I""","=""5""",11.0,"=""[""","=""24.54540179047227""","=""]""","=""0.00000000000025""",,"=""002001.000776""","=""L22715c201""",
He I,"=""1s.18i""","=""1I""","=""6""",13.0,"=""[""","=""24.54540179290694""","=""]""","=""0.00000000000025""",,"=""002001.000751""","=""L22715c201""",
He I,"=""1s.18p""","=""1P*""","=""1""",3.0,"=""[""","=""24.545458369802""","=""]""","=""0.000000000003""",,"=""002001.000251""","=""L22715c201""",
He I,"=""1s.19s""","=""3S""","=""1""",3.0,"=""[""","=""24.54849992895""","=""]""","=""0.00000000004""",,"=""002001.000232""","=""L22715c201""",
He I,"=""1s.19s""","=""1S""","=""0""",1.0,"=""[""","=""24.54914456634""","=""]""","=""0.00000000004""",,"=""002001.000207""","=""L22715c201""",
He I,"=""1s.19p""","=""3P*""","=""2""",5.0,"=""[""","=""24.549432852684""","=""]""","=""0.000000000015""",,"=""002001.000327""","=""L22715c201""",
He I,"=""1s.19p""","=""3P*""","=""1""",3.0,"=""[""","=""24.549432862427""","=""]""","=""0.000000000015""",,"=""002001.000302""","=""L22715c201""",
He I,"=""1s.19p""","=""3P*""","=""0""",1.0,"=""[""","=""24.549432982268""","=""]""","=""0.000000000016""",,"=""002001.000277""","=""L22715c201""",
He I,"=""1s.19d""","=""3D""","=""3""",7.0,"=""[""","=""24.5496938778988""","=""]""","=""0.0000000000017""",,"=""002001.000427""","=""L22715c201""",
He I,"=""1s.19d""","=""3D""","=""2""",5.0,"=""[""","=""24.5496938794294""","=""]""","=""0.0000000000017""",,"=""002001.000402""","=""L22715c201""",
He I,"=""1s.19d""","=""3D""","=""1""",3.0,"=""[""","=""24.5496939007088""","=""]""","=""0.0000000000017""",,"=""002001.000377""","=""L22715c201""",
He I,"=""1s.19d""","=""1D""","=""2""",5.0,"=""[""","=""24.5496969290929""","=""]""","=""0.0000000000012""",,"=""002001.000352""","=""L22715c201""",
He I,"=""1s.19f""","=""3F*""","=""3""",7.0,"=""[""","=""24.5497035191411""","=""]""","=""0.0000000000006""",,"=""002001.000502""","=""L22715c201""",
He I,"=""1s.19f""","=""3F*""","=""4""",9.0,"=""[""","=""24.54970352409401""","=""]""","=""0.00000000000025""",,"=""002001.000527""","=""L22715c201""",
He I,"=""1s.19f""","=""3F*""","=""2""",5.0,"=""[""","=""24.54970353404932""","=""]""","=""0.00000000000025""",,"=""002001.000477""","=""L22715c201""",
He I,"=""1s.19f""","=""1F*""","=""3""",7.0,"=""[""","=""24.5497035516561""","=""]""","=""0.0000000000005""",,"=""002001.000452""","=""L22715c201""",
He I,"=""1s.19g""","=""3G""","=""4""",9.0,"=""[""","=""24.54970477784814""","=""]""","=""0.00000000000025""",,"=""002001.000602""","=""L22715c201""",
He I,"=""1s.19g""","=""3G""","=""5""",11.0,"=""[""","=""24.54970478408442""","=""]""","=""0.00000000000025""",,"=""002001.000627""","=""L22715c201""",
He I,"=""1s.19g""","=""3G""","=""3""",7.0,"=""[""","=""24.54970478977393""","=""]""","=""0.00000000000025""",,"=""002001.000577""","=""L22715c201""",
He I,"=""1s.19g""","=""1G""","=""4""",9.0,"=""[""","=""24.54970479363046""","=""]""","=""0.00000000000025""",,"=""002001.000552""","=""L22715c201""",
He I,"=""1s.19h""","=""3H*""","=""5""",11.0,"=""[""","=""24.54970508705692""","=""]""","=""0.00000000000025""",,"=""002001.000702""","=""L22715c201""",
He I,"=""1s.19h""","=""3H*""","=""6""",13.0,"=""[""","=""24.54970509113377""","=""]""","=""0.00000000000025""",,"=""002001.000727""","=""L22715c201""",
He I,"=""1s.19h""","=""3H*""","=""4""",9.0,"=""[""","=""24.54970509483395""","=""]""","=""0.00000000000025""",,"=""002001.000677""","=""L22715c201""",
He I,"=""1s.19h""","=""1H*""","=""5""",11.0,"=""[""","=""24.54970509759533""","=""]""","=""0.00000000000025""",,"=""002001.000652""","=""L22715c201""",
He I,"=""1s.19i""","=""3I""","=""6""",13.0,"=""[""","=""24.54970518825704""","=""]""","=""0.00000000000025""",,"=""002001.000802""","=""L22715c201""",
He I,"=""1s.19i""","=""3I""","=""7""",15.0,"=""[""","=""24.54970519111661""","=""]""","=""0.00000000000025""",,"=""002001.000827""","=""L22715c201""",
He I,"=""1s.19i""","=""3I""","=""5""",11.0,"=""[""","=""24.54970519372214""","=""]""","=""0.00000000000025""",,"=""002001.000777""","=""L22715c201""",
He I,"=""1s.19i""","=""1I""","=""6""",13.0,"=""[""","=""24.54970519579230""","=""]""","=""0.00000000000025""",,"=""002001.000752""","=""L22715c201""",
He I,"=""1s.19p""","=""1P*""","=""1""",3.0,"=""[""","=""24.5497533137915""","=""]""","=""0.0000000000025""",,"=""002001.000252""","=""L22715c201""",
He I,"=""1s.20s""","=""3S""","=""1""",3.0,"=""[""","=""24.55234727581""","=""]""","=""0.00000000003""",,"=""002001.000233""","=""L22715c201""",
He I,"=""1s.20s""","=""1S""","=""0""",1.0,"=""[""","=""24.55289899570""","=""]""","=""0.00000000004""",,"=""002001.000208""","=""L22715c201""",
He I,"=""1s.20p""","=""3P*""","=""2""",5.0,"=""[""","=""24.553145916683""","=""]""","=""0.000000000014""",,"=""002001.000328""","=""L22715c201""",
He I,"=""1s.20p""","=""3P*""","=""1""",3.0,"=""[""","=""24.553145925030""","=""]""","=""0.000000000014""",,"=""002001.000303""","=""L22715c201""",
He I,"=""1s.20p""","=""3P*""","=""0""",1.0,"=""[""","=""24.553146027712""","=""]""","=""0.000000000014""",,"=""002001.000278""","=""L22715c201""",
He I,"=""1s.20d""","=""3D""","=""3""",7.0,"=""[""","=""24.5533696617467""","=""]""","=""0.0000000000016""",,"=""002001.000428""","=""L22715c201""",
He I,"=""1s.20d""","=""3D""","=""2""",5.0,"=""[""","=""24.5533696630594""","=""]""","=""0.0000000000016""",,"=""002001.000403""","=""L22715c201""",
He I,"=""1s.20d""","=""3D""","=""1""",3.0,"=""[""","=""24.5533696813030""","=""]""","=""0.0000000000016""",,"=""002001.000378""","=""L22715c201""",
He I,"=""1s.20d""","=""1D""","=""2""",5.0,"=""[""","=""24.5533722807159""","=""]""","=""0.0000000000011""",,"=""002001.000353""","=""L22715c201""",
He I,"=""1s.20f""","=""3F*""","=""3""",7.0,"=""[""","=""24.5533779320559""","=""]""","=""0.0000000000006""",,"=""002001.000503""","=""L22715c201""",
He I,"=""1s.20f""","=""3F*""","=""4""",9.0,"=""[""","=""24.55337793629091""","=""]""","=""0.00000000000025""",,"=""002001.000528""","=""L22715c201""",
He I,"=""1s.20f""","=""3F*""","=""2""",5.0,"=""[""","=""24.55337794482623""","=""]""","=""0.00000000000025""",,"=""002001.000478""","=""L22715c201""",
He I,"=""1s.20f""","=""1F*""","=""3""",7.0,"=""[""","=""24.5533779599663""","=""]""","=""0.0000000000005""",,"=""002001.000453""","=""L22715c201""",
He I,"=""1s.20g""","=""3G""","=""4""",9.0,"=""[""","=""24.55337901209176""","=""]""","=""0.00000000000025""",,"=""002001.000603""","=""L22715c201""",
He I,"=""1s.20g""","=""3G""","=""5""",11.0,"=""[""","=""24.55337901743833""","=""]""","=""0.00000000000025""",,"=""002001.000628""","=""L22715c201""",
He I,"=""1s.20g""","=""3G""","=""3""",7.0,"=""[""","=""24.55337902231636""","=""]""","=""0.00000000000025""",,"=""002001.000578""","=""L22715c201""",
He I,"=""1s.20g""","=""1G""","=""4""",9.0,"=""[""","=""24.55337902562314""","=""]""","=""0.00000000000025""",,"=""002001.000553""","=""L22715c201""",
He I,"=""1s.20h""","=""3H*""","=""5""",11.0,"=""[""","=""24.55337927753287""","=""]""","=""0.00000000000025""",,"=""002001.000703""","=""L22715c201""",
He I,"=""1s.20h""","=""3H*""","=""6""",13.0,"=""[""","=""24.55337928102836""","=""]""","=""0.00000000000025""",,"=""002001.000728""","=""L22715c201""",
He I,"=""1s.20h""","=""3H*""","=""4""",9.0,"=""[""","=""24.55337928420074""","=""]""","=""0.00000000000025""",,"=""002001.000678""","=""L22715c201""",
He I,"=""1s.20h""","=""1H*""","=""5""",11.0,"=""[""","=""24.55337928656834""","=""]""","=""0.00000000000025""",,"=""002001.000653""","=""L22715c201""",
He I,"=""1s.20i""","=""3I""","=""6""",13.0,"=""[""","=""24.55337936445745""","=""]""","=""0.00000000000025""",,"=""002001.000803""","=""L22715c201""",
He I,"=""1s.20i""","=""3I""","=""7""",15.0,"=""[""","=""24.55337936690924""","=""]""","=""0.00000000000025""",,"=""002001.000828""","=""L22715c201""",
He I,"=""1s.20i""","=""3I""","=""5""",11.0,"=""[""","=""24.55337936914306""","=""]""","=""0.00000000000025""",,"=""002001.000778""","=""L22715c201""",
He I,"=""1s.20i""","=""1I""","=""6""",13.0,"=""[""","=""24.55337937091802""","=""]""","=""0.00000000000025""",,"=""002001.000753""","=""L22715c201""",
He I,"=""1s.20p""","=""1P*""","=""1""",3.0,"=""[""","=""24.5534206352452""","=""]""","=""0.0000000000021""",,"=""002001.000253""","=""L22715c201""",
He I,"=""1s.21s""","=""3S""","=""1""",3.0,"=""[""","=""24.55565069436""","=""]""","=""0.00000000003""",,"=""002001.000234""","=""L22715c201""",
He I,"=""1s.21s""","=""1S""","=""0""",1.0,"=""[""","=""24.55612653018""","=""]""","=""0.00000000003""",,"=""002001.000209""","=""L22715c201""",
He I,"=""1s.21p""","=""3P*""","=""2""",5.0,"=""[""","=""24.556339637531""","=""]""","=""0.000000000012""",,"=""002001.000329""","=""L22715c201""",
He I,"=""1s.21p""","=""3P*""","=""1""",3.0,"=""[""","=""24.556339644738""","=""]""","=""0.000000000012""",,"=""002001.000304""","=""L22715c201""",
He I,"=""1s.21p""","=""3P*""","=""0""",1.0,"=""[""","=""24.556339733387""","=""]""","=""0.000000000012""",,"=""002001.000279""","=""L22715c201""",
He I,"=""1s.21d""","=""3D""","=""3""",7.0,"=""[""","=""24.5565328762861""","=""]""","=""0.0000000000014""",,"=""002001.000429""","=""L22715c201""",
He I,"=""1s.21d""","=""3D""","=""2""",5.0,"=""[""","=""24.5565328774206""","=""]""","=""0.0000000000014""",,"=""002001.000404""","=""L22715c201""",
He I,"=""1s.21d""","=""3D""","=""1""",3.0,"=""[""","=""24.5565328931795""","=""]""","=""0.0000000000014""",,"=""002001.000379""","=""L22715c201""",
He I,"=""1s.21d""","=""1D""","=""2""",5.0,"=""[""","=""24.5565351408426""","=""]""","=""0.0000000000010""",,"=""002001.000354""","=""L22715c201""",
He I,"=""1s.21f""","=""3F*""","=""3""",7.0,"=""[""","=""24.5565400235702""","=""]""","=""0.0000000000005""",,"=""002001.000504""","=""L22715c201""",
He I,"=""1s.21f""","=""3F*""","=""4""",9.0,"=""[""","=""24.55654002722019""","=""]""","=""0.00000000000025""",,"=""002001.000529""","=""L22715c201""",
He I,"=""1s.21f""","=""3F*""","=""2""",5.0,"=""[""","=""24.55654003459341""","=""]""","=""0.00000000000025""",,"=""002001.000479""","=""L22715c201""",
He I,"=""1s.21f""","=""1F*""","=""3""",7.0,"=""[""","=""24.5565400477051""","=""]""","=""0.0000000000005""",,"=""002001.000454""","=""L22715c201""",
He I,"=""1s.21g""","=""3G""","=""4""",9.0,"=""[""","=""24.55654095717917""","=""]""","=""0.00000000000025""",,"=""002001.000604""","=""L22715c201""",
He I,"=""1s.21g""","=""3G""","=""5""",11.0,"=""[""","=""24.55654096179770""","=""]""","=""0.00000000000025""",,"=""002001.000629""","=""L22715c201""",
He I,"=""1s.21g""","=""3G""","=""3""",7.0,"=""[""","=""24.55654096601155""","=""]""","=""0.00000000000025""",,"=""002001.000579""","=""L22715c201""",
He I,"=""1s.21g""","=""1G""","=""4""",9.0,"=""[""","=""24.55654096886802""","=""]""","=""0.00000000000025""",,"=""002001.000554""","=""L22715c201""",
He I,"=""1s.21h""","=""3H*""","=""5""",11.0,"=""[""","=""24.55654118672500""","=""]""","=""0.00000000000025""",,"=""002001.000704""","=""L22715c201""",
He I,"=""1s.21h""","=""3H*""","=""6""",13.0,"=""[""","=""24.55654118974451""","=""]""","=""0.00000000000025""",,"=""002001.000729""","=""L22715c201""",
He I,"=""1s.21h""","=""3H*""","=""4""",9.0,"=""[""","=""24.55654119248506""","=""]""","=""0.00000000000025""",,"=""002001.000679""","=""L22715c201""",
He I,"=""1s.21h""","=""1H*""","=""5""",11.0,"=""[""","=""24.55654119453030""","=""]""","=""0.00000000000025""",,"=""002001.000654""","=""L22715c201""",
He I,"=""1s.21i""","=""3I""","=""6""",13.0,"=""[""","=""24.55654126193121""","=""]""","=""0.00000000000025""",,"=""002001.000804""","=""L22715c201""",
He I,"=""1s.21i""","=""3I""","=""7""",15.0,"=""[""","=""24.55654126404923""","=""]""","=""0.00000000000025""",,"=""002001.000829""","=""L22715c201""",
He I,"=""1s.21i""","=""3I""","=""5""",11.0,"=""[""","=""24.55654126597905""","=""]""","=""0.00000000000025""",,"=""002001.000779""","=""L22715c201""",
He I,"=""1s.21i""","=""1I""","=""6""",13.0,"=""[""","=""24.55654126751224""","=""]""","=""0.00000000000025""",,"=""002001.000754""","=""L22715c201""",
He I,"=""1s.21p""","=""1P*""","=""1""",3.0,"=""[""","=""24.5565769200690""","=""]""","=""0.0000000000019""",,"=""002001.000254""","=""L22715c201""",
He I,"=""1s.22s""","=""3S""","=""1""",3.0,"=""[""","=""24.55850808692""","=""]""","=""0.00000000003""",,"=""002001.000235""","=""L22715c201""",
He I,"=""1s.22s""","=""1S""","=""0""",1.0,"=""[""","=""24.55892134105""","=""]""","=""0.00000000003""",,"=""002001.000210""","=""L22715c201""",
He I,"=""1s.22p""","=""3P*""","=""2""",5.0,"=""[""","=""24.559106538582""","=""]""","=""0.000000000011""",,"=""002001.000330""","=""L22715c201""",
He I,"=""1s.22p""","=""3P*""","=""1""",3.0,"=""[""","=""24.559106544847""","=""]""","=""0.000000000010""",,"=""002001.000305""","=""L22715c201""",
He I,"=""1s.22p""","=""3P*""","=""0""",1.0,"=""[""","=""24.559106621908""","=""]""","=""0.000000000011""",,"=""002001.000280""","=""L22715c201""",
He I,"=""1s.22d""","=""3D""","=""3""",7.0,"=""[""","=""24.5592745737552""","=""]""","=""0.0000000000012""",,"=""002001.000430""","=""L22715c201""",
He I,"=""1s.22d""","=""3D""","=""2""",5.0,"=""[""","=""24.5592745747420""","=""]""","=""0.0000000000012""",,"=""002001.000405""","=""L22715c201""",
He I,"=""1s.22d""","=""3D""","=""1""",3.0,"=""[""","=""24.5592745884477""","=""]""","=""0.0000000000012""",,"=""002001.000380""","=""L22715c201""",
He I,"=""1s.22d""","=""1D""","=""2""",5.0,"=""[""","=""24.5592765449833""","=""]""","=""0.0000000000009""",,"=""002001.000355""","=""L22715c201""",
He I,"=""1s.22f""","=""3F*""","=""3""",7.0,"=""[""","=""24.5592807923584""","=""]""","=""0.0000000000005""",,"=""002001.000505""","=""L22715c201""",
He I,"=""1s.22f""","=""3F*""","=""4""",9.0,"=""[""","=""24.55928079552667""","=""]""","=""0.00000000000025""",,"=""002001.000530""","=""L22715c201""",
He I,"=""1s.22f""","=""3F*""","=""2""",5.0,"=""[""","=""24.55928080193925""","=""]""","=""0.00000000000025""",,"=""002001.000480""","=""L22715c201""",
He I,"=""1s.22f""","=""1F*""","=""3""",7.0,"=""[""","=""24.5592808133681""","=""]""","=""0.0000000000004""",,"=""002001.000455""","=""L22715c201""",
He I,"=""1s.22g""","=""3G""","=""4""",9.0,"=""[""","=""24.55928160483365""","=""]""","=""0.00000000000025""",,"=""002001.000605""","=""L22715c201""",
He I,"=""1s.22g""","=""3G""","=""5""",11.0,"=""[""","=""24.55928160885036""","=""]""","=""0.00000000000025""",,"=""002001.000630""","=""L22715c201""",
He I,"=""1s.22g""","=""3G""","=""3""",7.0,"=""[""","=""24.55928161251521""","=""]""","=""0.00000000000025""",,"=""002001.000580""","=""L22715c201""",
He I,"=""1s.22g""","=""1G""","=""4""",9.0,"=""[""","=""24.55928161499998""","=""]""","=""0.00000000000025""",,"=""002001.000555""","=""L22715c201""",
He I,"=""1s.22h""","=""3H*""","=""5""",11.0,"=""[""","=""24.55928180466580""","=""]""","=""0.00000000000025""",,"=""002001.000705""","=""L22715c201""",
He I,"=""1s.22h""","=""3H*""","=""6""",13.0,"=""[""","=""24.55928180729191""","=""]""","=""0.00000000000025""",,"=""002001.000730""","=""L22715c201""",
He I,"=""1s.22h""","=""3H*""","=""4""",9.0,"=""[""","=""24.55928180967538""","=""]""","=""0.00000000000025""",,"=""002001.000680""","=""L22715c201""",
He I,"=""1s.22h""","=""1H*""","=""5""",11.0,"=""[""","=""24.55928181145418""","=""]""","=""0.00000000000025""",,"=""002001.000655""","=""L22715c201""",
He I,"=""1s.22i""","=""3I""","=""6""",13.0,"=""[""","=""24.55928187016429""","=""]""","=""0.00000000000025""",,"=""002001.000805""","=""L22715c201""",
He I,"=""1s.22i""","=""3I""","=""7""",15.0,"=""[""","=""24.55928187200633""","=""]""","=""0.00000000000025""",,"=""002001.000830""","=""L22715c201""",
He I,"=""1s.22i""","=""3I""","=""5""",11.0,"=""[""","=""24.55928187368470""","=""]""","=""0.00000000000025""",,"=""002001.000780""","=""L22715c201""",
He I,"=""1s.22i""","=""1I""","=""6""",13.0,"=""[""","=""24.55928187501828""","=""]""","=""0.00000000000025""",,"=""002001.000755""","=""L22715c201""",
He I,"=""1s.22p""","=""1P*""","=""1""",3.0,"=""[""","=""24.5593128887423""","=""]""","=""0.0000000000016""",,"=""002001.000255""","=""L22715c201""",
He I,"=""1s.23s""","=""3S""","=""1""",3.0,"=""[""","=""24.560996280408""","=""]""","=""0.000000000022""",,"=""002001.000236""","=""L22715c201""",
He I,"=""1s.23s""","=""1S""","=""0""",1.0,"=""[""","=""24.56135746346""","=""]""","=""0.00000000003""",,"=""002001.000211""","=""L22715c201""",
He I,"=""1s.23p""","=""3P*""","=""2""",5.0,"=""[""","=""24.561519420492""","=""]""","=""0.000000000009""",,"=""002001.000331""","=""L22715c201""",
He I,"=""1s.23p""","=""3P*""","=""1""",3.0,"=""[""","=""24.561519425972""","=""]""","=""0.000000000009""",,"=""002001.000306""","=""L22715c201""",
He I,"=""1s.23p""","=""3P*""","=""0""",1.0,"=""[""","=""24.561519493381""","=""]""","=""0.000000000010""",,"=""002001.000281""","=""L22715c201""",
He I,"=""1s.23d""","=""3D""","=""3""",7.0,"=""[""","=""24.5616664509983""","=""]""","=""0.0000000000011""",,"=""002001.000431""","=""L22715c201""",
He I,"=""1s.23d""","=""3D""","=""2""",5.0,"=""[""","=""24.5616664518621""","=""]""","=""0.0000000000011""",,"=""002001.000406""","=""L22715c201""",
He I,"=""1s.23d""","=""3D""","=""1""",3.0,"=""[""","=""24.5616664638563""","=""]""","=""0.0000000000011""",,"=""002001.000381""","=""L22715c201""",
He I,"=""1s.23d""","=""1D""","=""2""",5.0,"=""[""","=""24.5616681773862""","=""]""","=""0.0000000000007""",,"=""002001.000356""","=""L22715c201""",
He I,"=""1s.23f""","=""3F*""","=""3""",7.0,"=""[""","=""24.5616718950023""","=""]""","=""0.0000000000005""",,"=""002001.000506""","=""L22715c201""",
He I,"=""1s.23f""","=""3F*""","=""4""",9.0,"=""[""","=""24.56167189777009""","=""]""","=""0.00000000000025""",,"=""002001.000531""","=""L22715c201""",
He I,"=""1s.23f""","=""3F*""","=""2""",5.0,"=""[""","=""24.56167190338211""","=""]""","=""0.00000000000025""",,"=""002001.000481""","=""L22715c201""",
He I,"=""1s.23f""","=""1F*""","=""3""",7.0,"=""[""","=""24.5616719134033""","=""]""","=""0.0000000000004""",,"=""002001.000456""","=""L22715c201""",
He I,"=""1s.23g""","=""3G""","=""4""",9.0,"=""[""","=""24.56167260640773""","=""]""","=""0.00000000000025""",,"=""002001.000606""","=""L22715c201""",
He I,"=""1s.23g""","=""3G""","=""5""",11.0,"=""[""","=""24.56167260992293""","=""]""","=""0.00000000000025""",,"=""002001.000631""","=""L22715c201""",
He I,"=""1s.23g""","=""3G""","=""3""",7.0,"=""[""","=""24.56167261313027""","=""]""","=""0.00000000000025""",,"=""002001.000581""","=""L22715c201""",
He I,"=""1s.23g""","=""1G""","=""4""",9.0,"=""[""","=""24.56167261530483""","=""]""","=""0.00000000000025""",,"=""002001.000556""","=""L22715c201""",
He I,"=""1s.23h""","=""3H*""","=""5""",11.0,"=""[""","=""24.56167278143424""","=""]""","=""0.00000000000025""",,"=""002001.000706""","=""L22715c201""",
He I,"=""1s.23h""","=""3H*""","=""6""",13.0,"=""[""","=""24.56167278373253""","=""]""","=""0.00000000000025""",,"=""002001.000731""","=""L22715c201""",
He I,"=""1s.23h""","=""3H*""","=""4""",9.0,"=""[""","=""24.56167278581844""","=""]""","=""0.00000000000025""",,"=""002001.000681""","=""L22715c201""",
He I,"=""1s.23h""","=""1H*""","=""5""",11.0,"=""[""","=""24.56167278737518""","=""]""","=""0.00000000000025""",,"=""002001.000656""","=""L22715c201""",
He I,"=""1s.23i""","=""3I""","=""6""",13.0,"=""[""","=""24.56167283882329""","=""]""","=""0.00000000000025""",,"=""002001.000806""","=""L22715c201""",
He I,"=""1s.23i""","=""3I""","=""7""",15.0,"=""[""","=""24.56167284043534""","=""]""","=""0.00000000000025""",,"=""002001.000831""","=""L22715c201""",
He I,"=""1s.23i""","=""3I""","=""5""",11.0,"=""[""","=""24.56167284190418""","=""]""","=""0.00000000000025""",,"=""002001.000781""","=""L22715c201""",
He I,"=""1s.23i""","=""1I""","=""6""",13.0,"=""[""","=""24.56167284307112""","=""]""","=""0.00000000000025""",,"=""002001.000756""","=""L22715c201""",
He I,"=""1s.23p""","=""1P*""","=""1""",3.0,"=""[""","=""24.5616999889025""","=""]""","=""0.0000000000015""",,"=""002001.000256""","=""L22715c201""",
He I,"=""1s.24s""","=""3S""","=""1""",3.0,"=""[""","=""24.563176245141""","=""]""","=""0.000000000020""",,"=""002001.000237""","=""L22715c201""",
He I,"=""1s.24s""","=""1S""","=""0""",1.0,"=""[""","=""24.563493750576""","=""]""","=""0.000000000024""",,"=""002001.000212""","=""L22715c201""",
He I,"=""1s.24p""","=""3P*""","=""2""",5.0,"=""[""","=""24.563636199254""","=""]""","=""0.000000000008""",,"=""002001.000332""","=""L22715c201""",
He I,"=""1s.24p""","=""3P*""","=""1""",3.0,"=""[""","=""24.563636204075""","=""]""","=""0.000000000008""",,"=""002001.000307""","=""L22715c201""",
He I,"=""1s.24p""","=""3P*""","=""0""",1.0,"=""[""","=""24.563636263378""","=""]""","=""0.000000000009""",,"=""002001.000282""","=""L22715c201""",
He I,"=""1s.24d""","=""3D""","=""3""",7.0,"=""[""","=""24.5637655848143""","=""]""","=""0.0000000000010""",,"=""002001.000432""","=""L22715c201""",
He I,"=""1s.24d""","=""3D""","=""2""",5.0,"=""[""","=""24.5637655855747""","=""]""","=""0.0000000000010""",,"=""002001.000407""","=""L22715c201""",
He I,"=""1s.24d""","=""3D""","=""1""",3.0,"=""[""","=""24.5637655961309""","=""]""","=""0.0000000000010""",,"=""002001.000382""","=""L22715c201""",
He I,"=""1s.24d""","=""1D""","=""2""",5.0,"=""[""","=""24.5637671052423""","=""]""","=""0.0000000000007""",,"=""002001.000357""","=""L22715c201""",
He I,"=""1s.24f""","=""3F*""","=""3""",7.0,"=""[""","=""24.5637703776417""","=""]""","=""0.0000000000004""",,"=""002001.000507""","=""L22715c201""",
He I,"=""1s.24f""","=""3F*""","=""4""",9.0,"=""[""","=""24.56377038007413""","=""]""","=""0.00000000000025""",,"=""002001.000532""","=""L22715c201""",
He I,"=""1s.24f""","=""3F*""","=""2""",5.0,"=""[""","=""24.56377038501341""","=""]""","=""0.00000000000025""",,"=""002001.000482""","=""L22715c201""",
He I,"=""1s.24f""","=""1F*""","=""3""",7.0,"=""[""","=""24.5637703938482""","=""]""","=""0.0000000000004""",,"=""002001.000457""","=""L22715c201""",
He I,"=""1s.24g""","=""3G""","=""4""",9.0,"=""[""","=""24.56377100405684""","=""]""","=""0.00000000000025""",,"=""002001.000607""","=""L22715c201""",
He I,"=""1s.24g""","=""3G""","=""5""",11.0,"=""[""","=""24.56377100715062""","=""]""","=""0.00000000000025""",,"=""002001.000632""","=""L22715c201""",
He I,"=""1s.24g""","=""3G""","=""3""",7.0,"=""[""","=""24.56377100997349""","=""]""","=""0.00000000000025""",,"=""002001.000582""","=""L22715c201""",
He I,"=""1s.24g""","=""1G""","=""4""",9.0,"=""[""","=""24.56377101188744""","=""]""","=""0.00000000000025""",,"=""002001.000557""","=""L22715c201""",
He I,"=""1s.24h""","=""3H*""","=""5""",11.0,"=""[""","=""24.56377115821408""","=""]""","=""0.00000000000025""",,"=""002001.000707""","=""L22715c201""",
He I,"=""1s.24h""","=""3H*""","=""6""",13.0,"=""[""","=""24.56377116023689""","=""]""","=""0.00000000000025""",,"=""002001.000732""","=""L22715c201""",
He I,"=""1s.24h""","=""3H*""","=""4""",9.0,"=""[""","=""24.56377116207272""","=""]""","=""0.00000000000025""",,"=""002001.000682""","=""L22715c201""",
He I,"=""1s.24h""","=""1H*""","=""5""",11.0,"=""[""","=""24.56377116344287""","=""]""","=""0.00000000000025""",,"=""002001.000657""","=""L22715c201""",
He I,"=""1s.24i""","=""3I""","=""6""",13.0,"=""[""","=""24.56377120877645""","=""]""","=""0.00000000000025""",,"=""002001.000807""","=""L22715c201""",
He I,"=""1s.24i""","=""3I""","=""7""",15.0,"=""[""","=""24.56377121019533""","=""]""","=""0.00000000000025""",,"=""002001.000832""","=""L22715c201""",
He I,"=""1s.24i""","=""3I""","=""5""",11.0,"=""[""","=""24.56377121148811""","=""]""","=""0.00000000000025""",,"=""002001.000782""","=""L22715c201""",
He I,"=""1s.24i""","=""1I""","=""6""",13.0,"=""[""","=""24.56377121251520""","=""]""","=""0.00000000000025""",,"=""002001.000757""","=""L22715c201""",
He I,"=""1s.24p""","=""1P*""","=""1""",3.0,"=""[""","=""24.5637951076943""","=""]""","=""0.0000000000014""",,"=""002001.000257""","=""L22715c201""",
He I,"=""1s.25s""","=""3S""","=""1""",3.0,"=""[""","=""24.565096865986""","=""]""","=""0.000000000017""",,"=""002001.000238""","=""L22715c201""",
He I,"=""1s.25s""","=""1S""","=""0""",1.0,"=""[""","=""24.565377461944""","=""]""","=""0.000000000021""",,"=""002001.000213""","=""L22715c201""",
He I,"=""1s.25p""","=""3P*""","=""2""",5.0,"=""[""","=""24.565503414208""","=""]""","=""0.000000000007""",,"=""002001.000333""","=""L22715c201""",
He I,"=""1s.25p""","=""3P*""","=""1""",3.0,"=""[""","=""24.565503418471""","=""]""","=""0.000000000007""",,"=""002001.000308""","=""L22715c201""",
He I,"=""1s.25p""","=""3P*""","=""0""",1.0,"=""[""","=""24.565503470918""","=""]""","=""0.000000000008""",,"=""002001.000283""","=""L22715c201""",
He I,"=""1s.25d""","=""3D""","=""3""",7.0,"=""[""","=""24.5656178688224""","=""]""","=""0.0000000000009""",,"=""002001.000433""","=""L22715c201""",
He I,"=""1s.25d""","=""3D""","=""2""",5.0,"=""[""","=""24.5656178694953""","=""]""","=""0.0000000000009""",,"=""002001.000408""","=""L22715c201""",
He I,"=""1s.25d""","=""3D""","=""1""",3.0,"=""[""","=""24.5656178788346""","=""]""","=""0.0000000000009""",,"=""002001.000383""","=""L22715c201""",
He I,"=""1s.25d""","=""1D""","=""2""",5.0,"=""[""","=""24.5656192147580""","=""]""","=""0.0000000000006""",,"=""002001.000358""","=""L22715c201""",
He I,"=""1s.25f""","=""3F*""","=""3""",7.0,"=""[""","=""24.5656221102725""","=""]""","=""0.0000000000004""",,"=""002001.000508""","=""L22715c201""",
He I,"=""1s.25f""","=""3F*""","=""4""",9.0,"=""[""","=""24.56562211242163""","=""]""","=""0.00000000000025""",,"=""002001.000533""","=""L22715c201""",
He I,"=""1s.25f""","=""3F*""","=""2""",5.0,"=""[""","=""24.56562211679146""","=""]""","=""0.00000000000025""",,"=""002001.000483""","=""L22715c201""",
He I,"=""1s.25f""","=""1F*""","=""3""",7.0,"=""[""","=""24.56562212461957""","=""]""","=""0.00000000000025""",,"=""002001.000458""","=""L22715c201""",
He I,"=""1s.25g""","=""3G""","=""4""",9.0,"=""[""","=""24.56562266470429""","=""]""","=""0.00000000000025""",,"=""002001.000608""","=""L22715c201""",
He I,"=""1s.25g""","=""3G""","=""5""",11.0,"=""[""","=""24.56562266744136""","=""]""","=""0.00000000000025""",,"=""002001.000633""","=""L22715c201""",
He I,"=""1s.25g""","=""3G""","=""3""",7.0,"=""[""","=""24.56562266993890""","=""]""","=""0.00000000000025""",,"=""002001.000583""","=""L22715c201""",
He I,"=""1s.25g""","=""1G""","=""4""",9.0,"=""[""","=""24.56562267163228""","=""]""","=""0.00000000000025""",,"=""002001.000558""","=""L22715c201""",
He I,"=""1s.25h""","=""3H*""","=""5""",11.0,"=""[""","=""24.56562280117866""","=""]""","=""0.00000000000025""",,"=""002001.000708""","=""L22715c201""",
He I,"=""1s.25h""","=""3H*""","=""6""",13.0,"=""[""","=""24.56562280296836""","=""]""","=""0.00000000000025""",,"=""002001.000733""","=""L22715c201""",
He I,"=""1s.25h""","=""3H*""","=""4""",9.0,"=""[""","=""24.56562280459268""","=""]""","=""0.00000000000025""",,"=""002001.000683""","=""L22715c201""",
He I,"=""1s.25h""","=""1H*""","=""5""",11.0,"=""[""","=""24.56562280580487""","=""]""","=""0.00000000000025""",,"=""002001.000658""","=""L22715c201""",
He I,"=""1s.25i""","=""3I""","=""6""",13.0,"=""[""","=""24.56562284595393""","=""]""","=""0.00000000000025""",,"=""002001.000808""","=""L22715c201""",
He I,"=""1s.25i""","=""3I""","=""7""",15.0,"=""[""","=""24.56562284720915""","=""]""","=""0.00000000000025""",,"=""002001.000833""","=""L22715c201""",
He I,"=""1s.25i""","=""3I""","=""5""",11.0,"=""[""","=""24.56562284835291""","=""]""","=""0.00000000000025""",,"=""002001.000783""","=""L22715c201""",
He I,"=""1s.25i""","=""1I""","=""6""",13.0,"=""[""","=""24.56562284926171""","=""]""","=""0.00000000000025""",,"=""002001.000758""","=""L22715c201""",
He I,"=""1s.25p""","=""1P*""","=""1""",3.0,"=""[""","=""24.5656439926761""","=""]""","=""0.0000000000011""",,"=""002001.000258""","=""L22715c201""",
He I,"=""1s.26s""","=""3S""","=""1""",3.0,"=""[""","=""24.566797707089""","=""]""","=""0.000000000016""",,"=""002001.000239""","=""L22715c201""",
He I,"=""1s.26s""","=""1S""","=""0""",1.0,"=""[""","=""24.567046899898""","=""]""","=""0.000000000019""",,"=""002001.000214""","=""L22715c201""",
He I,"=""1s.26p""","=""3P*""","=""2""",5.0,"=""[""","=""24.567158808062""","=""]""","=""0.000000000007""",,"=""002001.000334""","=""L22715c201""",
He I,"=""1s.26p""","=""3P*""","=""1""",3.0,"=""[""","=""24.567158811850""","=""]""","=""0.000000000007""",,"=""002001.000309""","=""L22715c201""",
He I,"=""1s.26p""","=""3P*""","=""0""",1.0,"=""[""","=""24.567158858459""","=""]""","=""0.000000000007""",,"=""002001.000284""","=""L22715c201""",
He I,"=""1s.26d""","=""3D""","=""3""",7.0,"=""[""","=""24.5672605433840""","=""]""","=""0.0000000000009""",,"=""002001.000434""","=""L22715c201""",
He I,"=""1s.26d""","=""3D""","=""2""",5.0,"=""[""","=""24.5672605439822""","=""]""","=""0.0000000000009""",,"=""002001.000409""","=""L22715c201""",
He I,"=""1s.26d""","=""3D""","=""1""",3.0,"=""[""","=""24.5672605522847""","=""]""","=""0.0000000000009""",,"=""002001.000384""","=""L22715c201""",
He I,"=""1s.26d""","=""1D""","=""2""",5.0,"=""[""","=""24.5672617405129""","=""]""","=""0.0000000000006""",,"=""002001.000359""","=""L22715c201""",
He I,"=""1s.26f""","=""3F*""","=""3""",7.0,"=""[""","=""24.5672643148546""","=""]""","=""0.0000000000004""",,"=""002001.000509""","=""L22715c201""",
He I,"=""1s.26f""","=""3F*""","=""4""",9.0,"=""[""","=""24.56726431676283""","=""]""","=""0.00000000000025""",,"=""002001.000534""","=""L22715c201""",
He I,"=""1s.26f""","=""3F*""","=""2""",5.0,"=""[""","=""24.56726432064762""","=""]""","=""0.00000000000025""",,"=""002001.000484""","=""L22715c201""",
He I,"=""1s.26f""","=""1F*""","=""3""",7.0,"=""[""","=""24.56726432761591""","=""]""","=""0.00000000000025""",,"=""002001.000459""","=""L22715c201""",
He I,"=""1s.26g""","=""3G""","=""4""",9.0,"=""[""","=""24.56726480791557""","=""]""","=""0.00000000000025""",,"=""002001.000609""","=""L22715c201""",
He I,"=""1s.26g""","=""3G""","=""5""",11.0,"=""[""","=""24.56726481034876""","=""]""","=""0.00000000000025""",,"=""002001.000634""","=""L22715c201""",
He I,"=""1s.26g""","=""3G""","=""3""",7.0,"=""[""","=""24.56726481256906""","=""]""","=""0.00000000000025""",,"=""002001.000584""","=""L22715c201""",
He I,"=""1s.26g""","=""1G""","=""4""",9.0,"=""[""","=""24.56726481407461""","=""]""","=""0.00000000000025""",,"=""002001.000559""","=""L22715c201""",
He I,"=""1s.26h""","=""3H*""","=""5""",11.0,"=""[""","=""24.56726492930875""","=""]""","=""0.00000000000025""",,"=""002001.000709""","=""L22715c201""",
He I,"=""1s.26h""","=""3H*""","=""6""",13.0,"=""[""","=""24.56726493089971""","=""]""","=""0.00000000000025""",,"=""002001.000734""","=""L22715c201""",
He I,"=""1s.26h""","=""3H*""","=""4""",9.0,"=""[""","=""24.56726493234363""","=""]""","=""0.00000000000025""",,"=""002001.000684""","=""L22715c201""",
He I,"=""1s.26h""","=""1H*""","=""5""",11.0,"=""[""","=""24.56726493342130""","=""]""","=""0.00000000000025""",,"=""002001.000659""","=""L22715c201""",
He I,"=""1s.26i""","=""3I""","=""6""",13.0,"=""[""","=""24.56726496914586""","=""]""","=""0.00000000000025""",,"=""002001.000809""","=""L22715c201""",
He I,"=""1s.26i""","=""3I""","=""7""",15.0,"=""[""","=""24.56726497026171""","=""]""","=""0.00000000000025""",,"=""002001.000834""","=""L22715c201""",
He I,"=""1s.26i""","=""3I""","=""5""",11.0,"=""[""","=""24.56726497127851""","=""]""","=""0.00000000000025""",,"=""002001.000784""","=""L22715c201""",
He I,"=""1s.26i""","=""1I""","=""6""",13.0,"=""[""","=""24.56726497208639""","=""]""","=""0.00000000000025""",,"=""002001.000759""","=""L22715c201""",
He I,"=""1s.26p""","=""1P*""","=""1""",3.0,"=""[""","=""24.5672837704877""","=""]""","=""0.0000000000011""",,"=""002001.000259""","=""L22715c201""",
He I,"=""1s.27s""","=""3S""","=""1""",3.0,"=""[""","=""24.568311065912""","=""]""","=""0.000000000015""",,"=""002001.000240""","=""L22715c201""",
He I,"=""1s.27s""","=""1S""","=""0""",1.0,"=""[""","=""24.568533372188""","=""]""","=""0.000000000017""",,"=""002001.000215""","=""L22715c201""",
He I,"=""1s.27p""","=""3P*""","=""2""",5.0,"=""[""","=""24.568633249232""","=""]""","=""0.000000000006""",,"=""002001.000335""","=""L22715c201""",
He I,"=""1s.27p""","=""3P*""","=""1""",3.0,"=""[""","=""24.568633252613""","=""]""","=""0.000000000006""",,"=""002001.000310""","=""L22715c201""",
He I,"=""1s.27p""","=""3P*""","=""0""",1.0,"=""[""","=""24.568633294219""","=""]""","=""0.000000000006""",,"=""002001.000285""","=""L22715c201""",
He I,"=""1s.27d""","=""3D""","=""3""",7.0,"=""[""","=""24.5687240821339""","=""]""","=""0.0000000000007""",,"=""002001.000435""","=""L22715c201""",
He I,"=""1s.27d""","=""3D""","=""2""",5.0,"=""[""","=""24.5687240826682""","=""]""","=""0.0000000000007""",,"=""002001.000410""","=""L22715c201""",
He I,"=""1s.27d""","=""3D""","=""1""",3.0,"=""[""","=""24.5687240900818""","=""]""","=""0.0000000000007""",,"=""002001.000385""","=""L22715c201""",
He I,"=""1s.27d""","=""1D""","=""2""",5.0,"=""[""","=""24.5687251515888""","=""]""","=""0.0000000000005""",,"=""002001.000360""","=""L22715c201""",
He I,"=""1s.27f""","=""3F*""","=""3""",7.0,"=""[""","=""24.56872745054607""","=""]""","=""0.00000000000025""",,"=""002001.000510""","=""L22715c201""",
He I,"=""1s.27f""","=""3F*""","=""4""",9.0,"=""[""","=""24.56872745224825""","=""]""","=""0.00000000000025""",,"=""002001.000535""","=""L22715c201""",
He I,"=""1s.27f""","=""3F*""","=""2""",5.0,"=""[""","=""24.56872745571721""","=""]""","=""0.00000000000025""",,"=""002001.000485""","=""L22715c201""",
He I,"=""1s.27f""","=""1F*""","=""3""",7.0,"=""[""","=""24.56872746194679""","=""]""","=""0.00000000000025""",,"=""002001.000460""","=""L22715c201""",
He I,"=""1s.27g""","=""3G""","=""4""",9.0,"=""[""","=""24.56872789096436""","=""]""","=""0.00000000000025""",,"=""002001.000610""","=""L22715c201""",
He I,"=""1s.27g""","=""3G""","=""5""",11.0,"=""[""","=""24.56872789313705""","=""]""","=""0.00000000000025""",,"=""002001.000635""","=""L22715c201""",
He I,"=""1s.27g""","=""3G""","=""3""",7.0,"=""[""","=""24.56872789511969""","=""]""","=""0.00000000000025""",,"=""002001.000585""","=""L22715c201""",
He I,"=""1s.27g""","=""1G""","=""4""",9.0,"=""[""","=""24.56872789646405""","=""]""","=""0.00000000000025""",,"=""002001.000560""","=""L22715c201""",
He I,"=""1s.27h""","=""3H*""","=""5""",11.0,"=""[""","=""24.56872799941668""","=""]""","=""0.00000000000025""",,"=""002001.000710""","=""L22715c201""",
He I,"=""1s.27h""","=""3H*""","=""6""",13.0,"=""[""","=""24.56872800083729""","=""]""","=""0.00000000000025""",,"=""002001.000735""","=""L22715c201""",
He I,"=""1s.27h""","=""3H*""","=""4""",9.0,"=""[""","=""24.56872800212673""","=""]""","=""0.00000000000025""",,"=""002001.000685""","=""L22715c201""",
He I,"=""1s.27h""","=""1H*""","=""5""",11.0,"=""[""","=""24.56872800308897""","=""]""","=""0.00000000000025""",,"=""002001.000660""","=""L22715c201""",
He I,"=""1s.27i""","=""3I""","=""6""",13.0,"=""[""","=""24.56872803501490""","=""]""","=""0.00000000000025""",,"=""002001.000810""","=""L22715c201""",
He I,"=""1s.27i""","=""3I""","=""7""",15.0,"=""[""","=""24.56872803601149""","=""]""","=""0.00000000000025""",,"=""002001.000835""","=""L22715c201""",
He I,"=""1s.27i""","=""3I""","=""5""",11.0,"=""[""","=""24.56872803691942""","=""]""","=""0.00000000000025""",,"=""002001.000785""","=""L22715c201""",
He I,"=""1s.27i""","=""1I""","=""6""",13.0,"=""[""","=""24.56872803764076""","=""]""","=""0.00000000000025""",,"=""002001.000760""","=""L22715c201""",
He I,"=""1s.27p""","=""1P*""","=""1""",3.0,"=""[""","=""24.5687448253290""","=""]""","=""0.0000000000010""",,"=""002001.000260""","=""L22715c201""",
He I,"=""1s.28s""","=""3S""","=""1""",3.0,"=""[""","=""24.569663517927""","=""]""","=""0.000000000012""",,"=""002001.000241""","=""L22715c201""",
He I,"=""1s.28s""","=""1S""","=""0""",1.0,"=""[""","=""24.569862670594""","=""]""","=""0.000000000015""",,"=""002001.000216""","=""L22715c201""",
He I,"=""1s.28p""","=""3P*""","=""2""",5.0,"=""[""","=""24.569952181343""","=""]""","=""0.000000000005""",,"=""002001.000336""","=""L22715c201""",
He I,"=""1s.28p""","=""3P*""","=""1""",3.0,"=""[""","=""24.569952184374""","=""]""","=""0.000000000005""",,"=""002001.000311""","=""L22715c201""",
He I,"=""1s.28p""","=""3P*""","=""0""",1.0,"=""[""","=""24.569952221667""","=""]""","=""0.000000000006""",,"=""002001.000286""","=""L22715c201""",
He I,"=""1s.28d""","=""3D""","=""3""",7.0,"=""[""","=""24.5700336155463""","=""]""","=""0.0000000000006""",,"=""002001.000436""","=""L22715c201""",
He I,"=""1s.28d""","=""3D""","=""2""",5.0,"=""[""","=""24.5700336160254""","=""]""","=""0.0000000000006""",,"=""002001.000411""","=""L22715c201""",
He I,"=""1s.28d""","=""3D""","=""1""",3.0,"=""[""","=""24.5700336226726""","=""]""","=""0.0000000000006""",,"=""002001.000386""","=""L22715c201""",
He I,"=""1s.28d""","=""1D""","=""2""",5.0,"=""[""","=""24.5700345748407""","=""]""","=""0.0000000000005""",,"=""002001.000361""","=""L22715c201""",
He I,"=""1s.28f""","=""3F*""","=""3""",7.0,"=""[""","=""24.57003663632574""","=""]""","=""0.00000000000025""",,"=""002001.000511""","=""L22715c201""",
He I,"=""1s.28f""","=""3F*""","=""4""",9.0,"=""[""","=""24.57003663785049""","=""]""","=""0.00000000000025""",,"=""002001.000536""","=""L22715c201""",
He I,"=""1s.28f""","=""3F*""","=""2""",5.0,"=""[""","=""24.57003664096088""","=""]""","=""0.00000000000025""",,"=""002001.000486""","=""L22715c201""",
He I,"=""1s.28f""","=""1F*""","=""3""",7.0,"=""[""","=""24.57003664655245""","=""]""","=""0.00000000000025""",,"=""002001.000461""","=""L22715c201""",
He I,"=""1s.28g""","=""3G""","=""4""",9.0,"=""[""","=""24.57003703133207""","=""]""","=""0.00000000000025""",,"=""002001.000611""","=""L22715c201""",
He I,"=""1s.28g""","=""3G""","=""5""",11.0,"=""[""","=""24.57003703328024""","=""]""","=""0.00000000000025""",,"=""002001.000636""","=""L22715c201""",
He I,"=""1s.28g""","=""3G""","=""3""",7.0,"=""[""","=""24.57003703505793""","=""]""","=""0.00000000000025""",,"=""002001.000586""","=""L22715c201""",
He I,"=""1s.28g""","=""1G""","=""4""",9.0,"=""[""","=""24.57003703626330""","=""]""","=""0.00000000000025""",,"=""002001.000561""","=""L22715c201""",
He I,"=""1s.28h""","=""3H*""","=""5""",11.0,"=""[""","=""24.57003712861789""","=""]""","=""0.00000000000025""",,"=""002001.000711""","=""L22715c201""",
He I,"=""1s.28h""","=""3H*""","=""6""",13.0,"=""[""","=""24.57003712989170""","=""]""","=""0.00000000000025""",,"=""002001.000736""","=""L22715c201""",
He I,"=""1s.28h""","=""3H*""","=""4""",9.0,"=""[""","=""24.57003713104785""","=""]""","=""0.00000000000025""",,"=""002001.000686""","=""L22715c201""",
He I,"=""1s.28h""","=""1H*""","=""5""",11.0,"=""[""","=""24.57003713191066""","=""]""","=""0.00000000000025""",,"=""002001.000661""","=""L22715c201""",
He I,"=""1s.28i""","=""3I""","=""6""",13.0,"=""[""","=""24.57003716055721""","=""]""","=""0.00000000000025""",,"=""002001.000811""","=""L22715c201""",
He I,"=""1s.28i""","=""3I""","=""7""",15.0,"=""[""","=""24.57003716145064""","=""]""","=""0.00000000000025""",,"=""002001.000836""","=""L22715c201""",
He I,"=""1s.28i""","=""3I""","=""5""",11.0,"=""[""","=""24.57003716226472""","=""]""","=""0.00000000000025""",,"=""002001.000786""","=""L22715c201""",
He I,"=""1s.28i""","=""1I""","=""6""",13.0,"=""[""","=""24.57003716291154""","=""]""","=""0.00000000000025""",,"=""002001.000761""","=""L22715c201""",
He I,"=""1s.28p""","=""1P*""","=""1""",3.0,"=""[""","=""24.5700522166844""","=""]""","=""0.0000000000009""",,"=""002001.000261""","=""L22715c201""",
He I,"=""1s.29s""","=""3S""","=""1""",3.0,"=""[""","=""24.570877091365""","=""]""","=""0.000000000012""",,"=""002001.000242""","=""L22715c201""",
He I,"=""1s.29s""","=""1S""","=""0""",1.0,"=""[""","=""24.571056197338""","=""]""","=""0.000000000014""",,"=""002001.000217""","=""L22715c201""",
He I,"=""1s.29p""","=""3P*""","=""2""",5.0,"=""[""","=""24.571136728296""","=""]""","=""0.000000000005""",,"=""002001.000337""","=""L22715c201""",
He I,"=""1s.29p""","=""3P*""","=""1""",3.0,"=""[""","=""24.571136731023""","=""]""","=""0.000000000005""",,"=""002001.000312""","=""L22715c201""",
He I,"=""1s.29p""","=""3P*""","=""0""",1.0,"=""[""","=""24.571136764580""","=""]""","=""0.000000000005""",,"=""002001.000287""","=""L22715c201""",
He I,"=""1s.29d""","=""3D""","=""3""",7.0,"=""[""","=""24.5712100169667""","=""]""","=""0.0000000000006""",,"=""002001.000437""","=""L22715c201""",
He I,"=""1s.29d""","=""3D""","=""2""",5.0,"=""[""","=""24.5712100173980""","=""]""","=""0.0000000000006""",,"=""002001.000412""","=""L22715c201""",
He I,"=""1s.29d""","=""3D""","=""1""",3.0,"=""[""","=""24.5712100233809""","=""]""","=""0.0000000000006""",,"=""002001.000387""","=""L22715c201""",
He I,"=""1s.29d""","=""1D""","=""2""",5.0,"=""[""","=""24.5712108807138""","=""]""","=""0.0000000000004""",,"=""002001.000362""","=""L22715c201""",
He I,"=""1s.29f""","=""3F*""","=""3""",7.0,"=""[""","=""24.57121273633383""","=""]""","=""0.00000000000025""",,"=""002001.000512""","=""L22715c201""",
He I,"=""1s.29f""","=""3F*""","=""4""",9.0,"=""[""","=""24.57121273770497""","=""]""","=""0.00000000000025""",,"=""002001.000537""","=""L22715c201""",
He I,"=""1s.29f""","=""3F*""","=""2""",5.0,"=""[""","=""24.57121274050453""","=""]""","=""0.00000000000025""",,"=""002001.000487""","=""L22715c201""",
He I,"=""1s.29f""","=""1F*""","=""3""",7.0,"=""[""","=""24.57121274554213""","=""]""","=""0.00000000000025""",,"=""002001.000462""","=""L22715c201""",
He I,"=""1s.29g""","=""3G""","=""4""",9.0,"=""[""","=""24.57121309195956""","=""]""","=""0.00000000000025""",,"=""002001.000612""","=""L22715c201""",
He I,"=""1s.29g""","=""3G""","=""5""",11.0,"=""[""","=""24.57121309371307""","=""]""","=""0.00000000000025""",,"=""002001.000637""","=""L22715c201""",
He I,"=""1s.29g""","=""3G""","=""3""",7.0,"=""[""","=""24.57121309531309""","=""]""","=""0.00000000000025""",,"=""002001.000587""","=""L22715c201""",
He I,"=""1s.29g""","=""1G""","=""4""",9.0,"=""[""","=""24.57121309639820""","=""]""","=""0.00000000000025""",,"=""002001.000562""","=""L22715c201""",
He I,"=""1s.29h""","=""3H*""","=""5""",11.0,"=""[""","=""24.57121317955936""","=""]""","=""0.00000000000025""",,"=""002001.000712""","=""L22715c201""",
He I,"=""1s.29h""","=""3H*""","=""6""",13.0,"=""[""","=""24.57121318070597""","=""]""","=""0.00000000000025""",,"=""002001.000737""","=""L22715c201""",
He I,"=""1s.29h""","=""3H*""","=""4""",9.0,"=""[""","=""24.57121318174644""","=""]""","=""0.00000000000025""",,"=""002001.000687""","=""L22715c201""",
He I,"=""1s.29h""","=""1H*""","=""5""",11.0,"=""[""","=""24.57121318252308""","=""]""","=""0.00000000000025""",,"=""002001.000662""","=""L22715c201""",
He I,"=""1s.29i""","=""3I""","=""6""",13.0,"=""[""","=""24.57121320832382""","=""]""","=""0.00000000000025""",,"=""002001.000812""","=""L22715c201""",
He I,"=""1s.29i""","=""3I""","=""7""",15.0,"=""[""","=""24.57121320912798""","=""]""","=""0.00000000000025""",,"=""002001.000837""","=""L22715c201""",
He I,"=""1s.29i""","=""3I""","=""5""",11.0,"=""[""","=""24.57121320986073""","=""]""","=""0.00000000000025""",,"=""002001.000787""","=""L22715c201""",
He I,"=""1s.29i""","=""1I""","=""6""",13.0,"=""[""","=""24.57121321044296""","=""]""","=""0.00000000000025""",,"=""002001.000762""","=""L22715c201""",
He I,"=""1s.29p""","=""1P*""","=""1""",3.0,"=""[""","=""24.5712267610659""","=""]""","=""0.0000000000007""",,"=""002001.000262""","=""L22715c201""",
He I,"=""1s.30s""","=""3S""","=""1""",3.0,"=""[""","=""24.571970169921""","=""]""","=""0.000000000011""",,"=""002001.000243""","=""L22715c201""",
He I,"=""1s.30s""","=""1S""","=""0""",1.0,"=""[""","=""24.572131831975""","=""]""","=""0.000000000012""",,"=""002001.000218""","=""L22715c201""",
He I,"=""1s.30p""","=""3P*""","=""2""",5.0,"=""[""","=""24.572204545351""","=""]""","=""0.000000000004""",,"=""002001.000338""","=""L22715c201""",
He I,"=""1s.30p""","=""3P*""","=""1""",3.0,"=""[""","=""24.572204547814""","=""]""","=""0.000000000004""",,"=""002001.000313""","=""L22715c201""",
He I,"=""1s.30p""","=""3P*""","=""0""",1.0,"=""[""","=""24.572204578118""","=""]""","=""0.000000000005""",,"=""002001.000288""","=""L22715c201""",
He I,"=""1s.30d""","=""3D""","=""3""",7.0,"=""[""","=""24.5722707395730""","=""]""","=""0.0000000000005""",,"=""002001.000438""","=""L22715c201""",
He I,"=""1s.30d""","=""3D""","=""2""",5.0,"=""[""","=""24.5722707399626""","=""]""","=""0.0000000000005""",,"=""002001.000413""","=""L22715c201""",
He I,"=""1s.30d""","=""3D""","=""1""",3.0,"=""[""","=""24.5722707453667""","=""]""","=""0.0000000000005""",,"=""002001.000388""","=""L22715c201""",
He I,"=""1s.30d""","=""1D""","=""2""",5.0,"=""[""","=""24.5722715200426""","=""]""","=""0.0000000000004""",,"=""002001.000363""","=""L22715c201""",
He I,"=""1s.30f""","=""3F*""","=""3""",7.0,"=""[""","=""24.57227319631699""","=""]""","=""0.00000000000025""",,"=""002001.000513""","=""L22715c201""",
He I,"=""1s.30f""","=""3F*""","=""4""",9.0,"=""[""","=""24.57227319755460""","=""]""","=""0.00000000000025""",,"=""002001.000538""","=""L22715c201""",
He I,"=""1s.30f""","=""3F*""","=""2""",5.0,"=""[""","=""24.57227320008351""","=""]""","=""0.00000000000025""",,"=""002001.000488""","=""L22715c201""",
He I,"=""1s.30f""","=""1F*""","=""3""",7.0,"=""[""","=""24.57227320463770""","=""]""","=""0.00000000000025""",,"=""002001.000463""","=""L22715c201""",
He I,"=""1s.30g""","=""3G""","=""4""",9.0,"=""[""","=""24.57227351762527""","=""]""","=""0.00000000000025""",,"=""002001.000613""","=""L22715c201""",
He I,"=""1s.30g""","=""3G""","=""5""",11.0,"=""[""","=""24.57227351920917""","=""]""","=""0.00000000000025""",,"=""002001.000638""","=""L22715c201""",
He I,"=""1s.30g""","=""3G""","=""3""",7.0,"=""[""","=""24.57227352065445""","=""]""","=""0.00000000000025""",,"=""002001.000588""","=""L22715c201""",
He I,"=""1s.30g""","=""1G""","=""4""",9.0,"=""[""","=""24.57227352163454""","=""]""","=""0.00000000000025""",,"=""002001.000563""","=""L22715c201""",
He I,"=""1s.30h""","=""3H*""","=""5""",11.0,"=""[""","=""24.57227359678224""","=""]""","=""0.00000000000025""",,"=""002001.000713""","=""L22715c201""",
He I,"=""1s.30h""","=""3H*""","=""6""",13.0,"=""[""","=""24.57227359781800""","=""]""","=""0.00000000000025""",,"=""002001.000738""","=""L22715c201""",
He I,"=""1s.30h""","=""3H*""","=""4""",9.0,"=""[""","=""24.57227359875792""","=""]""","=""0.00000000000025""",,"=""002001.000688""","=""L22715c201""",
He I,"=""1s.30h""","=""1H*""","=""5""",11.0,"=""[""","=""24.57227359945942""","=""]""","=""0.00000000000025""",,"=""002001.000663""","=""L22715c201""",
He I,"=""1s.30i""","=""3I""","=""6""",13.0,"=""[""","=""24.57227362277862""","=""]""","=""0.00000000000025""",,"=""002001.000813""","=""L22715c201""",
He I,"=""1s.30i""","=""3I""","=""7""",15.0,"=""[""","=""24.57227362350504""","=""]""","=""0.00000000000025""",,"=""002001.000838""","=""L22715c201""",
He I,"=""1s.30i""","=""3I""","=""5""",11.0,"=""[""","=""24.57227362416699""","=""]""","=""0.00000000000025""",,"=""002001.000788""","=""L22715c201""",
He I,"=""1s.30i""","=""1I""","=""6""",13.0,"=""[""","=""24.57227362469293""","=""]""","=""0.00000000000025""",,"=""002001.000763""","=""L22715c201""",
He I,"=""1s.30p""","=""1P*""","=""1""",3.0,"=""[""","=""24.5722858657881""","=""]""","=""0.0000000000007""",,"=""002001.000263""","=""L22715c201""",
He I,"=""1s.31s""","=""3S""","=""1""",3.0,"=""[""","=""24.572958193102""","=""]""","=""0.000000000010""",,"=""002001.000244""","=""L22715c201""",
He I,"=""1s.31s""","=""1S""","=""0""",1.0,"=""[""","=""24.573104604934""","=""]""","=""0.000000000012""",,"=""002001.000219""","=""L22715c201""",
He I,"=""1s.31p""","=""3P*""","=""2""",5.0,"=""[""","=""24.573170480820""","=""]""","=""0.000000000004""",,"=""002001.000339""","=""L22715c201""",
He I,"=""1s.31p""","=""3P*""","=""1""",3.0,"=""[""","=""24.573170483051""","=""]""","=""0.000000000004""",,"=""002001.000314""","=""L22715c201""",
He I,"=""1s.31p""","=""3P*""","=""0""",1.0,"=""[""","=""24.573170510510""","=""]""","=""0.000000000004""",,"=""002001.000289""","=""L22715c201""",
He I,"=""1s.31d""","=""3D""","=""3""",7.0,"=""[""","=""24.5732304674684""","=""]""","=""0.0000000000005""",,"=""002001.000439""","=""L22715c201""",
He I,"=""1s.31d""","=""3D""","=""2""",5.0,"=""[""","=""24.5732304678216""","=""]""","=""0.0000000000005""",,"=""002001.000414""","=""L22715c201""",
He I,"=""1s.31d""","=""3D""","=""1""",3.0,"=""[""","=""24.5732304727194""","=""]""","=""0.0000000000005""",,"=""002001.000389""","=""L22715c201""",
He I,"=""1s.31d""","=""1D""","=""2""",5.0,"=""[""","=""24.5732311750238""","=""]""","=""0.0000000000004""",,"=""002001.000364""","=""L22715c201""",
He I,"=""1s.31f""","=""3F*""","=""3""",7.0,"=""[""","=""24.57323269433635""","=""]""","=""0.00000000000025""",,"=""002001.000514""","=""L22715c201""",
He I,"=""1s.31f""","=""3F*""","=""4""",9.0,"=""[""","=""24.57323269545730""","=""]""","=""0.00000000000025""",,"=""002001.000539""","=""L22715c201""",
He I,"=""1s.31f""","=""3F*""","=""2""",5.0,"=""[""","=""24.57323269774915""","=""]""","=""0.00000000000025""",,"=""002001.000489""","=""L22715c201""",
He I,"=""1s.31f""","=""1F*""","=""3""",7.0,"=""[""","=""24.57323270187993""","=""]""","=""0.00000000000025""",,"=""002001.000464""","=""L22715c201""",
He I,"=""1s.31g""","=""3G""","=""4""",9.0,"=""[""","=""24.57323298560227""","=""]""","=""0.00000000000025""",,"=""002001.000614""","=""L22715c201""",
He I,"=""1s.31g""","=""3G""","=""5""",11.0,"=""[""","=""24.57323298703776""","=""]""","=""0.00000000000025""",,"=""002001.000639""","=""L22715c201""",
He I,"=""1s.31g""","=""3G""","=""3""",7.0,"=""[""","=""24.57323298834765""","=""]""","=""0.00000000000025""",,"=""002001.000589""","=""L22715c201""",
He I,"=""1s.31g""","=""1G""","=""4""",9.0,"=""[""","=""24.57323298923600""","=""]""","=""0.00000000000025""",,"=""002001.000564""","=""L22715c201""",
He I,"=""1s.31h""","=""3H*""","=""5""",11.0,"=""[""","=""24.57323305736668""","=""]""","=""0.00000000000025""",,"=""002001.000714""","=""L22715c201""",
He I,"=""1s.31h""","=""3H*""","=""6""",13.0,"=""[""","=""24.57323305830536""","=""]""","=""0.00000000000025""",,"=""002001.000739""","=""L22715c201""",
He I,"=""1s.31h""","=""3H*""","=""4""",9.0,"=""[""","=""24.57323305915726""","=""]""","=""0.00000000000025""",,"=""002001.000689""","=""L22715c201""",
He I,"=""1s.31h""","=""1H*""","=""5""",11.0,"=""[""","=""24.57323305979305""","=""]""","=""0.00000000000025""",,"=""002001.000664""","=""L22715c201""",
He I,"=""1s.31i""","=""3I""","=""6""",13.0,"=""[""","=""24.57323308093868""","=""]""","=""0.00000000000025""",,"=""002001.000814""","=""L22715c201""",
He I,"=""1s.31i""","=""3I""","=""7""",15.0,"=""[""","=""24.57323308159704""","=""]""","=""0.00000000000025""",,"=""002001.000839""","=""L22715c201""",
He I,"=""1s.31i""","=""3I""","=""5""",11.0,"=""[""","=""24.57323308219700""","=""]""","=""0.00000000000025""",,"=""002001.000789""","=""L22715c201""",
He I,"=""1s.31i""","=""1I""","=""6""",13.0,"=""[""","=""24.57323308267359""","=""]""","=""0.00000000000025""",,"=""002001.000764""","=""L22715c201""",
He I,"=""1s.31p""","=""1P*""","=""1""",3.0,"=""[""","=""24.5732441776680""","=""]""","=""0.0000000000006""",,"=""002001.000264""","=""L22715c201""",
He I,"=""1s.32s""","=""3S""","=""1""",3.0,"=""[""","=""24.573854204444""","=""]""","=""0.000000000009""",,"=""002001.000245""","=""L22715c201""",
He I,"=""1s.32s""","=""1S""","=""0""",1.0,"=""[""","=""24.573987225470""","=""]""","=""0.000000000011""",,"=""002001.000220""","=""L22715c201""",
He I,"=""1s.32p""","=""3P*""","=""2""",5.0,"=""[""","=""24.574047095037""","=""]""","=""0.000000000004""",,"=""002001.000340""","=""L22715c201""",
He I,"=""1s.32p""","=""3P*""","=""1""",3.0,"=""[""","=""24.574047097066""","=""]""","=""0.000000000004""",,"=""002001.000315""","=""L22715c201""",
He I,"=""1s.32p""","=""3P*""","=""0""",1.0,"=""[""","=""24.574047122024""","=""]""","=""0.000000000004""",,"=""002001.000290""","=""L22715c201""",
He I,"=""1s.32d""","=""3D""","=""3""",7.0,"=""[""","=""24.5741016266281""","=""]""","=""0.0000000000005""",,"=""002001.000440""","=""L22715c201""",
He I,"=""1s.32d""","=""3D""","=""2""",5.0,"=""[""","=""24.5741016269493""","=""]""","=""0.0000000000005""",,"=""002001.000415""","=""L22715c201""",
He I,"=""1s.32d""","=""3D""","=""1""",3.0,"=""[""","=""24.5741016314020""","=""]""","=""0.0000000000005""",,"=""002001.000390""","=""L22715c201""",
He I,"=""1s.32d""","=""1D""","=""2""",5.0,"=""[""","=""24.5741022700706""","=""]""","=""0.0000000000004""",,"=""002001.000365""","=""L22715c201""",
He I,"=""1s.32f""","=""3F*""","=""3""",7.0,"=""[""","=""24.57410365141942""","=""]""","=""0.00000000000025""",,"=""002001.000515""","=""L22715c201""",
He I,"=""1s.32f""","=""3F*""","=""4""",9.0,"=""[""","=""24.57410365243783""","=""]""","=""0.00000000000025""",,"=""002001.000540""","=""L22715c201""",
He I,"=""1s.32f""","=""3F*""","=""2""",5.0,"=""[""","=""24.57410365452150""","=""]""","=""0.00000000000025""",,"=""002001.000490""","=""L22715c201""",
He I,"=""1s.32f""","=""1F*""","=""3""",7.0,"=""[""","=""24.57410365827959""","=""]""","=""0.00000000000025""",,"=""002001.000465""","=""L22715c201""",
He I,"=""1s.32g""","=""3G""","=""4""",9.0,"=""[""","=""24.57410391627285""","=""]""","=""0.00000000000025""",,"=""002001.000615""","=""L22715c201""",
He I,"=""1s.32g""","=""3G""","=""5""",11.0,"=""[""","=""24.57410391757792""","=""]""","=""0.00000000000025""",,"=""002001.000640""","=""L22715c201""",
He I,"=""1s.32g""","=""3G""","=""3""",7.0,"=""[""","=""24.57410391876878""","=""]""","=""0.00000000000025""",,"=""002001.000590""","=""L22715c201""",
He I,"=""1s.32g""","=""1G""","=""4""",9.0,"=""[""","=""24.57410391957641""","=""]""","=""0.00000000000025""",,"=""002001.000565""","=""L22715c201""",
He I,"=""1s.32h""","=""3H*""","=""5""",11.0,"=""[""","=""24.57410398153665""","=""]""","=""0.00000000000025""",,"=""002001.000715""","=""L22715c201""",
He I,"=""1s.32h""","=""3H*""","=""6""",13.0,"=""[""","=""24.57410398239003""","=""]""","=""0.00000000000025""",,"=""002001.000740""","=""L22715c201""",
He I,"=""1s.32h""","=""3H*""","=""4""",9.0,"=""[""","=""24.57410398316456""","=""]""","=""0.00000000000025""",,"=""002001.000690""","=""L22715c201""",
He I,"=""1s.32h""","=""1H*""","=""5""",11.0,"=""[""","=""24.57410398374257""","=""]""","=""0.00000000000025""",,"=""002001.000665""","=""L22715c201""",
He I,"=""1s.32i""","=""3I""","=""6""",13.0,"=""[""","=""24.57410400297625""","=""]""","=""0.00000000000025""",,"=""002001.000815""","=""L22715c201""",
He I,"=""1s.32i""","=""3I""","=""7""",15.0,"=""[""","=""24.57410400357484""","=""]""","=""0.00000000000025""",,"=""002001.000840""","=""L22715c201""",
He I,"=""1s.32i""","=""3I""","=""5""",11.0,"=""[""","=""24.57410400412025""","=""]""","=""0.00000000000025""",,"=""002001.000790""","=""L22715c201""",
He I,"=""1s.32i""","=""1I""","=""6""",13.0,"=""[""","=""24.57410400455357""","=""]""","=""0.00000000000025""",,"=""002001.000765""","=""L22715c201""",
He I,"=""1s.32p""","=""1P*""","=""1""",3.0,"=""[""","=""24.5741140921573""","=""]""","=""0.0000000000006""",,"=""002001.000265""","=""L22715c201""",
He I,"=""1s.33s""","=""3S""","=""1""",3.0,"=""[""","=""24.574669284234""","=""]""","=""0.000000000008""",,"=""002001.000246""","=""L22715c201""",
He I,"=""1s.33s""","=""1S""","=""0""",1.0,"=""[""","=""24.574790498896""","=""]""","=""0.000000000010""",,"=""002001.000221""","=""L22715c201""",
He I,"=""1s.33p""","=""3P*""","=""2""",5.0,"=""[""","=""24.574845070751""","=""]""","=""0.000000000003""",,"=""002001.000341""","=""L22715c201""",
He I,"=""1s.33p""","=""3P*""","=""1""",3.0,"=""[""","=""24.574845072600""","=""]""","=""0.000000000003""",,"=""002001.000316""","=""L22715c201""",
He I,"=""1s.33p""","=""3P*""","=""0""",1.0,"=""[""","=""24.574845095352""","=""]""","=""0.000000000004""",,"=""002001.000291""","=""L22715c201""",
He I,"=""1s.33d""","=""3D""","=""3""",7.0,"=""[""","=""24.5748947891421""","=""]""","=""0.0000000000004""",,"=""002001.000441""","=""L22715c201""",
He I,"=""1s.33d""","=""3D""","=""2""",5.0,"=""[""","=""24.5748947894349""","=""]""","=""0.0000000000004""",,"=""002001.000416""","=""L22715c201""",
He I,"=""1s.33d""","=""3D""","=""1""",3.0,"=""[""","=""24.5748947934950""","=""]""","=""0.0000000000004""",,"=""002001.000391""","=""L22715c201""",
He I,"=""1s.33d""","=""1D""","=""2""",5.0,"=""[""","=""24.57489537598439""","=""]""","=""0.00000000000025""",,"=""002001.000366""","=""L22715c201""",
He I,"=""1s.33f""","=""3F*""","=""3""",7.0,"=""[""","=""24.57489663557879""","=""]""","=""0.00000000000025""",,"=""002001.000516""","=""L22715c201""",
He I,"=""1s.33f""","=""3F*""","=""4""",9.0,"=""[""","=""24.57489663650681""","=""]""","=""0.00000000000025""",,"=""002001.000541""","=""L22715c201""",
He I,"=""1s.33f""","=""3F*""","=""2""",5.0,"=""[""","=""24.57489663840675""","=""]""","=""0.00000000000025""",,"=""002001.000491""","=""L22715c201""",
He I,"=""1s.33f""","=""1F*""","=""3""",7.0,"=""[""","=""24.57489664183565""","=""]""","=""0.00000000000025""",,"=""002001.000466""","=""L22715c201""",
He I,"=""1s.33g""","=""3G""","=""4""",9.0,"=""[""","=""24.57489687711774""","=""]""","=""0.00000000000025""",,"=""002001.000616""","=""L22715c201""",
He I,"=""1s.33g""","=""3G""","=""5""",11.0,"=""[""","=""24.57489687830762""","=""]""","=""0.00000000000025""",,"=""002001.000641""","=""L22715c201""",
He I,"=""1s.33g""","=""3G""","=""3""",7.0,"=""[""","=""24.57489687939347""","=""]""","=""0.00000000000025""",,"=""002001.000591""","=""L22715c201""",
He I,"=""1s.33g""","=""1G""","=""4""",9.0,"=""[""","=""24.57489688012993""","=""]""","=""0.00000000000025""",,"=""002001.000566""","=""L22715c201""",
He I,"=""1s.33h""","=""3H*""","=""5""",11.0,"=""[""","=""24.57489693664242""","=""]""","=""0.00000000000025""",,"=""002001.000716""","=""L22715c201""",
He I,"=""1s.33h""","=""3H*""","=""6""",13.0,"=""[""","=""24.57489693742055""","=""]""","=""0.00000000000025""",,"=""002001.000741""","=""L22715c201""",
He I,"=""1s.33h""","=""3H*""","=""4""",9.0,"=""[""","=""24.57489693812677""","=""]""","=""0.00000000000025""",,"=""002001.000691""","=""L22715c201""",
He I,"=""1s.33h""","=""1H*""","=""5""",11.0,"=""[""","=""24.57489693865382""","=""]""","=""0.00000000000025""",,"=""002001.000666""","=""L22715c201""",
He I,"=""1s.33i""","=""3I""","=""6""",13.0,"=""[""","=""24.57489695619907""","=""]""","=""0.00000000000025""",,"=""002001.000816""","=""L22715c201""",
He I,"=""1s.33i""","=""3I""","=""7""",15.0,"=""[""","=""24.57489695674485""","=""]""","=""0.00000000000025""",,"=""002001.000841""","=""L22715c201""",
He I,"=""1s.33i""","=""3I""","=""5""",11.0,"=""[""","=""24.57489695724215""","=""]""","=""0.00000000000025""",,"=""002001.000791""","=""L22715c201""",
He I,"=""1s.33i""","=""1I""","=""6""",13.0,"=""[""","=""24.57489695763729""","=""]""","=""0.00000000000025""",,"=""002001.000766""","=""L22715c201""",
He I,"=""1s.33p""","=""1P*""","=""1""",3.0,"=""[""","=""24.5749061561969""","=""]""","=""0.0000000000005""",,"=""002001.000266""","=""L22715c201""",
He I,"=""1s.34s""","=""3S""","=""1""",3.0,"=""[""","=""24.575412893719""","=""]""","=""0.000000000007""",,"=""002001.000247""","=""L22715c201""",
He I,"=""1s.34s""","=""1S""","=""0""",1.0,"=""[""","=""24.575523658875""","=""]""","=""0.000000000009""",,"=""002001.000222""","=""L22715c201""",
He I,"=""1s.34p""","=""3P*""","=""2""",5.0,"=""[""","=""24.575573540123""","=""]""","=""0.000000000003""",,"=""002001.000342""","=""L22715c201""",
He I,"=""1s.34p""","=""3P*""","=""1""",3.0,"=""[""","=""24.575573541814""","=""]""","=""0.000000000003""",,"=""002001.000317""","=""L22715c201""",
He I,"=""1s.34p""","=""3P*""","=""0""",1.0,"=""[""","=""24.575573562612""","=""]""","=""0.000000000003""",,"=""002001.000292""","=""L22715c201""",
He I,"=""1s.34d""","=""3D""","=""3""",7.0,"=""[""","=""24.5756189954825""","=""]""","=""0.0000000000004""",,"=""002001.000442""","=""L22715c201""",
He I,"=""1s.34d""","=""3D""","=""2""",5.0,"=""[""","=""24.5756189957502""","=""]""","=""0.0000000000004""",,"=""002001.000417""","=""L22715c201""",
He I,"=""1s.34d""","=""3D""","=""1""",3.0,"=""[""","=""24.5756189994624""","=""]""","=""0.0000000000004""",,"=""002001.000392""","=""L22715c201""",
He I,"=""1s.34d""","=""1D""","=""2""",5.0,"=""[""","=""24.57561953216943""","=""]""","=""0.00000000000025""",,"=""002001.000367""","=""L22715c201""",
He I,"=""1s.34f""","=""3F*""","=""3""",7.0,"=""[""","=""24.57562068390626""","=""]""","=""0.00000000000025""",,"=""002001.000517""","=""L22715c201""",
He I,"=""1s.34f""","=""3F*""","=""4""",9.0,"=""[""","=""24.57562068475431""","=""]""","=""0.00000000000025""",,"=""002001.000542""","=""L22715c201""",
He I,"=""1s.34f""","=""3F*""","=""2""",5.0,"=""[""","=""24.57562068649158""","=""]""","=""0.00000000000025""",,"=""002001.000492""","=""L22715c201""",
He I,"=""1s.34f""","=""1F*""","=""3""",7.0,"=""[""","=""24.57562068962851""","=""]""","=""0.00000000000025""",,"=""002001.000467""","=""L22715c201""",
He I,"=""1s.34g""","=""3G""","=""4""",9.0,"=""[""","=""24.57562090478771""","=""]""","=""0.00000000000025""",,"=""002001.000617""","=""L22715c201""",
He I,"=""1s.34g""","=""3G""","=""5""",11.0,"=""[""","=""24.57562090587567""","=""]""","=""0.00000000000025""",,"=""002001.000642""","=""L22715c201""",
He I,"=""1s.34g""","=""3G""","=""3""",7.0,"=""[""","=""24.57562090686853""","=""]""","=""0.00000000000025""",,"=""002001.000592""","=""L22715c201""",
He I,"=""1s.34g""","=""1G""","=""4""",9.0,"=""[""","=""24.57562090754189""","=""]""","=""0.00000000000025""",,"=""002001.000567""","=""L22715c201""",
He I,"=""1s.34h""","=""3H*""","=""5""",11.0,"=""[""","=""24.57562095922669""","=""]""","=""0.00000000000025""",,"=""002001.000717""","=""L22715c201""",
He I,"=""1s.34h""","=""3H*""","=""6""",13.0,"=""[""","=""24.57562095993811""","=""]""","=""0.00000000000025""",,"=""002001.000742""","=""L22715c201""",
He I,"=""1s.34h""","=""3H*""","=""4""",9.0,"=""[""","=""24.57562096058382""","=""]""","=""0.00000000000025""",,"=""002001.000692""","=""L22715c201""",
He I,"=""1s.34h""","=""1H*""","=""5""",11.0,"=""[""","=""24.57562096106575""","=""]""","=""0.00000000000025""",,"=""002001.000667""","=""L22715c201""",
He I,"=""1s.34i""","=""3I""","=""6""",13.0,"=""[""","=""24.57562097711426""","=""]""","=""0.00000000000025""",,"=""002001.000817""","=""L22715c201""",
He I,"=""1s.34i""","=""3I""","=""7""",15.0,"=""[""","=""24.57562097761330""","=""]""","=""0.00000000000025""",,"=""002001.000842""","=""L22715c201""",
He I,"=""1s.34i""","=""3I""","=""5""",11.0,"=""[""","=""24.57562097806795""","=""]""","=""0.00000000000025""",,"=""002001.000792""","=""L22715c201""",
He I,"=""1s.34i""","=""1I""","=""6""",13.0,"=""[""","=""24.57562097842924""","=""]""","=""0.00000000000025""",,"=""002001.000767""","=""L22715c201""",
He I,"=""1s.34p""","=""1P*""","=""1""",3.0,"=""[""","=""24.5756293894120""","=""]""","=""0.0000000000005""",,"=""002001.000267""","=""L22715c201""",
He I,"=""1s.35s""","=""3S""","=""1""",3.0,"=""[""","=""24.576093150917""","=""]""","=""0.000000000007""",,"=""002001.000248""","=""L22715c201""",
He I,"=""1s.35s""","=""1S""","=""0""",1.0,"=""[""","=""24.576194633969""","=""]""","=""0.000000000008""",,"=""002001.000223""","=""L22715c201""",
He I,"=""1s.35p""","=""3P*""","=""2""",5.0,"=""[""","=""24.576240347176""","=""]""","=""0.000000000003""",,"=""002001.000343""","=""L22715c201""",
He I,"=""1s.35p""","=""3P*""","=""1""",3.0,"=""[""","=""24.576240348725""","=""]""","=""0.000000000003""",,"=""002001.000318""","=""L22715c201""",
He I,"=""1s.35p""","=""3P*""","=""0""",1.0,"=""[""","=""24.576240367788""","=""]""","=""0.000000000003""",,"=""002001.000293""","=""L22715c201""",
He I,"=""1s.35d""","=""3D""","=""3""",7.0,"=""[""","=""24.5762820132583""","=""]""","=""0.0000000000004""",,"=""002001.000443""","=""L22715c201""",
He I,"=""1s.35d""","=""3D""","=""2""",5.0,"=""[""","=""24.5762820135037""","=""]""","=""0.0000000000004""",,"=""002001.000418""","=""L22715c201""",
He I,"=""1s.35d""","=""3D""","=""1""",3.0,"=""[""","=""24.5762820169067""","=""]""","=""0.0000000000004""",,"=""002001.000393""","=""L22715c201""",
He I,"=""1s.35d""","=""1D""","=""2""",5.0,"=""[""","=""24.57628250534329""","=""]""","=""0.00000000000025""",,"=""002001.000368""","=""L22715c201""",
He I,"=""1s.35f""","=""3F*""","=""3""",7.0,"=""[""","=""24.57628356119235""","=""]""","=""0.00000000000025""",,"=""002001.000518""","=""L22715c201""",
He I,"=""1s.35f""","=""3F*""","=""4""",9.0,"=""[""","=""24.57628356196936""","=""]""","=""0.00000000000025""",,"=""002001.000543""","=""L22715c201""",
He I,"=""1s.35f""","=""3F*""","=""2""",5.0,"=""[""","=""24.57628356356194""","=""]""","=""0.00000000000025""",,"=""002001.000493""","=""L22715c201""",
He I,"=""1s.35f""","=""1F*""","=""3""",7.0,"=""[""","=""24.57628356643899""","=""]""","=""0.00000000000025""",,"=""002001.000468""","=""L22715c201""",
He I,"=""1s.35g""","=""3G""","=""4""",9.0,"=""[""","=""24.57628376370554""","=""]""","=""0.00000000000025""",,"=""002001.000618""","=""L22715c201""",
He I,"=""1s.35g""","=""3G""","=""5""",11.0,"=""[""","=""24.57628376470286""","=""]""","=""0.00000000000025""",,"=""002001.000643""","=""L22715c201""",
He I,"=""1s.35g""","=""3G""","=""3""",7.0,"=""[""","=""24.57628376561303""","=""]""","=""0.00000000000025""",,"=""002001.000593""","=""L22715c201""",
He I,"=""1s.35g""","=""1G""","=""4""",9.0,"=""[""","=""24.57628376623035""","=""]""","=""0.00000000000025""",,"=""002001.000568""","=""L22715c201""",
He I,"=""1s.35h""","=""3H*""","=""5""",11.0,"=""[""","=""24.57628381362145""","=""]""","=""0.00000000000025""",,"=""002001.000718""","=""L22715c201""",
He I,"=""1s.35h""","=""3H*""","=""6""",13.0,"=""[""","=""24.57628381427373""","=""]""","=""0.00000000000025""",,"=""002001.000743""","=""L22715c201""",
He I,"=""1s.35h""","=""3H*""","=""4""",9.0,"=""[""","=""24.57628381486563""","=""]""","=""0.00000000000025""",,"=""002001.000693""","=""L22715c201""",
He I,"=""1s.35h""","=""1H*""","=""5""",11.0,"=""[""","=""24.57628381530739""","=""]""","=""0.00000000000025""",,"=""002001.000668""","=""L22715c201""",
He I,"=""1s.35i""","=""3I""","=""6""",13.0,"=""[""","=""24.57628383002456""","=""]""","=""0.00000000000025""",,"=""002001.000818""","=""L22715c201""",
He I,"=""1s.35i""","=""3I""","=""7""",15.0,"=""[""","=""24.57628383048206""","=""]""","=""0.00000000000025""",,"=""002001.000843""","=""L22715c201""",
He I,"=""1s.35i""","=""3I""","=""5""",11.0,"=""[""","=""24.57628383089889""","=""]""","=""0.00000000000025""",,"=""002001.000793""","=""L22715c201""",
He I,"=""1s.35i""","=""1I""","=""6""",13.0,"=""[""","=""24.57628383123006""","=""]""","=""0.00000000000025""",,"=""002001.000768""","=""L22715c201""",
He I,"=""1s.35p""","=""1P*""","=""1""",3.0,"=""[""","=""24.5762915420321""","=""]""","=""0.0000000000005""",,"=""002001.000268""","=""L22715c201""",
He I,"=""He II (1s 2S<1/2>)""","=""Limit""","=""---""",,"=""""","=""24.587389011""","=""""","=""0.000000025""",,"=""002001.Lim001""","=""L17714""",
He I,"=""2s.2p""","=""3P*""","=""0,1,2""",9.0,"=""""","=""58.311""","=""""","=""0.006""",,"=""002001.000195""","=""L1368""",
He I,"=""2p2""","=""3P""","=""0,1,2""",9.0,"=""""","=""59.67378""","=""""","=""0.00015""",,"=""002001.000189""","=""L1341""",
He I,"=""2p.3p""","=""3D""","=""1,2,3""",15.0,"=""""","=""63.119""","=""""","=""0.006""",,"=""002001.000196""","=""L1368""",
He I,"=""2p.3d""","=""3D*""","=""1,2,3""",15.0,"=""""","=""63.78658""","=""""","=""0.00015""",,"=""002001.000197""","=""L1368""",
He I,"=""2p.3d""","=""3P*""","=""0,1,2""",9.0,"=""""","=""64.0719""","=""""","=""0.0006""",,"=""002001.000198""","=""L1368""",
Li I,"=""1s2.2s""","=""2S""","=""1/2""",2.0,"=""""","=""0.000000""","=""""","=""0.000012""",,"=""003001.000001""","=""L3462""",
Li I,"=""1s2.2p""","=""2P*""","=""1/2""",2.0,"=""""","=""1.847818""","=""""","=""0.000012""",,"=""003001.000002""","=""""",
Li I,"=""1s2.2p""","=""2P*""","=""3/2""",4.0,"=""""","=""1.847860""","=""""","=""0.000012""",,"=""003001.000003""","=""""",
Li I,"=""1s2.3s""","=""2S""","=""1/2""",2.0,"=""""","=""3.373129""","=""""","=""0.000012""",,"=""003001.000004""","=""""",
Li I,"=""1s2.3p""","=""2P*""","=""1/2""",2.0,"=""""","=""3.834258""","=""""","=""0.000012""",,"=""003001.000005""","=""""",
Li I,"=""1s2.3p""","=""2P*""","=""3/2""",4.0,"=""""","=""3.834258""","=""""","=""0.000012""",,"=""003001.000006""","=""""",
Li I,"=""1s2.3d""","=""2D""","=""3/2""",4.0,"=""""","=""3.878608""","=""""","=""0.000012""",,"=""003001.000007""","=""""",
Li I,"=""1s2.3d""","=""2D""","=""5/2""",6.0,"=""""","=""3.878613""","=""""","=""0.000012""",,"=""003001.000008""","=""""",
Li I,"=""1s2.4s""","=""2S""","=""1/2""",2.0,"=""""","=""4.340942""","=""""","=""0.000012""",,"=""003001.000009""","=""""",
Li I,"=""1s2.4p""","=""2P*""","=""1/2""",2.0,"=""""","=""4.521648""","=""""","=""0.000012""",,"=""003001.000010""","=""""",
Li I,"=""1s2.4p""","=""2P*""","=""3/2""",4.0,"=""""","=""4.521648""","=""""","=""0.000012""",,"=""003001.000011""","=""""",
Li I,"=""1s2.4d""","=""2D""","=""3/2""",4.0,"=""""","=""4.540720""","=""""","=""0.000012""",,"=""003001.000012""","=""""",
Li I,"=""1s2.4d""","=""2D""","=""5/2""",6.0,"=""""","=""4.540723""","=""""","=""0.000012""",,"=""003001.000013""","=""""",
Li I,"=""1s2.4f""","=""2F*""","=""5/2""",6.0,"=""""","=""4.54157""","=""""","=""0.00012""",,"=""003001.000014""","=""""",
Li I,"=""1s2.4f""","=""2F*""","=""7/2""",8.0,"=""""","=""4.54157""","=""""","=""0.00012""",,"=""003001.000015""","=""""",
Li I,"=""1s2.5s""","=""2S""","=""1/2""",2.0,"=""""","=""4.748533""","=""""","=""0.000012""",,"=""003001.000016""","=""""",
Li I,"=""1s2.5p""","=""2P*""","=""1/2""",2.0,"=""""","=""4.837313""","=""""","=""0.000012""",,"=""003001.000017""","=""""",
Li I,"=""1s2.5p""","=""2P*""","=""3/2""",4.0,"=""""","=""4.837313""","=""""","=""0.000012""",,"=""003001.000018""","=""""",
Li I,"=""1s2.5d""","=""2D""","=""3/2""",4.0,"=""""","=""4.847154""","=""""","=""0.000012""",,"=""003001.000019""","=""""",
Li I,"=""1s2.5d""","=""2D""","=""5/2""",6.0,"=""""","=""4.847155""","=""""","=""0.000012""",,"=""003001.000020""","=""""",
Li I,"=""1s2.5f""","=""2F*""","=""5/2""",6.0,"=""""","=""4.84834""","=""""","=""0.00012""",,"=""003001.000021""","=""""",
Li I,"=""1s2.5f""","=""2F*""","=""7/2""",8.0,"=""""","=""4.84834""","=""""","=""0.00012""",,"=""003001.000022""","=""""",
Li I,"=""1s2.6s""","=""2S""","=""1/2""",2.0,"=""""","=""4.957835""","=""""","=""0.000012""",,"=""003001.000023""","=""""",
Li I,"=""1s2.6p""","=""2P*""","=""1/2""",2.0,"=""""","=""5.007826""","=""""","=""0.000012""",,"=""003001.000024""","=""""",
Li I,"=""1s2.6p""","=""2P*""","=""3/2""",4.0,"=""""","=""5.007826""","=""""","=""0.000012""",,"=""003001.000025""","=""""",
Li I,"=""1s2.6d""","=""2D""","=""3/2""",4.0,"=""""","=""5.013587""","=""""","=""0.000012""",,"=""003001.000026""","=""""",
Li I,"=""1s2.6d""","=""2D""","=""5/2""",6.0,"=""""","=""5.013589""","=""""","=""0.000012""",,"=""003001.000027""","=""""",
Li I,"=""1s2.7s""","=""2S""","=""1/2""",2.0,"=""""","=""5.07937""","=""""","=""0.00012""",,"=""003001.000028""","=""""",
Li I,"=""1s2.7p""","=""2P*""","=""1/2""",2.0,"=""""","=""5.110300""","=""""","=""0.000012""",,"=""003001.000029""","=""""",
Li I,"=""1s2.7p""","=""2P*""","=""3/2""",4.0,"=""""","=""5.110300""","=""""","=""0.000012""",,"=""003001.000030""","=""""",
Li I,"=""1s2.7d""","=""2D""","=""3/2""",4.0,"=""""","=""5.11391""","=""""","=""0.00012""",,"=""003001.000031""","=""""",
Li I,"=""1s2.7d""","=""2D""","=""5/2""",6.0,"=""""","=""5.11391""","=""""","=""0.00012""",,"=""003001.000032""","=""""",
Li I,"=""1s2.8s""","=""2S""","=""1/2""",2.0,"=""""","=""5.15614""","=""""","=""0.00012""",,"=""003001.000033""","=""""",
Li I,"=""1s2.8p""","=""2P*""","=""1/2""",2.0,"=""""","=""5.176542""","=""""","=""0.000012""",,"=""003001.000034""","=""""",
Li I,"=""1s2.8p""","=""2P*""","=""3/2""",4.0,"=""""","=""5.176542""","=""""","=""0.000012""",,"=""003001.000035""","=""""",
Li I,"=""1s2.8d""","=""2D""","=""3/2""",4.0,"=""""","=""5.17898""","=""""","=""0.00012""",,"=""003001.000036""","=""""",
Li I,"=""1s2.8d""","=""2D""","=""5/2""",6.0,"=""""","=""5.17898""","=""""","=""0.00012""",,"=""003001.000037""","=""""",
Li I,"=""1s2.9s""","=""2S""","=""1/2""",2.0,"=""""","=""5.20775""","=""""","=""0.00012""",,"=""003001.000038""","=""""",
Li I,"=""1s2.9p""","=""2P*""","=""1/2""",2.0,"=""""","=""5.222000""","=""""","=""0.000012""",,"=""003001.000039""","=""""",
Li I,"=""1s2.9p""","=""2P*""","=""3/2""",4.0,"=""""","=""5.222000""","=""""","=""0.000012""",,"=""003001.000040""","=""""",
Li I,"=""1s2.9d""","=""2D""","=""3/2""",4.0,"=""""","=""5.22362""","=""""","=""0.00012""",,"=""003001.000041""","=""""",
Li I,"=""1s2.9d""","=""2D""","=""5/2""",6.0,"=""""","=""5.22362""","=""""","=""0.00012""",,"=""003001.000042""","=""""",
Li I,"=""1s2.10s""","=""2S""","=""1/2""",2.0,"=""""","=""5.2443""","=""""","=""0.0012""",,"=""003001.000043""","=""""",
Li I,"=""1s2.10p""","=""2P*""","=""1/2""",2.0,"=""""","=""5.254346""","=""""","=""0.000012""",,"=""003001.000044""","=""""",
Li I,"=""1s2.10p""","=""2P*""","=""3/2""",4.0,"=""""","=""5.254346""","=""""","=""0.000012""",,"=""003001.000045""","=""""",
Li I,"=""1s2.10d""","=""2D""","=""3/2""",4.0,"=""""","=""5.2556""","=""""","=""0.0012""",,"=""003001.000046""","=""""",
Li I,"=""1s2.10d""","=""2D""","=""5/2""",6.0,"=""""","=""5.2556""","=""""","=""0.0012""",,"=""003001.000047""","=""""",
Li I,"=""1s2.11s""","=""2S""","=""1/2""",2.0,"=""""","=""5.2706""","=""""","=""0.0012""",,"=""003001.000048""","=""""",
Li I,"=""1s2.11p""","=""2P*""","=""1/2""",2.0,"=""""","=""5.27790""","=""""","=""0.00012""",,"=""003001.000049""","=""""",
Li I,"=""1s2.11p""","=""2P*""","=""3/2""",4.0,"=""""","=""5.27790""","=""""","=""0.00012""",,"=""003001.000050""","=""""",
Li I,"=""1s2.11d""","=""2D""","=""3/2""",4.0,"=""""","=""5.2790""","=""""","=""0.0012""",,"=""003001.000051""","=""""",
Li I,"=""1s2.11d""","=""2D""","=""5/2""",6.0,"=""""","=""5.2790""","=""""","=""0.0012""",,"=""003001.000052""","=""""",
Li I,"=""1s2.12p""","=""2P*""","=""1/2""",2.0,"=""""","=""5.296498""","=""""","=""0.000012""",,"=""003001.000053""","=""""",
Li I,"=""1s2.12p""","=""2P*""","=""3/2""",4.0,"=""""","=""5.296498""","=""""","=""0.000012""",,"=""003001.000054""","=""""",
Li I,"=""1s2.12d""","=""2D""","=""3/2""",4.0,"=""""","=""5.2972""","=""""","=""0.0012""",,"=""003001.000055""","=""""",
Li I,"=""1s2.12d""","=""2D""","=""5/2""",6.0,"=""""","=""5.2972""","=""""","=""0.0012""",,"=""003001.000056""","=""""",
Li I,"=""1s2.13p""","=""2P*""","=""1/2""",2.0,"=""""","=""5.310605""","=""""","=""0.000012""",,"=""003001.000057""","=""""",
Li I,"=""1s2.13p""","=""2P*""","=""3/2""",4.0,"=""""","=""5.310605""","=""""","=""0.000012""",,"=""003001.000058""","=""""",
Li I,"=""1s2.14p""","=""2P*""","=""1/2""",2.0,"=""""","=""5.321822""","=""""","=""0.000012""",,"=""003001.000059""","=""""",
Li I,"=""1s2.14p""","=""2P*""","=""3/2""",4.0,"=""""","=""5.321822""","=""""","=""0.000012""",,"=""003001.000060""","=""""",
Li I,"=""1s2.15p""","=""2P*""","=""1/2""",2.0,"=""""","=""5.330764""","=""""","=""0.000012""",,"=""003001.000061""","=""""",
Li I,"=""1s2.15p""","=""2P*""","=""3/2""",4.0,"=""""","=""5.330764""","=""""","=""0.000012""",,"=""003001.000062""","=""""",
Li I,"=""1s2.16p""","=""2P*""","=""1/2""",2.0,"=""""","=""5.338182""","=""""","=""0.000012""",,"=""003001.000063""","=""""",
Li I,"=""1s2.16p""","=""2P*""","=""3/2""",4.0,"=""""","=""5.338182""","=""""","=""0.000012""",,"=""003001.000064""","=""""",
Li I,"=""1s2.17p""","=""2P*""","=""1/2""",2.0,"=""""","=""5.344391""","=""""","=""0.000012""",,"=""003001.000065""","=""""",
Li I,"=""1s2.17p""","=""2P*""","=""3/2""",4.0,"=""""","=""5.344391""","=""""","=""0.000012""",,"=""003001.000066""","=""""",
Li I,"=""1s2.18p""","=""2P*""","=""1/2""",2.0,"=""""","=""5.349541""","=""""","=""0.000012""",,"=""003001.000067""","=""""",
Li I,"=""1s2.18p""","=""2P*""","=""3/2""",4.0,"=""""","=""5.349541""","=""""","=""0.000012""",,"=""003001.000068""","=""""",
Li I,"=""1s2.19p""","=""2P*""","=""1/2""",2.0,"=""""","=""5.353866""","=""""","=""0.000012""",,"=""003001.000069""","=""""",
Li I,"=""1s2.19p""","=""2P*""","=""3/2""",4.0,"=""""","=""5.353866""","=""""","=""0.000012""",,"=""003001.000070""","=""""",
Li I,"=""1s2.20p""","=""2P*""","=""1/2""",2.0,"=""""","=""5.357530""","=""""","=""0.000012""",,"=""003001.000071""","=""""",
Li I,"=""1s2.20p""","=""2P*""","=""3/2""",4.0,"=""""","=""5.357530""","=""""","=""0.000012""",,"=""003001.000072""","=""""",
Li I,"=""1s2.21p""","=""2P*""","=""1/2""",2.0,"=""""","=""5.360725""","=""""","=""0.000012""",,"=""003001.000073""","=""""",
Li I,"=""1s2.21p""","=""2P*""","=""3/2""",4.0,"=""""","=""5.360725""","=""""","=""0.000012""",,"=""003001.000074""","=""""",
Li I,"=""1s2.22p""","=""2P*""","=""1/2""",2.0,"=""""","=""5.363450""","=""""","=""0.000012""",,"=""003001.000075""","=""""",
Li I,"=""1s2.22p""","=""2P*""","=""3/2""",4.0,"=""""","=""5.363450""","=""""","=""0.000012""",,"=""003001.000076""","=""""",
Li I,"=""1s2.23p""","=""2P*""","=""1/2""",2.0,"=""""","=""5.365907""","=""""","=""0.000012""",,"=""003001.000077""","=""""",
Li I,"=""1s2.23p""","=""2P*""","=""3/2""",4.0,"=""""","=""5.365907""","=""""","=""0.000012""",,"=""003001.000078""","=""""",
Li I,"=""1s2.24p""","=""2P*""","=""1/2""",2.0,"=""""","=""5.368024""","=""""","=""0.000012""",,"=""003001.000079""","=""""",
Li I,"=""1s2.24p""","=""2P*""","=""3/2""",4.0,"=""""","=""5.368024""","=""""","=""0.000012""",,"=""003001.000080""","=""""",
Li I,"=""1s2.25p""","=""2P*""","=""1/2""",2.0,"=""""","=""5.369935""","=""""","=""0.000012""",,"=""003001.000081""","=""""",
Li I,"=""1s2.25p""","=""2P*""","=""3/2""",4.0,"=""""","=""5.369935""","=""""","=""0.000012""",,"=""003001.000082""","=""""",
Li I,"=""1s2.26p""","=""2P*""","=""1/2""",2.0,"=""""","=""5.371592""","=""""","=""0.000012""",,"=""003001.000083""","=""""",
Li I,"=""1s2.26p""","=""2P*""","=""3/2""",4.0,"=""""","=""5.371592""","=""""","=""0.000012""",,"=""003001.000084""","=""""",
Li I,"=""1s2.27p""","=""2P*""","=""1/2""",2.0,"=""""","=""5.373029""","=""""","=""0.000012""",,"=""003001.000085""","=""""",
Li I,"=""1s2.27p""","=""2P*""","=""3/2""",4.0,"=""""","=""5.373029""","=""""","=""0.000012""",,"=""003001.000086""","=""""",
Li I,"=""1s2.28p""","=""2P*""","=""1/2""",2.0,"=""""","=""5.374267""","=""""","=""0.000012""",,"=""003001.000087""","=""""",
Li I,"=""1s2.28p""","=""2P*""","=""3/2""",4.0,"=""""","=""5.374267""","=""""","=""0.000012""",,"=""003001.000088""","=""""",
Li I,"=""1s2.29p""","=""2P*""","=""1/2""",2.0,"=""""","=""5.375324""","=""""","=""0.000012""",,"=""003001.000089""","=""""",
Li I,"=""1s2.29p""","=""2P*""","=""3/2""",4.0,"=""""","=""5.375324""","=""""","=""0.000012""",,"=""003001.000090""","=""""",
Li I,"=""1s2.30p""","=""2P*""","=""1/2""",2.0,"=""""","=""5.376415""","=""""","=""0.000012""",,"=""003001.000091""","=""""",
Li I,"=""1s2.30p""","=""2P*""","=""3/2""",4.0,"=""""","=""5.376415""","=""""","=""0.000012""",,"=""003001.000092""","=""""",
Li I,"=""1s2.31p""","=""2P*""","=""1/2""",2.0,"=""""","=""5.377450""","=""""","=""0.000012""",,"=""003001.000093""","=""""",
Li I,"=""1s2.31p""","=""2P*""","=""3/2""",4.0,"=""""","=""5.377450""","=""""","=""0.000012""",,"=""003001.000094""","=""""",
Li I,"=""1s2.32p""","=""2P*""","=""1/2""",2.0,"=""""","=""5.378225""","=""""","=""0.000012""",,"=""003001.000095""","=""""",
Li I,"=""1s2.32p""","=""2P*""","=""3/2""",4.0,"=""""","=""5.378225""","=""""","=""0.000012""",,"=""003001.000096""","=""""",
Li I,"=""1s2.33p""","=""2P*""","=""1/2""",2.0,"=""""","=""5.37904""","=""""","=""0.00012""",,"=""003001.000097""","=""""",
Li I,"=""1s2.33p""","=""2P*""","=""3/2""",4.0,"=""""","=""5.37904""","=""""","=""0.00012""",,"=""003001.000098""","=""""",
Li I,"=""1s2.34p""","=""2P*""","=""1/2""",2.0,"=""""","=""5.37971""","=""""","=""0.00012""",,"=""003001.000099""","=""""",
Li I,"=""1s2.34p""","=""2P*""","=""3/2""",4.0,"=""""","=""5.37971""","=""""","=""0.00012""",,"=""003001.000100""","=""""",
Li I,"=""1s2.35p""","=""2P*""","=""1/2""",2.0,"=""""","=""5.38034""","=""""","=""0.00012""",,"=""003001.000101""","=""""",
Li I,"=""1s2.35p""","=""2P*""","=""3/2""",4.0,"=""""","=""5.38034""","=""""","=""0.00012""",,"=""003001.000102""","=""""",
Li I,"=""1s2.36p""","=""2P*""","=""1/2""",2.0,"=""""","=""5.38098""","=""""","=""0.00012""",,"=""003001.000103""","=""""",
Li I,"=""1s2.36p""","=""2P*""","=""3/2""",4.0,"=""""","=""5.38098""","=""""","=""0.00012""",,"=""003001.000104""","=""""",
Li I,"=""1s2.37p""","=""2P*""","=""1/2""",2.0,"=""""","=""5.38150""","=""""","=""0.00012""",,"=""003001.000105""","=""""",
Li I,"=""1s2.37p""","=""2P*""","=""3/2""",4.0,"=""""","=""5.38150""","=""""","=""0.00012""",,"=""003001.000106""","=""""",
Li I,"=""1s2.38p""","=""2P*""","=""1/2""",2.0,"=""""","=""5.38198""","=""""","=""0.00012""",,"=""003001.000107""","=""""",
Li I,"=""1s2.38p""","=""2P*""","=""3/2""",4.0,"=""""","=""5.38198""","=""""","=""0.00012""",,"=""003001.000108""","=""""",
Li I,"=""1s2.39p""","=""2P*""","=""1/2""",2.0,"=""""","=""5.38245""","=""""","=""0.00012""",,"=""003001.000109""","=""""",
Li I,"=""1s2.39p""","=""2P*""","=""3/2""",4.0,"=""""","=""5.38245""","=""""","=""0.00012""",,"=""003001.000110""","=""""",
Li I,"=""1s2.40p""","=""2P*""","=""1/2""",2.0,"=""""","=""5.38301""","=""""","=""0.00012""",,"=""003001.000111""","=""""",
Li I,"=""1s2.40p""","=""2P*""","=""3/2""",4.0,"=""""","=""5.38301""","=""""","=""0.00012""",,"=""003001.000112""","=""""",
Li I,"=""1s2.41p""","=""2P*""","=""1/2""",2.0,"=""""","=""5.38351""","=""""","=""0.00012""",,"=""003001.000113""","=""""",
Li I,"=""1s2.41p""","=""2P*""","=""3/2""",4.0,"=""""","=""5.38351""","=""""","=""0.00012""",,"=""003001.000114""","=""""",
Li I,"=""1s2.42p""","=""2P*""","=""1/2""",2.0,"=""""","=""5.38393""","=""""","=""0.00012""",,"=""003001.000115""","=""""",
Li I,"=""1s2.42p""","=""2P*""","=""3/2""",4.0,"=""""","=""5.38393""","=""""","=""0.00012""",,"=""003001.000116""","=""""",
Li I,"=""Li II (1s2 1S<0>)""","=""Limit""","=""---""",,"=""""","=""5.391714996""","=""""","=""0.000000022""",,"=""003001.Lim001""","=""L12261""",
Li I,"=""1s.2s.2p""","=""4P*""","=""1/2""",2.0,"=""""","=""57.469""","=""""","=""0.012""",,"=""003001.000118""","=""""",
Li I,"=""1s.2s.2p""","=""4P*""","=""3/2""",4.0,"=""""","=""57.469""","=""""","=""0.012""",,"=""003001.000119""","=""""",
Li I,"=""1s.2s.2p""","=""4P*""","=""5/2""",6.0,"=""""","=""57.469""","=""""","=""0.012""",,"=""003001.000120""","=""""",
Li I,"=""1s.2p.(1P*).2s""","=""2P*""","=""1/2""",2.0,"=""""","=""58.911""","=""""","=""0.012""",,"=""003001.000121""","=""""",
Li I,"=""1s.2p.(1P*).2s""","=""2P*""","=""3/2""",4.0,"=""""","=""58.911""","=""""","=""0.012""",,"=""003001.000122""","=""""",
Li I,"=""1s.2p2""","=""4P""","=""1/2""",2.0,"=""""","=""60.807""","=""""","=""0.012""",,"=""003001.000123""","=""""",
Li I,"=""1s.2p2""","=""4P""","=""3/2""",4.0,"=""""","=""60.807""","=""""","=""0.012""",,"=""003001.000124""","=""""",
Li I,"=""1s.2p2""","=""4P""","=""5/2""",6.0,"=""""","=""60.807""","=""""","=""0.012""",,"=""003001.000125""","=""""",
Li I,"=""1s.2s.3p""","=""4P*""","=""1/2""",2.0,"=""""","=""61.319""","=""""","=""0.012""",,"=""003001.000126""","=""""",
Li I,"=""1s.2s.3p""","=""4P*""","=""3/2""",4.0,"=""""","=""61.319""","=""""","=""0.012""",,"=""003001.000127""","=""""",
Li I,"=""1s.2s.3p""","=""4P*""","=""5/2""",6.0,"=""""","=""61.319""","=""""","=""0.012""",,"=""003001.000128""","=""""",
Li I,"=""1s.2p2""","=""2P""","=""1/2""",2.0,"=""""","=""61.599""","=""""","=""0.012""",,"=""003001.000129""","=""""",
Li I,"=""1s.2p2""","=""2P""","=""3/2""",4.0,"=""""","=""61.599""","=""""","=""0.012""",,"=""003001.000130""","=""""",
Li I,"=""1s.2s.3s""","=""4S""","=""3/2""",4.0,"=""""","=""61.69""","=""""","=""0.12""",,"=""003001.000131""","=""""",
Li I,"=""1s.2p.3s""","=""4P*""","=""1/2""",2.0,"=""""","=""62.769""","=""""","=""0.012""",,"=""003001.000132""","=""""",
Li I,"=""1s.2p.3s""","=""4P*""","=""3/2""",4.0,"=""""","=""62.769""","=""""","=""0.012""",,"=""003001.000133""","=""""",
Li I,"=""1s.2p.3s""","=""4P*""","=""5/2""",6.0,"=""""","=""62.769""","=""""","=""0.012""",,"=""003001.000134""","=""""",
Li I,"=""1s.2s.3d""","=""4D""","=""1/2""",2.0,"=""""","=""62.773""","=""""","=""0.012""",,"=""003001.000135""","=""""",
Li I,"=""1s.2s.3d""","=""4D""","=""3/2""",4.0,"=""""","=""62.773""","=""""","=""0.012""",,"=""003001.000136""","=""""",
Li I,"=""1s.2s.3d""","=""4D""","=""5/2""",6.0,"=""""","=""62.773""","=""""","=""0.012""",,"=""003001.000137""","=""""",
Li I,"=""1s.2s.3d""","=""4D""","=""7/2""",8.0,"=""""","=""62.773""","=""""","=""0.012""",,"=""003001.000138""","=""""",
Li I,"=""1s.2s.4s""","=""4S""","=""3/2""",4.0,"=""""","=""63.180""","=""""","=""0.012""",,"=""003001.000139""","=""""",
Li I,"=""1s.2s.5s""","=""4S""","=""3/2""",4.0,"=""""","=""63.729""","=""""","=""0.012""",,"=""003001.000140""","=""""",
Li I,"=""1s.2s.4p""","=""4P*""","=""1/2""",2.0,"=""""","=""63.929""","=""""","=""0.012""",,"=""003001.000141""","=""""",
Li I,"=""1s.2s.4p""","=""4P*""","=""3/2""",4.0,"=""""","=""63.929""","=""""","=""0.012""",,"=""003001.000142""","=""""",
Li I,"=""1s.2s.4p""","=""4P*""","=""5/2""",6.0,"=""""","=""63.929""","=""""","=""0.012""",,"=""003001.000143""","=""""",
Li I,"=""1s.2s.6s""","=""4S""","=""3/2""",4.0,"=""""","=""63.989""","=""""","=""0.012""",,"=""003001.000144""","=""""",
Li I,"=""1s.2p.4s""","=""4P*""","=""1/2""",2.0,"=""""","=""64.232""","=""""","=""0.012""",,"=""003001.000145""","=""""",
Li I,"=""1s.2p.4s""","=""4P*""","=""3/2""",4.0,"=""""","=""64.232""","=""""","=""0.012""",,"=""003001.000146""","=""""",
Li I,"=""1s.2p.4s""","=""4P*""","=""5/2""",6.0,"=""""","=""64.232""","=""""","=""0.012""",,"=""003001.000147""","=""""",
Li I,"=""1s.2s.7s""","=""4S""","=""3/2""",4.0,"=""""","=""64.329""","=""""","=""0.012""",,"=""003001.000148""","=""""",
Li I,"=""1s.2p.3p""","=""4P""","=""1/2""",2.0,"=""""","=""64.872""","=""""","=""0.012""",,"=""003001.000149""","=""""",
Li I,"=""1s.2p.3p""","=""4P""","=""3/2""",4.0,"=""""","=""64.872""","=""""","=""0.012""",,"=""003001.000150""","=""""",
Li I,"=""1s.2p.3p""","=""4P""","=""5/2""",6.0,"=""""","=""64.872""","=""""","=""0.012""",,"=""003001.000151""","=""""",
Li I,"=""1s.2p.3d""","=""4D*""","=""1/2""",2.0,"=""""","=""65.126""","=""""","=""0.012""",,"=""003001.000152""","=""""",
Li I,"=""1s.2p.3d""","=""4D*""","=""3/2""",4.0,"=""""","=""65.126""","=""""","=""0.012""",,"=""003001.000153""","=""""",
Li I,"=""1s.2p.3d""","=""4D*""","=""5/2""",6.0,"=""""","=""65.126""","=""""","=""0.012""",,"=""003001.000154""","=""""",
Li I,"=""1s.2p.3d""","=""4D*""","=""7/2""",8.0,"=""""","=""65.126""","=""""","=""0.012""",,"=""003001.000155""","=""""",
Li I,"=""1s.2p.(1P*).3s""","=""2P*""","=""1/2""",2.0,"=""""","=""65.267""","=""""","=""0.012""",,"=""003001.000156""","=""""",
Li I,"=""1s.2p.(1P*).3s""","=""2P*""","=""3/2""",4.0,"=""""","=""65.267""","=""""","=""0.012""",,"=""003001.000157""","=""""",
Li I,"=""1s.2p.4p""","=""4P""","=""1/2""",2.0,"=""""","=""65.780""","=""""","=""0.012""",,"=""003001.000158""","=""""",
Li I,"=""1s.2p.4p""","=""4P""","=""3/2""",4.0,"=""""","=""65.780""","=""""","=""0.012""",,"=""003001.000159""","=""""",
Li I,"=""1s.2p.4p""","=""4P""","=""5/2""",6.0,"=""""","=""65.780""","=""""","=""0.012""",,"=""003001.000160""","=""""",
Li I,"=""1s.2p.5p""","=""4P""","=""1/2""",2.0,"=""""","=""66.169""","=""""","=""0.012""",,"=""003001.000161""","=""""",
Li I,"=""1s.2p.5p""","=""4P""","=""3/2""",4.0,"=""""","=""66.169""","=""""","=""0.012""",,"=""003001.000162""","=""""",
Li I,"=""1s.2p.5p""","=""4P""","=""5/2""",6.0,"=""""","=""66.169""","=""""","=""0.012""",,"=""003001.000163""","=""""",
Li I,"=""1s.2p.6p""","=""4P""","=""1/2""",2.0,"=""""","=""66.379""","=""""","=""0.012""",,"=""003001.000164""","=""""",
Li I,"=""1s.2p.6p""","=""4P""","=""3/2""",4.0,"=""""","=""66.379""","=""""","=""0.012""",,"=""003001.000165""","=""""",
Li I,"=""1s.2p.6p""","=""4P""","=""5/2""",6.0,"=""""","=""66.379""","=""""","=""0.012""",,"=""003001.000166""","=""""",
Li I,"=""1s.2p.(1P*).4s""","=""2P*""","=""1/2""",2.0,"=""""","=""66.454""","=""""","=""0.012""",,"=""003001.000167""","=""""",
Li I,"=""1s.2p.(1P*).4s""","=""2P*""","=""3/2""",4.0,"=""""","=""66.454""","=""""","=""0.012""",,"=""003001.000168""","=""""",
Li I,"=""1s.2p.(1P*).5s""","=""2P*""","=""1/2""",2.0,"=""""","=""66.93""","=""""","=""0.12""",,"=""003001.000169""","=""""",
Li I,"=""1s.2p.(1P*).5s""","=""2P*""","=""3/2""",4.0,"=""""","=""66.93""","=""""","=""0.12""",,"=""003001.000170""","=""""",
Li I,"=""1s.2p.(1P*).6s""","=""2P*""","=""1/2""",2.0,"=""""","=""67.165""","=""""","=""0.012""",,"=""003001.000171""","=""""",
Li I,"=""1s.2p.(1P*).6s""","=""2P*""","=""3/2""",4.0,"=""""","=""67.165""","=""""","=""0.012""",,"=""003001.000172""","=""""",
Li I,"=""1s.2p.(1P*).7s""","=""2P*""","=""1/2""",2.0,"=""""","=""67.292""","=""""","=""0.012""",,"=""003001.000173""","=""""",
Li I,"=""1s.2p.(1P*).7s""","=""2P*""","=""3/2""",4.0,"=""""","=""67.292""","=""""","=""0.012""",,"=""003001.000174""","=""""",
Li I,"=""1s.2p.(1P*).8s""","=""2P*""","=""1/2""",2.0,"=""""","=""67.378""","=""""","=""0.012""",,"=""003001.000175""","=""""",
Li I,"=""1s.2p.(1P*).8s""","=""2P*""","=""3/2""",4.0,"=""""","=""67.378""","=""""","=""0.012""",,"=""003001.000176""","=""""",
Li I,"=""1s.2p.(1P*).9s""","=""2P*""","=""1/2""",2.0,"=""""","=""67.433""","=""""","=""0.012""",,"=""003001.000177""","=""""",
Li I,"=""1s.2p.(1P*).9s""","=""2P*""","=""3/2""",4.0,"=""""","=""67.433""","=""""","=""0.012""",,"=""003001.000178""","=""""",
Li I,"=""1s.2p.(1P*).10s""","=""2P*""","=""1/2""",2.0,"=""""","=""67.476""","=""""","=""0.012""",,"=""003001.000179""","=""""",
Li I,"=""1s.2p.(1P*).10s""","=""2P*""","=""3/2""",4.0,"=""""","=""67.476""","=""""","=""0.012""",,"=""003001.000180""","=""""",
Li I,"=""1s.2p.(1P*).11s""","=""2P*""","=""1/2""",2.0,"=""""","=""67.499""","=""""","=""0.012""",,"=""003001.000181""","=""""",
Li I,"=""1s.2p.(1P*).11s""","=""2P*""","=""3/2""",4.0,"=""""","=""67.499""","=""""","=""0.012""",,"=""003001.000182""","=""""",
Li II,"=""1s2""","=""1S""","=""0""",1.0,"=""""","=""0.0000000""","=""""","=""0.0000012""",,"=""003002.000001""","=""L3501""",
Li II,"=""1s.2s""","=""3S""","=""1""",3.0,"=""[""","=""59.020708""","=""]""","=""0.000012""",,"=""003002.000002""","=""L3501c202""",
Li II,"=""1s.2s""","=""1S""","=""0""",1.0,"=""[""","=""60.922576""","=""]""","=""0.000019""",,"=""003002.000003""","=""L4834c203""",
Li II,"=""1s.2p""","=""3P*""","=""1""",3.0,"=""[""","=""61.280467""","=""]""","=""0.000012""",,"=""003002.000004""","=""L3501c202""",
Li II,"=""1s.2p""","=""3P*""","=""2""",5.0,"=""[""","=""61.280749""","=""]""","=""0.000012""",,"=""003002.000005""","=""L3501c202""",
Li II,"=""1s.2p""","=""3P*""","=""0""",1.0,"=""[""","=""61.281137""","=""]""","=""0.000012""",,"=""003002.000006""","=""L3501c202""",
Li II,"=""1s.2p""","=""1P*""","=""1""",3.0,"=""[""","=""62.216228""","=""]""","=""0.000012""",,"=""003002.000007""","=""L3501c202""",
Li II,"=""1s.3s""","=""3S""","=""1""",3.0,"=""[""","=""68.780678""","=""]""","=""0.000012""",,"=""003002.000008""","=""L3501c202""",
Li II,"=""1s.3s""","=""1S""","=""0""",1.0,"=""[""","=""69.279520""","=""]""","=""0.000012""",,"=""003002.000009""","=""L3501c202""",
Li II,"=""1s.3p""","=""3P*""","=""1""",3.0,"=""[""","=""69.36910""","=""]""","=""0.00019""",,"=""003002.000010""","=""L3501c202""",
Li II,"=""1s.3p""","=""3P*""","=""2""",5.0,"=""[""","=""69.36923""","=""]""","=""0.00010""",,"=""003002.000011""","=""L3501c202""",
Li II,"=""1s.3p""","=""3P*""","=""0""",1.0,"=""[""","=""69.36934""","=""]""","=""0.00004""",,"=""003002.000012""","=""L3501c202""",
Li II,"=""1s.3d""","=""3D""","=""2""",5.0,"=""[""","=""69.585174""","=""]""","=""0.000012""",,"=""003002.000013""","=""L3501c202""",
Li II,"=""1s.3d""","=""3D""","=""3""",7.0,"=""[""","=""69.585251""","=""]""","=""0.000012""",,"=""003002.000014""","=""L3501c202""",
Li II,"=""1s.3d""","=""3D""","=""1""",3.0,"=""[""","=""69.585317""","=""]""","=""0.000025""",,"=""003002.000015""","=""L3501c202""",
Li II,"=""1s.3d""","=""1D""","=""2""",5.0,"=""[""","=""69.588952""","=""]""","=""0.000012""",,"=""003002.000016""","=""L3501c202""",
Li II,"=""1s.3p""","=""1P*""","=""1""",3.0,"=""[""","=""69.648365""","=""]""","=""0.000019""",,"=""003002.000017""","=""L3501c202""",
Li II,"=""1s.4s""","=""3S""","=""1""",3.0,"=""[""","=""71.908412""","=""]""","=""0.000012""",,"=""003002.000018""","=""L3501c202""",
Li II,"=""1s.4s""","=""1S""","=""0""",1.0,"=""[""","=""72.108701""","=""]""","=""0.000019""",,"=""003002.000019""","=""L3501c202""",
Li II,"=""1s.4p""","=""3P*""","=""0""",1.0,"=""[""","=""72.144509""","=""]""","=""0.000012""",,"=""003002.000020""","=""L3501c202""",
Li II,"=""1s.4p""","=""3P*""","=""1""",3.0,"=""[""","=""72.144559""","=""]""","=""0.000012""",,"=""003002.000021""","=""L3501c202""",
Li II,"=""1s.4p""","=""3P*""","=""2""",5.0,"=""[""","=""72.144648""","=""]""","=""0.000012""",,"=""003002.000022""","=""L3501c202""",
Li II,"=""1s.4d""","=""3D""","=""1""",3.0,"=""[""","=""72.234700""","=""]""","=""0.000025""",,"=""003002.000023""","=""L3501c202""",
Li II,"=""1s.4d""","=""3D""","=""2""",5.0,"=""[""","=""72.234749""","=""]""","=""0.000012""",,"=""003002.000024""","=""L3501c202""",
Li II,"=""1s.4d""","=""3D""","=""3""",7.0,"=""[""","=""72.234831""","=""]""","=""0.000012""",,"=""003002.000025""","=""L3501c202""",
Li II,"=""1s.4d""","=""1D""","=""2""",5.0,"=""[""","=""72.236923""","=""]""","=""0.000019""",,"=""003002.000026""","=""L3501c202""",
Li II,"=""1s.4f""","=""3F*""","=""2""",5.0,"=""[""","=""72.238414""","=""]""","=""0.000012""",,"=""003002.000027""","=""L3501c202""",
Li II,"=""1s.4f""","=""3F*""","=""3""",7.0,"=""[""","=""72.238414""","=""]""","=""0.000012""",,"=""003002.000028""","=""L3501c202""",
Li II,"=""1s.4f""","=""3F*""","=""4""",9.0,"=""[""","=""72.238414""","=""]""","=""0.000012""",,"=""003002.000029""","=""L3501c202""",
Li II,"=""1s.4f""","=""1F*""","=""3""",7.0,"=""[""","=""72.238546""","=""]""","=""0.000012""",,"=""003002.000030""","=""L3501c202""",
Li II,"=""1s.4p""","=""1P*""","=""1""",3.0,"=""[""","=""72.26252""","=""]""","=""0.00015""",,"=""003002.000031""","=""L6124c204""",
Li II,"=""1s.5s""","=""3S""","=""1""",3.0,"=""[""","=""73.297399""","=""]""","=""0.000012""",,"=""003002.000032""","=""L3501c202""",
Li II,"=""1s.5s""","=""1S""","=""0""",1.0,"=""[""","=""73.397242""","=""]""","=""0.000019""",,"=""003002.000033""","=""L3501c202""",
Li II,"=""1s.5p""","=""3P*""","=""0""",1.0,"=""[""","=""73.415108""","=""]""","=""0.000012""",,"=""003002.000034""","=""L3501c202""",
Li II,"=""1s.5p""","=""3P*""","=""1""",3.0,"=""[""","=""73.415155""","=""]""","=""0.000012""",,"=""003002.000035""","=""L3501c202""",
Li II,"=""1s.5p""","=""3P*""","=""2""",5.0,"=""[""","=""73.415238""","=""]""","=""0.000012""",,"=""003002.000036""","=""L3501c202""",
Li II,"=""1s.5d""","=""3D""","=""1""",3.0,"=""[""","=""73.460988""","=""]""","=""0.000025""",,"=""003002.000037""","=""L3501c202""",
Li II,"=""1s.5d""","=""3D""","=""2""",5.0,"=""[""","=""73.461037""","=""]""","=""0.000012""",,"=""003002.000038""","=""L3501c202""",
Li II,"=""1s.5d""","=""3D""","=""3""",7.0,"=""[""","=""73.461119""","=""]""","=""0.000012""",,"=""003002.000039""","=""L3501c202""",
Li II,"=""1s.5d""","=""1D""","=""2""",5.0,"=""[""","=""73.462319""","=""]""","=""0.000019""",,"=""003002.000040""","=""L3501c202""",
Li II,"=""1s.5f""","=""3F*""","=""2""",5.0,"=""[""","=""73.463023""","=""]""","=""0.000012""",,"=""003002.000041""","=""L3501c202""",
Li II,"=""1s.5f""","=""3F*""","=""3""",7.0,"=""[""","=""73.463023""","=""]""","=""0.000012""",,"=""003002.000042""","=""L3501c202""",
Li II,"=""1s.5f""","=""3F*""","=""4""",9.0,"=""[""","=""73.463023""","=""]""","=""0.000012""",,"=""003002.000043""","=""L3501c202""",
Li II,"=""1s.5f""","=""1F*""","=""3""",7.0,"=""[""","=""73.463147""","=""]""","=""0.000012""",,"=""003002.000044""","=""L3501c202""",
Li II,"=""1s.5g""","=""1G""","=""4""",9.0,"=""[""","=""73.463317""","=""]""","=""0.000025""",,"=""003002.000138""","=""u46""",
Li II,"=""1s.5g""","=""3G""","=""3""",7.0,"=""[""","=""73.463317""","=""]""","=""0.000025""",,"=""003002.000139""","=""u46""",
Li II,"=""1s.5g""","=""3G""","=""4""",9.0,"=""[""","=""73.463317""","=""]""","=""0.000025""",,"=""003002.000140""","=""u46""",
Li II,"=""1s.5g""","=""3G""","=""5""",11.0,"=""[""","=""73.463317""","=""]""","=""0.000025""",,"=""003002.000141""","=""u46""",
Li II,"=""1s.5p""","=""1P*""","=""1""",3.0,"=""[""","=""73.4753""","=""]""","=""0.0003""",,"=""003002.000045""","=""L6124c204""",
Li II,"=""1s.6s""","=""3S""","=""1""",3.0,"=""[""","=""74.033578""","=""]""","=""0.000012""",,"=""003002.000046""","=""L3501c202""",
Li II,"=""1s.6s""","=""1S""","=""0""",1.0,"=""[""","=""74.090435""","=""]""","=""0.000019""",,"=""003002.000047""","=""L3501c202""",
Li II,"=""1s.6p""","=""3P*""","=""0""",1.0,"=""[""","=""74.100580""","=""]""","=""0.000012""",,"=""003002.000048""","=""L3501c202""",
Li II,"=""1s.6p""","=""3P*""","=""1""",3.0,"=""[""","=""74.100627""","=""]""","=""0.000012""",,"=""003002.000049""","=""L3501c202""",
Li II,"=""1s.6p""","=""3P*""","=""2""",5.0,"=""[""","=""74.100710""","=""]""","=""0.000012""",,"=""003002.000050""","=""L3501c202""",
Li II,"=""1s.6d""","=""3D""","=""1""",3.0,"=""[""","=""74.127013""","=""]""","=""0.000025""",,"=""003002.000052""","=""L3501c202""",
Li II,"=""1s.6d""","=""3D""","=""2""",5.0,"=""[""","=""74.127061""","=""]""","=""0.000012""",,"=""003002.000053""","=""L3501c202""",
Li II,"=""1s.6d""","=""3D""","=""3""",7.0,"=""[""","=""74.127143""","=""]""","=""0.000012""",,"=""003002.000054""","=""L3501c202""",
Li II,"=""1s.6d""","=""1D""","=""2""",5.0,"=""[""","=""74.127877""","=""]""","=""0.000019""",,"=""003002.000055""","=""L3501c202""",
Li II,"=""1s.6f""","=""3F*""","=""2""",5.0,"=""[""","=""74.128238""","=""]""","=""0.000012""",,"=""003002.000056""","=""L3501c202""",
Li II,"=""1s.6f""","=""3F*""","=""3""",7.0,"=""[""","=""74.128238""","=""]""","=""0.000012""",,"=""003002.000057""","=""L3501c202""",
Li II,"=""1s.6f""","=""3F*""","=""4""",9.0,"=""[""","=""74.128238""","=""]""","=""0.000012""",,"=""003002.000058""","=""L3501c202""",
Li II,"=""1s.6f""","=""1F*""","=""3""",7.0,"=""[""","=""74.128368""","=""]""","=""0.000012""",,"=""003002.000059""","=""L3501c202""",
Li II,"=""1s.6g""","=""1G""","=""4""",9.0,"=""[""","=""74.128445""","=""]""","=""0.000025""",,"=""003002.000142""","=""u46""",
Li II,"=""1s.6g""","=""3G""","=""3""",7.0,"=""[""","=""74.128445""","=""]""","=""0.000025""",,"=""003002.000143""","=""u46""",
Li II,"=""1s.6g""","=""3G""","=""4""",9.0,"=""[""","=""74.128445""","=""]""","=""0.000025""",,"=""003002.000144""","=""u46""",
Li II,"=""1s.6g""","=""3G""","=""5""",11.0,"=""[""","=""74.128445""","=""]""","=""0.000025""",,"=""003002.000145""","=""u46""",
Li II,"=""1s.6h""","=""1H*""","=""5""",11.0,"=""[""","=""74.128465""","=""]""","=""0.000025""",,"=""003002.000158""","=""u46""",
Li II,"=""1s.6h""","=""3H*""","=""4""",9.0,"=""[""","=""74.128465""","=""]""","=""0.000025""",,"=""003002.000159""","=""u46""",
Li II,"=""1s.6h""","=""3H*""","=""5""",11.0,"=""[""","=""74.128465""","=""]""","=""0.000025""",,"=""003002.000160""","=""u46""",
Li II,"=""1s.6h""","=""3H*""","=""6""",13.0,"=""[""","=""74.128465""","=""]""","=""0.000025""",,"=""003002.000161""","=""u46""",
Li II,"=""1s.6p""","=""1P*""","=""1""",3.0,"=""[""","=""74.1347""","=""]""","=""0.0006""",,"=""003002.000051""","=""L6124c204""",
Li II,"=""1s.7s""","=""3S""","=""1""",3.0,"=""[""","=""74.470245""","=""]""","=""0.000012""",,"=""003002.000060""","=""L3501c202""",
Li II,"=""1s.7s""","=""1S""","=""0""",1.0,"=""[""","=""74.50579""","=""]""","=""0.00025""",,"=""003002.000061""","=""L3501c202""",
Li II,"=""1s.7p""","=""3P*""","=""0""",1.0,"=""[""","=""74.511979""","=""]""","=""0.000012""",,"=""003002.000110""","=""u45""",
Li II,"=""1s.7p""","=""3P*""","=""1""",3.0,"=""[""","=""74.512007""","=""]""","=""0.000012""",,"=""003002.000111""","=""u45""",
Li II,"=""1s.7p""","=""3P*""","=""2""",5.0,"=""[""","=""74.512060""","=""]""","=""0.000012""",,"=""003002.000112""","=""u45""",
Li II,"=""1s.7d""","=""3D""","=""1""",3.0,"=""[""","=""74.528537""","=""]""","=""0.000025""",,"=""003002.000063""","=""L3501c202""",
Li II,"=""1s.7d""","=""3D""","=""2""",5.0,"=""[""","=""74.528585""","=""]""","=""0.000012""",,"=""003002.000064""","=""L3501c202""",
Li II,"=""1s.7d""","=""3D""","=""3""",7.0,"=""[""","=""74.528667""","=""]""","=""0.000012""",,"=""003002.000065""","=""L3501c202""",
Li II,"=""1s.7d""","=""1D""","=""2""",5.0,"=""[""","=""74.529152""","=""]""","=""0.000019""",,"=""003002.000066""","=""L3501c202""",
Li II,"=""1s.7f""","=""3F*""","=""2""",5.0,"=""[""","=""74.529324""","=""]""","=""0.000025""",,"=""003002.000067""","=""L3501c202""",
Li II,"=""1s.7f""","=""3F*""","=""3""",7.0,"=""[""","=""74.529324""","=""]""","=""0.000025""",,"=""003002.000068""","=""L3501c202""",
Li II,"=""1s.7f""","=""3F*""","=""4""",9.0,"=""[""","=""74.529324""","=""]""","=""0.000025""",,"=""003002.000069""","=""L3501c202""",
Li II,"=""1s.7f""","=""1F*""","=""3""",7.0,"=""[""","=""74.529466""","=""]""","=""0.000012""",,"=""003002.000070""","=""L3501c202""",
Li II,"=""1s.7g""","=""1G""","=""4""",9.0,"=""[""","=""74.529497""","=""]""","=""0.000025""",,"=""003002.000146""","=""u46""",
Li II,"=""1s.7g""","=""3G""","=""3""",7.0,"=""[""","=""74.529497""","=""]""","=""0.000025""",,"=""003002.000147""","=""u46""",
Li II,"=""1s.7g""","=""3G""","=""4""",9.0,"=""[""","=""74.529497""","=""]""","=""0.000025""",,"=""003002.000148""","=""u46""",
Li II,"=""1s.7g""","=""3G""","=""5""",11.0,"=""[""","=""74.529497""","=""]""","=""0.000025""",,"=""003002.000149""","=""u46""",
Li II,"=""1s.7h""","=""1H*""","=""5""",11.0,"=""[""","=""74.529510""","=""]""","=""0.000025""",,"=""003002.000162""","=""u46""",
Li II,"=""1s.7h""","=""3H*""","=""4""",9.0,"=""[""","=""74.529510""","=""]""","=""0.000025""",,"=""003002.000163""","=""u46""",
Li II,"=""1s.7h""","=""3H*""","=""5""",11.0,"=""[""","=""74.529510""","=""]""","=""0.000025""",,"=""003002.000164""","=""u46""",
Li II,"=""1s.7h""","=""3H*""","=""6""",13.0,"=""[""","=""74.529510""","=""]""","=""0.000025""",,"=""003002.000165""","=""u46""",
Li II,"=""1s.7i""","=""1I""","=""6""",13.0,"=""[""","=""74.529513""","=""]""","=""0.000025""",,"=""003002.000174""","=""u46""",
Li II,"=""1s.7i""","=""3I""","=""5""",11.0,"=""[""","=""74.529513""","=""]""","=""0.000025""",,"=""003002.000175""","=""u46""",
Li II,"=""1s.7i""","=""3I""","=""6""",13.0,"=""[""","=""74.529513""","=""]""","=""0.000025""",,"=""003002.000176""","=""u46""",
Li II,"=""1s.7i""","=""3I""","=""7""",15.0,"=""[""","=""74.529513""","=""]""","=""0.000025""",,"=""003002.000177""","=""u46""",
Li II,"=""1s.7p""","=""1P*""","=""1""",3.0,"=""[""","=""74.535""","=""]""","=""0.003""",,"=""003002.000062""","=""L6124c205,L4191""",
Li II,"=""1s.8s""","=""3S""","=""1""",3.0,"=""[""","=""74.750335""","=""]""","=""0.000012""",,"=""003002.000071""","=""L3501c202""",
Li II,"=""1s.8s""","=""1S""","=""0""",1.0,"=""[""","=""74.773858""","=""]""","=""0.000025""",,"=""003002.000113""","=""u45""",
Li II,"=""1s.8p""","=""3P*""","=""0""",1.0,"=""[""","=""74.778071""","=""]""","=""0.000012""",,"=""003002.000114""","=""u45""",
Li II,"=""1s.8p""","=""3P*""","=""1""",3.0,"=""[""","=""74.778092""","=""]""","=""0.000012""",,"=""003002.000115""","=""u45""",
Li II,"=""1s.8p""","=""3P*""","=""2""",5.0,"=""[""","=""74.778131""","=""]""","=""0.000012""",,"=""003002.000116""","=""u45""",
Li II,"=""1s.8d""","=""3D""","=""1""",3.0,"=""[""","=""74.789122""","=""]""","=""0.000025""",,"=""003002.000072""","=""L3501c202""",
Li II,"=""1s.8d""","=""3D""","=""2""",5.0,"=""[""","=""74.789170""","=""]""","=""0.000012""",,"=""003002.000073""","=""L3501c202""",
Li II,"=""1s.8d""","=""3D""","=""3""",7.0,"=""[""","=""74.789252""","=""]""","=""0.000012""",,"=""003002.000074""","=""L3501c202""",
Li II,"=""1s.8d""","=""1D""","=""2""",5.0,"=""[""","=""74.789578""","=""]""","=""0.000019""",,"=""003002.000075""","=""L3501c202""",
Li II,"=""1s.8f""","=""3F*""","=""2""",5.0,"=""[""","=""74.789644""","=""]""","=""0.000025""",,"=""003002.000076""","=""L3501c202""",
Li II,"=""1s.8f""","=""3F*""","=""3""",7.0,"=""[""","=""74.789644""","=""]""","=""0.000025""",,"=""003002.000077""","=""L3501c202""",
Li II,"=""1s.8f""","=""3F*""","=""4""",9.0,"=""[""","=""74.789644""","=""]""","=""0.000025""",,"=""003002.000078""","=""L3501c202""",
Li II,"=""1s.8f""","=""1F*""","=""3""",7.0,"=""[""","=""74.789790""","=""]""","=""0.000012""",,"=""003002.000079""","=""L3501c202""",
Li II,"=""1s.8g""","=""1G""","=""4""",9.0,"=""[""","=""74.789794""","=""]""","=""0.000025""",,"=""003002.000150""","=""u46""",
Li II,"=""1s.8g""","=""3G""","=""3""",7.0,"=""[""","=""74.789794""","=""]""","=""0.000025""",,"=""003002.000151""","=""u46""",
Li II,"=""1s.8g""","=""3G""","=""4""",9.0,"=""[""","=""74.789794""","=""]""","=""0.000025""",,"=""003002.000152""","=""u46""",
Li II,"=""1s.8g""","=""3G""","=""5""",11.0,"=""[""","=""74.789794""","=""]""","=""0.000025""",,"=""003002.000153""","=""u46""",
Li II,"=""1s.8h""","=""1H*""","=""5""",11.0,"=""[""","=""74.789804""","=""]""","=""0.000025""",,"=""003002.000166""","=""u46""",
Li II,"=""1s.8h""","=""3H*""","=""4""",9.0,"=""[""","=""74.789804""","=""]""","=""0.000025""",,"=""003002.000167""","=""u46""",
Li II,"=""1s.8h""","=""3H*""","=""5""",11.0,"=""[""","=""74.789804""","=""]""","=""0.000025""",,"=""003002.000168""","=""u46""",
Li II,"=""1s.8h""","=""3H*""","=""6""",13.0,"=""[""","=""74.789804""","=""]""","=""0.000025""",,"=""003002.000169""","=""u46""",
Li II,"=""1s.8i""","=""1I""","=""6""",13.0,"=""[""","=""74.789806""","=""]""","=""0.000025""",,"=""003002.000178""","=""u46""",
Li II,"=""1s.8i""","=""3I""","=""5""",11.0,"=""[""","=""74.789806""","=""]""","=""0.000025""",,"=""003002.000179""","=""u46""",
Li II,"=""1s.8i""","=""3I""","=""6""",13.0,"=""[""","=""74.789806""","=""]""","=""0.000025""",,"=""003002.000180""","=""u46""",
Li II,"=""1s.8i""","=""3I""","=""7""",15.0,"=""[""","=""74.789806""","=""]""","=""0.000025""",,"=""003002.000181""","=""u46""",
Li II,"=""1s.8p""","=""1P*""","=""1""",3.0,"=""[""","=""74.79281""","=""]""","=""0.00012""",,"=""003002.000117""","=""u45""",
Li II,"=""1s.9s""","=""3S""","=""1""",3.0,"=""[""","=""74.940674""","=""]""","=""0.000012""",,"=""003002.000118""","=""u45""",
Li II,"=""1s.9s""","=""1S""","=""0""",1.0,"=""[""","=""74.957083""","=""]""","=""0.000025""",,"=""003002.000119""","=""u45""",
Li II,"=""1s.9p""","=""3P*""","=""0""",1.0,"=""[""","=""74.960028""","=""]""","=""0.000012""",,"=""003002.000120""","=""u45""",
Li II,"=""1s.9p""","=""3P*""","=""1""",3.0,"=""[""","=""74.960043""","=""]""","=""0.000012""",,"=""003002.000121""","=""u45""",
Li II,"=""1s.9p""","=""3P*""","=""2""",5.0,"=""[""","=""74.960071""","=""]""","=""0.000012""",,"=""003002.000122""","=""u45""",
Li II,"=""1s.9d""","=""3D""","=""1""",3.0,"=""[""","=""74.967796""","=""]""","=""0.000025""",,"=""003002.000131""","=""u45""",
Li II,"=""1s.9d""","=""3D""","=""2""",5.0,"=""[""","=""74.967818""","=""]""","=""0.000012""",,"=""003002.000132""","=""u45""",
Li II,"=""1s.9d""","=""3D""","=""3""",7.0,"=""[""","=""74.967858""","=""]""","=""0.000012""",,"=""003002.000133""","=""u45""",
Li II,"=""1s.9d""","=""1D""","=""2""",5.0,"=""[""","=""74.968092""","=""]""","=""0.000019""",,"=""003002.000130""","=""u45""",
Li II,"=""1s.9f""","=""3F*""","=""2""",5.0,"=""[""","=""74.968122""","=""]""","=""0.000012""",,"=""003002.000080""","=""L3501c202""",
Li II,"=""1s.9f""","=""3F*""","=""3""",7.0,"=""[""","=""74.968122""","=""]""","=""0.000012""",,"=""003002.000081""","=""L3501c202""",
Li II,"=""1s.9f""","=""3F*""","=""4""",9.0,"=""[""","=""74.968122""","=""]""","=""0.000012""",,"=""003002.000082""","=""L3501c202""",
Li II,"=""1s.9g""","=""1G""","=""4""",9.0,"=""[""","=""74.968253""","=""]""","=""0.000025""",,"=""003002.000154""","=""u46""",
Li II,"=""1s.9g""","=""3G""","=""3""",7.0,"=""[""","=""74.968253""","=""]""","=""0.000025""",,"=""003002.000155""","=""u46""",
Li II,"=""1s.9g""","=""3G""","=""4""",9.0,"=""[""","=""74.968253""","=""]""","=""0.000025""",,"=""003002.000156""","=""u46""",
Li II,"=""1s.9g""","=""3G""","=""5""",11.0,"=""[""","=""74.968253""","=""]""","=""0.000025""",,"=""003002.000157""","=""u46""",
Li II,"=""1s.9h""","=""1H*""","=""5""",11.0,"=""[""","=""74.968261""","=""]""","=""0.000025""",,"=""003002.000170""","=""u46""",
Li II,"=""1s.9h""","=""3H*""","=""4""",9.0,"=""[""","=""74.968261""","=""]""","=""0.000025""",,"=""003002.000171""","=""u46""",
Li II,"=""1s.9h""","=""3H*""","=""5""",11.0,"=""[""","=""74.968261""","=""]""","=""0.000025""",,"=""003002.000172""","=""u46""",
Li II,"=""1s.9h""","=""3H*""","=""6""",13.0,"=""[""","=""74.968261""","=""]""","=""0.000025""",,"=""003002.000173""","=""u46""",
Li II,"=""1s.9f""","=""1F*""","=""3""",7.0,"=""[""","=""74.968264""","=""]""","=""0.000012""",,"=""003002.000083""","=""L3501c202""",
Li II,"=""1s.9p""","=""1P*""","=""1""",3.0,"=""[""","=""74.97038""","=""]""","=""0.00012""",,"=""003002.000123""","=""u45""",
Li II,"=""1s.10s""","=""3S""","=""1""",3.0,"=""[""","=""75.075870""","=""]""","=""0.000012""",,"=""003002.000124""","=""u45""",
Li II,"=""1s.10s""","=""1S""","=""0""",1.0,"=""[""","=""75.087774""","=""]""","=""0.000025""",,"=""003002.000125""","=""u45""",
Li II,"=""1s.10p""","=""3P*""","=""0""",1.0,"=""[""","=""75.089913""","=""]""","=""0.000012""",,"=""003002.000126""","=""u45""",
Li II,"=""1s.10p""","=""3P*""","=""1""",3.0,"=""[""","=""75.089924""","=""]""","=""0.000012""",,"=""003002.000127""","=""u45""",
Li II,"=""1s.10p""","=""3P*""","=""2""",5.0,"=""[""","=""75.089945""","=""]""","=""0.000012""",,"=""003002.000128""","=""u45""",
Li II,"=""1s.10d""","=""3D""","=""1""",3.0,"=""[""","=""75.095566""","=""]""","=""0.000025""",,"=""003002.000135""","=""u45""",
Li II,"=""1s.10d""","=""3D""","=""2""",5.0,"=""[""","=""75.095584""","=""]""","=""0.000012""",,"=""003002.000136""","=""u45""",
Li II,"=""1s.10d""","=""3D""","=""3""",7.0,"=""[""","=""75.095615""","=""]""","=""0.000012""",,"=""003002.000137""","=""u45""",
Li II,"=""1s.10d""","=""1D""","=""2""",5.0,"=""[""","=""75.095787""","=""]""","=""0.000019""",,"=""003002.000134""","=""u45""",
Li II,"=""1s.10f""","=""3F*""","=""2""",5.0,"=""[""","=""75.095808""","=""]""","=""0.000025""",,"=""003002.000084""","=""L3501c202""",
Li II,"=""1s.10f""","=""3F*""","=""3""",7.0,"=""[""","=""75.095808""","=""]""","=""0.000025""",,"=""003002.000085""","=""L3501c202""",
Li II,"=""1s.10f""","=""3F*""","=""4""",9.0,"=""[""","=""75.095808""","=""]""","=""0.000025""",,"=""003002.000086""","=""L3501c202""",
Li II,"=""1s.10f""","=""1F*""","=""3""",7.0,"=""[""","=""75.095951""","=""]""","=""0.000025""",,"=""003002.000087""","=""L3501c202""",
Li II,"=""1s.10p""","=""1P*""","=""1""",3.0,"=""[""","=""75.09745""","=""]""","=""0.00012""",,"=""003002.000129""","=""u45""",
Li II,"=""1s.11p""","=""1P*""","=""1""",3.0,"=""[""","=""75.19152""","=""]""","=""0.00012""",,"=""003002.000182""","=""u45""",
Li II,"=""1s.12p""","=""1P*""","=""1""",3.0,"=""[""","=""75.26308""","=""]""","=""0.00012""",,"=""003002.000183""","=""u45""",
Li II,"=""1s.13p""","=""1P*""","=""1""",3.0,"=""[""","=""75.31880""","=""]""","=""0.00012""",,"=""003002.000184""","=""u45""",
Li II,"=""1s.14p""","=""1P*""","=""1""",3.0,"=""[""","=""75.36301""","=""]""","=""0.00012""",,"=""003002.000185""","=""u45""",
Li II,"=""Li III (1s 2S<1/2>)""","=""Limit""","=""---""",,"=""(""","=""75.6400970""","="")""","=""0.0000012""",,"=""003002.Lim001""","=""L10054""",
Li II,"=""2p2""","=""3P""","=""0""",1.0,"=""""","=""149.52""","=""""","=""0.25""",,"=""003002.000089""","=""L3160""",
Li II,"=""2p2""","=""3P""","=""1""",3.0,"=""""","=""149.52""","=""""","=""0.25""",,"=""003002.000090""","=""L3160""",
Li II,"=""2p2""","=""3P""","=""2""",5.0,"=""""","=""149.52""","=""""","=""0.25""",,"=""003002.000091""","=""L3160""",
Li II,"=""2s.2p""","=""1P*""","=""1""",3.0,"=""""","=""150.29""","=""""","=""0.05""",,"=""003002.000093""","=""L4046""",
Li II,"=""2p.3p""","=""3D""","=""1""",3.0,"=""""","=""160.1""","=""""","=""0.6""",,"=""003002.000094""","=""L3160""",
Li II,"=""2p.3p""","=""3D""","=""2""",5.0,"=""""","=""160.1""","=""""","=""0.6""",,"=""003002.000095""","=""L3160""",
Li II,"=""2p.3p""","=""3D""","=""3""",7.0,"=""""","=""160.1""","=""""","=""0.6""",,"=""003002.000096""","=""L3160""",
Li II,"=""2p.3p""","=""3P""","=""1""",3.0,"=""""","=""160.2""","=""""","=""0.6""",,"=""003002.000097""","=""L3160""",
Li II,"=""2p.3p""","=""3P""","=""0""",1.0,"=""""","=""160.2""","=""""","=""0.6""",,"=""003002.000098""","=""L3160""",
Li II,"=""2p.3p""","=""3P""","=""2""",5.0,"=""""","=""160.2""","=""""","=""0.6""",,"=""003002.000099""","=""L3160""",
Li II,"=""2p.3d""","=""3D*""","=""1""",3.0,"=""""","=""160.4""","=""""","=""0.4""",,"=""003002.000100""","=""L3160""",
Li II,"=""2p.3d""","=""3D*""","=""2""",5.0,"=""""","=""160.4""","=""""","=""0.4""",,"=""003002.000101""","=""L3160""",
Li II,"=""2p.3d""","=""3D*""","=""3""",7.0,"=""""","=""160.4""","=""""","=""0.4""",,"=""003002.000102""","=""L3160""",
Li II,"=""2s.3p""","=""1P*""","=""1""",3.0,"=""""","=""161.06""","=""""","=""0.10""",,"=""003002.000107""","=""L4046""",
Li II,"=""2s.4p""","=""1P*""","=""1""",3.0,"=""""","=""163.91""","=""""","=""0.11""",,"=""003002.000109""","=""L4046""",
Be I,"=""1s2.2s2""","=""1S""","=""0""",1.0,"=""""","=""0.00000000""","=""""","=""0.00000000""",,"=""004001.000001""","=""L9172""",
Be I,"=""1s2.2s.2p""","=""3P*""","=""0""",1.0,"=""""","=""2.724963""","=""""","=""0.000010""",,"=""004001.000002""","=""L9172""",
Be I,"=""1s2.2s.2p""","=""3P*""","=""1""",3.0,"=""""","=""2.7250394""","=""""","=""0.0000012""",,"=""004001.000003""","=""L9172""",
Be I,"=""1s2.2s.2p""","=""3P*""","=""2""",5.0,"=""""","=""2.725329""","=""""","=""0.000009""",,"=""004001.000004""","=""L9172""",
Be I,"=""1s2.2s.2p""","=""1P*""","=""1""",3.0,"=""""","=""5.27744322""","=""""","=""0.00000012""",,"=""004001.000005""","=""L20591""",
Be I,"=""1s2.2s.3s""","=""3S""","=""1""",3.0,"=""""","=""6.457214""","=""""","=""0.000007""",,"=""004001.000006""","=""L9172""",
Be I,"=""1s2.2s.3s""","=""1S""","=""0""",1.0,"=""""","=""6.779127""","=""""","=""0.000003""",,"=""004001.000007""","=""L9172""",
Be I,"=""1s2.2p2""","=""1D""","=""2""",5.0,"=""""","=""7.0525370""","=""""","=""0.000003""",,"=""004001.000008""","=""L9172""",
Be I,"=""1s2.2s.3p""","=""3P*""","=""0""",1.0,"=""""","=""7.303596""","=""""","=""0.000007""",,"=""004001.000009""","=""L9172""",
Be I,"=""1s2.2s.3p""","=""3P*""","=""1""",3.0,"=""""","=""7.303596""","=""""","=""0.000007""",,"=""004001.000010""","=""L9172""",
Be I,"=""1s2.2s.3p""","=""3P*""","=""2""",5.0,"=""""","=""7.303641""","=""""","=""0.000007""",,"=""004001.000011""","=""L9172""",
Be I,"=""1s2.2p2""","=""3P""","=""0""",1.0,"=""""","=""7.401063""","=""""","=""0.000010""",,"=""004001.000012""","=""L9172""",
Be I,"=""1s2.2p2""","=""3P""","=""1""",3.0,"=""""","=""7.401235""","=""""","=""0.000007""",,"=""004001.000013""","=""L9172""",
Be I,"=""1s2.2p2""","=""3P""","=""2""",5.0,"=""""","=""7.401482""","=""""","=""0.000009""",,"=""004001.000014""","=""L9172""",
Be I,"=""1s2.2s.3p""","=""1P*""","=""1""",3.0,"=""""","=""7.4622919""","=""""","=""0.000003""",,"=""004001.000015""","=""L9172""",
Be I,"=""1s2.2s.3d""","=""3D""","=""1""",3.0,"=""""","=""7.6936830""","=""""","=""0.000007""",,"=""004001.000016""","=""L9172""",
Be I,"=""1s2.2s.3d""","=""3D""","=""2""",5.0,"=""""","=""7.693683""","=""""","=""0.000007""",,"=""004001.000017""","=""L9172""",
Be I,"=""1s2.2s.3d""","=""3D""","=""3""",7.0,"=""""","=""7.693683""","=""""","=""0.000007""",,"=""004001.000018""","=""L9172""",
Be I,"=""1s2.2s.3d""","=""1D""","=""2""",5.0,"=""""","=""7.98810393""","=""""","=""0.00000006""",,"=""004001.000019""","=""L21345""",
Be I,"=""1s2.2s.4s""","=""3S""","=""1""",3.0,"=""""","=""7.997785""","=""""","=""0.000007""",,"=""004001.000020""","=""L9172""",
Be I,"=""1s2.2s.4s""","=""1S""","=""0""",1.0,"=""""","=""8.089403""","=""""","=""0.000003""",,"=""004001.000021""","=""L9172""",
Be I,"=""1s2.2s.4p""","=""3P*""","=""0""",1.0,"=""""","=""8.283619""","=""""","=""0.000017""",,"=""004001.000022""","=""L9172""",
Be I,"=""1s2.2s.4p""","=""3P*""","=""1""",3.0,"=""""","=""8.283619""","=""""","=""0.000011""",,"=""004001.000023""","=""L9172""",
Be I,"=""1s2.2s.4p""","=""3P*""","=""2""",5.0,"=""""","=""8.283619""","=""""","=""0.000010""",,"=""004001.000024""","=""L9172""",
Be I,"=""1s2.2s.4p""","=""1P*""","=""1""",3.0,"=""""","=""8.311256""","=""""","=""0.000004""",,"=""004001.000025""","=""L9172""",
Be I,"=""1s2.2s.4d""","=""3D""","=""1""",3.0,"=""""","=""8.423689""","=""""","=""0.000010""",,"=""004001.000026""","=""L9172""",
Be I,"=""1s2.2s.4d""","=""3D""","=""2""",5.0,"=""""","=""8.423691""","=""""","=""0.000009""",,"=""004001.000027""","=""L9172""",
Be I,"=""1s2.2s.4d""","=""3D""","=""3""",7.0,"=""""","=""8.423695""","=""""","=""0.000009""",,"=""004001.000028""","=""L9172""",
Be I,"=""1s2.2s.4f""","=""3F*""","=""4""",9.0,"=""""","=""8.46081""","=""""","=""0.00004""",,"=""004001.000031""","=""L9172""",
Be I,"=""1s2.2s.4f""","=""3F*""","=""2""",5.0,"=""""","=""8.460811""","=""""","=""0.000007""",,"=""004001.000029""","=""L9172""",
Be I,"=""1s2.2s.4f""","=""3F*""","=""3""",7.0,"=""""","=""8.460811""","=""""","=""0.000007""",,"=""004001.000030""","=""L9172""",
Be I,"=""1s2.2s.4f""","=""1F*""","=""3""",7.0,"=""""","=""8.460843""","=""""","=""0.000004""",,"=""004001.000032""","=""L9172""",
Be I,"=""1s2.2s.4d""","=""1D""","=""2""",5.0,"=""""","=""8.527752""","=""""","=""0.000009""",,"=""004001.000033""","=""L9172""",
Be I,"=""1s2.2s.5s""","=""3S""","=""1""",3.0,"=""""","=""8.556172""","=""""","=""0.000007""",,"=""004001.000034""","=""L9172""",
Be I,"=""1s2.2s.5s""","=""1S""","=""0""",1.0,"=""""","=""8.594870""","=""""","=""0.000009""",,"=""004001.000035""","=""L9172""",
Be I,"=""1s2.2s.5p""","=""3P*""","=""0""",1.0,"=""[""","=""8.687002""","=""]""","=""0.000012""",,"=""004001.000036""","=""L9172""",
Be I,"=""1s2.2s.5p""","=""3P*""","=""1""",3.0,"=""[""","=""8.687002""","=""]""","=""0.000017""",,"=""004001.000037""","=""L9172""",
Be I,"=""1s2.2s.5p""","=""3P*""","=""2""",5.0,"=""[""","=""8.687002""","=""]""","=""0.000017""",,"=""004001.000038""","=""L9172""",
Be I,"=""1s2.2s.5p""","=""1P*""","=""1""",3.0,"=""""","=""8.693845""","=""""","=""0.000004""",,"=""004001.000039""","=""L9172""",
Be I,"=""1s2.2s.5d""","=""3D""","=""3""",7.0,"=""""","=""8.753747""","=""""","=""0.000007""",,"=""004001.000042""","=""L9172""",
Be I,"=""1s2.2s.5d""","=""3D""","=""1""",3.0,"=""""","=""8.753751""","=""""","=""0.000009""",,"=""004001.000040""","=""L9172""",
Be I,"=""1s2.2s.5d""","=""3D""","=""2""",5.0,"=""""","=""8.753751""","=""""","=""0.000007""",,"=""004001.000041""","=""L9172""",
Be I,"=""1s2.2s.5f""","=""3F*""","=""4""",9.0,"=""""","=""8.77184""","=""""","=""0.00014""",,"=""004001.000045""","=""L9172""",
Be I,"=""1s2.2s.5f""","=""3F*""","=""2""",5.0,"=""""","=""8.771850""","=""""","=""0.000007""",,"=""004001.000043""","=""L9172""",
Be I,"=""1s2.2s.5f""","=""3F*""","=""3""",7.0,"=""""","=""8.771850""","=""""","=""0.000007""",,"=""004001.000044""","=""L9172""",
Be I,"=""1s2.2s.5f""","=""1F*""","=""3""",7.0,"=""""","=""8.771885""","=""""","=""0.000005""",,"=""004001.000046""","=""L9172""",
Be I,"=""1s2.2s.5d""","=""1D""","=""2""",5.0,"=""""","=""8.803176""","=""""","=""0.000004""",,"=""004001.000047""","=""L9172""",
Be I,"=""1s2.2s.6s""","=""3S""","=""1""",3.0,"=""""","=""8.822779""","=""""","=""0.000007""",,"=""004001.000048""","=""L9172""",
Be I,"=""1s2.2s.6s""","=""1S""","=""0""",1.0,"=""""","=""8.842708""","=""""","=""0.000010""",,"=""004001.000049""","=""L9172""",
Be I,"=""1s2.2s.6p""","=""3P*""","=""0""",1.0,"=""""","=""8.893466""","=""""","=""0.000010""",,"=""004001.000050""","=""L9172""",
Be I,"=""1s2.2s.6p""","=""3P*""","=""1""",3.0,"=""""","=""8.893468""","=""""","=""0.000007""",,"=""004001.000051""","=""L9172""",
Be I,"=""1s2.2s.6p""","=""3P*""","=""2""",5.0,"=""""","=""8.893468""","=""""","=""0.000007""",,"=""004001.000052""","=""L9172""",
Be I,"=""1s2.2s.6p""","=""1P*""","=""1""",3.0,"=""""","=""8.895391""","=""""","=""0.000007""",,"=""004001.000053""","=""L9172""",
Be I,"=""1s2.2s.6d""","=""3D""","=""1""",3.0,"=""""","=""8.930519""","=""""","=""0.000010""",,"=""004001.000054""","=""L9172""",
Be I,"=""1s2.2s.6d""","=""3D""","=""2""",5.0,"=""""","=""8.930520""","=""""","=""0.000009""",,"=""004001.000055""","=""L9172""",
Be I,"=""1s2.2s.6d""","=""3D""","=""3""",7.0,"=""""","=""8.930521""","=""""","=""0.000009""",,"=""004001.000056""","=""L9172""",
Be I,"=""1s2.2s.6f""","=""3F*""","=""2""",5.0,"=""""","=""8.940695""","=""""","=""0.000007""",,"=""004001.000057""","=""L9172""",
Be I,"=""1s2.2s.6f""","=""3F*""","=""3""",7.0,"=""""","=""8.940695""","=""""","=""0.000007""",,"=""004001.000058""","=""L9172""",
Be I,"=""1s2.2s.6f""","=""3F*""","=""4""",9.0,"=""""","=""8.94070""","=""""","=""0.00012""",,"=""004001.000059""","=""L9172""",
Be I,"=""1s2.2s.6f""","=""1F*""","=""3""",7.0,"=""""","=""8.940718""","=""""","=""0.000006""",,"=""004001.000060""","=""L9172""",
Be I,"=""1s2.2s.6d""","=""1D""","=""2""",5.0,"=""""","=""8.958010""","=""""","=""0.000012""",,"=""004001.000061""","=""L9172""",
Be I,"=""1s2.2s.7s""","=""3S""","=""1""",3.0,"=""""","=""8.97084""","=""""","=""0.00019""",,"=""004001.000062""","=""L9172""",
Be I,"=""1s2.2s.7s""","=""1S""","=""0""",1.0,"=""""","=""8.982454""","=""""","=""0.000022""",,"=""004001.000063""","=""L9172""",
Be I,"=""1s2.2s.7p""","=""3P*""","=""0""",1.0,"=""""","=""9.013320""","=""""","=""0.000010""",,"=""004001.000064""","=""L9172""",
Be I,"=""1s2.2s.7p""","=""3P*""","=""1""",3.0,"=""""","=""9.013321""","=""""","=""0.000009""",,"=""004001.000065""","=""L9172""",
Be I,"=""1s2.2s.7p""","=""3P*""","=""2""",5.0,"=""""","=""9.013321""","=""""","=""0.000007""",,"=""004001.000066""","=""L9172""",
Be I,"=""1s2.2s.7p""","=""1P*""","=""1""",3.0,"=""[""","=""9.01387""","=""]""","=""0.00006""",,"=""004001.000067""","=""L9172""",
Be I,"=""1s2.2s.7d""","=""3D""","=""3""",7.0,"=""""","=""9.036082""","=""""","=""0.000015""",,"=""004001.000070""","=""L9172""",
Be I,"=""1s2.2s.7d""","=""3D""","=""2""",5.0,"=""""","=""9.036094""","=""""","=""0.000016""",,"=""004001.000069""","=""L9172""",
Be I,"=""1s2.2s.7d""","=""3D""","=""1""",3.0,"=""""","=""9.036096""","=""""","=""0.000020""",,"=""004001.000068""","=""L9172""",
Be I,"=""1s2.2s.7f""","=""3F*""","=""4""",9.0,"=""""","=""9.04237""","=""""","=""0.00010""",,"=""004001.000073""","=""L9172""",
Be I,"=""1s2.2s.7f""","=""3F*""","=""2""",5.0,"=""""","=""9.042367""","=""""","=""0.000009""",,"=""004001.000071""","=""L9172""",
Be I,"=""1s2.2s.7f""","=""3F*""","=""3""",7.0,"=""""","=""9.042368""","=""""","=""0.000007""",,"=""004001.000072""","=""L9172""",
Be I,"=""1s2.2s.7f""","=""1F*""","=""3""",7.0,"=""""","=""9.042387""","=""""","=""0.000007""",,"=""004001.000074""","=""L9172""",
Be I,"=""1s2.2s.7d""","=""1D""","=""2""",5.0,"=""""","=""9.053022""","=""""","=""0.000009""",,"=""004001.000075""","=""L9172""",
Be I,"=""1s2.2s.8s""","=""3S""","=""1""",3.0,"=""""","=""9.06181""","=""""","=""0.00019""",,"=""004001.000076""","=""L9172""",
Be I,"=""1s2.2s.8s""","=""1S""","=""0""",1.0,"=""""","=""9.069031""","=""""","=""0.000024""",,"=""004001.000077""","=""L9172""",
Be I,"=""1s2.2s.8p""","=""3P*""","=""2""",5.0,"=""""","=""9.089176""","=""""","=""0.000007""",,"=""004001.000080""","=""L9172""",
Be I,"=""1s2.2s.8p""","=""3P*""","=""1""",3.0,"=""""","=""9.089177""","=""""","=""0.000009""",,"=""004001.000079""","=""L9172""",
Be I,"=""1s2.2s.8p""","=""3P*""","=""0""",1.0,"=""""","=""9.089179""","=""""","=""0.000011""",,"=""004001.000078""","=""L9172""",
Be I,"=""1s2.2s.8p""","=""1P*""","=""1""",3.0,"=""[""","=""9.08924""","=""]""","=""0.00006""",,"=""004001.000081""","=""L9172""",
Be I,"=""1s2.2s.8d""","=""3D""","=""3""",7.0,"=""""","=""9.104078""","=""""","=""0.000016""",,"=""004001.000084""","=""L9172""",
Be I,"=""1s2.2s.8d""","=""3D""","=""2""",5.0,"=""""","=""9.104088""","=""""","=""0.000017""",,"=""004001.000083""","=""L9172""",
Be I,"=""1s2.2s.8d""","=""3D""","=""1""",3.0,"=""""","=""9.104089""","=""""","=""0.000021""",,"=""004001.000082""","=""L9172""",
Be I,"=""1s2.2s.8d""","=""1D""","=""2""",5.0,"=""""","=""9.115308""","=""""","=""0.000011""",,"=""004001.000085""","=""L9172""",
Be I,"=""1s2.2s.9s""","=""1S""","=""0""",1.0,"=""""","=""9.12630""","=""""","=""0.00004""",,"=""004001.000086""","=""L9172""",
Be I,"=""1s2.2s.9p""","=""1P*""","=""1""",3.0,"=""[""","=""9.14004""","=""]""","=""0.00006""",,"=""004001.000087""","=""L9172""",
Be I,"=""1s2.2s.9d""","=""3D""","=""1""",3.0,"=""""","=""9.1502""","=""""","=""0.0004""",,"=""004001.000088""","=""L9172""",
Be I,"=""1s2.2s.9d""","=""3D""","=""2""",5.0,"=""""","=""9.1503""","=""""","=""0.0003""",,"=""004001.000089""","=""L9172""",
Be I,"=""1s2.2s.9d""","=""3D""","=""3""",7.0,"=""""","=""9.15048""","=""""","=""0.00025""",,"=""004001.000090""","=""L9172""",
Be I,"=""1s2.2s.9d""","=""1D""","=""2""",5.0,"=""""","=""9.158335""","=""""","=""0.000012""",,"=""004001.000091""","=""L9172""",
Be I,"=""1s2.2s.10s""","=""1S""","=""0""",1.0,"=""""","=""9.16621""","=""""","=""0.00004""",,"=""004001.000092""","=""L9172""",
Be I,"=""1s2.2s.10p""","=""1P*""","=""1""",3.0,"=""[""","=""9.17597""","=""]""","=""0.00006""",,"=""004001.000093""","=""L9172""",
Be I,"=""1s2.2s.10d""","=""3D""","=""1""",3.0,"=""""","=""9.1834""","=""""","=""0.0003""",,"=""004001.000094""","=""L9172""",
Be I,"=""1s2.2s.10d""","=""3D""","=""2""",5.0,"=""""","=""9.18351""","=""""","=""0.00025""",,"=""004001.000095""","=""L9172""",
Be I,"=""1s2.2s.10d""","=""3D""","=""3""",7.0,"=""""","=""9.1836""","=""""","=""0.0004""",,"=""004001.000096""","=""L9172""",
Be I,"=""1s2.2s.10d""","=""1D""","=""2""",5.0,"=""""","=""9.189210""","=""""","=""0.000025""",,"=""004001.000097""","=""L9172""",
Be I,"=""1s2.2s.11s""","=""1S""","=""0""",1.0,"=""""","=""9.19510""","=""""","=""0.00004""",,"=""004001.000098""","=""L9172""",
Be I,"=""1s2.2s.11p""","=""1P*""","=""1""",3.0,"=""[""","=""9.20224""","=""]""","=""0.00006""",,"=""004001.000099""","=""L9172""",
Be I,"=""1s2.2s.11d""","=""3D""","=""1""",3.0,"=""""","=""9.2080""","=""""","=""0.0003""",,"=""004001.000100""","=""L9172""",
Be I,"=""1s2.2s.11d""","=""3D""","=""2""",5.0,"=""""","=""9.20806""","=""""","=""0.00025""",,"=""004001.000101""","=""L9172""",
Be I,"=""1s2.2s.11d""","=""3D""","=""3""",7.0,"=""""","=""9.2082""","=""""","=""0.0004""",,"=""004001.000102""","=""L9172""",
Be I,"=""1s2.2s.11d""","=""1D""","=""2""",5.0,"=""""","=""9.21221""","=""""","=""0.00004""",,"=""004001.000103""","=""L9172""",
Be I,"=""1s2.2s.12p""","=""1P*""","=""1""",3.0,"=""[""","=""9.22203""","=""]""","=""0.00006""",,"=""004001.000104""","=""L9172""",
Be I,"=""1s2.2s.12d""","=""3D""","=""1""",3.0,"=""""","=""9.2262""","=""""","=""0.0003""",,"=""004001.000105""","=""L9172""",
Be I,"=""1s2.2s.12d""","=""3D""","=""2""",5.0,"=""""","=""9.22628""","=""""","=""0.00025""",,"=""004001.000106""","=""L9172""",
Be I,"=""1s2.2s.12d""","=""3D""","=""3""",7.0,"=""""","=""9.2264""","=""""","=""0.0004""",,"=""004001.000107""","=""L9172""",
Be I,"=""1s2.2s.12d""","=""1D""","=""2""",5.0,"=""""","=""9.22981""","=""""","=""0.00004""",,"=""004001.000108""","=""L9172""",
Be I,"=""1s2.2s.13p""","=""1P*""","=""1""",3.0,"=""[""","=""9.23733""","=""]""","=""0.00006""",,"=""004001.000109""","=""L9172""",
Be I,"=""Be II (2s 2S<1/2>)""","=""Limit""","=""---""",,"=""""","=""9.322699""","=""""","=""0.000007""",,"=""004001.Lim001""","=""L5964""",
Be I,"=""1s2.2p2""","=""1S""","=""0""",1.0,"=""""","=""9.4464""","=""a""","=""0.0007""",,"=""004001.000111""","=""L9172""",
Be I,"=""1s2.2p.3s""","=""3P*""","=""0""",1.0,"=""""","=""10.607337""","=""""","=""0.000014""",,"=""004001.000112""","=""L9172""",
Be I,"=""1s2.2p.3s""","=""3P*""","=""1""",3.0,"=""""","=""10.607596""","=""""","=""0.000009""",,"=""004001.000113""","=""L9172""",
Be I,"=""1s2.2p.3s""","=""3P*""","=""2""",5.0,"=""""","=""10.608089""","=""""","=""0.000009""",,"=""004001.000114""","=""L9172""",
Be I,"=""1s2.2p.3s""","=""1P*""","=""1""",3.0,"=""""","=""10.94""","=""a""","=""0.10""",,"=""004001.000115""","=""L9172""",
Be I,"=""1s2.2p.3p""","=""1P""","=""1""",3.0,"=""""","=""11.049619""","=""""","=""0.000006""",,"=""004001.000116""","=""L9172""",
Be I,"=""1s2.2p.3p""","=""3P""","=""0""",1.0,"=""""","=""11.408382""","=""""","=""0.000015""",,"=""004001.000117""","=""L9172""",
Be I,"=""1s2.2p.3p""","=""3P""","=""1""",3.0,"=""""","=""11.408528""","=""""","=""0.000012""",,"=""004001.000118""","=""L9172""",
Be I,"=""1s2.2p.3p""","=""3P""","=""2""",5.0,"=""""","=""11.408789""","=""""","=""0.000015""",,"=""004001.000119""","=""L9172""",
Be I,"=""1s2.2p.3d""","=""1D*""","=""2""",5.0,"=""""","=""11.579391""","=""""","=""0.000009""",,"=""004001.000120""","=""L9172""",
Be I,"=""1s2.2p.3d""","=""3D*""","=""1""",3.0,"=""""","=""11.677889""","=""""","=""0.000011""",,"=""004001.000121""","=""L9172""",
Be I,"=""1s2.2p.3d""","=""3D*""","=""2""",5.0,"=""""","=""11.677977""","=""""","=""0.000011""",,"=""004001.000122""","=""L9172""",
Be I,"=""1s2.2p.3d""","=""3D*""","=""3""",7.0,"=""""","=""11.678116""","=""""","=""0.000012""",,"=""004001.000123""","=""L9172""",
Be I,"=""1s2.2p.3d""","=""1P*""","=""1""",3.0,"=""""","=""11.8583""","=""a""","=""0.0006""",,"=""004001.000124""","=""L9172""",
Be I,"=""1s2.2p.4s""","=""1P*""","=""1""",3.0,"=""""","=""12.10""","=""a""","=""0.06""",,"=""004001.000125""","=""L9172""",
Be I,"=""1s2.2p.4p""","=""1P""","=""1""",3.0,"=""""","=""12.174265""","=""""","=""0.000011""",,"=""004001.000126""","=""L9172""",
Be I,"=""1s2.2p.4p""","=""3P""","=""0""",1.0,"=""""","=""12.29472""","=""""","=""0.00003""",,"=""004001.000127""","=""L9172""",
Be I,"=""1s2.2p.4p""","=""3P""","=""1""",3.0,"=""""","=""12.29486""","=""""","=""0.00003""",,"=""004001.000128""","=""L9172""",
Be I,"=""1s2.2p.4p""","=""3P""","=""2""",5.0,"=""""","=""12.29511""","=""""","=""0.00003""",,"=""004001.000129""","=""L9172""",
Be I,"=""1s2.2p.4d""","=""1D*""","=""2""",5.0,"=""""","=""12.35732""","=""""","=""0.00011""",,"=""004001.000130""","=""L9172""",
Be I,"=""1s2.2p.4d""","=""3D*""","=""1""",3.0,"=""""","=""12.39635""","=""""","=""0.00003""",,"=""004001.000131""","=""L9172""",
Be I,"=""1s2.2p.4d""","=""3D*""","=""2""",5.0,"=""""","=""12.396432""","=""""","=""0.000025""",,"=""004001.000132""","=""L9172""",
Be I,"=""1s2.2p.4d""","=""3D*""","=""3""",7.0,"=""""","=""12.39660""","=""""","=""0.00003""",,"=""004001.000133""","=""L9172""",
Be I,"=""1s2.2p.4f""","=""1F""","=""3""",7.0,"=""""","=""12.40989""","=""?""","=""0.00003""",,"=""004001.000134""","=""L9172""",
Be I,"=""1s2.2p.4f""","=""3F""","=""3""",7.0,"=""""","=""12.42700""","=""?""","=""0.00003""",,"=""004001.000135""","=""L9172""",
Be I,"=""1s2.2p.4f""","=""3F""","=""4""",9.0,"=""""","=""12.42716""","=""?""","=""0.00004""",,"=""004001.000136""","=""L9172""",
Be I,"=""1s2.2p.4d""","=""1P*""","=""1""",3.0,"=""[""","=""12.4688""","=""a]""","=""0.0006""",,"=""004001.000137""","=""L9172""",
Be I,"=""1s2.2p.5s""","=""1P*""","=""1""",3.0,"=""""","=""12.572""","=""a""","=""0.012""",,"=""004001.000138""","=""L9172""",
Be I,"=""1s2.2p.5p""","=""1P""","=""1""",3.0,"=""""","=""12.615308""","=""""","=""0.000025""",,"=""004001.000139""","=""L9172""",
Be I,"=""1s2.2p.5p""","=""3P""","=""0""",1.0,"=""""","=""12.67066""","=""""","=""0.00004""",,"=""004001.000140""","=""L9172""",
Be I,"=""1s2.2p.5p""","=""3P""","=""1""",3.0,"=""""","=""12.67089""","=""""","=""0.00003""",,"=""004001.000141""","=""L9172""",
Be I,"=""1s2.2p.5p""","=""3P""","=""2""",5.0,"=""""","=""12.67111""","=""""","=""0.00003""",,"=""004001.000142""","=""L9172""",
Be I,"=""1s2.2p.5d""","=""1D*""","=""2""",5.0,"=""""","=""12.70119""","=""""","=""0.00005""",,"=""004001.000143""","=""L9172""",
Be I,"=""1s2.2p.5d""","=""3D*""","=""""",15.0,"=""""","=""12.72031""","=""""","=""0.00015""",,"=""004001.000144""","=""L9172""",
Be I,"=""1s2.2p.5f""","=""1F""","=""3""",7.0,"=""""","=""12.72588""","=""?""","=""0.00003""",,"=""004001.000145""","=""L9172""",
Be I,"=""1s2.2p.5d""","=""1P*""","=""1""",3.0,"=""""","=""12.7569""","=""a""","=""0.0006""",,"=""004001.000146""","=""L9172""",
Be I,"=""1s2.2p.6s""","=""1P*""","=""1""",3.0,"=""""","=""12.811""","=""a""","=""0.014""",,"=""004001.000147""","=""L9172""",
Be I,"=""1s2.2p.6p""","=""1P""","=""1""",3.0,"=""""","=""12.83598""","=""""","=""0.00003""",,"=""004001.000148""","=""L9172""",
Be I,"=""1s2.2p.6d""","=""1P*""","=""1""",3.0,"=""""","=""12.9168""","=""a""","=""0.0006""",,"=""004001.000149""","=""L9172""",
Be I,"=""1s2.2p.7s""","=""1P*""","=""1""",3.0,"=""""","=""12.945""","=""a""","=""0.014""",,"=""004001.000150""","=""L9172""",
Be I,"=""1s2.2p.7d""","=""1P*""","=""1""",3.0,"=""""","=""13.0133""","=""a""","=""0.0006""",,"=""004001.000151""","=""L9172""",
Be I,"=""1s2.2p.8s""","=""1P*""","=""1""",3.0,"=""""","=""13.029""","=""a""","=""0.014""",,"=""004001.000152""","=""L9172""",
Be I,"=""1s2.2p.8d""","=""1P*""","=""1""",3.0,"=""""","=""13.0764""","=""""","=""0.0006""",,"=""004001.000153""","=""L9172""",
Be I,"=""1s2.2p.9s""","=""1P*""","=""1""",3.0,"=""""","=""13.083""","=""a""","=""0.014""",,"=""004001.000154""","=""L9172""",
Be I,"=""1s2.2p.9d""","=""1P*""","=""1""",3.0,"=""""","=""13.1186""","=""""","=""0.0006""",,"=""004001.000155""","=""L9172""",
Be I,"=""1s2.2p.10s""","=""1P*""","=""1""",3.0,"=""""","=""13.121""","=""a""","=""0.014""",,"=""004001.000156""","=""L9172""",
Be I,"=""1s2.2p.10d""","=""1P*""","=""1""",3.0,"=""""","=""13.1494""","=""""","=""0.0006""",,"=""004001.000157""","=""L9172""",
Be I,"=""1s2.2p.11s""","=""1P*""","=""1""",3.0,"=""""","=""13.152""","=""""","=""0.014""",,"=""004001.000158""","=""L9172""",
Be I,"=""1s2.2p.12s""","=""1P*""","=""1""",3.0,"=""""","=""13.170""","=""""","=""0.014""",,"=""004001.000159""","=""L9172""",
Be I,"=""1s2.2p.11d""","=""1P*""","=""1""",3.0,"=""""","=""13.1728""","=""""","=""0.0006""",,"=""004001.000160""","=""L9172""",
Be I,"=""1s2.2p.13s""","=""1P*""","=""1""",3.0,"=""""","=""13.188""","=""""","=""0.014""",,"=""004001.000161""","=""L9172""",
Be I,"=""1s2.2p.12d""","=""1P*""","=""1""",3.0,"=""""","=""13.1899""","=""""","=""0.0006""",,"=""004001.000162""","=""L9172""",
Be I,"=""1s2.2p.13d""","=""1P*""","=""1""",3.0,"=""""","=""13.2032""","=""""","=""0.0006""",,"=""004001.000163""","=""L9172""",
Be I,"=""1s2.2p.14d""","=""1P*""","=""1""",3.0,"=""""","=""13.2140""","=""""","=""0.0006""",,"=""004001.000164""","=""L9172""",
Be I,"=""1s2.2p.15d""","=""1P*""","=""1""",3.0,"=""""","=""13.2228""","=""""","=""0.0006""",,"=""004001.000165""","=""L9172""",
Be I,"=""1s2.2p.16d""","=""1P*""","=""1""",3.0,"=""""","=""13.2301""","=""""","=""0.0006""",,"=""004001.000166""","=""L9172""",
Be I,"=""Be II (2p 2P*<1/2>)""","=""Limit""","=""---""",,"=""""","=""13.281358""","=""""","=""0.000007""",,"=""004001.Lim002""","=""L9172""",
Be I,"=""Be II (2p 2P*<3/2>)""","=""Limit""","=""---""",,"=""""","=""13.282174""","=""""","=""0.000007""",,"=""004001.Lim003""","=""L9172""",
Be I,"=""1s2.3s.3p""","=""1P*""","=""1""",3.0,"=""""","=""17.684""","=""a""","=""0.012""",,"=""004001.000169""","=""L9172""",
Be I,"=""1s2.3s.4p""","=""1P*""","=""1""",3.0,"=""""","=""18.834""","=""a""","=""0.015""",,"=""004001.000170""","=""L9172""",
Be I,"=""1s2.3s.7p?""","=""1P*?""","=""1""",3.0,"=""""","=""19.797""","=""a""","=""0.016""",,"=""004001.000171""","=""L9172""",
Be I,"=""1s2.3s.8p?""","=""1P*?""","=""1""",3.0,"=""""","=""19.914""","=""a""","=""0.016""",,"=""004001.000172""","=""L9172""",
Be I,"=""1s2.3s.9p?""","=""1P*?""","=""1""",3.0,"=""""","=""19.994""","=""a""","=""0.016""",,"=""004001.000173""","=""L9172""",
Be I,"=""1s2.3s.10p?""","=""1P*?""","=""1""",3.0,"=""""","=""20.046""","=""a""","=""0.016""",,"=""004001.000174""","=""L9172""",
Be I,"=""Be II (3s 2S<1/2>)""","=""Limit""","=""---""",,"=""""","=""20.26207""","=""""","=""0.00004""",,"=""004001.Lim004""","=""L9172""",
Be I,"=""1s.2s2.2p""","=""3P*""","=""2""",5.0,"=""""","=""114.30""","=""a""","=""0.10""",,"=""004001.000178""","=""L9172""",
Be I,"=""1s.2s2.2p""","=""3P*""","=""1""",3.0,"=""""","=""114.30""","=""a""","=""0.10""",,"=""004001.000177""","=""L9172""",
Be I,"=""1s.2s2.2p""","=""3P*""","=""0""",1.0,"=""""","=""114.30""","=""a""","=""0.10""",,"=""004001.000176""","=""L9172""",
Be I,"=""1s.2s2.2p""","=""1P*""","=""1""",3.0,"=""""","=""115.47""","=""a""","=""0.05""",,"=""004001.000179""","=""L9172""",
Be I,"=""1s.(2S).2s.2p2.(4P)""","=""5P""","=""3""",7.0,"=""""","=""115.53""","=""+x""","=""0.04""",,"=""004001.000182""","=""L9172""",
Be I,"=""1s.(2S).2s.2p2.(4P)""","=""5P""","=""2""",5.0,"=""""","=""115.53""","=""+x""","=""0.04""",,"=""004001.000181""","=""L9172""",
Be I,"=""1s.(2S).2s.2p2.(4P)""","=""5P""","=""1""",3.0,"=""""","=""115.53""","=""+x""","=""0.04""",,"=""004001.000180""","=""L9172""",
Be I,"=""1s.(2S).2s.2p2.(4P)""","=""3P""","=""2""",5.0,"=""""","=""118.16""","=""a""","=""0.10""",,"=""004001.000185""","=""L9172""",
Be I,"=""1s.(2S).2s.2p2.(4P)""","=""3P""","=""1""",3.0,"=""""","=""118.16""","=""a""","=""0.10""",,"=""004001.000184""","=""L9172""",
Be I,"=""1s.(2S).2s.2p2.(4P)""","=""3P""","=""0""",1.0,"=""""","=""118.16""","=""a""","=""0.10""",,"=""004001.000183""","=""L9172""",
Be I,"=""1s.(2S).2s.2p2.(2D)""","=""3D""","=""3""",7.0,"=""""","=""118.32""","=""a""","=""0.14""",,"=""004001.000188""","=""L9172""",
Be I,"=""1s.(2S).2s.2p2.(2D)""","=""3D""","=""2""",5.0,"=""""","=""118.32""","=""a""","=""0.10""",,"=""004001.000187""","=""L9172""",
Be I,"=""1s.(2S).2s.2p2.(2D)""","=""3D""","=""1""",3.0,"=""""","=""118.32""","=""a""","=""0.07""",,"=""004001.000186""","=""L9172""",
Be I,"=""1s.(2S).2s.2p2.(2S)""","=""3S""","=""1""",3.0,"=""""","=""119.913""","=""a""","=""0.022""",,"=""004001.000189""","=""L9172""",
Be I,"=""1s.(2S).2s.2p2.(2P)""","=""3P""","=""2""",5.0,"=""""","=""121.18""","=""a""","=""0.04""",,"=""004001.000192""","=""L9172""",
Be I,"=""1s.(2S).2s.2p2.(2P)""","=""3P""","=""1""",3.0,"=""""","=""121.18""","=""a""","=""0.04""",,"=""004001.000191""","=""L9172""",
Be I,"=""1s.(2S).2s.2p2.(2P)""","=""3P""","=""0""",1.0,"=""""","=""121.18""","=""a""","=""0.05""",,"=""004001.000190""","=""L9172""",
Be I,"=""1s.2s2.3p""","=""1P*""","=""1""",3.0,"=""""","=""121.398""","=""a""","=""0.024""",,"=""004001.000193""","=""L9172""",
Be I,"=""1s.(2S).2p3.(4S*)""","=""5S*""","=""2""",5.0,"=""""","=""122.02""","=""+x""","=""0.04""",,"=""004001.000194""","=""L9172""",
Be I,"=""1s.(2S).2s.2p2.(2P)""","=""1P""","=""1""",3.0,"=""""","=""122.24""","=""a""","=""0.20""",,"=""004001.000195""","=""L9172""",
Be I,"=""1s.2s2.4p?""","=""1P*?""","=""1""",3.0,"=""""","=""122.514""","=""a""","=""0.025""",,"=""004001.000196""","=""L9172""",
Be I,"=""1s.2s2.5p?""","=""1P*?""","=""1""",3.0,"=""""","=""122.93""","=""a""","=""0.06""",,"=""004001.000197""","=""L9172""",
Be I,"=""1s.(2S).2s.2p.(3P*).3p""","=""5P""","=""3""",7.0,"=""""","=""122.95""","=""+y""","=""0.04""",,"=""004001.000200""","=""L9172""",
Be I,"=""1s.(2S).2s.2p.(3P*).3p""","=""5P""","=""2""",5.0,"=""""","=""122.95""","=""+y""","=""0.04""",,"=""004001.000199""","=""L9172""",
Be I,"=""1s.(2S).2s.2p.(3P*).3p""","=""5P""","=""1""",3.0,"=""""","=""122.95""","=""+y""","=""0.04""",,"=""004001.000198""","=""L9172""",
Be I,"=""Be II (1s.2s2 2S<1/2>)""","=""Limit""","=""---""",,"=""""","=""123.64""","=""""","=""0.10""",,"=""004001.Lim005""","=""L9172""",
Be I,"=""1s.(2S).2s.2p.(3P*).4p""","=""5P""","=""3""",7.0,"=""""","=""124.07""","=""+z""","=""0.04""",,"=""004001.000204""","=""L9172""",
Be I,"=""1s.(2S).2s.2p.(3P*).4p""","=""5P""","=""2""",5.0,"=""""","=""124.07""","=""+z""","=""0.04""",,"=""004001.000203""","=""L9172""",
Be I,"=""1s.(2S).2s.2p.(3P*).4p""","=""5P""","=""1""",3.0,"=""""","=""124.07""","=""+z""","=""0.04""",,"=""004001.000202""","=""L9172""",
Be I,"=""1s.(2S).2s.2p.(3P*).3s""","=""1P*""","=""1""",3.0,"=""""","=""125.15""","=""a""","=""0.12""",,"=""004001.000205""","=""L9172""",
Be I,"=""1s.(2S).2s.2p.(3P*).3d?""","=""1P*?""","=""1""",3.0,"=""""","=""125.67""","=""?""","=""0.06""",,"=""004001.000206""","=""L9172""",
Be I,"=""1s.(2S).2s.2p.(3P*).4d?""","=""1P*?""","=""1""",3.0,"=""""","=""126.55""","=""?""","=""0.06""",,"=""004001.000207""","=""L9172""",
Be I,"=""1s.(2S).2s.2p.(3P*).4s?""","=""1P*?""","=""1""",3.0,"=""""","=""126.70""","=""?a""","=""0.06""",,"=""004001.000208""","=""L9172""",
Be I,"=""1s.(2S).2s.2p.(1P*).3s""","=""1P*""","=""1""",3.0,"=""""","=""127.24""","=""a""","=""0.06""",,"=""004001.000209""","=""L9172""",
Be I,"=""1s.(2S).2s.2p.(1P*).3d?""","=""1P*?""","=""1""",3.0,"=""""","=""127.51""","=""?a""","=""0.06""",,"=""004001.000210""","=""L9172""",
Be I,"=""Be II (1s.(2S).2s.2p.(3P*) 2P*)""","=""Limit""","=""---""",,"=""""","=""128.071""","=""""","=""0.012""",,"=""004001.Lim006""","=""L9172""",
Be I,"=""1s.(2S).2p2.(3P).3p""","=""5S*""","=""2""",5.0,"=""""","=""128.40""","=""+y""","=""0.04""",,"=""004001.000212""","=""L9172""",
Be I,"=""1s.(2S).2s.2p.(1P*).4s""","=""1P*""","=""1""",3.0,"=""""","=""128.76""","=""a""","=""0.06""",,"=""004001.000213""","=""L9172""",
Be I,"=""1s.(2S).2p2.(3P).4p""","=""5S*""","=""2""",5.0,"=""""","=""129.45""","=""+z""","=""0.04""",,"=""004001.000214""","=""L9172""",
Be I,"=""Be II (1s.(2S).2s.2p.(1P*) 2P*)""","=""Limit""","=""---""",,"=""""","=""130.31""","=""""","=""0.04""",,"=""004001.Lim007""","=""L9172""",
Be I,"=""1s.2s.(3S).3s.3p.(3P*)?""","=""1P*?""","=""1""",3.0,"=""""","=""134.47""","=""?""","=""0.05""",,"=""004001.000216""","=""L9172""",
Be I,"=""1s.2s.(3S).3s.4p.(3P*)?""","=""1P*?""","=""1""",3.0,"=""""","=""136.74""","=""?""","=""0.07""",,"=""004001.000217""","=""L9172""",
Be I,"=""1s.2s.(1S).3s.3p.(1P*)?""","=""1P*?""","=""1""",3.0,"=""""","=""137.40""","=""?""","=""0.05""",,"=""004001.000218""","=""L9172""",
Be I,"=""1s.2s.(1S).3s.4p.(1P*)?""","=""1P*?""","=""1""",3.0,"=""""","=""139.06""","=""?""","=""0.07""",,"=""004001.000219""","=""L9172""",
Be II,"=""1s2.2s""","=""2S""","=""1/2""",2.0,"=""""","=""0.000000""","=""""","=""0.00004""","="" 100                                           ""","=""004002.000001""","=""L12158""",
Be II,"=""1s2.2p""","=""2P*""","=""1/2""",2.0,"=""""","=""3.958660""","=""""","=""0.00004""","="" 100                                           ""","=""004002.000002""","=""L12158""",
Be II,"=""1s2.2p""","=""2P*""","=""3/2""",4.0,"=""""","=""3.959475""","=""""","=""0.00004""","="" 100                                           ""","=""004002.000003""","=""L12158""",
Be II,"=""1s2.3s""","=""2S""","=""1/2""",2.0,"=""""","=""10.9393633""","=""""","=""0.0000000""","="" 100                                           ""","=""004002.000004""","=""L12158""",
Be II,"=""1s2.3p""","=""2P*""","=""1/2""",2.0,"=""""","=""11.9638999""","=""""","=""0.0000017""","="" 100                                           ""","=""004002.000005""","=""L12158""",
Be II,"=""1s2.3p""","=""2P*""","=""3/2""",4.0,"=""""","=""11.9641389""","=""""","=""0.0000017""","="" 100                                           ""","=""004002.000006""","=""L12158""",
Be II,"=""1s2.3d""","=""2D""","=""3/2""",4.0,"=""""","=""12.157217""","=""""","=""0.000012""","="" 100                                           ""","=""004002.000007""","=""L12158""",
Be II,"=""1s2.3d""","=""2D""","=""5/2""",6.0,"=""""","=""12.157283""","=""""","=""0.000012""","="" 100                                           ""","=""004002.000008""","=""L12158""",
Be II,"=""1s2.4s""","=""2S""","=""1/2""",2.0,"=""""","=""14.315766""","=""""","=""0.000009""","="" 100                                           ""","=""004002.000009""","=""L12158""",
Be II,"=""1s2.4p""","=""2P*""","=""1/2""",2.0,"=""""","=""14.724427""","=""""","=""0.000011""","="" 100                                           ""","=""004002.000010""","=""L12158""",
Be II,"=""1s2.4p""","=""2P*""","=""3/2""",4.0,"=""""","=""14.724527""","=""""","=""0.000011""","="" 100                                           ""","=""004002.000011""","=""L12158""",
Be II,"=""1s2.4d""","=""2D""","=""3/2""",4.0,"=""""","=""14.806342""","=""""","=""0.000007""","="" 100                                           ""","=""004002.000012""","=""L12158""",
Be II,"=""1s2.4d""","=""2D""","=""5/2""",6.0,"=""""","=""14.806372""","=""""","=""0.000007""","="" 100                                           ""","=""004002.000013""","=""L12158""",
Be II,"=""1s2.4f""","=""2F*""","=""5/2""",6.0,"=""""","=""14.809490""","=""""","=""0.000015""","="" 100                                           ""","=""004002.000014""","=""L12158""",
Be II,"=""1s2.4f""","=""2F*""","=""7/2""",8.0,"=""""","=""14.809506""","=""""","=""0.000015""","="" 100                                           ""","=""004002.000015""","=""L12158""",
Be II,"=""1s2.5s""","=""2S""","=""1/2""",2.0,"=""""","=""15.787543""","=""""","=""0.000011""","="" 100                                           ""","=""004002.000016""","=""L12158""",
Be II,"=""1s2.5p""","=""2P*""","=""1/2""",2.0,"=""""","=""15.990443""","=""""","=""0.000010""","="" 100                                           ""","=""004002.000017""","=""L12158""",
Be II,"=""1s2.5p""","=""2P*""","=""3/2""",4.0,"=""""","=""15.990496""","=""""","=""0.000010""","="" 100                                           ""","=""004002.000018""","=""L12158""",
Be II,"=""1s2.5d""","=""2D""","=""3/2""",4.0,"=""""","=""16.032413""","=""""","=""0.000011""","="" 100                                           ""","=""004002.000019""","=""L12158""",
Be II,"=""1s2.5d""","=""2D""","=""5/2""",6.0,"=""""","=""16.032428""","=""""","=""0.000011""","="" 100                                           ""","=""004002.000020""","=""L12158""",
Be II,"=""1s2.5f""","=""2F*""","=""5/2""",6.0,"=""""","=""16.034114""","=""""","=""0.000007""","="" 100                                           ""","=""004002.000021""","=""L12158""",
Be II,"=""1s2.5f""","=""2F*""","=""7/2""",8.0,"=""""","=""16.034123""","=""""","=""0.000007""","="" 100                                           ""","=""004002.000022""","=""L12158""",
Be II,"=""1s2.5g""","=""2G""","=""9/2""",10.0,"=""""","=""16.034313""","=""""","=""0.000017""","="" 100                                           ""","=""004002.000024""","=""L12158""",
Be II,"=""1s2.5g""","=""2G""","=""7/2""",8.0,"=""""","=""16.034313""","=""""","=""0.000017""","="" 100                                           ""","=""004002.000023""","=""L12158""",
Be II,"=""1s2.6s""","=""2S""","=""1/2""",2.0,"=""""","=""16.558888""","=""""","=""0.000012""","="" 100                                           ""","=""004002.000025""","=""L12158""",
Be II,"=""1s2.6p""","=""2P*""","=""1/2""",2.0,"=""""","=""16.674061""","=""""","=""0.000015""","="" 100                                           ""","=""004002.000026""","=""L12158""",
Be II,"=""1s2.6p""","=""2P*""","=""3/2""",4.0,"=""""","=""16.674091""","=""""","=""0.000015""","="" 100                                           ""","=""004002.000027""","=""L12158""",
Be II,"=""1s2.6d""","=""2D""","=""5/2""",6.0,"=""""","=""16.698334""","=""""","=""0.000012""","="" 100                                           ""","=""004002.000029""","=""L12158""",
Be II,"=""1s2.6d""","=""2D""","=""3/2""",4.0,"=""""","=""16.698334""","=""""","=""0.000012""","="" 100                                           ""","=""004002.000028""","=""L12158""",
Be II,"=""1s2.6f""","=""2F*""","=""5/2""",6.0,"=""""","=""16.699332""","=""""","=""0.000015""","="" 100                                           ""","=""004002.000030""","=""L12158""",
Be II,"=""1s2.6f""","=""2F*""","=""7/2""",8.0,"=""""","=""16.699336""","=""""","=""0.000015""","="" 100                                           ""","=""004002.000031""","=""L12158""",
Be II,"=""1s2.6g""","=""2G""","=""9/2""",10.0,"=""""","=""16.699452""","=""""","=""0.000025""","="" 100                                           ""","=""004002.000033""","=""L12158""",
Be II,"=""1s2.6g""","=""2G""","=""7/2""",8.0,"=""""","=""16.699452""","=""""","=""0.000025""","="" 100                                           ""","=""004002.000032""","=""L12158""",
Be II,"=""1s2.6h""","=""2H*""","=""11/2""",12.0,"=""[""","=""16.699487""","=""]""","=""0.000015""","="" 100                                           ""","=""004002.000035""","=""L12158""",
Be II,"=""1s2.6h""","=""2H*""","=""9/2""",10.0,"=""[""","=""16.699487""","=""]""","=""0.000015""","="" 100                                           ""","=""004002.000034""","=""L12158""",
Be II,"=""1s2.7s""","=""2S""","=""1/2""",2.0,"=""[""","=""17.012960""","=""]""","=""0.000015""","="" 100                                           ""","=""004002.000036""","=""L12158""",
Be II,"=""1s2.7p""","=""2P*""","=""1/2""",2.0,"=""[""","=""17.084523""","=""]""","=""0.000015""","="" 100                                           ""","=""004002.000037""","=""L12158""",
Be II,"=""1s2.7p""","=""2P*""","=""3/2""",4.0,"=""[""","=""17.084541""","=""]""","=""0.000015""","="" 100                                           ""","=""004002.000038""","=""L12158""",
Be II,"=""1s2.7d""","=""2D""","=""5/2""",6.0,"=""""","=""17.099798""","=""""","=""0.000011""","="" 100                                           ""","=""004002.000040""","=""L12158""",
Be II,"=""1s2.7d""","=""2D""","=""3/2""",4.0,"=""""","=""17.099798""","=""""","=""0.000011""","="" 100                                           ""","=""004002.000039""","=""L12158""",
Be II,"=""1s2.7f""","=""2F*""","=""7/2""",8.0,"=""""","=""17.100435""","=""""","=""0.000025""","="" 100                                           ""","=""004002.000042""","=""L12158""",
Be II,"=""1s2.7f""","=""2F*""","=""5/2""",6.0,"=""""","=""17.100435""","=""""","=""0.000025""","="" 100                                           ""","=""004002.000041""","=""L12158""",
Be II,"=""1s2.7g""","=""2G""","=""9/2""",10.0,"=""""","=""17.100534""","=""""","=""0.000025""","="" 100                                           ""","=""004002.000044""","=""L12158""",
Be II,"=""1s2.7g""","=""2G""","=""7/2""",8.0,"=""""","=""17.100534""","=""""","=""0.000025""","="" 100                                           ""","=""004002.000043""","=""L12158""",
Be II,"=""1s2.7h""","=""2H*""","=""11/2""",12.0,"=""""","=""17.100537""","=""""","=""0.000025""","="" 100                                           ""","=""004002.000046""","=""L12158""",
Be II,"=""1s2.7h""","=""2H*""","=""9/2""",10.0,"=""""","=""17.100537""","=""""","=""0.000025""","="" 100                                           ""","=""004002.000045""","=""L12158""",
Be II,"=""1s2.8s""","=""2S""","=""1/2""",2.0,"=""[""","=""17.302635""","=""]""","=""0.000015""","="" 100                                           ""","=""004002.000047""","=""L12158""",
Be II,"=""1s2.8p""","=""2P*""","=""1/2""",2.0,"=""[""","=""17.350111""","=""]""","=""0.000025""","="" 100                                           ""","=""004002.000048""","=""L12158""",
Be II,"=""1s2.8p""","=""2P*""","=""3/2""",4.0,"=""[""","=""17.350123""","=""]""","=""0.000025""","="" 100                                           ""","=""004002.000049""","=""L12158""",
Be II,"=""1s2.8d""","=""2D""","=""5/2""",6.0,"=""[""","=""17.360339""","=""]""","=""0.000010""","="" 100                                           ""","=""004002.000051""","=""L12158""",
Be II,"=""1s2.8d""","=""2D""","=""3/2""",4.0,"=""[""","=""17.360339""","=""]""","=""0.000010""","="" 100                                           ""","=""004002.000050""","=""L12158""",
Be II,"=""1s2.8f""","=""2F*""","=""7/2""",8.0,"=""[""","=""17.360778""","=""]""","=""0.000010""","="" 100                                           ""","=""004002.000053""","=""L12158""",
Be II,"=""1s2.8f""","=""2F*""","=""5/2""",6.0,"=""[""","=""17.360778""","=""]""","=""0.000010""","="" 100                                           ""","=""004002.000052""","=""L12158""",
Be II,"=""1s2.8g""","=""2G""","=""9/2""",10.0,"=""""","=""17.36084""","=""""","=""0.00004""","="" 100                                           ""","=""004002.000055""","=""L12158""",
Be II,"=""1s2.8g""","=""2G""","=""7/2""",8.0,"=""""","=""17.36084""","=""""","=""0.00004""","="" 100                                           ""","=""004002.000054""","=""L12158""",
Be II,"=""1s2.8h""","=""2H*""","=""11/2""",12.0,"=""""","=""17.360850""","=""""","=""0.000025""","="" 100                                           ""","=""004002.000057""","=""L12158""",
Be II,"=""1s2.8h""","=""2H*""","=""9/2""",10.0,"=""""","=""17.360850""","=""""","=""0.000025""","="" 100                                           ""","=""004002.000056""","=""L12158""",
Be II,"=""1s2.9s""","=""2S""","=""1/2""",2.0,"=""[""","=""17.498671""","=""]""","=""0.000015""","="" 100                                           ""","=""004002.000058""","=""L12158""",
Be II,"=""1s2.9p""","=""2P*""","=""1/2""",2.0,"=""[""","=""17.531767""","=""]""","=""0.000015""","="" 100                                           ""","=""004002.000059""","=""L12158""",
Be II,"=""1s2.9p""","=""2P*""","=""3/2""",4.0,"=""[""","=""17.531776""","=""]""","=""0.000015""","="" 100                                           ""","=""004002.000060""","=""L12158""",
Be II,"=""1s2.9d""","=""2D""","=""5/2""",6.0,"=""[""","=""17.538947""","=""]""","=""0.000010""","="" 100                                           ""","=""004002.000062""","=""L12158""",
Be II,"=""1s2.9d""","=""2D""","=""3/2""",4.0,"=""[""","=""17.538947""","=""]""","=""0.000010""","="" 100                                           ""","=""004002.000061""","=""L12158""",
Be II,"=""1s2.9f""","=""2F*""","=""7/2""",8.0,"=""[""","=""17.539257""","=""]""","=""0.000010""","="" 100                                           ""","=""004002.000064""","=""L12158""",
Be II,"=""1s2.9f""","=""2F*""","=""5/2""",6.0,"=""[""","=""17.539257""","=""]""","=""0.000010""","="" 100                                           ""","=""004002.000063""","=""L12158""",
Be II,"=""1s2.9g""","=""2G""","=""9/2""",10.0,"=""[""","=""17.539294""","=""]""","=""0.000010""","="" 100                                           ""","=""004002.000066""","=""L12158""",
Be II,"=""1s2.9g""","=""2G""","=""7/2""",8.0,"=""[""","=""17.539294""","=""]""","=""0.000010""","="" 100                                           ""","=""004002.000065""","=""L12158""",
Be II,"=""1s2.9h""","=""2H*""","=""11/2""",12.0,"=""[""","=""17.539303""","=""]""","=""0.000015""","="" 100                                           ""","=""004002.000068""","=""L12158""",
Be II,"=""1s2.9h""","=""2H*""","=""9/2""",10.0,"=""[""","=""17.539303""","=""]""","=""0.000015""","="" 100                                           ""","=""004002.000067""","=""L12158""",
Be II,"=""1s2.10s""","=""2S""","=""1/2""",2.0,"=""[""","=""17.637476""","=""]""","=""0.000015""","="" 100                                           ""","=""004002.000069""","=""L12158""",
Be II,"=""1s2.10p""","=""2P*""","=""1/2""",2.0,"=""[""","=""17.661462""","=""]""","=""0.000015""","="" 100                                           ""","=""004002.000070""","=""L12158""",
Be II,"=""1s2.10p""","=""2P*""","=""3/2""",4.0,"=""[""","=""17.661468""","=""]""","=""0.000015""","="" 100                                           ""","=""004002.000071""","=""L12158""",
Be II,"=""1s2.10f""","=""2F*""","=""7/2""",8.0,"=""[""","=""17.666921""","=""]""","=""0.000007""","="" 100                                           ""","=""004002.000073""","=""L12158""",
Be II,"=""1s2.10f""","=""2F*""","=""5/2""",6.0,"=""[""","=""17.666921""","=""]""","=""0.000007""","="" 100                                           ""","=""004002.000072""","=""L12158""",
Be II,"=""1s2.10g""","=""2G""","=""9/2""",10.0,"=""[""","=""17.666949""","=""]""","=""0.000015""","="" 100                                           ""","=""004002.000075""","=""L12158""",
Be II,"=""1s2.10g""","=""2G""","=""7/2""",8.0,"=""[""","=""17.666949""","=""]""","=""0.000015""","="" 100                                           ""","=""004002.000074""","=""L12158""",
Be II,"=""1s2.10h""","=""2H*""","=""11/2""",12.0,"=""[""","=""17.666955""","=""]""","=""0.000015""","="" 100                                           ""","=""004002.000077""","=""L12158""",
Be II,"=""1s2.10h""","=""2H*""","=""9/2""",10.0,"=""[""","=""17.666955""","=""]""","=""0.000015""","="" 100                                           ""","=""004002.000076""","=""L12158""",
Be II,"=""Be III (1s2 1S<0>)""","=""Limit""","=""---""",,"=""""","=""18.21115""","=""""","=""0.00004""","=""                                               ""","=""004002.Lim001""","=""L12158""",
Be II,"=""1s.2s2""","=""2S""","=""1/2""",2.0,"=""""","=""114.31""","=""a""","=""0.10""","=""  88         :    12  1s.2p2              2S   ""","=""004002.000079""","=""L12158""",
Be II,"=""1s.2s.2p""","=""4P*""","=""5/2""",6.0,"=""""","=""115.8748""","=""+x""","=""0.004""","="" 100                                           ""","=""004002.000082""","=""L12158""",
Be II,"=""1s.2s.2p""","=""4P*""","=""3/2""",4.0,"=""""","=""115.8748""","=""+x""","=""0.004""","="" 100                                           ""","=""004002.000081""","=""L12158""",
Be II,"=""1s.2s.2p""","=""4P*""","=""1/2""",2.0,"=""""","=""115.8748""","=""+x""","=""0.004""","="" 100                                           ""","=""004002.000080""","=""L12158""",
Be II,"=""1s.(2S).2s.2p.(3P*)""","=""2P*""","=""3/2""",4.0,"=""""","=""118.748""","=""a""","=""0.012""","=""  95         :     5  1s.(2S).2s.2p.(1P*) 2P*  ""","=""004002.000084""","=""L12158""",
Be II,"=""1s.(2S).2s.2p.(3P*)""","=""2P*""","=""1/2""",2.0,"=""""","=""118.748""","=""a""","=""0.012""","=""  95         :     5  1s.(2S).2s.2p.(1P*) 2P*  ""","=""004002.000083""","=""L12158""",
Be II,"=""1s.(2S).2s.2p.(1P*)""","=""2P*""","=""3/2""",4.0,"=""""","=""120.98""","=""a""","=""0.04""","=""  94         :     5  1s.(2S).2s.2p.(3P*) 2P*  ""","=""004002.000086""","=""L12158""",
Be II,"=""1s.(2S).2s.2p.(1P*)""","=""2P*""","=""1/2""",2.0,"=""""","=""120.98""","=""a""","=""0.04""","=""  94         :     5  1s.(2S).2s.2p.(3P*) 2P*  ""","=""004002.000085""","=""L12158""",
Be II,"=""1s.2p2""","=""4P""","=""5/2""",6.0,"=""""","=""121.2067""","=""+x""","=""0.004""","="" 100                                           ""","=""004002.000089""","=""L12158""",
Be II,"=""1s.2p2""","=""4P""","=""3/2""",4.0,"=""""","=""121.2067""","=""+x""","=""0.004""","="" 100                                           ""","=""004002.000088""","=""L12158""",
Be II,"=""1s.2p2""","=""4P""","=""1/2""",2.0,"=""""","=""121.2067""","=""+x""","=""0.004""","="" 100                                           ""","=""004002.000087""","=""L12158""",
Be II,"=""1s.2p2""","=""2D""","=""5/2""",6.0,"=""""","=""122.418""","=""a""","=""0.012""","=""  96         :     2  1s.2s.(3S).3d       2D   ""","=""004002.000091""","=""L12158""",
Be II,"=""1s.2p2""","=""2D""","=""3/2""",4.0,"=""""","=""122.418""","=""a""","=""0.012""","=""  96         :     2  1s.2s.(3S).3d       2D   ""","=""004002.000090""","=""L12158""",
Be II,"=""1s.2p2""","=""2P""","=""3/2""",4.0,"=""""","=""123.130""","=""""","=""0.012""","="" 100                                           ""","=""004002.000093""","=""L12158""",
Be II,"=""1s.2p2""","=""2P""","=""1/2""",2.0,"=""""","=""123.130""","=""""","=""0.012""","="" 100                                           ""","=""004002.000092""","=""L12158""",
Be II,"=""1s.2p2""","=""2S""","=""1/2""",2.0,"=""""","=""125.81""","=""a""","=""0.05""","=""  85         :    11  1s.2s2              2S   ""","=""004002.000094""","=""L12158""",
Be II,"=""1s.2s.3s""","=""4S""","=""3/2""",4.0,"=""""","=""128.0327""","=""+x""","=""0.0009""","=""  92         :     7  1s.2p.3p            4S   ""","=""004002.000095""","=""L12158""",
Be II,"=""1s.2s.(3S).3s""","=""2S""","=""1/2""",2.0,"=""""","=""128.82""","=""a""","=""0.20""","=""  86         :    12  1s.2p.(3P*).3p      2S   ""","=""004002.000096""","=""L12158""",
Be II,"=""1s.2s.3p""","=""4P*""","=""3/2""",4.0,"=""""","=""129.399""","=""+x""","=""0.004""","=""  98         :     2  1s.2p.3d            4P*  ""","=""004002.000098""","=""L12158""",
Be II,"=""1s.2s.3p""","=""4P*""","=""5/2""",6.0,"=""""","=""129.399""","=""+x""","=""0.004""","=""  98         :     2  1s.2p.3d            4P*  ""","=""004002.000099""","=""L12158""",
Be II,"=""1s.2s.3p""","=""4P*""","=""1/2""",2.0,"=""""","=""129.399""","=""+x""","=""0.004""","=""  98         :     2  1s.2p.3d            4P*  ""","=""004002.000097""","=""L12158""",
Be II,"=""1s.2s.(3S).3p""","=""2P*""","=""1/2""",2.0,"=""""","=""129.514""","=""a""","=""0.025""","=""  86         :    10  1s.2p.(3P*).3s      2P*  ""","=""004002.000100""","=""L12158""",
Be II,"=""1s.2s.(3S).3p""","=""2P*""","=""3/2""",4.0,"=""""","=""129.514""","=""a""","=""0.025""","=""  86         :    10  1s.2p.(3P*).3s      2P*  ""","=""004002.000101""","=""L12158""",
Be II,"=""1s.2s.3d""","=""4D""","=""7/2""",8.0,"=""""","=""130.17204""","=""+x""","=""0.00012""","=""  95         :     4  1s.2p.3p            4D   ""","=""004002.000105""","=""L12158""",
Be II,"=""1s.2s.3d""","=""4D""","=""5/2""",6.0,"=""""","=""130.17204""","=""+x""","=""0.00012""","=""  95         :     4  1s.2p.3p            4D   ""","=""004002.000104""","=""L12158""",
Be II,"=""1s.2s.3d""","=""4D""","=""3/2""",4.0,"=""""","=""130.17204""","=""+x""","=""0.00012""","=""  95         :     4  1s.2p.3p            4D   ""","=""004002.000103""","=""L12158""",
Be II,"=""1s.2s.3d""","=""4D""","=""1/2""",2.0,"=""""","=""130.17204""","=""+x""","=""0.00012""","=""  95         :     4  1s.2p.3p            4D   ""","=""004002.000102""","=""L12158""",
Be II,"=""1s.2s.(3S).3d""","=""2D""","=""5/2""",6.0,"=""""","=""130.63""","=""a""","=""0.06""","=""  94         :     2  1s.2p2              2D   ""","=""004002.000107""","=""L12158""",
Be II,"=""1s.2s.(3S).3d""","=""2D""","=""3/2""",4.0,"=""""","=""130.63""","=""a""","=""0.06""","=""  94         :     2  1s.2p2              2D   ""","=""004002.000106""","=""L12158""",
Be II,"=""1s.2s.(1S).3s""","=""2S""","=""1/2""",2.0,"=""""","=""131.22""","=""a""","=""0.20""","=""  86         :    13  1s.2p.(1P*).3p      2S   ""","=""004002.000108""","=""L12158""",
Be II,"=""1s.2p.3s""","=""4P*""","=""1/2""",2.0,"=""""","=""131.9306""","=""+x""","=""0.0009""","=""  96         :     2  1s.2p.3d            4P*  ""","=""004002.000109""","=""L12158""",
Be II,"=""1s.2p.3s""","=""4P*""","=""5/2""",6.0,"=""""","=""131.9306""","=""+x""","=""0.0009""","=""  96         :     2  1s.2p.3d            4P*  ""","=""004002.000111""","=""L12158""",
Be II,"=""1s.2p.3s""","=""4P*""","=""3/2""",4.0,"=""""","=""131.9306""","=""+x""","=""0.0009""","=""  96         :     2  1s.2p.3d            4P*  ""","=""004002.000110""","=""L12158""",
Be II,"=""1s.2s.(1S).3p""","=""2P*""","=""3/2""",4.0,"=""""","=""131.99""","=""a""","=""0.04""","=""  53         :    24  1s.2p.(3P*).3s      2P*  ""","=""004002.000113""","=""L12158""",
Be II,"=""1s.2s.(1S).3p""","=""2P*""","=""1/2""",2.0,"=""""","=""131.99""","=""a""","=""0.04""","=""  53         :    24  1s.2p.(3P*).3s      2P*  ""","=""004002.000112""","=""L12158""",
Be II,"=""1s.2s.4s""","=""4S""","=""3/2""",4.0,"=""""","=""132.314""","=""+x""","=""0.004""","=""  91         :     5  1s.2p.3p            4S   ""","=""004002.000114""","=""L12158""",
Be II,"=""1s.2s.(3S).4p""","=""2P*""","=""1/2""",2.0,"=""""","=""132.70""","=""a""","=""0.04""","=""  58         :    30  1s.2s.(1S).3p       2P*  ""","=""004002.000115""","=""L12158""",
Be II,"=""1s.2s.(3S).4p""","=""2P*""","=""3/2""",4.0,"=""""","=""132.70""","=""a""","=""0.04""","=""  58         :    30  1s.2s.(1S).3p       2P*  ""","=""004002.000116""","=""L12158""",
Be II,"=""1s.2p.3p""","=""4D""","=""7/2""",8.0,"=""""","=""132.7048""","=""+x""","=""0.0025""","=""  91         :     5  1s.2s.3d            4D   ""","=""004002.000120""","=""L12158""",
Be II,"=""1s.2p.3p""","=""4D""","=""1/2""",2.0,"=""""","=""132.7048""","=""+x""","=""0.0025""","=""  91         :     5  1s.2s.3d            4D   ""","=""004002.000117""","=""L12158""",
Be II,"=""1s.2p.3p""","=""4D""","=""3/2""",4.0,"=""""","=""132.7048""","=""+x""","=""0.0025""","=""  91         :     5  1s.2s.3d            4D   ""","=""004002.000118""","=""L12158""",
Be II,"=""1s.2p.3p""","=""4D""","=""5/2""",6.0,"=""""","=""132.7048""","=""+x""","=""0.0025""","=""  91         :     5  1s.2s.3d            4D   ""","=""004002.000119""","=""L12158""",
Be II,"=""1s.2p.(3P*).3p""","=""2P""","=""1/2""",2.0,"=""""","=""132.77""","=""""","=""0.06""","=""  95         :     4  1s.2p.(1P*).3p      2P   ""","=""004002.000121""","=""L12158""",
Be II,"=""1s.2p.(3P*).3p""","=""2P""","=""3/2""",4.0,"=""""","=""132.77""","=""""","=""0.06""","=""  95         :     4  1s.2p.(1P*).3p      2P   ""","=""004002.000122""","=""L12158""",
Be II,"=""1s.2s.4p""","=""4P*""","=""5/2""",6.0,"=""""","=""132.8689""","=""+x""","=""0.0009""","=""  96         :     2  1s.2p.3s            4P*  ""","=""004002.000125""","=""L12158""",
Be II,"=""1s.2s.4p""","=""4P*""","=""3/2""",4.0,"=""""","=""132.8689""","=""+x""","=""0.0009""","=""  96         :     2  1s.2p.3s            4P*  ""","=""004002.000124""","=""L12158""",
Be II,"=""1s.2s.4p""","=""4P*""","=""1/2""",2.0,"=""""","=""132.8689""","=""+x""","=""0.0009""","=""  96         :     2  1s.2p.3s            4P*  ""","=""004002.000123""","=""L12158""",
Be II,"=""1s.2s.4f""","=""4F*""","=""7/2""",8.0,"=""""","=""133.03492""","=""+x""","=""0.00010""","=""  66         :    33  1s.2p.3d            4F*  ""","=""004002.000128""","=""L12158""",
Be II,"=""1s.2s.4f""","=""4F*""","=""9/2""",10.0,"=""""","=""133.03492""","=""+x""","=""0.00010""","=""  66         :    33  1s.2p.3d            4F*  ""","=""004002.000129""","=""L12158""",
Be II,"=""1s.2s.4f""","=""4F*""","=""5/2""",6.0,"=""""","=""133.03492""","=""+x""","=""0.00010""","=""  66         :    33  1s.2p.3d            4F*  ""","=""004002.000127""","=""L12158""",
Be II,"=""1s.2s.4f""","=""4F*""","=""3/2""",4.0,"=""""","=""133.03492""","=""+x""","=""0.00010""","=""  66         :    33  1s.2p.3d            4F*  ""","=""004002.000126""","=""L12158""",
Be II,"=""1s.2p.(3P*).3s""","=""2P*""","=""3/2""",4.0,"=""""","=""133.08""","=""a""","=""0.07""","=""  46         :    21  1s.2p.(1P*).3s      2P*  ""","=""004002.000131""","=""L12158""",
Be II,"=""1s.2p.(3P*).3s""","=""2P*""","=""1/2""",2.0,"=""""","=""133.08""","=""a""","=""0.07""","=""  46         :    21  1s.2p.(1P*).3s      2P*  ""","=""004002.000130""","=""L12158""",
Be II,"=""1s.2s.(1S).3d""","=""2D""","=""3/2""",4.0,"=""""","=""133.10""","=""a""","=""0.06""","=""  58         :    18  1s.2s.(3S).4d       2D   ""","=""004002.000132""","=""L12158""",
Be II,"=""1s.2s.(1S).3d""","=""2D""","=""5/2""",6.0,"=""""","=""133.10""","=""a""","=""0.06""","=""  58         :    18  1s.2s.(3S).4d       2D   ""","=""004002.000133""","=""L12158""",
Be II,"=""1s.2p.3p""","=""4S""","=""3/2""",4.0,"=""""","=""133.1821""","=""+x?""","=""0.0025""","=""  85         :     7  1s.2s.4s            4S   ""","=""004002.000134""","=""L12158""",
Be II,"=""1s.2s.4d""","=""4D""","=""1/2""",2.0,"=""""","=""133.224""","=""+x""","=""0.004""","=""  97         :     3  1s.2p.3p            4D   ""","=""004002.000135""","=""L12158""",
Be II,"=""1s.2s.4d""","=""4D""","=""3/2""",4.0,"=""""","=""133.224""","=""+x""","=""0.004""","=""  97         :     3  1s.2p.3p            4D   ""","=""004002.000136""","=""L12158""",
Be II,"=""1s.2s.4d""","=""4D""","=""5/2""",6.0,"=""""","=""133.224""","=""+x""","=""0.004""","=""  97         :     3  1s.2p.3p            4D   ""","=""004002.000137""","=""L12158""",
Be II,"=""1s.2s.4d""","=""4D""","=""7/2""",8.0,"=""""","=""133.224""","=""+x""","=""0.004""","=""  97         :     3  1s.2p.3p            4D   ""","=""004002.000138""","=""L12158""",
Be II,"=""1s.2p.3p""","=""4P""","=""1/2""",2.0,"=""""","=""133.2344""","=""+x""","=""0.0025""","=""  99                                           ""","=""004002.000139""","=""L12158""",
Be II,"=""1s.2p.3p""","=""4P""","=""3/2""",4.0,"=""""","=""133.2344""","=""+x""","=""0.0025""","=""  99                                           ""","=""004002.000140""","=""L12158""",
Be II,"=""1s.2p.3p""","=""4P""","=""5/2""",6.0,"=""""","=""133.2344""","=""+x""","=""0.0025""","=""  99                                           ""","=""004002.000141""","=""L12158""",
Be II,"=""1s.2p.(3P*).3p""","=""2D""","=""3/2""",4.0,"=""""","=""133.42""","=""a""","=""0.05""","=""  48         :    48  1s.2s.(3S).4d       2D   ""","=""004002.000142""","=""L12158""",
Be II,"=""1s.2p.(3P*).3p""","=""2D""","=""5/2""",6.0,"=""""","=""133.42""","=""a""","=""0.05""","=""  48         :    48  1s.2s.(3S).4d       2D   ""","=""004002.000143""","=""L12158""",
Be II,"=""1s.2p.(3P*).3d""","=""2D*""","=""3/2""",4.0,"=""""","=""133.571""","=""""","=""0.012""","=""  99                                           ""","=""004002.000144""","=""L12158""",
Be II,"=""1s.2p.(3P*).3d""","=""2D*""","=""5/2""",6.0,"=""""","=""133.571""","=""""","=""0.012""","=""  99                                           ""","=""004002.000145""","=""L12158""",
Be II,"=""1s.2s.(3S).4d""","=""2D""","=""3/2""",4.0,"=""""","=""133.62""","=""a""","=""0.10""","=""  32         :    32  1s.2p.(3P*).3p      2D   ""","=""004002.000146""","=""L12158""",
Be II,"=""1s.2s.(3S).4d""","=""2D""","=""5/2""",6.0,"=""""","=""133.62""","=""a""","=""0.10""","=""  32         :    32  1s.2p.(3P*).3p      2D   ""","=""004002.000147""","=""L12158""",
Be II,"=""1s.2p.3d""","=""4F*""","=""3/2""",4.0,"=""""","=""133.70282""","=""+x""","=""0.00012""","=""  60         :    34  1s.2s.4f            4F*  ""","=""004002.000148""","=""L12158""",
Be II,"=""1s.2p.3d""","=""4F*""","=""5/2""",6.0,"=""""","=""133.70282""","=""+x""","=""0.00012""","=""  60         :    34  1s.2s.4f            4F*  ""","=""004002.000149""","=""L12158""",
Be II,"=""1s.2p.3d""","=""4F*""","=""7/2""",8.0,"=""""","=""133.70282""","=""+x""","=""0.00012""","=""  60         :    34  1s.2s.4f            4F*  ""","=""004002.000150""","=""L12158""",
Be II,"=""1s.2p.3d""","=""4F*""","=""9/2""",10.0,"=""""","=""133.70282""","=""+x""","=""0.00012""","=""  60         :    34  1s.2s.4f            4F*  ""","=""004002.000151""","=""L12158""",
Be II,"=""1s.2p.3d""","=""4D*""","=""1/2""",2.0,"=""""","=""133.83908""","=""+x""","=""0.00006""","="" 100                                           ""","=""004002.000152""","=""L12158""",
Be II,"=""1s.2p.3d""","=""4D*""","=""3/2""",4.0,"=""""","=""133.83908""","=""+x""","=""0.00006""","="" 100                                           ""","=""004002.000153""","=""L12158""",
Be II,"=""1s.2p.3d""","=""4D*""","=""5/2""",6.0,"=""""","=""133.83908""","=""+x""","=""0.00006""","="" 100                                           ""","=""004002.000154""","=""L12158""",
Be II,"=""1s.2p.3d""","=""4D*""","=""7/2""",8.0,"=""""","=""133.83908""","=""+x""","=""0.00006""","="" 100                                           ""","=""004002.000155""","=""L12158""",
Be II,"=""1s.2p.(3P*).3p""","=""2S""","=""1/2""",2.0,"=""""","=""134.00""","=""a""","=""0.06""","=""  47         :    35  1s.2s.(3S).5s       2S   ""","=""004002.000156""","=""L12158""",
Be II,"=""1s.2p.3d""","=""4P*""","=""1/2""",2.0,"=""""","=""134.1137""","=""+x""","=""0.0007""","=""  80         :    13  1s.2s.5p            4P*  ""","=""004002.000157""","=""L12158""",
Be II,"=""1s.2p.3d""","=""4P*""","=""3/2""",4.0,"=""""","=""134.1137""","=""+x""","=""0.0007""","=""  80         :    13  1s.2s.5p            4P*  ""","=""004002.000158""","=""L12158""",
Be II,"=""1s.2p.3d""","=""4P*""","=""5/2""",6.0,"=""""","=""134.1137""","=""+x""","=""0.0007""","=""  80         :    13  1s.2s.5p            4P*  ""","=""004002.000159""","=""L12158""",
Be II,"=""1s.2s.5d""","=""4D""","=""7/2""",8.0,"=""""","=""134.532""","=""+x""","=""0.005""","=""  99                                           ""","=""004002.000163""","=""L12158""",
Be II,"=""1s.2s.5d""","=""4D""","=""3/2""",4.0,"=""""","=""134.532""","=""+x""","=""0.005""","=""  99                                           ""","=""004002.000161""","=""L12158""",
Be II,"=""1s.2s.5d""","=""4D""","=""5/2""",6.0,"=""""","=""134.532""","=""+x""","=""0.005""","=""  99                                           ""","=""004002.000162""","=""L12158""",
Be II,"=""1s.2s.5d""","=""4D""","=""1/2""",2.0,"=""""","=""134.532""","=""+x""","=""0.005""","=""  99                                           ""","=""004002.000160""","=""L12158""",
Be II,"=""1s.2s.5f""","=""4F*""","=""9/2""",10.0,"=""""","=""134.6549""","=""+x""","=""0.0012""","=""  95         :     5  1s.2p.3d            4F*  ""","=""004002.000167""","=""L12158""",
Be II,"=""1s.2s.5f""","=""4F*""","=""7/2""",8.0,"=""""","=""134.6549""","=""+x""","=""0.0012""","=""  95         :     5  1s.2p.3d            4F*  ""","=""004002.000166""","=""L12158""",
Be II,"=""1s.2s.5f""","=""4F*""","=""5/2""",6.0,"=""""","=""134.6549""","=""+x""","=""0.0012""","=""  95         :     5  1s.2p.3d            4F*  ""","=""004002.000165""","=""L12158""",
Be II,"=""1s.2s.5f""","=""4F*""","=""3/2""",4.0,"=""""","=""134.6549""","=""+x""","=""0.0012""","=""  95         :     5  1s.2p.3d            4F*  ""","=""004002.000164""","=""L12158""",
Be II,"=""1s.2p.(1P*).3p""","=""2D""","=""5/2""",6.0,"=""""","=""134.77""","=""a""","=""0.04""","=""  84         :     8  1s.2s.(1S).3d       2D   ""","=""004002.000169""","=""L12158""",
Be II,"=""1s.2p.(1P*).3p""","=""2D""","=""3/2""",4.0,"=""""","=""134.77""","=""a""","=""0.04""","=""  84         :     8  1s.2s.(1S).3d       2D   ""","=""004002.000168""","=""L12158""",
Be II,"=""1s.2p.(1P*).3p""","=""2P""","=""3/2""",4.0,"=""""","=""135.01""","=""?""","=""0.04""","=""  89         :     5  1s.2p.(3P*).4p      2P   ""","=""004002.000171""","=""L12158""",
Be II,"=""1s.2p.(1P*).3p""","=""2P""","=""1/2""",2.0,"=""""","=""135.01""","=""?""","=""0.04""","=""  89         :     5  1s.2p.(3P*).4p      2P   ""","=""004002.000170""","=""L12158""",
Be II,"=""1s.2p.(1P*).3d""","=""2D*""","=""5/2""",6.0,"=""""","=""135.448""","=""""","=""0.012""","=""  99                                           ""","=""004002.000173""","=""L12158""",
Be II,"=""1s.2p.(1P*).3d""","=""2D*""","=""3/2""",4.0,"=""""","=""135.448""","=""""","=""0.012""","=""  99                                           ""","=""004002.000172""","=""L12158""",
Be II,"=""1s.2p.(1P*).3d""","=""2F*""","=""7/2""",8.0,"=""""","=""135.47""","=""a?""","=""0.06""","=""  54         :    36  1s.2s.(3S).6f       2F*  ""","=""004002.000175""","=""L12158""",
Be II,"=""1s.2p.(1P*).3d""","=""2F*""","=""5/2""",6.0,"=""""","=""135.47""","=""a?""","=""0.06""","=""  54         :    36  1s.2s.(3S).6f       2F*  ""","=""004002.000174""","=""L12158""",
Be II,"=""1s.2p.4s""","=""4P*""","=""5/2""",6.0,"=""""","=""135.923""","=""+x""","=""0.004""","=""  97                                           ""","=""004002.000178""","=""L12158""",
Be II,"=""1s.2p.4s""","=""4P*""","=""3/2""",4.0,"=""""","=""135.923""","=""+x""","=""0.004""","=""  97                                           ""","=""004002.000177""","=""L12158""",
Be II,"=""1s.2p.4s""","=""4P*""","=""1/2""",2.0,"=""""","=""135.923""","=""+x""","=""0.004""","=""  97                                           ""","=""004002.000176""","=""L12158""",
Be II,"=""1s.2p.4p""","=""4D""","=""1/2""",2.0,"=""""","=""136.2118""","=""+x?""","=""0.0014""","=""  70         :    25  1s.2s.9d            4D   ""","=""004002.000179""","=""L12158""",
Be II,"=""1s.2p.4p""","=""4D""","=""3/2""",4.0,"=""""","=""136.2118""","=""+x?""","=""0.0014""","=""  70         :    25  1s.2s.9d            4D   ""","=""004002.000180""","=""L12158""",
Be II,"=""1s.2p.4p""","=""4D""","=""5/2""",6.0,"=""""","=""136.2118""","=""+x?""","=""0.0014""","=""  70         :    25  1s.2s.9d            4D   ""","=""004002.000181""","=""L12158""",
Be II,"=""1s.2p.4p""","=""4D""","=""7/2""",8.0,"=""""","=""136.2118""","=""+x?""","=""0.0014""","=""  70         :    25  1s.2s.9d            4D   ""","=""004002.000182""","=""L12158""",
Be II,"=""1s.2p.(3P*).4p""","=""2P""","=""3/2""",4.0,"=""""","=""136.25""","=""""","=""0.05""","=""  93         :     6  1s.2p.(1P*).3p      2P   ""","=""004002.000184""","=""L12158""",
Be II,"=""1s.2p.(3P*).4p""","=""2P""","=""1/2""",2.0,"=""""","=""136.25""","=""""","=""0.05""","=""  93         :     6  1s.2p.(1P*).3p      2P   ""","=""004002.000183""","=""L12158""",
Be II,"=""1s.2p.4p""","=""4S""","=""3/2""",4.0,"=""""","=""136.3801""","=""+x?""","=""0.0015""","=""  58         :    23  1s.2s.10s           4S   ""","=""004002.000185""","=""L12158""",
Be II,"=""1s.2p.4p""","=""4P""","=""5/2""",6.0,"=""""","=""136.3972""","=""+x?""","=""0.0025""","=""  98                                           ""","=""004002.000188""","=""L12158""",
Be II,"=""1s.2p.4p""","=""4P""","=""1/2""",2.0,"=""""","=""136.3972""","=""+x?""","=""0.0025""","=""  98                                           ""","=""004002.000186""","=""L12158""",
Be II,"=""1s.2p.4p""","=""4P""","=""3/2""",4.0,"=""""","=""136.3972""","=""+x?""","=""0.0025""","=""  98                                           ""","=""004002.000187""","=""L12158""",
Be II,"=""1s.2p.(3P*).4d""","=""2D*""","=""5/2""",6.0,"=""""","=""136.546""","=""""","=""0.012""","=""  99                                           ""","=""004002.000190""","=""L12158""",
Be II,"=""1s.2p.(3P*).4d""","=""2D*""","=""3/2""",4.0,"=""""","=""136.546""","=""""","=""0.012""","=""  99                                           ""","=""004002.000189""","=""L12158""",
Be II,"=""1s.2p.4d""","=""4D*""","=""5/2""",6.0,"=""""","=""136.6436""","=""+x""","=""0.0025""","="" 100                                           ""","=""004002.000193""","=""L12158""",
Be II,"=""1s.2p.4d""","=""4D*""","=""7/2""",8.0,"=""""","=""136.6436""","=""+x""","=""0.0025""","="" 100                                           ""","=""004002.000194""","=""L12158""",
Be II,"=""1s.2p.4d""","=""4D*""","=""3/2""",4.0,"=""""","=""136.6436""","=""+x""","=""0.0025""","="" 100                                           ""","=""004002.000192""","=""L12158""",
Be II,"=""1s.2p.4d""","=""4D*""","=""1/2""",2.0,"=""""","=""136.6436""","=""+x""","=""0.0025""","="" 100                                           ""","=""004002.000191""","=""L12158""",
Be II,"=""1s.2p.(3P*).4f""","=""2F""","=""5/2""",6.0,"=""[""","=""136.673""","=""]""","=""0.012""","=""  99         :     1  1s.2p.(3P*).4f      4F   ""","=""004002.000195""","=""L12158""",
Be II,"=""1s.2p.(3P*).4f""","=""2F""","=""7/2""",8.0,"=""[""","=""136.673""","=""]""","=""0.012""","=""  99         :     1  1s.2p.(3P*).4f      4F   ""","=""004002.000196""","=""L12158""",
Be II,"=""1s.2p.4f""","=""4F""","=""9/2""",10.0,"=""[""","=""136.67473""","=""]+x""","=""0.00000""","="" 100                                           ""","=""004002.000200""","=""L12158""",
Be II,"=""1s.2p.4f""","=""4F""","=""7/2""",8.0,"=""[""","=""136.67473""","=""]+x""","=""0.00000""","=""  99         :     1  1s.2p.(3P*).4f      2F   ""","=""004002.000199""","=""L12158""",
Be II,"=""1s.2p.4f""","=""4F""","=""5/2""",6.0,"=""[""","=""136.67473""","=""]+x""","=""0.00000""","=""  99         :     1  1s.2p.(3P*).4f      2F   ""","=""004002.000198""","=""L12158""",
Be II,"=""1s.2p.4f""","=""4F""","=""3/2""",4.0,"=""[""","=""136.67473""","=""]+x""","=""0.00000""","="" 100                                           ""","=""004002.000197""","=""L12158""",
Be II,"=""1s.2p.4f""","=""4D""","=""7/2""",8.0,"=""""","=""136.7714""","=""+x""","=""0.0007""","=""  70         :    25  1s.2s.nd            4D   ""","=""004002.000204""","=""L12158""",
Be II,"=""1s.2p.4f""","=""4D""","=""3/2""",4.0,"=""""","=""136.7714""","=""+x""","=""0.0007""","=""  70         :    25  1s.2s.nd            4D   ""","=""004002.000202""","=""L12158""",
Be II,"=""1s.2p.4f""","=""4D""","=""5/2""",6.0,"=""""","=""136.7714""","=""+x""","=""0.0007""","=""  70         :    25  1s.2s.nd            4D   ""","=""004002.000203""","=""L12158""",
Be II,"=""1s.2p.4f""","=""4D""","=""1/2""",2.0,"=""""","=""136.7714""","=""+x""","=""0.0007""","=""  70         :    25  1s.2s.nd            4D   ""","=""004002.000201""","=""L12158""",
Be II,"=""Be III (1s.2s 3S<1>)""","=""Limit""","=""---""",,"=""""","=""136.802739""","=""""","=""0.000025""","=""                                               ""","=""004002.Lim002""","=""""",
Be II,"=""1s.2p.5d""","=""4D*""","=""3/2""",4.0,"=""""","=""137.918""","=""+x""","=""0.005""","="" 100                                           ""","=""004002.000207""","=""L12158""",
Be II,"=""1s.2p.5d""","=""4D*""","=""5/2""",6.0,"=""""","=""137.918""","=""+x""","=""0.005""","="" 100                                           ""","=""004002.000208""","=""L12158""",
Be II,"=""1s.2p.5d""","=""4D*""","=""7/2""",8.0,"=""""","=""137.918""","=""+x""","=""0.005""","="" 100                                           ""","=""004002.000209""","=""L12158""",
Be II,"=""1s.2p.5d""","=""4D*""","=""1/2""",2.0,"=""""","=""137.918""","=""+x""","=""0.005""","="" 100                                           ""","=""004002.000206""","=""L12158""",
Be II,"=""1s.2p.(3P*).5f""","=""2F""","=""7/2""",8.0,"=""""","=""137.927""","=""""","=""0.012""","=""  98         :     2  1s.2p.5f            4F   ""","=""004002.000211""","=""L12158""",
Be II,"=""1s.2p.(3P*).5f""","=""2F""","=""5/2""",6.0,"=""""","=""137.927""","=""""","=""0.012""","=""  98         :     2  1s.2p.5f            4F   ""","=""004002.000210""","=""L12158""",
Be II,"=""1s.2p.5f""","=""4F""","=""9/2""",10.0,"=""""","=""137.9292""","=""+x""","=""0.0015""","="" 100                                           ""","=""004002.000215""","=""L12158""",
Be II,"=""1s.2p.5f""","=""4F""","=""7/2""",8.0,"=""""","=""137.9292""","=""+x""","=""0.0015""","=""  98         :     2  1s.2p.(3P*).5f      2F   ""","=""004002.000214""","=""L12158""",
Be II,"=""1s.2p.5f""","=""4F""","=""3/2""",4.0,"=""""","=""137.9292""","=""+x""","=""0.0015""","="" 100                                           ""","=""004002.000212""","=""L12158""",
Be II,"=""1s.2p.5f""","=""4F""","=""5/2""",6.0,"=""""","=""137.9292""","=""+x""","=""0.0015""","=""  98         :     2  1s.2p.(3P*).5f      2F   ""","=""004002.000213""","=""L12158""",
Be II,"=""1s.2p.(1P*).4p""","=""2P""","=""3/2""",4.0,"=""""","=""137.96""","=""""","=""0.09""","=""  77         :    15  1s.2p.(3P*).5p      2P   ""","=""004002.000217""","=""L12158""",
Be II,"=""1s.2p.(1P*).4p""","=""2P""","=""1/2""",2.0,"=""""","=""137.96""","=""""","=""0.09""","=""  77         :    15  1s.2p.(3P*).5p      2P   ""","=""004002.000216""","=""L12158""",
Be II,"=""1s.2p.6d""","=""4D*""","=""7/2""",8.0,"=""""","=""138.5663""","=""+x?""","=""0.0025""","="" 100                                           ""","=""004002.000221""","=""L12158""",
Be II,"=""1s.2p.6d""","=""4D*""","=""5/2""",6.0,"=""""","=""138.5663""","=""+x?""","=""0.0025""","="" 100                                           ""","=""004002.000220""","=""L12158""",
Be II,"=""1s.2p.6d""","=""4D*""","=""3/2""",4.0,"=""""","=""138.5663""","=""+x?""","=""0.0025""","="" 100                                           ""","=""004002.000219""","=""L12158""",
Be II,"=""1s.2p.6d""","=""4D*""","=""1/2""",2.0,"=""""","=""138.5663""","=""+x?""","=""0.0025""","="" 100                                           ""","=""004002.000218""","=""L12158""",
Be II,"=""1s.2p.6f""","=""4F""","=""5/2""",6.0,"=""""","=""138.6078""","=""+x?""","=""0.0009""","=""  98         :     2  1s.2p.(3P*).6f      2F   ""","=""004002.000223""","=""L12158""",
Be II,"=""1s.2p.6f""","=""4F""","=""7/2""",8.0,"=""""","=""138.6078""","=""+x?""","=""0.0009""","=""  98         :     2  1s.2p.(3P*).6f      2F   ""","=""004002.000224""","=""L12158""",
Be II,"=""1s.2p.6f""","=""4F""","=""9/2""",10.0,"=""""","=""138.6078""","=""+x?""","=""0.0009""","=""  99                                           ""","=""004002.000225""","=""L12158""",
Be II,"=""1s.2p.6f""","=""4F""","=""3/2""",4.0,"=""""","=""138.6078""","=""+x?""","=""0.0009""","="" 100                                           ""","=""004002.000222""","=""L12158""",
Be II,"=""1s.2p.(1P*).5p""","=""2P""","=""1/2""",2.0,"=""""","=""139.363""","=""?""","=""0.016""","=""  96         :     2  1s.2p.(3P*).7p      2P   ""","=""004002.000226""","=""L12158""",
Be II,"=""1s.2p.(1P*).5p""","=""2P""","=""3/2""",4.0,"=""""","=""139.363""","=""?""","=""0.016""","=""  96         :     2  1s.2p.(3P*).7p      2P   ""","=""004002.000227""","=""L12158""",
Be II,"=""Be III (1s.2s 1S<0>)""","=""Limit""","=""---""",,"=""""","=""139.86140""","=""""","=""0.00006""","=""                                               ""","=""004002.Lim003""","=""""",
Be II,"=""Be III (1s.2p 3P*)""","=""Limit""","=""---""",,"=""""","=""140.13328""","=""""","=""0.00005""","=""                                               ""","=""004002.Lim004""","=""""",
Be II,"=""Be III (1s.2p 1P*<1>)""","=""Limit""","=""---""",,"=""""","=""141.87947""","=""""","=""0.00006""","=""                                               ""","=""004002.Lim005""","=""""",
Be II,"=""1s.(2S).3s.3p.(3P*)""","=""2P*""","=""3/2""",4.0,"=""""","=""148.24""","=""a""","=""0.05""","=""  95         :     4  1s.3p.(1P*).3d      2P*  ""","=""004002.000232""","=""L12158""",
Be II,"=""1s.(2S).3s.3p.(3P*)""","=""2P*""","=""1/2""",2.0,"=""""","=""148.24""","=""a""","=""0.05""","=""  95         :     4  1s.3p.(1P*).3d      2P*  ""","=""004002.000231""","=""L12158""",
Be II,"=""1s.(2S).3s.3p.(1P*)""","=""2P*""","=""3/2""",4.0,"=""""","=""150.13""","=""a?""","=""0.05""","=""  44         :    43  1s.3p.(3P*).3d      2P*  ""","=""004002.000234""","=""L12158""",
Be II,"=""1s.(2S).3s.3p.(1P*)""","=""2P*""","=""1/2""",2.0,"=""""","=""150.13""","=""a?""","=""0.05""","=""  44         :    43  1s.3p.(3P*).3d      2P*  ""","=""004002.000233""","=""L12158""",
Be II,"=""2s2.2p""","=""2P*""","=""3/2""",4.0,"=""""","=""268.77""","=""a""","=""0.07""","=""  88         :    11  2p3                 2P*  ""","=""004002.000236""","=""L12158""",
Be II,"=""2s2.2p""","=""2P*""","=""1/2""",2.0,"=""""","=""268.77""","=""a""","=""0.07""","=""  88         :    11  2p3                 2P*  ""","=""004002.000235""","=""L12158""",
Be II,"=""2s.2p2""","=""4P""","=""3/2""",4.0,"=""""","=""269.22""","=""a+x?""","=""0.12""","="" 100                                           ""","=""004002.000238""","=""L12158""",
Be II,"=""2s.2p2""","=""4P""","=""5/2""",6.0,"=""""","=""269.22""","=""a+x?""","=""0.12""","="" 100                                           ""","=""004002.000239""","=""L12158""",
Be II,"=""2s.2p2""","=""4P""","=""1/2""",2.0,"=""""","=""269.22""","=""a+x?""","=""0.12""","="" 100                                           ""","=""004002.000237""","=""L12158""",
Be II,"=""2s.2p2""","=""2D""","=""3/2""",4.0,"=""""","=""272.65""","=""a""","=""0.07""","=""  99         :     1  2s2.3d              2D   ""","=""004002.000240""","=""L12158""",
Be II,"=""2s.2p2""","=""2D""","=""5/2""",6.0,"=""""","=""272.65""","=""a""","=""0.07""","=""  99         :     1  2s2.3d              2D   ""","=""004002.000241""","=""L12158""",
Be II,"=""2p3""","=""4S*""","=""3/2""",4.0,"=""""","=""274.56""","=""+x""","=""0.06""","="" 100                                           ""","=""004002.000242""","=""L12158""",
Be II,"=""2s.2p2""","=""2S""","=""1/2""",2.0,"=""""","=""275.33""","=""a?""","=""0.12""","=""  98         :     1  2s.2p.(3P*).3p      2S   ""","=""004002.000243""","=""L12158""",
Be II,"=""2s.2p2""","=""2P""","=""3/2""",4.0,"=""""","=""275.89""","=""a""","=""0.07""","="" 100                                           ""","=""004002.000245""","=""L12158""",
Be II,"=""2s.2p2""","=""2P""","=""1/2""",2.0,"=""""","=""275.89""","=""a""","=""0.07""","="" 100                                           ""","=""004002.000244""","=""L12158""",
Be II,"=""2p3""","=""2D*""","=""5/2""",6.0,"=""""","=""275.98""","=""a""","=""0.07""","=""  98         :     1  2s.2p.(3P*).3d      2D*  ""","=""004002.000247""","=""L12158""",
Be II,"=""2p3""","=""2D*""","=""3/2""",4.0,"=""""","=""275.98""","=""a""","=""0.07""","=""  98         :     1  2s.2p.(3P*).3d      2D*  ""","=""004002.000246""","=""L12158""",
Be II,"=""2p3""","=""2P*""","=""1/2""",2.0,"=""""","=""278.90""","=""a""","=""0.04""","=""  86         :    11  2s2.2p              2P*  ""","=""004002.000248""","=""L12158""",
Be II,"=""2p3""","=""2P*""","=""3/2""",4.0,"=""""","=""278.90""","=""a""","=""0.04""","=""  86         :    11  2s2.2p              2P*  ""","=""004002.000249""","=""L12158""",
Be II,"=""2s2.3p""","=""2P*""","=""3/2""",4.0,"=""""","=""285.40""","=""a?""","=""0.04""","=""  47         :    37  2s.2p.(3P*).3s      2P*  ""","=""004002.000251""","=""L12158""",
Be II,"=""2s2.3p""","=""2P*""","=""1/2""",2.0,"=""""","=""285.40""","=""a?""","=""0.04""","=""  47         :    37  2s.2p.(3P*).3s      2P*  ""","=""004002.000250""","=""L12158""",
Be II,"=""2s.2p.3p""","=""4P""","=""5/2""",6.0,"=""""","=""287.01""","=""a+x""","=""0.10""","="" 100                                           ""","=""004002.000254""","=""L12158""",
Be II,"=""2s.2p.3p""","=""4P""","=""1/2""",2.0,"=""""","=""287.01""","=""a+x""","=""0.10""","="" 100                                           ""","=""004002.000252""","=""L12158""",
Be II,"=""2s.2p.3p""","=""4P""","=""3/2""",4.0,"=""""","=""287.01""","=""a+x""","=""0.10""","="" 100                                           ""","=""004002.000253""","=""L12158""",
Be II,"=""2s2.3d""","=""2D""","=""3/2""",4.0,"=""""","=""287.28""","=""a?""","=""0.04""","=""  65         :    16  2p2.(1S).3d         2D   ""","=""004002.000255""","=""L12158""",
Be II,"=""2s2.3d""","=""2D""","=""5/2""",6.0,"=""""","=""287.28""","=""a?""","=""0.04""","=""  65         :    16  2p2.(1S).3d         2D   ""","=""004002.000256""","=""L12158""",
Be II,"=""2s.2p.(3P*).3d""","=""2D*""","=""3/2""",4.0,"=""""","=""288.10""","=""a""","=""0.04""","=""  91         :     6  2p2.(3P).3p         2D*  ""","=""004002.000257""","=""L12158""",
Be II,"=""2s.2p.(3P*).3d""","=""2D*""","=""5/2""",6.0,"=""""","=""288.10""","=""a""","=""0.04""","=""  91         :     6  2p2.(3P).3p         2D*  ""","=""004002.000258""","=""L12158""",
B I,"=""2s2.2p""","=""2P*""","=""1/2""",2.0,"=""""","=""0.00000000""","=""""","=""0.00000000""","=""  95         :     4  2p3            2P*  ""","=""005001.000001""","=""L12312""",
B I,"=""2s2.2p""","=""2P*""","=""3/2""",4.0,"=""""","=""0.0018953""","=""""","=""0.0000004""","=""  95         :     4  2p3            2P*  ""","=""005001.000002""","=""L12312""",
B I,"=""2s.2p2""","=""4P""","=""1/2""",2.0,"=""""","=""3.55183""","=""+x""","=""0.00022""","="" 100                                      ""","=""005001.000003""","=""L12312""",
B I,"=""2s.2p2""","=""4P""","=""3/2""",4.0,"=""""","=""3.55240""","=""+x""","=""0.00022""","="" 100                                      ""","=""005001.000004""","=""L12312""",
B I,"=""2s.2p2""","=""4P""","=""5/2""",6.0,"=""""","=""3.55319""","=""+x""","=""0.00022""","="" 100                                      ""","=""005001.000005""","=""L12312""",
B I,"=""2s2.3s""","=""2S""","=""1/2""",2.0,"=""""","=""4.9642890""","=""""","=""0.0000003""","=""  95         :     5  2p2.(1S).3s    2S   ""","=""005001.000006""","=""L12312""",
B I,"=""2s.2p2""","=""2D""","=""5/2""",6.0,"=""""","=""5.9334881""","=""""","=""0.0000005""","=""  79         :     7  2s2.3d         2D   ""","=""005001.000007""","=""L12312""",
B I,"=""2s.2p2""","=""2D""","=""3/2""",4.0,"=""""","=""5.9335273""","=""""","=""0.0000005""","=""  79         :     7  2s2.3d         2D   ""","=""005001.000008""","=""L12312""",
B I,"=""2s2.3p""","=""2P*""","=""1/2""",2.0,"=""""","=""6.0271033""","=""""","=""0.0000004""","=""  91         :     7  2p2.(1S).3p    2P*  ""","=""005001.000009""","=""L12312""",
B I,"=""2s2.3p""","=""2P*""","=""3/2""",4.0,"=""""","=""6.0273243""","=""""","=""0.0000003""","=""  91         :     7  2p2.(1S).3p    2P*  ""","=""005001.000010""","=""L12312""",
B I,"=""2s2.3d""","=""2D""","=""3/2""",4.0,"=""""","=""6.79032869""","=""""","=""0.00000025""","=""  88         :     7  2s.2p2         2D   ""","=""005001.000011""","=""L12312""",
B I,"=""2s2.3d""","=""2D""","=""5/2""",6.0,"=""""","=""6.7903466""","=""""","=""0.0000004""","=""  88         :     7  2s.2p2         2D   ""","=""005001.000012""","=""L12312""",
B I,"=""2s2.4s""","=""2S""","=""1/2""",2.0,"=""""","=""6.8203997""","=""""","=""0.0000003""","=""  95         :     5  2p2.(1S).4s    2S   ""","=""005001.000013""","=""L12312""",
B I,"=""2s2.4p""","=""2P*""","=""1/2""",2.0,"=""""","=""7.1646047""","=""""","=""0.0000004""","=""  92         :     7  2p2.(1S).4p    2P*  ""","=""005001.000014""","=""L12312""",
B I,"=""2s2.4p""","=""2P*""","=""3/2""",4.0,"=""""","=""7.1646833""","=""""","=""0.0000004""","=""  92         :     7  2p2.(1S).4p    2P*  ""","=""005001.000015""","=""L12312""",
B I,"=""2s2.4d""","=""2D""","=""3/2""",4.0,"=""""","=""7.438240""","=""""","=""0.000016""","=""  93         :     5  2p2.(1S).4d    2D   ""","=""005001.000016""","=""L12312""",
B I,"=""2s2.4d""","=""2D""","=""5/2""",6.0,"=""""","=""7.438240""","=""""","=""0.000016""","=""  93         :     5  2p2.(1S).4d    2D   ""","=""005001.000121""","=""L12312""",
B I,"=""2s2.4f""","=""2F*""","=""5/2""",6.0,"=""""","=""7.4429049""","=""""","=""0.0000004""","=""  92         :     8  2p2.(1S).4f    2F*  ""","=""005001.000017""","=""L12312""",
B I,"=""2s2.4f""","=""2F*""","=""7/2""",8.0,"=""""","=""7.4429055""","=""""","=""0.0000004""","=""  92         :     8  2p2.(1S).4f    2F*  ""","=""005001.000018""","=""L12312""",
B I,"=""2s2.5s""","=""2S""","=""1/2""",2.0,"=""""","=""7.4572049""","=""""","=""0.0000012""","=""  86         :     5  2p2.(1S).5s    2S   ""","=""005001.000019""","=""L12312""",
B I,"=""2s2.5p""","=""2P*""","=""1/2,3/2""",6.0,"=""""","=""7.61679""","=""""","=""0.00014""","=""  92         :     7  2p2.(1S).5p    2P*  ""","=""005001.000020""","=""L12312""",
B I,"=""2s2.6s""","=""2S""","=""1/2""",2.0,"=""""","=""7.746801""","=""""","=""0.000017""","=""  77         :    12  2s.2p2         2S   ""","=""005001.000021""","=""L12312""",
B I,"=""2s2.5d""","=""2D""","=""3/2""",4.0,"=""""","=""7.747215""","=""""","=""0.000017""","=""  94         :     5  2p2.(1S).5d    2D   ""","=""005001.000022""","=""L12312""",
B I,"=""2s2.5d""","=""2D""","=""5/2""",6.0,"=""""","=""7.747215""","=""""","=""0.000017""","=""  94         :     5  2p2.(1S).5d    2D   ""","=""005001.000120""","=""L12312""",
B I,"=""2s2.5f""","=""2F*""","=""5/2""",6.0,"=""""","=""7.7510655""","=""""","=""0.0000004""","=""  92         :     8  2p2.(1S).5f    2F*  ""","=""005001.000023""","=""L12312""",
B I,"=""2s2.5f""","=""2F*""","=""7/2""",8.0,"=""""","=""7.7510655""","=""""","=""0.0000004""","=""  92         :     8  2p2.(1S).5f    2F*  ""","=""005001.000125""","=""L12312""",
B I,"=""2s2.6p""","=""2P*""","=""1/2,3/2""",6.0,"=""""","=""7.84364""","=""""","=""0.00014""","=""  92         :     7  2p2.(1S).6p    2P*  ""","=""005001.000024""","=""L12312""",
B I,"=""2s.2p2""","=""2S""","=""1/2""",2.0,"=""""","=""7.880515""","=""""","=""0.000017""","=""  35         :    31  2s2.7s         2S   ""","=""005001.000025""","=""L12312""",
B I,"=""2s2.6d""","=""2D""","=""3/2""",4.0,"=""""","=""7.915811""","=""""","=""0.000017""","=""  95         :     5  2p2.(1S).6d    2D   ""","=""005001.000026""","=""L12312""",
B I,"=""2s2.6d""","=""2D""","=""5/2""",6.0,"=""""","=""7.915811""","=""""","=""0.000017""","=""  95         :     5  2p2.(1S).6d    2D   ""","=""005001.000119""","=""L12312""",
B I,"=""2s2.6f""","=""2F*""","=""5/2""",6.0,"=""""","=""7.918415""","=""""","=""0.000004""","=""  92         :     8  2p2.(1S).6f    2F*  ""","=""005001.000027""","=""L12312""",
B I,"=""2s2.6f""","=""2F*""","=""7/2""",8.0,"=""""","=""7.918415""","=""""","=""0.000004""","=""  92         :     8  2p2.(1S).6f    2F*  ""","=""005001.000124""","=""L12312""",
B I,"=""2s2.7s""","=""2S""","=""1/2""",2.0,"=""""","=""7.954332""","=""""","=""0.000019""","=""  58         :    31  2s.2p2         2S   ""","=""005001.000028""","=""L12312""",
B I,"=""2s2.7p""","=""2P*""","=""1/2,3/2""",6.0,"=""""","=""7.97322""","=""""","=""0.00015""","=""  92         :     7  2p2.(1S).7p    2P*  ""","=""005001.000029""","=""L12312""",
B I,"=""2s2.7d""","=""2D""","=""3/2""",4.0,"=""""","=""8.017482""","=""""","=""0.000019""","=""  95         :     5  2p2.(1S).7d    2D   ""","=""005001.000030""","=""L12312""",
B I,"=""2s2.7d""","=""2D""","=""5/2""",6.0,"=""""","=""8.017482""","=""""","=""0.000019""","=""  95         :     5  2p2.(1S).7d    2D   ""","=""005001.000118""","=""L12312""",
B I,"=""2s2.7f""","=""2F*""","=""5/2""",6.0,"=""""","=""8.019266""","=""""","=""0.000004""","=""  92         :     8  2p2.(1S).7f    2F*  ""","=""005001.000031""","=""L12312""",
B I,"=""2s2.7f""","=""2F*""","=""7/2""",8.0,"=""""","=""8.019266""","=""""","=""0.000004""","=""  92         :     8  2p2.(1S).7f    2F*  ""","=""005001.000123""","=""L12312""",
B I,"=""2s2.8s""","=""2S""","=""1/2""",2.0,"=""""","=""8.033195""","=""""","=""0.000019""","=""  83         :    12  2s.2p2         2S   ""","=""005001.000032""","=""L12312""",
B I,"=""2s2.8p""","=""2P*""","=""1/2,3/2""",6.0,"=""""","=""8.05455""","=""""","=""0.00015""","=""  92         :     7  2p2.(1S).8p    2P*  ""","=""005001.000033""","=""L12312""",
B I,"=""2s2.8d""","=""2D""","=""3/2""",4.0,"=""""","=""8.083434""","=""""","=""0.000019""","=""  95         :     5  2p2.(1S).8d    2D   ""","=""005001.000034""","=""L12312""",
B I,"=""2s2.8d""","=""2D""","=""5/2""",6.0,"=""""","=""8.083434""","=""""","=""0.000019""","=""  95         :     5  2p2.(1S).8d    2D   ""","=""005001.000117""","=""L12312""",
B I,"=""2s2.8f""","=""2F*""","=""5/2""",6.0,"=""""","=""8.084685""","=""""","=""0.000006""","=""  92         :     8  2p2.(1S).8f    2F*  ""","=""005001.000035""","=""L12312""",
B I,"=""2s2.8f""","=""2F*""","=""7/2""",8.0,"=""""","=""8.084685""","=""""","=""0.000006""","=""  92         :     8  2p2.(1S).8f    2F*  ""","=""005001.000122""","=""L12312""",
B I,"=""2s2.9s""","=""2S""","=""1/2""",2.0,"=""""","=""8.092472""","=""""","=""0.000019""","=""  95         :     5  2p2.(1S).9s    2S   ""","=""005001.000036""","=""L12312""",
B I,"=""2s2.9p""","=""2P*""","=""1/2,3/2""",6.0,"=""""","=""8.10865""","=""""","=""0.00015""","=""  92         :     7  2p2.(1S).9p    2P*  ""","=""005001.000037""","=""L12312""",
B I,"=""2s2.9d""","=""2D""","=""3/2,5/2""",10.0,"=""""","=""8.128612""","=""""","=""0.000019""","=""  95         :     5  2p2.(1S).9d    2D   ""","=""005001.000038""","=""L12312""",
B I,"=""2s2.9f""","=""2F*""","=""5/2,7/2""",14.0,"=""""","=""8.129514""","=""""","=""0.000006""","=""  92         :     8  2p2.(1S).9f    2F*  ""","=""005001.000039""","=""L12312""",
B I,"=""2s2.10s""","=""2S""","=""1/2""",2.0,"=""""","=""8.134526""","=""""","=""0.000019""","=""                                          ""","=""005001.000040""","=""L12312""",
B I,"=""2s2.10d""","=""2D""","=""3/2,5/2""",10.0,"=""""","=""8.160905""","=""""","=""0.000019""","=""                                          ""","=""005001.000041""","=""L12312""",
B I,"=""2s2.10f""","=""2F*""","=""5/2,7/2""",14.0,"=""""","=""8.161540""","=""""","=""0.000006""","=""                                          ""","=""005001.000042""","=""L12312""",
B I,"=""2s2.11d""","=""2D""","=""3/2,5/2""",10.0,"=""""","=""8.184766""","=""""","=""0.000019""","=""                                          ""","=""005001.000043""","=""L12312""",
B I,"=""2s2.11f""","=""2F*""","=""5/2,7/2""",14.0,"=""""","=""8.185267""","=""""","=""0.000006""","=""                                          ""","=""005001.000044""","=""L12312""",
B I,"=""2s2.12d""","=""2D""","=""3/2,5/2""",10.0,"=""""","=""8.202911""","=""""","=""0.000019""","=""                                          ""","=""005001.000045""","=""L12312""",
B I,"=""2s2.13d""","=""2D""","=""3/2,5/2""",10.0,"=""""","=""8.217013""","=""""","=""0.000020""","=""                                          ""","=""005001.000046""","=""L12312""",
B I,"=""2s2.14d""","=""2D""","=""3/2,5/2""",10.0,"=""""","=""8.228200""","=""""","=""0.000020""","=""                                          ""","=""005001.000047""","=""L12312""",
B I,"=""2s2.15d""","=""2D""","=""3/2,5/2""",10.0,"=""""","=""8.237218""","=""""","=""0.000020""","=""                                          ""","=""005001.000048""","=""L12312""",
B I,"=""2s2.16d""","=""2D""","=""3/2,5/2""",10.0,"=""""","=""8.244597""","=""""","=""0.000020""","=""                                          ""","=""005001.000049""","=""L12312""",
B I,"=""2s2.17d""","=""2D""","=""3/2,5/2""",10.0,"=""""","=""8.250713""","=""""","=""0.000020""","=""                                          ""","=""005001.000050""","=""L12312""",
B I,"=""2s2.18d""","=""2D""","=""3/2,5/2""",10.0,"=""""","=""8.255835""","=""""","=""0.000020""","=""                                          ""","=""005001.000051""","=""L12312""",
B I,"=""2s2.19d""","=""2D""","=""3/2,5/2""",10.0,"=""""","=""8.260166""","=""""","=""0.000020""","=""                                          ""","=""005001.000052""","=""L12312""",
B I,"=""2s2.20d""","=""2D""","=""3/2,5/2""",10.0,"=""""","=""8.263862""","=""""","=""0.000020""","=""                                          ""","=""005001.000053""","=""L12312""",
B I,"=""2s2.21d""","=""2D""","=""3/2,5/2""",10.0,"=""""","=""8.267041""","=""""","=""0.000020""","=""                                          ""","=""005001.000054""","=""L12312""",
B I,"=""2s2.22d""","=""2D""","=""3/2,5/2""",10.0,"=""""","=""8.269799""","=""""","=""0.000020""","=""                                          ""","=""005001.000055""","=""L12312""",
B I,"=""2s2.23d""","=""2D""","=""3/2,5/2""",10.0,"=""""","=""8.272202""","=""""","=""0.000020""","=""                                          ""","=""005001.000056""","=""L12312""",
B I,"=""2s2.24d""","=""2D""","=""3/2,5/2""",10.0,"=""""","=""8.274317""","=""""","=""0.000022""","=""                                          ""","=""005001.000057""","=""L12312""",
B I,"=""2s2.25d""","=""2D""","=""3/2,5/2""",10.0,"=""""","=""8.276199""","=""""","=""0.000022""","=""                                          ""","=""005001.000058""","=""L12312""",
B I,"=""2s2.26d""","=""2D""","=""3/2,5/2""",10.0,"=""""","=""8.277831""","=""""","=""0.000020""","=""                                          ""","=""005001.000059""","=""L12312""",
B I,"=""2s2.27d""","=""2D""","=""3/2,5/2""",10.0,"=""""","=""8.279304""","=""""","=""0.000020""","=""                                          ""","=""005001.000060""","=""L12312""",
B I,"=""2s2.28d""","=""2D""","=""3/2,5/2""",10.0,"=""""","=""8.280617""","=""""","=""0.000020""","=""                                          ""","=""005001.000061""","=""L12312""",
B I,"=""2s2.29d""","=""2D""","=""3/2,5/2""",10.0,"=""""","=""8.28181""","=""""","=""0.00003""","=""                                          ""","=""005001.000062""","=""L12312""",
B I,"=""2s2.30d""","=""2D""","=""3/2,5/2""",10.0,"=""""","=""8.282847""","=""""","=""0.000022""","=""                                          ""","=""005001.000063""","=""L12312""",
B I,"=""2s2.31d""","=""2D""","=""3/2,5/2""",10.0,"=""""","=""8.283842""","=""""","=""0.000020""","=""                                          ""","=""005001.000064""","=""L12312""",
B I,"=""2s2.32d""","=""2D""","=""3/2,5/2""",10.0,"=""""","=""8.284757""","=""""","=""0.000022""","=""                                          ""","=""005001.000065""","=""L12312""",
B I,"=""2s2.33d""","=""2D""","=""3/2,5/2""",10.0,"=""""","=""8.28550""","=""""","=""0.00003""","=""                                          ""","=""005001.000066""","=""L12312""",
B I,"=""2s2.34d""","=""2D""","=""3/2,5/2""",10.0,"=""""","=""8.28620""","=""""","=""0.00003""","=""                                          ""","=""005001.000067""","=""L12312""",
B I,"=""2s2.35d""","=""2D""","=""3/2,5/2""",10.0,"=""""","=""8.28690""","=""""","=""0.00003""","=""                                          ""","=""005001.000068""","=""L12312""",
B I,"=""2s2.36d""","=""2D""","=""3/2,5/2""",10.0,"=""""","=""8.28752""","=""""","=""0.00003""","=""                                          ""","=""005001.000069""","=""L12312""",
B I,"=""2s2.37d""","=""2D""","=""3/2,5/2""",10.0,"=""""","=""8.28807""","=""""","=""0.00003""","=""                                          ""","=""005001.000070""","=""L12312""",
B I,"=""2s2.38d""","=""2D""","=""3/2,5/2""",10.0,"=""""","=""8.28860""","=""""","=""0.00003""","=""                                          ""","=""005001.000071""","=""L12312""",
B I,"=""2s2.39d""","=""2D""","=""3/2,5/2""",10.0,"=""""","=""8.28904""","=""""","=""0.00003""","=""                                          ""","=""005001.000072""","=""L12312""",
B I,"=""B II (2s2 1S<0>)""","=""Limit""","=""---""",,"=""""","=""8.298019""","=""""","=""0.000003""","=""                                          ""","=""005001.Lim001""","=""L12312""",
B I,"=""2s.2p2""","=""2P""","=""1/2""",2.0,"=""""","=""8.991694""","=""""","=""0.000022""","=""  85         :    12  2s.2p.(3P*).3p 2P   ""","=""005001.000074""","=""L12312""",
B I,"=""2s.2p2""","=""2P""","=""3/2""",4.0,"=""""","=""8.993138""","=""""","=""0.000022""","=""  85         :    12  2s.2p.(3P*).3p 2P   ""","=""005001.000075""","=""L12312""",
B I,"=""2s.2p.(3P*).3s""","=""4P*""","=""1/2""",2.0,"=""""","=""9.54817""","=""+x""","=""0.00022""","=""  99                                      ""","=""005001.000076""","=""L12312""",
B I,"=""2s.2p.(3P*).3s""","=""4P*""","=""3/2""",4.0,"=""""","=""9.54897""","=""+x""","=""0.00022""","=""  99                                      ""","=""005001.000077""","=""L12312""",
B I,"=""2s.2p.(3P*).3s""","=""4P*""","=""5/2""",6.0,"=""""","=""9.55056""","=""+x""","=""0.00022""","=""  99                                      ""","=""005001.000078""","=""L12312""",
B I,"=""2s.2p.(3P*).3p""","=""2P""","=""1/2""",2.0,"=""""","=""10.76922""","=""""","=""0.00005""","=""  86         :    12  2s.2p2         2P   ""","=""005001.000079""","=""L12312""",
B I,"=""2s.2p.(3P*).3p""","=""2P""","=""3/2""",4.0,"=""""","=""10.76987""","=""""","=""0.00005""","=""  86         :    12  2s.2p2         2P   ""","=""005001.000080""","=""L12312""",
B I,"=""2s.2p.(3P*).3p""","=""2D""","=""3/2""",4.0,"=""""","=""10.85577""","=""""","=""0.00007""","=""  95                                      ""","=""005001.000081""","=""L12312""",
B I,"=""2s.2p.(3P*).3p""","=""2D""","=""5/2""",6.0,"=""""","=""10.85609""","=""""","=""0.00007""","=""  95                                      ""","=""005001.000082""","=""L12312""",
B I,"=""2s.2p.(3P*).3p""","=""2S""","=""1/2""",2.0,"=""""","=""10.97503""","=""""","=""0.00005""","=""  83         :    10  2s.2p.(3P*).4p 2S   ""","=""005001.000083""","=""L12312""",
B I,"=""2s.2p.(3P*).3d""","=""2D*""","=""3/2""",4.0,"=""""","=""11.12203""","=""""","=""0.00005""","=""  91         :     6  2p3            2D*  ""","=""005001.000084""","=""L12312""",
B I,"=""2s.2p.(3P*).3d""","=""2D*""","=""5/2""",6.0,"=""""","=""11.12244""","=""""","=""0.00005""","=""  91         :     6  2p3            2D*  ""","=""005001.000085""","=""L12312""",
B I,"=""2s.2p.(3P*).3d""","=""4D*""","=""3/2""",4.0,"=""""","=""11.26398""","=""+x""","=""0.00022""","=""  99                                      ""","=""005001.000086""","=""L12312""",
B I,"=""2s.2p.(3P*).3d""","=""4D*""","=""5/2""",6.0,"=""""","=""11.26416""","=""+x""","=""0.00022""","=""  99                                      ""","=""005001.000087""","=""L12312""",
B I,"=""2s.2p.(3P*).3d""","=""4D*""","=""7/2""",8.0,"=""""","=""11.26451""","=""+x""","=""0.00022""","=""  99                                      ""","=""005001.000088""","=""L12312""",
B I,"=""2s.2p.(3P*).3d""","=""4P*""","=""5/2""",6.0,"=""""","=""11.36199""","=""+x""","=""0.00022""","=""  82         :    17  2s.2p.(3P*).4s 4P*  ""","=""005001.000089""","=""L12312""",
B I,"=""2s.2p.(3P*).3d""","=""4P*""","=""3/2""",4.0,"=""""","=""11.36244""","=""+x""","=""0.00022""","=""  81         :    18  2s.2p.(3P*).4s 4P*  ""","=""005001.000090""","=""L12312""",
B I,"=""2s.2p.(3P*).3d""","=""4P*""","=""1/2""",2.0,"=""""","=""11.36266""","=""+x""","=""0.00022""","=""  81         :    18  2s.2p.(3P*).4s 4P*  ""","=""005001.000091""","=""L12312""",
B I,"=""2s.2p.(3P*).4s""","=""4P*""","=""5/2""",6.0,"=""""","=""11.42586""","=""+x""","=""0.00022""","=""  82         :    17  2s.2p.(3P*).3d 4P*  ""","=""005001.000092""","=""L12312""",
B I,"=""2s.2p.(3P*).4p""","=""2P""","=""1/2""",2.0,"=""""","=""11.83397""","=""""","=""0.00006""","=""  98                                      ""","=""005001.000093""","=""L12312""",
B I,"=""2s.2p.(3P*).4p""","=""2P""","=""3/2""",4.0,"=""""","=""11.83448""","=""""","=""0.00006""","=""  98                                      ""","=""005001.000094""","=""L12312""",
B I,"=""2s.2p.(3P*).4d""","=""4D*""","=""3/2""",4.0,"=""""","=""11.99153""","=""+x""","=""0.00022""","=""  96                                      ""","=""005001.000095""","=""L12312""",
B I,"=""2s.2p.(3P*).4d""","=""4D*""","=""5/2""",6.0,"=""""","=""11.99236""","=""+x""","=""0.00022""","=""  95         :     5  2s.2p.(3P*).4d 4F*  ""","=""005001.000096""","=""L12312""",
B I,"=""2s.2p.(3P*).4d""","=""4D*""","=""7/2""",8.0,"=""""","=""11.99283""","=""+x""","=""0.00022""","=""  95         :     4  2s.2p.(3P*).4d 4F*  ""","=""005001.000097""","=""L12312""",
B I,"=""2p3""","=""4S*""","=""3/2""",4.0,"=""""","=""12.01169""","=""+x""","=""0.00022""","="" 100                                      ""","=""005001.000098""","=""L12312""",
B I,"=""2s.2p.(3P*).5p""","=""2P""","=""3/2""",4.0,"=""""","=""12.26472""","=""""","=""0.00010""","=""  99                                      ""","=""005001.000099""","=""L12312""",
B I,"=""2s.2p.(3P*).5d""","=""4D*""","=""7/2""",8.0,"=""""","=""12.32190""","=""+x""","=""0.00022""","=""  53         :    47  2s.2p.(3P*).5d 4F*  ""","=""005001.000100""","=""L12312""",
B I,"=""2s.2p.(3P*).6p""","=""2P""","=""3/2""",4.0,"=""""","=""12.48294""","=""""","=""0.00010""","=""  98                                      ""","=""005001.000101""","=""L12312""",
B I,"=""B II (2s.2p 3P*<0>)""","=""Limit""","=""---""",,"=""""","=""12.927036""","=""""","=""0.000007""","=""                                          ""","=""005001.Lim002""","=""L12312""",
B I,"=""B II (2s.2p 3P*<1>)""","=""Limit""","=""---""",,"=""""","=""12.927794""","=""""","=""0.000006""","=""                                          ""","=""005001.Lim003""","=""L12312""",
B I,"=""B II (2s.2p 3P*<2>)""","=""Limit""","=""---""",,"=""""","=""12.929796""","=""""","=""0.000006""","=""                                          ""","=""005001.Lim004""","=""L12312""",
B I,"=""B II (2s.2p 1P*<1>)""","=""Limit""","=""---""",,"=""""","=""17.398027""","=""""","=""0.000006""","=""                                          ""","=""005001.Lim005""","=""L12312""",
B I,"=""1s.(2S).2s2.2p2.(3P)""","=""2P""","=""1/2,3/2""",6.0,"=""""","=""190.58""","=""""","=""0.09""","=""                                          ""","=""005001.000106""","=""L12312""",
B I,"=""1s.(2S).2s2.2p2.(1D)""","=""2D""","=""3/2,5/2""",10.0,"=""""","=""190.71""","=""""","=""0.09""","=""                                          ""","=""005001.000115""","=""L12312""",
B I,"=""1s.(2S).2s2.2p2.(1S)""","=""2S""","=""1/2""",2.0,"=""""","=""191.87""","=""""","=""0.09""","=""                                          ""","=""005001.000116""","=""L12312""",
B I,"=""1s.(2S).2s2.2p.(3P*).3p""","=""2P""","=""1/2,3/2""",6.0,"=""""","=""198.19""","=""""","=""0.10""","=""                                          ""","=""005001.000107""","=""L12312""",
B I,"=""1s.(2S).2s2.2p.(3P*).3p""","=""2D""","=""3/2,5/2""",10.0,"=""""","=""198.54""","=""""","=""0.10""","=""                                          ""","=""005001.000108""","=""L12312""",
B I,"=""1s.(2S).2s2.2p.(3P*).3p""","=""2S""","=""1/2""",2.0,"=""""","=""198.88""","=""""","=""0.10""","=""                                          ""","=""005001.000109""","=""L12312""",
B I,"=""1s.(2S).2s2.2p.(3P*).4p""","=""""","=""1/2 or 3/2""",2.0,"=""""","=""199.55""","=""""","=""0.10""","=""                                          ""","=""005001.000110""","=""L12312""",
B I,"=""1s.(2S).2s2.2p.(1P*).3p""","=""2P""","=""1/2,3/2""",6.0,"=""""","=""200.14""","=""""","=""0.10""","=""                                          ""","=""005001.000111""","=""L12312""",
B I,"=""B II (1s.2s2.2p 3P*)""","=""Limit""","=""---""",,"=""""","=""200.68""","=""""","=""0.10""","=""                                          ""","=""005001.Lim006""","=""L12312""",
B I,"=""1s.(2S).2s2.2p.(1P*).4p""","=""""","=""1/2 or 3/2""",2.0,"=""""","=""201.54""","=""""","=""0.10""","=""                                          ""","=""005001.000112""","=""L12312""",
B I,"=""B II (1s.2s2.2p 1P*)""","=""Limit""","=""---""",,"=""""","=""202.66""","=""""","=""0.10""","=""                                          ""","=""005001.Lim007""","=""L12312""",
B II,"=""1s2.2s2""","=""1S""","=""0""",1.0,"=""""","=""0.000000""","=""""","=""0""","=""  93                      :     7  1s2.2p2    1S   ""","=""005002.000001""","=""L12120""",
B II,"=""1s2.2s.2p""","=""3P*""","=""0""",1.0,"=""""","=""4.629017""","=""""","=""0.000005""","="" 100                                               ""","=""005002.000002""","=""L12120""",
B II,"=""1s2.2s.2p""","=""3P*""","=""1""",3.0,"=""""","=""4.629775""","=""""","=""0.000004""","="" 100                                               ""","=""005002.000003""","=""L12120""",
B II,"=""1s2.2s.2p""","=""3P*""","=""2""",5.0,"=""""","=""4.631777""","=""""","=""0.000004""","="" 100                                               ""","=""005002.000004""","=""L12120""",
B II,"=""1s2.2s.2p""","=""1P*""","=""1""",3.0,"=""""","=""9.100007""","=""""","=""0.000004""","=""  97                                               ""","=""005002.000005""","=""L12120""",
B II,"=""1s2.2p2""","=""3P""","=""0""",1.0,"=""""","=""12.263448""","=""""","=""0.000005""","="" 100                                               ""","=""005002.000006""","=""L12120""",
B II,"=""1s2.2p2""","=""3P""","=""1""",3.0,"=""""","=""12.264501""","=""""","=""0.000004""","="" 100                                               ""","=""005002.000007""","=""L12120""",
B II,"=""1s2.2p2""","=""3P""","=""2""",5.0,"=""""","=""12.266161""","=""""","=""0.000004""","="" 100                                               ""","=""005002.000008""","=""L12120""",
B II,"=""1s2.2p2""","=""1D""","=""2""",5.0,"=""""","=""12.691366""","=""""","=""0.000004""","=""  94                                               ""","=""005002.000009""","=""L12120""",
B II,"=""1s2.2p2""","=""1S""","=""0""",1.0,"=""""","=""15.827970""","=""""","=""0.000004""","=""  80                      :    15  1s2.2s.3s  1S   ""","=""005002.000010""","=""L12120""",
B II,"=""1s2.2s.3s""","=""3S""","=""1""",3.0,"=""""","=""16.089904""","=""""","=""0.000022""","=""  98                                               ""","=""005002.000011""","=""L12120""",
B II,"=""1s2.2s.3s""","=""1S""","=""0""",1.0,"=""""","=""17.062984""","=""""","=""0.000020""","=""  81                      :    11  1s2.2p2    1S   ""","=""005002.000012""","=""L12120""",
B II,"=""1s2.2s.3p""","=""3P*""","=""0""",1.0,"=""""","=""17.852479""","=""""","=""0.000022""","=""  99                                               ""","=""005002.000013""","=""L12120""",
B II,"=""1s2.2s.3p""","=""3P*""","=""1""",3.0,"=""""","=""17.852554""","=""""","=""0.000022""","=""  99                                               ""","=""005002.000014""","=""L12120""",
B II,"=""1s2.2s.3p""","=""3P*""","=""2""",5.0,"=""""","=""17.852994""","=""""","=""0.000022""","=""  99                                               ""","=""005002.000015""","=""L12120""",
B II,"=""1s2.2s.3p""","=""1P*""","=""1""",3.0,"=""""","=""17.866488""","=""""","=""0.000009""","=""  91                      :     7  1s2.2p.3s  1P*  ""","=""005002.000016""","=""L12120""",
B II,"=""1s2.2s.3d""","=""3D""","=""3""",7.0,"=""""","=""18.678180""","=""""","=""0.000020""","=""  98                                               ""","=""005002.000017""","=""L12120""",
B II,"=""1s2.2s.3d""","=""3D""","=""2""",5.0,"=""""","=""18.678180""","=""""","=""0.000020""","=""  98                                               ""","=""005002.000019""","=""L12120""",
B II,"=""1s2.2s.3d""","=""3D""","=""1""",3.0,"=""""","=""18.678180""","=""""","=""0.000020""","=""  98                                               ""","=""005002.000018""","=""L12120""",
B II,"=""1s2.2s.3d""","=""1D""","=""2""",5.0,"=""""","=""19.178635""","=""""","=""0.000009""","=""  94                                               ""","=""005002.000020""","=""L12120""",
B II,"=""1s2.2s.4s""","=""3S""","=""1""",3.0,"=""""","=""20.624138""","=""""","=""0.000022""","=""  99                                               ""","=""005002.000021""","=""L12120""",
B II,"=""1s2.2s.4s""","=""1S""","=""0""",1.0,"=""""","=""20.821325""","=""""","=""0.000011""","=""  97                                               ""","=""005002.000022""","=""L12120""",
B II,"=""1s2.2s.4p""","=""1P*""","=""1""",3.0,"=""""","=""21.150629""","=""""","=""0.000011""","=""  87                      :    10  1s2.2p.3s  1P*  ""","=""005002.000023""","=""L12120""",
B II,"=""1s2.2s.4p""","=""3P*""","=""2""",5.0,"=""""","=""21.268988""","=""""","=""0.000021""","=""  99                                               ""","=""005002.000026""","=""L12120""",
B II,"=""1s2.2s.4p""","=""3P*""","=""1""",3.0,"=""""","=""21.268988""","=""""","=""0.000021""","=""  99                                               ""","=""005002.000025""","=""L12120""",
B II,"=""1s2.2s.4p""","=""3P*""","=""0""",1.0,"=""""","=""21.268988""","=""""","=""0.000021""","=""  99                                               ""","=""005002.000024""","=""L12120""",
B II,"=""1s2.2s.4d""","=""3D""","=""3""",7.0,"=""""","=""21.582342""","=""""","=""0.000022""","=""  99                                               ""","=""005002.000028""","=""L12120""",
B II,"=""1s2.2s.4d""","=""3D""","=""2""",5.0,"=""""","=""21.582342""","=""""","=""0.000022""","=""  99                                               ""","=""005002.000029""","=""L12120""",
B II,"=""1s2.2s.4d""","=""3D""","=""1""",3.0,"=""""","=""21.582342""","=""""","=""0.000022""","=""  99                                               ""","=""005002.000027""","=""L12120""",
B II,"=""1s2.2s.4f""","=""3F*""","=""4""",9.0,"=""""","=""21.685249""","=""""","=""0.000020""","=""  98                                               ""","=""005002.000031""","=""L12120""",
B II,"=""1s2.2s.4f""","=""3F*""","=""3""",7.0,"=""""","=""21.685249""","=""""","=""0.000020""","=""  98                                               ""","=""005002.000030""","=""L12120""",
B II,"=""1s2.2s.4f""","=""3F*""","=""2""",5.0,"=""""","=""21.685249""","=""""","=""0.000020""","=""  98                                               ""","=""005002.000032""","=""L12120""",
B II,"=""1s2.2s.4f""","=""1F*""","=""3""",7.0,"=""""","=""21.687550""","=""""","=""0.000010""","=""  99                                               ""","=""005002.000033""","=""L12120""",
B II,"=""1s2.2s.4d""","=""1D""","=""2""",5.0,"=""""","=""21.765055""","=""""","=""0.000015""","=""  96                                               ""","=""005002.000034""","=""L12120""",
B II,"=""1s2.2s.5s""","=""3S""","=""1""",3.0,"=""""","=""22.428384""","=""""","=""0.000025""","=""  99                                               ""","=""005002.000035""","=""L12120""",
B II,"=""1s2.2s.5s""","=""1S""","=""0""",1.0,"=""""","=""22.509583""","=""""","=""0.000020""","=""  98                                               ""","=""005002.000036""","=""L12120""",
B II,"=""1s2.2p.3s""","=""3P*""","=""0""",1.0,"=""""","=""22.52122""","=""""","=""0.00004""","=""  90                      :     8  1s2.2s.5p  3P*  ""","=""005002.000037""","=""L12120""",
B II,"=""1s2.2p.3s""","=""3P*""","=""1""",3.0,"=""""","=""22.52242""","=""""","=""0.00004""","=""  90                      :     8  1s2.2s.5p  3P*  ""","=""005002.000038""","=""L12120""",
B II,"=""1s2.2p.3s""","=""3P*""","=""2""",5.0,"=""""","=""22.52505""","=""""","=""0.00004""","=""  90                      :     8  1s2.2s.5p  3P*  ""","=""005002.000039""","=""L12120""",
B II,"=""1s2.2s.5p""","=""1P*""","=""1""",3.0,"=""""","=""22.53607""","=""""","=""0.00007""","=""  75                      :    15  1s2.2p.3s  1P*  ""","=""005002.000040""","=""L12120""",
B II,"=""1s2.2s.5p""","=""3P*""","=""0""",1.0,"=""""","=""22.76583""","=""""","=""0.00003""","=""  92                      :     8  1s2.2p.3s  3P*  ""","=""005002.000041""","=""L12120""",
B II,"=""1s2.2s.5p""","=""3P*""","=""1""",3.0,"=""""","=""22.76583""","=""""","=""0.00003""","=""  92                      :     8  1s2.2p.3s  3P*  ""","=""005002.000042""","=""L12120""",
B II,"=""1s2.2s.5p""","=""3P*""","=""2""",5.0,"=""""","=""22.76583""","=""""","=""0.00003""","=""  92                      :     8  1s2.2p.3s  3P*  ""","=""005002.000043""","=""L12120""",
B II,"=""1s2.2s.5d""","=""3D""","=""1""",3.0,"=""""","=""22.89166""","=""""","=""0.00003""","=""  99                                               ""","=""005002.000046""","=""L12120""",
B II,"=""1s2.2s.5d""","=""3D""","=""2""",5.0,"=""""","=""22.89166""","=""""","=""0.00003""","=""  99                                               ""","=""005002.000044""","=""L12120""",
B II,"=""1s2.2s.5d""","=""3D""","=""3""",7.0,"=""""","=""22.89166""","=""""","=""0.00003""","=""  99                                               ""","=""005002.000045""","=""L12120""",
B II,"=""1s2.2s.5f""","=""3F*""","=""2""",5.0,"=""""","=""22.925767""","=""""","=""0.000022""","=""  97                                               ""","=""005002.000047""","=""L12120""",
B II,"=""1s2.2s.5f""","=""3F*""","=""3""",7.0,"=""""","=""22.925767""","=""""","=""0.000022""","=""  97                                               ""","=""005002.000048""","=""L12120""",
B II,"=""1s2.2s.5f""","=""3F*""","=""4""",9.0,"=""""","=""22.925767""","=""""","=""0.000022""","=""  97                                               ""","=""005002.000049""","=""L12120""",
B II,"=""1s2.2s.5f""","=""1F*""","=""3""",7.0,"=""""","=""22.93189""","=""""","=""0.00004""","=""  99                                               ""","=""005002.000050""","=""L12120""",
B II,"=""1s2.2s.5g""","=""3G""","=""3""",7.0,"=""""","=""22.96954""","=""""","=""0.00004""","="" 100                                               ""","=""005002.000051""","=""L12120""",
B II,"=""1s2.2s.5g""","=""3G""","=""4""",9.0,"=""""","=""22.96954""","=""""","=""0.00004""","="" 100                                               ""","=""005002.000054""","=""L12120""",
B II,"=""1s2.2s.5g""","=""3G""","=""5""",11.0,"=""""","=""22.96954""","=""""","=""0.00004""","="" 100                                               ""","=""005002.000052""","=""L12120""",
B II,"=""1s2.2s.5g""","=""1G""","=""4""",9.0,"=""""","=""22.96954""","=""""","=""0.00004""","="" 100                                               ""","=""005002.000053""","=""L12120""",
B II,"=""1s2.2s.5d""","=""1D""","=""2""",5.0,"=""""","=""22.977146""","=""""","=""0.000012""","=""  97                                               ""","=""005002.000055""","=""L12120""",
B II,"=""1s2.2p.3s""","=""1P*""","=""1""",3.0,"=""""","=""23.139161""","=""""","=""0.000019""","=""  44  1s2.2s.6p 1P*       :    17  1s2.2s.5p  1P*  ""","=""005002.000056""","=""L12120""",
B II,"=""1s2.2s.6s""","=""3S""","=""1""",3.0,"=""""","=""23.33018""","=""""","=""0.00004""","=""  98                                               ""","=""005002.000057""","=""L12120""",
B II,"=""1s2.2s.6s""","=""1S""","=""0""",1.0,"=""""","=""23.377""","=""""","=""0.009""","=""  99                                               ""","=""005002.000058""","=""L12120""",
B II,"=""1s2.2p.3p""","=""1P""","=""1""",3.0,"=""""","=""23.448881""","=""""","=""0.000024""","=""  99                                               ""","=""005002.000059""","=""L12120""",
B II,"=""1s2.2s.6p""","=""3P*""","=""0,1,2""",9.0,"=""""","=""23.52507""","=""""","=""0.00007""","=""  98                                               ""","=""005002.000060""","=""L12120""",
B II,"=""1s2.2s.6d""","=""3D""","=""1,2,3""",15.0,"=""""","=""23.58854""","=""""","=""0.00014""","=""  88                      :    11  1s2.2p.3p  3D   ""","=""005002.000061""","=""L12120""",
B II,"=""1s2.2s.6p""","=""1P*""","=""1""",3.0,"=""""","=""23.589""","=""""","=""0.022""","=""  68  1s2.2s.7p 1P*       :    31  1s2.2s.6p  1P*  ""","=""005002.000062""","=""L12120""",
B II,"=""1s2.2s.6f""","=""3F*""","=""2""",5.0,"=""""","=""23.598146""","=""""","=""0.000022""","=""  95                                               ""","=""005002.000064""","=""L12120""",
B II,"=""1s2.2s.6f""","=""3F*""","=""3""",7.0,"=""""","=""23.598146""","=""""","=""0.000022""","=""  95                                               ""","=""005002.000065""","=""L12120""",
B II,"=""1s2.2s.6f""","=""3F*""","=""4""",9.0,"=""""","=""23.598146""","=""""","=""0.000022""","=""  95                                               ""","=""005002.000063""","=""L12120""",
B II,"=""1s2.2s.6f""","=""1F*""","=""3""",7.0,"=""""","=""23.610196""","=""""","=""0.000017""","=""  98                                               ""","=""005002.000066""","=""L12120""",
B II,"=""1s2.2s.6g""","=""3G""","=""3""",7.0,"=""""","=""23.63744""","=""""","=""0.00004""","="" 100                                               ""","=""005002.000070""","=""L12120""",
B II,"=""1s2.2s.6g""","=""3G""","=""4""",9.0,"=""""","=""23.63744""","=""""","=""0.00004""","="" 100                                               ""","=""005002.000067""","=""L12120""",
B II,"=""1s2.2s.6g""","=""3G""","=""5""",11.0,"=""""","=""23.63744""","=""""","=""0.00004""","="" 100                                               ""","=""005002.000068""","=""L12120""",
B II,"=""1s2.2s.6g""","=""1G""","=""4""",9.0,"=""""","=""23.63744""","=""""","=""0.00004""","="" 100                                               ""","=""005002.000069""","=""L12120""",
B II,"=""1s2.2s.6d""","=""1D""","=""2""",5.0,"=""""","=""23.63813""","=""""","=""0.00009""","=""  97                                               ""","=""005002.000071""","=""L12120""",
B II,"=""1s2.2p.3p""","=""3D""","=""1""",3.0,"=""""","=""23.68530""","=""""","=""0.00005""","=""  85                      :    13  1s2.2s.6d  3D   ""","=""005002.000072""","=""L12120""",
B II,"=""1s2.2p.3p""","=""3D""","=""2""",5.0,"=""""","=""23.68651""","=""""","=""0.00005""","=""  85                      :    13  1s2.2s.6d  3D   ""","=""005002.000073""","=""L12120""",
B II,"=""1s2.2p.3p""","=""3D""","=""3""",7.0,"=""""","=""23.68884""","=""""","=""0.00005""","=""  86                      :    12  1s2.2s.6d  3D   ""","=""005002.000074""","=""L12120""",
B II,"=""1s2.2s.7s""","=""3S""","=""1""",3.0,"=""""","=""23.835""","=""""","=""0.015""","=""  83                      :    15  1s2.2p.3p  3S   ""","=""005002.000075""","=""L12120""",
B II,"=""1s2.2s.7s""","=""1S""","=""0""",1.0,"=""[""","=""23.8686""","=""]""","=""""","=""  99                                               ""","=""005002.000076""","=""L12120""",
B II,"=""1s2.2p.3p""","=""3S""","=""1""",3.0,"=""""","=""23.95703""","=""""","=""0.00012""","=""  76                      :    17  1s2.2s.7s  3S   ""","=""005002.000077""","=""L12120""",
B II,"=""1s2.2s.7f""","=""3F*""","=""2,3,4""",21.0,"=""""","=""24.00050""","=""""","=""0.00005""","=""  91                      :     6  1s2.2p.3d  3F*  ""","=""005002.000078""","=""L12120""",
B II,"=""1s2.2s.7p""","=""1P*""","=""1""",3.0,"=""""","=""24.0026""","=""""","=""0.0016""","=""  30  1s2.2p.3s 1P*       :    20  1s2.2s.6p  1P*  ""","=""005002.000079""","=""L12120""",
B II,"=""1s2.2s.7d""","=""3D""","=""1,2,3""",15.0,"=""""","=""24.015""","=""""","=""0.003""","="" 100                                               ""","=""005002.000080""","=""L12120""",
B II,"=""1s2.2s.7d""","=""1D""","=""2""",5.0,"=""""","=""24.03605""","=""""","=""0.00006""","=""  96                                               ""","=""005002.000081""","=""L12120""",
B II,"=""1s2.2s.7g""","=""3G""","=""3,4,5""",27.0,"=""""","=""24.04031""","=""""","=""0.00005""","="" 100                                               ""","=""005002.000082""","=""L12120""",
B II,"=""1s2.2s.8s""","=""1S""","=""0""",1.0,"=""[""","=""24.1699""","=""]""","=""""","=""  99                                               ""","=""005002.000083""","=""L12120""",
B II,"=""1s2.2s.8s""","=""3S""","=""1""",3.0,"=""""","=""24.174""","=""""","=""0.015""","=""  96                                               ""","=""005002.000084""","=""L12120""",
B II,"=""1s2.2s.8p""","=""1P*""","=""1""",3.0,"=""""","=""24.249""","=""""","=""0.024""","=""  76                      :    10  1s2.2s.9p  1P*  ""","=""005002.000085""","=""L12120""",
B II,"=""1s2.2p.3p""","=""3P""","=""0""",1.0,"=""""","=""24.25152""","=""""","=""0.00004""","=""  99                                               ""","=""005002.000086""","=""L12120""",
B II,"=""1s2.2p.3p""","=""3P""","=""1""",3.0,"=""""","=""24.25233""","=""""","=""0.00004""","=""  99                                               ""","=""005002.000087""","=""L12120""",
B II,"=""1s2.2p.3p""","=""3P""","=""2""",5.0,"=""""","=""24.25367""","=""""","=""0.00004""","=""  99                                               ""","=""005002.000088""","=""L12120""",
B II,"=""1s2.2s.8d""","=""1D""","=""2""",5.0,"=""""","=""24.25694""","=""""","=""0.00007""","=""  88                      :     9  1s2.2p.3p  1D   ""","=""005002.000089""","=""L12120""",
B II,"=""1s2.2s.8d""","=""3D""","=""1,2,3""",15.0,"=""""","=""24.280""","=""""","=""0.016""","="" 100                                               ""","=""005002.000090""","=""L12120""",
B II,"=""1s2.2p.3p""","=""1D""","=""2""",5.0,"=""""","=""24.42236""","=""""","=""0.00006""","=""  40                      :    32  1s2.2s.9d  1D   ""","=""005002.000091""","=""L12120""",
B II,"=""1s2.2s.9p""","=""1P*""","=""1""",3.0,"=""""","=""24.440""","=""""","=""0.024""","=""  86                      :     6  1s2.2p.3s  1P*  ""","=""005002.000092""","=""L12120""",
B II,"=""1s2.2s.9d""","=""3D""","=""1,2,3""",15.0,"=""""","=""24.468""","=""""","=""0.016""","="" 100                                               ""","=""005002.000093""","=""L12120""",
B II,"=""1s2.2s.9d""","=""1D""","=""2""",5.0,"=""""","=""24.50482""","=""""","=""0.00009""","=""  64                      :    23  1s2.2s.10d 1D   ""","=""005002.000094""","=""L12120""",
B II,"=""1s2.2p.3d""","=""3F*""","=""2""",5.0,"=""""","=""24.51102""","=""""","=""0.00005""","=""  76                      :    14  1s2.2s.8f  3F*  ""","=""005002.000095""","=""L12120""",
B II,"=""1s2.2p.3d""","=""3F*""","=""3""",7.0,"=""""","=""24.51213""","=""""","=""0.00005""","=""  76                      :    14  1s2.2s.8f  3F*  ""","=""005002.000096""","=""L12120""",
B II,"=""1s2.2p.3d""","=""3F*""","=""4""",9.0,"=""""","=""24.51399""","=""""","=""0.00005""","=""  76                      :    14  1s2.2s.8f  3F*  ""","=""005002.000097""","=""L12120""",
B II,"=""1s2.2p.3d""","=""1D*""","=""2""",5.0,"=""""","=""24.514173""","=""""","=""0.000025""","="" 100                                               ""","=""005002.000098""","=""L12120""",
B II,"=""1s2.2s.10d""","=""3D""","=""1,2,3""",15.0,"=""""","=""24.596""","=""""","=""0.016""","="" 100                                               ""","=""005002.000099""","=""L12120""",
B II,"=""1s2.2p.3d""","=""3D*""","=""1""",3.0,"=""""","=""24.85612""","=""""","=""0.00004""","="" 100                                               ""","=""005002.000100""","=""L12120""",
B II,"=""1s2.2p.3d""","=""3D*""","=""2""",5.0,"=""""","=""24.85659""","=""""","=""0.00004""","=""  99                                               ""","=""005002.000101""","=""L12120""",
B II,"=""1s2.2p.3d""","=""3D*""","=""3""",7.0,"=""""","=""24.85725""","=""""","=""0.00004""","="" 100                                               ""","=""005002.000102""","=""L12120""",
B II,"=""1s2.2p.3d""","=""3P*""","=""0,1,2""",9.0,"=""""","=""24.88693""","=""""","=""0.00016""","=""  95                                               ""","=""005002.000103""","=""L12120""",
B II,"=""B III (2s 2S<1/2>)""","=""Limit""","=""---""",,"=""""","=""25.15483""","=""""","=""0.00005""","=""                                                   ""","=""005002.Lim001""","=""L12120""",
B II,"=""1s2.2p.3p""","=""1S""","=""0""",1.0,"=""""","=""25.185""","=""?""","=""0.010""","=""  74                      :    15  1s2.2p.4p  1S   ""","=""005002.000105""","=""L12120""",
B II,"=""1s2.2p.3d""","=""1P*""","=""1""",3.0,"=""""","=""25.4300""","=""""","=""0.0004""","=""  94                                               ""","=""005002.000106""","=""L12120""",
B II,"=""1s2.2p.4s""","=""3P*""","=""0,1,2""",9.0,"=""""","=""26.737""","=""?""","=""0.010""","=""  99                                               ""","=""005002.000107""","=""L12120""",
B II,"=""1s2.2p.4s""","=""1P*""","=""1""",3.0,"=""""","=""26.907""","=""""","=""0.005""","=""  94                                               ""","=""005002.000108""","=""L12120""",
B II,"=""1s2.2p.4p""","=""1P""","=""1""",3.0,"=""""","=""27.14239""","=""""","=""0.00005""","=""  98                                               ""","=""005002.000109""","=""L12120""",
B II,"=""1s2.2p.4p""","=""3D""","=""1,2,3""",15.0,"=""""","=""27.2071""","=""""","=""0.0009""","=""  99                                               ""","=""005002.000110""","=""L12120""",
B II,"=""1s2.2p.4p""","=""3S""","=""1""",3.0,"=""[""","=""27.3031""","=""]""","=""""","=""  99                                               ""","=""005002.000111""","=""L12120""",
B II,"=""1s2.2p.4p""","=""3P""","=""0,1,2""",9.0,"=""""","=""27.41046""","=""""","=""0.00015""","=""  98                                               ""","=""005002.000112""","=""L12120""",
B II,"=""1s2.2p.4p""","=""1D""","=""2""",5.0,"=""""","=""27.448""","=""""","=""0.020""","=""  93                                               ""","=""005002.000113""","=""L12120""",
B II,"=""1s2.2p.4d""","=""1D*""","=""2""",5.0,"=""""","=""27.50917""","=""""","=""0.00014""","=""  99                                               ""","=""005002.000114""","=""L12120""",
B II,"=""1s2.2p.4d""","=""3F*""","=""2,3,4""",21.0,"=""""","=""27.5149""","=""""","=""0.0003""","=""  99                                               ""","=""005002.000115""","=""L12120""",
B II,"=""1s2.2p.4f""","=""1F""","=""3""",7.0,"=""""","=""27.65182""","=""""","=""0.00016""","=""  98                                               ""","=""005002.000116""","=""L12120""",
B II,"=""1s2.2p.4f""","=""3F""","=""2""",5.0,"=""""","=""27.65337""","=""""","=""0.00015""","=""  98                                               ""","=""005002.000119""","=""L12120""",
B II,"=""1s2.2p.4f""","=""3F""","=""3""",7.0,"=""""","=""27.65337""","=""""","=""0.00015""","=""  98                                               ""","=""005002.000118""","=""L12120""",
B II,"=""1s2.2p.4f""","=""3F""","=""4""",9.0,"=""""","=""27.65337""","=""""","=""0.00015""","=""  98                                               ""","=""005002.000117""","=""L12120""",
B II,"=""1s2.2p.4d""","=""3D*""","=""1,2,3""",15.0,"=""""","=""27.65357""","=""""","=""0.00015""","="" 100                                               ""","=""005002.000120""","=""L12120""",
B II,"=""1s2.2p.4d""","=""3P*""","=""0,1,2""",9.0,"=""""","=""27.697""","=""""","=""0.010""","=""  98                                               ""","=""005002.000121""","=""L12120""",
B II,"=""1s2.2p.4f""","=""3D""","=""1,2,3""",15.0,"=""""","=""27.727""","=""""","=""0.010""","=""  99                                               ""","=""005002.000122""","=""L12120""",
B II,"=""1s2.2p.4d""","=""1F*""","=""3""",7.0,"=""""","=""27.83187""","=""?""","=""0.00015""","=""  95                                               ""","=""005002.000123""","=""L12120""",
B II,"=""1s2.2p.4d""","=""1P*""","=""1""",3.0,"=""""","=""27.8764""","=""""","=""0.0010""","=""  93                                               ""","=""005002.000124""","=""L12120""",
B II,"=""1s2.2p.5s""","=""1P*""","=""1""",3.0,"=""""","=""28.5698""","=""""","=""0.0020""","=""  97                                               ""","=""005002.000125""","=""L12120""",
B II,"=""1s2.2p.5p""","=""3D""","=""1,2,3""",15.0,"=""""","=""28.7073""","=""""","=""0.0010""","=""  99                                               ""","=""005002.000126""","=""L12120""",
B II,"=""1s2.2p.5p""","=""3P""","=""0,1,2""",9.0,"=""""","=""28.7997""","=""""","=""0.0010""","=""  98                                               ""","=""005002.000127""","=""L12120""",
B II,"=""1s2.2p.5d""","=""3D*""","=""1,2,3""",15.0,"=""""","=""28.916""","=""""","=""0.011""","=""  99                                               ""","=""005002.000128""","=""L12120""",
B II,"=""1s2.2p.5d""","=""1P*""","=""1""",3.0,"=""""","=""29.0321""","=""""","=""0.0006""","=""  91                      :     6  1s2.2p.6d  1P*  ""","=""005002.000129""","=""L12120""",
B II,"=""1s2.2p.6s""","=""1P*""","=""1""",3.0,"=""""","=""29.4129""","=""""","=""0.0021""","=""  98                                               ""","=""005002.000130""","=""L12120""",
B II,"=""1s2.2p.6p""","=""3D""","=""1,2,3""",15.0,"=""""","=""29.4868""","=""""","=""0.0010""","=""  99                                               ""","=""005002.000131""","=""L12120""",
B II,"=""1s2.2p.6p""","=""3P""","=""0,1,2""",9.0,"=""""","=""29.5373""","=""""","=""0.0010""","=""  99                                               ""","=""005002.000132""","=""L12120""",
B II,"=""1s2.2p.6d""","=""1P*""","=""1""",3.0,"=""""","=""29.6694""","=""""","=""0.0007""","=""  93                      :     5  1s2.2p.5d  1P*  ""","=""005002.000133""","=""L12120""",
B II,"=""1s2.2p.7s""","=""1P*""","=""1""",3.0,"=""""","=""29.8894""","=""""","=""0.0021""","=""  98                                               ""","=""005002.000134""","=""L12120""",
B II,"=""1s2.2p.7p""","=""3P""","=""0,1,2""",9.0,"=""""","=""29.962""","=""""","=""0.004""","=""                                                   ""","=""005002.000135""","=""L12120""",
B II,"=""1s2.2p.7d""","=""1P*""","=""1""",3.0,"=""""","=""30.0590""","=""""","=""0.0015""","=""                                                   ""","=""005002.000136""","=""L12120""",
B II,"=""1s2.2p.8s""","=""1P*""","=""1""",3.0,"=""""","=""30.2003""","=""""","=""0.0022""","=""                                                   ""","=""005002.000137""","=""L12120""",
B II,"=""1s2.2p.8p""","=""3P""","=""0,1,2""",9.0,"=""""","=""30.2473""","=""""","=""0.0011""","=""                                                   ""","=""005002.000138""","=""L12120""",
B II,"=""1s2.2p.8d""","=""1P*""","=""1""",3.0,"=""""","=""30.3155""","=""""","=""0.0015""","=""                                                   ""","=""005002.000139""","=""L12120""",
B II,"=""1s2.2p.9s""","=""1P*""","=""1""",3.0,"=""""","=""30.405""","=""""","=""0.007""","=""                                                   ""","=""005002.000140""","=""L12120""",
B II,"=""1s2.2p.9p""","=""3P""","=""0,1,2""",9.0,"=""""","=""30.4420""","=""""","=""0.0011""","=""                                                   ""","=""005002.000141""","=""L12120""",
B II,"=""1s2.2p.9d""","=""1P*""","=""1""",3.0,"=""""","=""30.49""","=""""","=""0.06""","=""                                                   ""","=""005002.000142""","=""L12120""",
B II,"=""1s2.2p.10s""","=""1P*""","=""1""",3.0,"=""""","=""30.558""","=""""","=""0.007""","=""                                                   ""","=""005002.000143""","=""L12120""",
B II,"=""1s2.2p.10p""","=""3P""","=""0,1,2""",9.0,"=""""","=""30.5744""","=""""","=""0.0011""","=""                                                   ""","=""005002.000144""","=""L12120""",
B II,"=""1s2.2p.10d""","=""1P*""","=""1""",3.0,"=""""","=""30.6065""","=""""","=""0.0007""","=""                                                   ""","=""005002.000145""","=""L12120""",
B II,"=""1s2.2p.11p""","=""3P""","=""0,1,2""",9.0,"=""""","=""30.6757""","=""""","=""0.0016""","=""                                                   ""","=""005002.000146""","=""L12120""",
B II,"=""1s2.2p.12p""","=""3P""","=""0,1,2""",9.0,"=""""","=""30.7564""","=""""","=""0.0016""","=""                                                   ""","=""005002.000147""","=""L12120""",
B II,"=""1s2.2p.13p""","=""3P""","=""0,1,2""",9.0,"=""""","=""30.814""","=""""","=""0.003""","=""                                                   ""","=""005002.000148""","=""L12120""",
B II,"=""1s.2s2.2p""","=""3P*""","=""0,1,2""",9.0,"=""""","=""192.39""","=""""","=""0.10""","=""                                                   ""","=""005002.000149""","=""L12120""",
B II,"=""1s.2s.2p2""","=""5P""","=""1,2,3""",15.0,"=""""","=""194.15""","=""+x""","=""0.20""","=""                                                   ""","=""005002.000150""","=""L12120""",
B II,"=""1s.2s2.2p""","=""1P*""","=""1""",3.0,"=""""","=""194.36""","=""""","=""0.09""","=""                                                   ""","=""005002.000151""","=""L12120""",
B II,"=""1s.2p3""","=""5S*""","=""2""",5.0,"=""""","=""203.5118""","=""+x""","=""0.0005""","=""                                                   ""","=""005002.000152""","=""L12120""",
B II,"=""1s.2s2.3p""","=""1P*""","=""1""",3.0,"=""""","=""210.11""","=""""","=""0.11""","=""                                                   ""","=""005002.000153""","=""L12120""",
B II,"=""1s.2s2.4p""","=""1P*""","=""1""",3.0,"=""""","=""213.73""","=""""","=""0.11""","=""                                                   ""","=""005002.000154""","=""L12120""",
B II,"=""1s.2s2.5p""","=""1P*""","=""1""",3.0,"=""""","=""215.29""","=""""","=""0.11""","=""                                                   ""","=""005002.000155""","=""L12120""",
B II,"=""1s.2s2.6p""","=""1P*""","=""1""",3.0,"=""""","=""216.09""","=""""","=""0.11""","=""                                                   ""","=""005002.000156""","=""L12120""",
B II,"=""1s.2p2.3s""","=""5P""","=""1,2,3""",15.0,"=""""","=""217.967""","=""+x""","=""0.004""","=""                                                   ""","=""005002.000157""","=""L12120""",
C I,"=""2s2.2p2""","=""3P""","=""0""",1.0,"=""""","=""0.0000000000""","=""""","=""0.00000016""","=""  98                                                ""","=""006001.000001""","=""L20057""","="""""
C I,"=""2s2.2p2""","=""3P""","=""1""",3.0,"=""""","=""0.0020354130""","=""""","=""0.00000016""","=""  98                                                ""","=""006001.000006""","=""L20057,L3172""","=""1.5010623(50)"""
C I,"=""2s2.2p2""","=""3P""","=""2""",5.0,"=""""","=""0.0053825826""","=""""","=""0.00000016""","=""  98                                                ""","=""006001.000007""","=""L20057,L3172""","=""1.5010469(50)"""
C I,"=""2s2.2p2""","=""1D""","=""2""",5.0,"=""""","=""1.2637284""","=""""","=""0.0000004""","=""  98                                                ""","=""006001.000008""","=""L20057""","="""""
C I,"=""2s2.2p2""","=""1S""","=""0""",1.0,"=""""","=""2.6840136""","=""""","=""0.0000004""","=""  94         :     4  2p4                   1S      ""","=""006001.000009""","=""L20057""","="""""
C I,"=""2s.2p3""","=""5S*""","=""2""",5.0,"=""""","=""4.1826219""","=""""","=""0.0000022""","="" 100                                                ""","=""006001.000010""","=""L20057""","="""""
C I,"=""2s2.2p.3s""","=""3P*""","=""0""",1.0,"=""""","=""7.48039414""","=""""","=""0.00000006""","=""  96                                                ""","=""006001.000011""","=""L20057""","="""""
C I,"=""2s2.2p.3s""","=""3P*""","=""1""",3.0,"=""""","=""7.48277598""","=""""","=""0.00000004""","=""  96                                                ""","=""006001.000012""","=""L20057""","="""""
C I,"=""2s2.2p.3s""","=""3P*""","=""2""",5.0,"=""""","=""7.48779869""","=""""","=""0.00000005""","=""  96                                                ""","=""006001.000013""","=""L20057""","="""""
C I,"=""2s2.2p.3s""","=""1P*""","=""1""",3.0,"=""""","=""7.68476777""","=""""","=""0.00000005""","=""  97                                                ""","=""006001.000014""","=""L20057,L292""","=""0.97"""
C I,"=""2s.2p3""","=""3D*""","=""3""",7.0,"=""""","=""7.945771557""","=""""","=""0.000000012""","=""  96                                                ""","=""006001.000015""","=""L20057""","="""""
C I,"=""2s.2p3""","=""3D*""","=""1""",3.0,"=""""","=""7.94613476""","=""""","=""0.00000007""","=""  96                                                ""","=""006001.000016""","=""L20057""","="""""
C I,"=""2s.2p3""","=""3D*""","=""2""",5.0,"=""""","=""7.94627046""","=""""","=""0.00000004""","=""  96                                                ""","=""006001.000017""","=""L20057""","="""""
C I,"=""2s2.2p.3p""","=""1P""","=""1""",3.0,"=""""","=""8.53709962""","=""""","=""0.00000005""","=""  97                                                ""","=""006001.000018""","=""L20057""","="""""
C I,"=""2s2.2p.3p""","=""3D""","=""1""",3.0,"=""""","=""8.64039604""","=""""","=""0.00000003""","=""  98                                                ""","=""006001.000019""","=""L20057""","="""""
C I,"=""2s2.2p.3p""","=""3D""","=""2""",5.0,"=""""","=""8.643023685""","=""""","=""0.000000022""","=""  98                                                ""","=""006001.000020""","=""L20057""","="""""
C I,"=""2s2.2p.3p""","=""3D""","=""3""",7.0,"=""""","=""8.647160399""","=""""","=""0.000000017""","=""  98                                                ""","=""006001.000021""","=""L20057""","="""""
C I,"=""2s2.2p.3p""","=""3S""","=""1""",3.0,"=""""","=""8.771134696""","=""""","=""0.000000016""","=""  99                                                ""","=""006001.000022""","=""L20057""","="""""
C I,"=""2s2.2p.3p""","=""3P""","=""0""",1.0,"=""""","=""8.84658790""","=""""","=""0.00000003""","=""  98                                                ""","=""006001.000023""","=""L20057""","="""""
C I,"=""2s2.2p.3p""","=""3P""","=""1""",3.0,"=""""","=""8.848124381""","=""""","=""0.000000024""","=""  98                                                ""","=""006001.000024""","=""L20057""","="""""
C I,"=""2s2.2p.3p""","=""3P""","=""2""",5.0,"=""""","=""8.850662829""","=""""","=""0.000000000""","=""  98                                                ""","=""006001.000025""","=""L20057""","="""""
C I,"=""2s2.2p.3p""","=""1D""","=""2""",5.0,"=""""","=""9.00258381""","=""""","=""0.00000003""","=""  96                                                ""","=""006001.000026""","=""L20057""","="""""
C I,"=""2s2.2p.3p""","=""1S""","=""0""",1.0,"=""""","=""9.17184612""","=""""","=""0.00000004""","=""  88         :     9  2s2.2p.4p             1S      ""","=""006001.000027""","=""L20057""","="""""
C I,"=""2s.2p3""","=""3P*""","=""1""",3.0,"=""""","=""9.33030708""","=""""","=""0.00000004""","=""  79         :    15  2s2.2p.3d             3P*     ""","=""006001.000028""","=""L20057""","="""""
C I,"=""2s.2p3""","=""3P*""","=""2""",5.0,"=""""","=""9.330467271""","=""""","=""0.000000016""","=""  79         :    15  2s2.2p.3d             3P*     ""","=""006001.000029""","=""L20057""","="""""
C I,"=""2s.2p3""","=""3P*""","=""0""",1.0,"=""""","=""9.33057587""","=""""","=""0.00000004""","=""  79         :    15  2s2.2p.3d             3P*     ""","=""006001.000030""","=""L20057""","="""""
C I,"=""2s2.2p.3d""","=""1D*""","=""2""",5.0,"=""""","=""9.631071843""","=""""","=""0.000000024""","=""  98                                                ""","=""006001.000031""","=""L20057""","="""""
C I,"=""2s2.2p.4s""","=""3P*""","=""0""",1.0,"=""""","=""9.68378589""","=""""","=""0.00000004""","=""  93         :     7  2s2.2p.3d             3P*     ""","=""006001.000032""","=""L20057""","="""""
C I,"=""2s2.2p.4s""","=""3P*""","=""1""",3.0,"=""""","=""9.685245529""","=""""","=""0.000000017""","=""  92         :     7  2s2.2p.3d             3P*     ""","=""006001.000033""","=""L20057""","="""""
C I,"=""2s2.2p.4s""","=""3P*""","=""2""",5.0,"=""""","=""9.689130559""","=""""","=""0.000000015""","=""  92         :     8  2s2.2p.3d             3P*     ""","=""006001.000034""","=""L20057""","="""""
C I,"=""2s2.2p.3d""","=""3F*""","=""2""",5.0,"=""""","=""9.69545167""","=""""","=""0.00000003""","=""  86         :    13  2s2.2p.3d             3D*     ""","=""006001.000035""","=""L20057""","="""""
C I,"=""2s2.2p.3d""","=""3F*""","=""3""",7.0,"=""""","=""9.697491047""","=""""","=""0.000000021""","=""  76         :    22  2s2.2p.3d             3D*     ""","=""006001.000036""","=""L20057""","="""""
C I,"=""2s2.2p.3d""","=""3F*""","=""4""",9.0,"=""""","=""9.701759406""","=""""","=""0.000000017""","="" 100                                                ""","=""006001.000037""","=""L20057""","="""""
C I,"=""2s2.2p.3d""","=""3D*""","=""1""",3.0,"=""""","=""9.70715841""","=""""","=""0.00000003""","=""  97                                                ""","=""006001.000038""","=""L20057""","="""""
C I,"=""2s2.2p.3d""","=""3D*""","=""2""",5.0,"=""""","=""9.708910751""","=""""","=""0.000000021""","=""  84         :    14  2s2.2p.3d             3F*     ""","=""006001.000039""","=""L20057""","="""""
C I,"=""2s2.2p.3d""","=""3D*""","=""3""",7.0,"=""""","=""9.710227435""","=""""","=""0.000000011""","=""  75         :    23  2s2.2p.3d             3F*     ""","=""006001.000040""","=""L20057""","="""""
C I,"=""2s2.2p.4s""","=""1P*""","=""1""",3.0,"=""""","=""9.71295903""","=""""","=""0.00000003""","=""  80         :    18  2s2.2p.3d             1P*     ""","=""006001.000041""","=""L20057""","="""""
C I,"=""2s2.2p.3d""","=""1F*""","=""3""",7.0,"=""""","=""9.73643528""","=""""","=""0.00000003""","=""  99                                                ""","=""006001.000042""","=""L20057""","="""""
C I,"=""2s2.2p.3d""","=""1P*""","=""1""",3.0,"=""""","=""9.76143658""","=""""","=""0.00000005""","=""  81         :    18  2s2.2p.4s             1P*     ""","=""006001.000043""","=""L20057""","="""""
C I,"=""2s2.2p.3d""","=""3P*""","=""2""",5.0,"=""""","=""9.833294423""","=""""","=""0.000000011""","=""  77         :    15  2s.2p3                3P*     ""","=""006001.000044""","=""L20057""","="""""
C I,"=""2s2.2p.3d""","=""3P*""","=""1""",3.0,"=""""","=""9.83427899""","=""""","=""0.00000004""","=""  77         :    15  2s.2p3                3P*     ""","=""006001.000045""","=""L20057""","="""""
C I,"=""2s2.2p.3d""","=""3P*""","=""0""",1.0,"=""""","=""9.83482192""","=""""","=""0.00000006""","=""  78         :    15  2s.2p3                3P*     ""","=""006001.000046""","=""L20057""","="""""
C I,"=""2s2.2p.4p""","=""1P""","=""1""",3.0,"=""""","=""9.98852478""","=""""","=""0.00000003""","=""  96                                                ""","=""006001.000047""","=""L20057""","="""""
C I,"=""2s2.2p.4p""","=""3D""","=""1""",3.0,"=""""","=""10.01574721""","=""""","=""0.00000003""","=""  97                                                ""","=""006001.000048""","=""L20057""","="""""
C I,"=""2s2.2p.4p""","=""3D""","=""2""",5.0,"=""""","=""10.018083033""","=""""","=""0.000000019""","=""  98                                                ""","=""006001.000049""","=""L20057""","="""""
C I,"=""2s2.2p.4p""","=""3D""","=""3""",7.0,"=""""","=""10.022216175""","=""""","=""0.000000016""","=""  98                                                ""","=""006001.000050""","=""L20057""","="""""
C I,"=""2s2.2p.4p""","=""3S""","=""1""",3.0,"=""""","=""10.055746371""","=""""","=""0.000000017""","=""  89         :     9  2s2.2p.4p             3P      ""","=""006001.000051""","=""L20057""","="""""
C I,"=""2s2.2p.4p""","=""3P""","=""0""",1.0,"=""""","=""10.08128590""","=""""","=""0.00000004""","=""  98                                                ""","=""006001.000052""","=""L20057""","="""""
C I,"=""2s2.2p.4p""","=""3P""","=""1""",3.0,"=""""","=""10.083115460""","=""""","=""0.000000025""","=""  89         :     9  2s2.2p.4p             3S      ""","=""006001.000053""","=""L20057""","="""""
C I,"=""2s2.2p.4p""","=""3P""","=""2""",5.0,"=""""","=""10.085377438""","=""""","=""0.000000014""","=""  98                                                ""","=""006001.000054""","=""L20057""","="""""
C I,"=""2s2.2p.4p""","=""1D""","=""2""",5.0,"=""""","=""10.13817190""","=""""","=""0.00000003""","=""  93         :     4  2s2.2p.5p             1D      ""","=""006001.000055""","=""L20057""","="""""
C I,"=""2s2.2p.4p""","=""1S""","=""0""",1.0,"=""""","=""10.19792602""","=""""","=""0.00000004""","=""  79         :    13  2s2.2p.5p             1S      ""","=""006001.000056""","=""L20057""","="""""
C I,"=""2s2.2p.4d""","=""1D*""","=""2""",5.0,"=""""","=""10.35238138""","=""""","=""0.00000004""","=""  97                                                ""","=""006001.000057""","=""L20057""","="""""
C I,"=""2s2.2p.5s""","=""3P*""","=""0""",1.0,"=""""","=""10.38244873""","=""""","=""0.00000012""","=""  94         :     6  2s2.2p.4d             3P*     ""","=""006001.000058""","=""L20057""","="""""
C I,"=""2s2.2p.5s""","=""3P*""","=""1""",3.0,"=""""","=""10.38397899""","=""""","=""0.00000007""","=""  89         :     6  2s2.2p.4d             3P*     ""","=""006001.000060""","=""L20057""","="""""
C I,"=""2s2.2p.5s""","=""3P*""","=""2""",5.0,"=""""","=""10.38877088""","=""""","=""0.00000006""","=""  74         :    11  2s2.2p.4d             3D*     ""","=""006001.000062""","=""L20057""","="""""
C I,"=""2s2.2p.4d""","=""3F*""","=""2""",5.0,"=""""","=""10.38335829""","=""""","=""0.00000004""","=""  86         :    13  2s2.2p.4d             3D*     ""","=""006001.000059""","=""L20057""","="""""
C I,"=""2s2.2p.4d""","=""3F*""","=""3""",7.0,"=""""","=""10.385074438""","=""""","=""0.000000022""","=""  78         :    19  2s2.2p.4d             3D*     ""","=""006001.000061""","=""L20057""","="""""
C I,"=""2s2.2p.4d""","=""3F*""","=""4""",9.0,"=""""","=""10.389704212""","=""""","=""0.000000020""","="" 100                                                ""","=""006001.000063""","=""L20057""","="""""
C I,"=""2s2.2p.4d""","=""3D*""","=""1""",3.0,"=""""","=""10.39237505""","=""""","=""0.00000010""","=""  94         :     4  2s2.2p.4d             1P*     ""","=""006001.000064""","=""L20057""","="""""
C I,"=""2s2.2p.4d""","=""3D*""","=""2""",5.0,"=""""","=""10.39459625""","=""""","=""0.00000005""","=""  75         :    16  2s2.2p.5s             3P*     ""","=""006001.000065""","=""L20057""","="""""
C I,"=""2s2.2p.4d""","=""3D*""","=""3""",7.0,"=""""","=""10.39593494""","=""""","=""0.00000004""","=""  80         :    20  2s2.2p.4d             3F*     ""","=""006001.000066""","=""L20057""","="""""
C I,"=""2s2.2p.5s""","=""1P*""","=""1""",3.0,"=""""","=""10.3994604""","=""""","=""0.0000007""","=""  65         :    28  2s2.2p.4d             1P*     ""","=""006001.000067""","=""L20057""","="""""
C I,"=""2s2.2p.(2P*<1/2>).4f""","=""2[5/2]""","=""3""",7.0,"=""""","=""10.404712177""","=""""","=""0.000000022""","=""  82         :    17  2s2.2p.(2P*<3/2>).4f  2[5/2]  ""","=""006001.000068""","=""L20057""","="""""
C I,"=""2s2.2p.(2P*<1/2>).4f""","=""2[5/2]""","=""2""",5.0,"=""""","=""10.40472588""","=""""","=""0.00000004""","=""  82         :    18  2s2.2p.(2P*<3/2>).4f  2[5/2]  ""","=""006001.000069""","=""L20057""","="""""
C I,"=""2s2.2p.(2P*<1/2>).4f""","=""2[7/2]""","=""3""",7.0,"=""""","=""10.40552565""","=""""","=""0.00000004""","=""  83         :    17  2s2.2p.(2P*<3/2>).4f  2[7/2]  ""","=""006001.000070""","=""L20057""","="""""
C I,"=""2s2.2p.(2P*<1/2>).4f""","=""2[7/2]""","=""4""",9.0,"=""""","=""10.405550385""","=""""","=""0.000000016""","=""  83         :    17  2s2.2p.(2P*<3/2>).4f  2[7/2]  ""","=""006001.000071""","=""L20057""","="""""
C I,"=""2s2.2p.4d""","=""1F*""","=""3""",7.0,"=""""","=""10.40812917""","=""""","=""0.00000005""","=""  97                                                ""","=""006001.000072""","=""L20057""","="""""
C I,"=""2s2.2p.(2P*<3/2>).4f""","=""2[7/2]""","=""3""",7.0,"=""""","=""10.41296443""","=""""","=""0.00000003""","=""  83         :    17  2s2.2p.(2P*<1/2>).4f  2[7/2]  ""","=""006001.000073""","=""L20057""","="""""
C I,"=""2s2.2p.(2P*<3/2>).4f""","=""2[7/2]""","=""4""",9.0,"=""""","=""10.41299796""","=""""","=""0.00000006""","=""  83         :    17  2s2.2p.(2P*<1/2>).4f  2[7/2]  ""","=""006001.000074""","=""L20057""","="""""
C I,"=""2s2.2p.(2P*<3/2>).4f""","=""2[5/2]""","=""3""",7.0,"=""""","=""10.416318591""","=""""","=""0.000000015""","=""  82         :    17  2s2.2p.(2P*<1/2>).4f  2[5/2]  ""","=""006001.000075""","=""L20057""","="""""
C I,"=""2s2.2p.(2P*<3/2>).4f""","=""2[5/2]""","=""2""",5.0,"=""""","=""10.41633791""","=""""","=""0.00000004""","=""  82         :    18  2s2.2p.(2P*<1/2>).4f  2[5/2]  ""","=""006001.000076""","=""L20057""","="""""
C I,"=""2s2.2p.(2P*<3/2>).4f""","=""2[9/2]""","=""5""",11.0,"=""""","=""10.416641283""","=""""","=""0.000000022""","="" 100                                                ""","=""006001.000077""","=""L20057""","="""""
C I,"=""2s2.2p.(2P*<3/2>).4f""","=""2[9/2]""","=""4""",9.0,"=""""","=""10.41669049""","=""""","=""0.00000006""","="" 100                                                ""","=""006001.000078""","=""L20057""","="""""
C I,"=""2s2.2p.4d""","=""1P*""","=""1""",3.0,"=""""","=""10.41865840""","=""""","=""0.00000009""","=""  67         :    30  2s2.2p.5s             1P*     ""","=""006001.000079""","=""L20057""","="""""
C I,"=""2s2.2p.(2P*<3/2>).4f""","=""2[3/2]""","=""1""",3.0,"=""""","=""10.41917726""","=""""","=""0.00000007""","="" 100                                                ""","=""006001.000080""","=""L20057""","="""""
C I,"=""2s2.2p.(2P*<3/2>).4f""","=""2[3/2]""","=""2""",5.0,"=""""","=""10.41919132""","=""""","=""0.00000006""","="" 100                                                ""","=""006001.000081""","=""L20057""","="""""
C I,"=""2s2.2p.4d""","=""3P*""","=""2""",5.0,"=""""","=""10.42745839""","=""""","=""0.00000005""","=""  87         :     9  2s2.2p.5s             3P*     ""","=""006001.000082""","=""L20057""","="""""
C I,"=""2s2.2p.4d""","=""3P*""","=""1""",3.0,"=""""","=""10.42906912""","=""""","=""0.00000006""","=""  89         :     6  2s2.2p.5s             3P*     ""","=""006001.000083""","=""L20057""","="""""
C I,"=""2s2.2p.4d""","=""3P*""","=""0""",1.0,"=""""","=""10.42970278""","=""""","=""0.00000022""","=""  91         :     6  2s2.2p.5s             3P*     ""","=""006001.000084""","=""L20057""","="""""
C I,"=""2s2.2p.5p""","=""1P""","=""1""",3.0,"=""""","=""10.52024138""","=""""","=""0.00000020""","=""  90         :     6  2s2.2p.5p             3D      ""","=""006001.000085""","=""L20057""","="""""
C I,"=""2s2.2p.5p""","=""3D""","=""1""",3.0,"=""""","=""10.5306428""","=""""","=""0.0000025""","=""  91         :     6  2s2.2p.5p             1P      ""","=""006001.000086""","=""L20057""","="""""
C I,"=""2s2.2p.5p""","=""3D""","=""2""",5.0,"=""""","=""10.532508""","=""""","=""0.000004""","=""  97                                                ""","=""006001.000087""","=""L20057""","="""""
C I,"=""2s2.2p.5p""","=""3D""","=""3""",7.0,"=""""","=""10.53679751""","=""""","=""0.00000025""","=""  98                                                ""","=""006001.000088""","=""L20057""","="""""
C I,"=""2s2.2p.5p""","=""3P""","=""0""",1.0,"=""""","=""10.559692""","=""""","=""0.000004""","=""  98                                                ""","=""006001.000089""","=""L20057""","="""""
C I,"=""2s2.2p.5p""","=""3P""","=""1""",3.0,"=""""","=""10.56208579""","=""""","=""0.00000005""","=""  68         :    30  2s2.2p.5p             3S      ""","=""006001.000090""","=""L20057""","="""""
C I,"=""2s2.2p.5p""","=""3P""","=""2""",5.0,"=""""","=""10.56390942""","=""""","=""0.00000004""","=""  97                                                ""","=""006001.000091""","=""L20057""","="""""
C I,"=""2s2.2p.5p""","=""1D""","=""2""",5.0,"=""""","=""10.5882298""","=""""","=""0.0000014""","=""  90         :     5  2s2.2p.6p             1D      ""","=""006001.000092""","=""L20057""","="""""
C I,"=""2s2.2p.5p""","=""1S""","=""0""",1.0,"=""""","=""10.6161705""","=""""","=""0.0000005""","=""  72         :    17  2s2.2p.6p             1S      ""","=""006001.000093""","=""L20057""","="""""
C I,"=""2s2.2p.5d""","=""1D*""","=""2""",5.0,"=""""","=""10.68560706""","=""""","=""0.00000009""","=""  94         :     4  2s2.2p.5d             3F*     ""","=""006001.000094""","=""L20057""","="""""
C I,"=""2s2.2p.5d""","=""3F*""","=""2""",5.0,"=""""","=""10.702030""","=""""","=""0.000006""","=""  78         :    19  2s2.2p.5d             3D*     ""","=""006001.000095""","=""L20057""","="""""
C I,"=""2s2.2p.5d""","=""3F*""","=""3""",7.0,"=""""","=""10.70320700""","=""""","=""0.00000017""","=""  71         :    22  2s2.2p.5d             3D*     ""","=""006001.000097""","=""L20057""","="""""
C I,"=""2s2.2p.5d""","=""3F*""","=""4""",9.0,"=""""","=""10.7084390""","=""""","=""0.0000006""","="" 100                                                ""","=""006001.000100""","=""L20057""","="""""
C I,"=""2s2.2p.6s""","=""3P*""","=""0""",1.0,"=""""","=""10.702560""","=""""","=""0.000004""","=""  95         :     5  2s2.2p.5d             3P*     ""","=""006001.000096""","=""L20057""","="""""
C I,"=""2s2.2p.6s""","=""3P*""","=""1""",3.0,"=""""","=""10.7037605""","=""""","=""0.0000021""","=""  79         :     7  2s2.2p.6s             1P*     ""","=""006001.000098""","=""L20057""","="""""
C I,"=""2s2.2p.6s""","=""3P*""","=""2""",5.0,"=""""","=""10.708468""","=""""","=""0.000003""","=""  73         :    17  2s2.2p.5d             3D*     ""","=""006001.000101""","=""L20057""","="""""
C I,"=""2s2.2p.5d""","=""3D*""","=""1""",3.0,"=""""","=""10.707590""","=""""","=""0.000004""","=""  81         :     9  2s2.2p.5d             1P*     ""","=""006001.000099""","=""L20057""","="""""
C I,"=""2s2.2p.5d""","=""3D*""","=""2""",5.0,"=""""","=""10.710924""","=""""","=""0.000003""","=""  61         :    17  2s2.2p.5d             3F*     ""","=""006001.000102""","=""L20057""","="""""
C I,"=""2s2.2p.5d""","=""3D*""","=""3""",7.0,"=""""","=""10.711966""","=""""","=""0.000005""","=""  75         :    25  2s2.2p.5d             3F*     ""","=""006001.000103""","=""L20057""","="""""
C I,"=""2s2.2p.(2P*<1/2>).5f""","=""2[5/2]""","=""3""",7.0,"=""""","=""10.71372629""","=""""","=""0.00000022""","=""  93         :     7  2s2.2p.(2P*<3/2>).5f  2[5/2]  ""","=""006001.000283""","=""L20057""","="""""
C I,"=""2s2.2p.(2P*<1/2>).5f""","=""2[5/2]""","=""2""",5.0,"=""""","=""10.71373880""","=""""","=""0.00000020""","=""  93         :     7  2s2.2p.(2P*<3/2>).5f  2[5/2]  ""","=""006001.000284""","=""L20057""","="""""
C I,"=""2s2.2p.(2P*<1/2>).5f""","=""2[7/2]""","=""3""",7.0,"=""""","=""10.71404072""","=""""","=""0.00000025""","=""  96                                                ""","=""006001.000285""","=""L20057""","="""""
C I,"=""2s2.2p.(2P*<1/2>).5f""","=""2[7/2]""","=""4""",9.0,"=""""","=""10.71406552""","=""""","=""0.00000011""","=""  96                                                ""","=""006001.000286""","=""L20057""","="""""
C I,"=""2s2.2p.6s""","=""1P*""","=""1""",3.0,"=""""","=""10.7142898""","=""""","=""0.0000022""","=""  48         :    34  2s2.2p.5d             1P*     ""","=""006001.000104""","=""L20057""","="""""
C I,"=""2s2.2p.(2P*<1/2>).5g""","=""2[7/2]*""","=""3""",7.0,"=""""","=""10.71555641""","=""""","=""0.00000007""","=""  99                                                ""","=""006001.000287""","=""L20057""","="""""
C I,"=""2s2.2p.(2P*<1/2>).5g""","=""2[7/2]*""","=""4""",9.0,"=""""","=""10.71555649""","=""""","=""0.00000007""","=""  99                                                ""","=""006001.000288""","=""L20057""","="""""
C I,"=""2s2.2p.(2P*<1/2>).5g""","=""2[9/2]*""","=""5""",11.0,"=""""","=""10.71561401""","=""""","=""0.00000004""","=""  99                                                ""","=""006001.000289""","=""L20057""","="""""
C I,"=""2s2.2p.(2P*<1/2>).5g""","=""2[9/2]*""","=""4""",9.0,"=""""","=""10.71561406""","=""""","=""0.00000005""","=""  99                                                ""","=""006001.000290""","=""L20057""","="""""
C I,"=""2s2.2p.5d""","=""1F*""","=""3""",7.0,"=""""","=""10.718336""","=""""","=""0.000003""","=""  92         :     4  2s2.2p.5d             3F*     ""","=""006001.000105""","=""L20057""","="""""
C I,"=""2s2.2p.(2P*<3/2>).5f""","=""2[7/2]""","=""3""",7.0,"=""""","=""10.7208571""","=""""","=""0.0000003""","=""  96                                                ""","=""006001.000106""","=""L20057""","="""""
C I,"=""2s2.2p.(2P*<3/2>).5f""","=""2[7/2]""","=""4""",9.0,"=""""","=""10.72087957""","=""""","=""0.00000019""","=""  95         :     4  2s2.2p.(2P*<1/2>).5f  2[7/2]  ""","=""006001.000107""","=""L20057""","="""""
C I,"=""2s2.2p.(2P*<3/2>).5f""","=""2[5/2]""","=""3""",7.0,"=""""","=""10.72248485""","=""""","=""0.00000019""","=""  93         :     7  2s2.2p.(2P*<1/2>).5f  2[5/2]  ""","=""006001.000108""","=""L20057""","="""""
C I,"=""2s2.2p.(2P*<3/2>).5f""","=""2[5/2]""","=""2""",5.0,"=""""","=""10.7224999""","=""""","=""0.0000005""","=""  93         :     7  2s2.2p.(2P*<1/2>).5f  2[5/2]  ""","=""006001.000109""","=""L20057""","="""""
C I,"=""2s2.2p.(2P*<3/2>).5g""","=""2[9/2]*""","=""4""",9.0,"=""""","=""10.72284670""","=""""","=""0.00000005""","=""  99                                                ""","=""006001.000292""","=""L20057""","="""""
C I,"=""2s2.2p.(2P*<3/2>).5g""","=""2[9/2]*""","=""5""",11.0,"=""""","=""10.72284691""","=""""","=""0.00000007""","=""  99                                                ""","=""006001.000291""","=""L20057""","="""""
C I,"=""2s2.2p.(2P*<3/2>).5f""","=""2[9/2]""","=""5""",11.0,"=""""","=""10.72314833""","=""""","=""0.00000007""","="" 100                                                ""","=""006001.000293""","=""L20057""","="""""
C I,"=""2s2.2p.(2P*<3/2>).5f""","=""2[9/2]""","=""4""",9.0,"=""""","=""10.72318948""","=""""","=""0.00000011""","="" 100                                                ""","=""006001.000294""","=""L20057""","="""""
C I,"=""2s2.2p.(2P*<3/2>).5g""","=""2[7/2]*""","=""3""",7.0,"=""""","=""10.72334742""","=""""","=""0.00000006""","=""  99                                                ""","=""006001.000295""","=""L20057""","="""""
C I,"=""2s2.2p.(2P*<3/2>).5g""","=""2[7/2]*""","=""4""",9.0,"=""""","=""10.72334747""","=""""","=""0.00000007""","=""  99                                                ""","=""006001.000296""","=""L20057""","="""""
C I,"=""2s2.2p.5d""","=""1P*""","=""1""",3.0,"=""""","=""10.7235720""","=""""","=""0.0000019""","=""  52         :    41  2s2.2p.6s             1P*     ""","=""006001.000110""","=""L20057""","="""""
C I,"=""2s2.2p.(2P*<3/2>).5g""","=""2[11/2]*""","=""5""",11.0,"=""""","=""10.72399473""","=""""","=""0.00000006""","="" 100                                                ""","=""006001.000297""","=""L20057""","="""""
C I,"=""2s2.2p.(2P*<3/2>).5g""","=""2[11/2]*""","=""6""",13.0,"=""""","=""10.72399516""","=""""","=""0.00000004""","="" 100                                                ""","=""006001.000298""","=""L20057""","="""""
C I,"=""2s2.2p.(2P*<3/2>).5g""","=""2[5/2]*""","=""2""",5.0,"=""""","=""10.72443720""","=""""","=""0.00000015""","="" 100                                                ""","=""006001.000299""","=""L20057""","="""""
C I,"=""2s2.2p.(2P*<3/2>).5g""","=""2[5/2]*""","=""3""",7.0,"=""""","=""10.72443729""","=""""","=""0.00000012""","="" 100                                                ""","=""006001.000300""","=""L20057""","="""""
C I,"=""2s2.2p.(2P*<3/2>).5f""","=""2[3/2]""","=""1""",3.0,"=""""","=""10.7244500""","=""""","=""0.0000021""","="" 100                                                ""","=""006001.000111""","=""L20057""","="""""
C I,"=""2s2.2p.(2P*<3/2>).5f""","=""2[3/2]""","=""2""",5.0,"=""""","=""10.7244786""","=""""","=""0.0000010""","="" 100                                                ""","=""006001.000112""","=""L20057""","="""""
C I,"=""2s2.2p.5d""","=""3P*""","=""2""",5.0,"=""""","=""10.72546557""","=""""","=""0.00000025""","=""  80         :    15  2s2.2p.6s             3P*     ""","=""006001.000113""","=""L20057""","="""""
C I,"=""2s2.2p.5d""","=""3P*""","=""1""",3.0,"=""""","=""10.7270516""","=""""","=""0.0000024""","=""  87         :     7  2s2.2p.6s             3P*     ""","=""006001.000114""","=""L20057""","="""""
C I,"=""2s2.2p.5d""","=""3P*""","=""0""",1.0,"=""""","=""10.727508""","=""""","=""0.000004""","=""  93         :     5  2s2.2p.6s             3P*     ""","=""006001.000115""","=""L20057""","="""""
C I,"=""2s2.2p.6p""","=""1P""","=""1""",3.0,"=""""","=""10.775825""","=""""","=""0.000004""","=""  71         :    25  2s2.2p.6p             3D      ""","=""006001.000116""","=""L20057""","="""""
C I,"=""2s2.2p.6p""","=""3D""","=""1""",3.0,"=""""","=""10.781192""","=""""","=""0.000003""","=""  71         :    21  2s2.2p.6p             1P      ""","=""006001.000117""","=""L20057""","="""""
C I,"=""2s2.2p.6p""","=""3D""","=""2""",5.0,"=""""","=""10.782347""","=""""","=""0.000003""","=""  95                                                ""","=""006001.000118""","=""L20057""","="""""
C I,"=""2s2.2p.6p""","=""3D""","=""3""",7.0,"=""""","=""10.786912""","=""""","=""0.000004""","=""  98                                                ""","=""006001.000119""","=""L20057""","="""""
C I,"=""2s2.2p.6p""","=""3P""","=""0""",1.0,"=""""","=""10.796222""","=""""","=""0.000003""","=""  98                                                ""","=""006001.000120""","=""L20057""","="""""
C I,"=""2s2.2p.6p""","=""3P""","=""1""",3.0,"=""""","=""10.7994123""","=""""","=""0.0000024""","=""  54         :    44  2s2.2p.6p             3S      ""","=""006001.000121""","=""L20057""","="""""
C I,"=""2s2.2p.6p""","=""3P""","=""2""",5.0,"=""""","=""10.800665""","=""""","=""0.000003""","=""  95                                                ""","=""006001.000122""","=""L20057""","="""""
C I,"=""2s2.2p.6p""","=""1D""","=""2""",5.0,"=""""","=""10.8136879""","=""""","=""0.0000007""","=""  88         :     6  2s2.2p.7p             1D      ""","=""006001.000123""","=""L20057""","="""""
C I,"=""2s2.2p.6p""","=""1S""","=""0""",1.0,"=""""","=""10.828910""","=""""","=""0.000004""","=""  65         :    22  2s2.2p.7p             1S      ""","=""006001.000124""","=""L20057""","="""""
C I,"=""2s2.2p.6d""","=""1D*""","=""2""",5.0,"=""""","=""10.865203""","=""""","=""0.000004""","=""  84         :    12  2s2.2p.6d             3F*     ""","=""006001.000125""","=""L20057""","="""""
C I,"=""2s2.2p.6d""","=""3F*""","=""2""",5.0,"=""""","=""10.874433""","=""""","=""0.000006""","=""  64         :    27  2s2.2p.6d             3D*     ""","=""006001.000126""","=""L20057""","="""""
C I,"=""2s2.2p.6d""","=""3F*""","=""3""",7.0,"=""""","=""10.875078""","=""""","=""0.000006""","=""  64         :    24  2s2.2p.6d             3D*     ""","=""006001.000128""","=""L20057""","="""""
C I,"=""2s2.2p.6d""","=""3F*""","=""4""",9.0,"=""""","=""10.880931""","=""""","=""0.000006""","="" 100                                                ""","=""006001.000132""","=""L20057""","="""""
C I,"=""2s2.2p.7s""","=""3P*""","=""0""",1.0,"=""""","=""10.874826""","=""""","=""0.000004""","=""  96                                                ""","=""006001.000127""","=""L20057""","="""""
C I,"=""2s2.2p.7s""","=""3P*""","=""1""",3.0,"=""""","=""10.8757182""","=""""","=""0.0000020""","=""  65         :    16  2s2.2p.7s             1P*     ""","=""006001.000129""","=""L20057""","="""""
C I,"=""2s2.2p.7s""","=""3P*""","=""2""",5.0,"=""""","=""10.880080""","=""""","=""0.000003""","=""  71         :    15  2s2.2p.6d             3P*     ""","=""006001.000131""","=""L20057""","="""""
C I,"=""2s2.2p.6d""","=""3D*""","=""1""",3.0,"=""""","=""10.877795""","=""""","=""0.000016""","=""  66         :    15  2s2.2p.7s             3P*     ""","=""006001.000130""","=""L20057""","="""""
C I,"=""2s2.2p.6d""","=""3D*""","=""2""",5.0,"=""""","=""10.882479""","=""""","=""0.000003""","=""  53         :    24  2s2.2p.6d             3F*     ""","=""006001.000135""","=""L20057""","="""""
C I,"=""2s2.2p.6d""","=""3D*""","=""3""",7.0,"=""""","=""10.882983""","=""""","=""0.000004""","=""  70         :    29  2s2.2p.6d             3F*     ""","=""006001.000136""","=""L20057""","="""""
C I,"=""2s2.2p.(2P*<1/2>).6f""","=""2[5/2]""","=""3""",7.0,"=""""","=""10.881120""","=""""","=""0.000006""","=""  97                                                ""","=""006001.000301""","=""L20057""","="""""
C I,"=""2s2.2p.(2P*<1/2>).6f""","=""2[5/2]""","=""2""",5.0,"=""""","=""10.881130""","=""""","=""0.000004""","=""  97                                                ""","=""006001.000302""","=""L20057""","="""""
C I,"=""2s2.2p.(2P*<1/2>).6f""","=""2[7/2]""","=""4""",9.0,"=""""","=""10.881243""","=""""","=""0.000010""","=""  99                                                ""","=""006001.000133""","=""L20057""","="""""
C I,"=""2s2.2p.(2P*<1/2>).6f""","=""2[7/2]""","=""3""",7.0,"=""""","=""10.881251""","=""""","=""0.000009""","=""  99                                                ""","=""006001.000134""","=""L20057""","="""""
C I,"=""2s2.2p.(2P*<1/2>).6g""","=""2[7/2]*""","=""4""",9.0,"=""""","=""10.8820881""","=""""","=""0.0000005""","=""  99                                                ""","=""006001.000416""","=""L20057""","="""""
C I,"=""2s2.2p.(2P*<1/2>).6g""","=""2[7/2]*""","=""3""",7.0,"=""""","=""10.8820885""","=""""","=""0.0000006""","=""  99                                                ""","=""006001.000417""","=""L20057""","="""""
C I,"=""2s2.2p.(2P*<1/2>).6g""","=""2[9/2]*""","=""5""",11.0,"=""""","=""10.88212892""","=""""","=""0.00000007""","="" 100                                                ""","=""006001.000418""","=""L20057""","="""""
C I,"=""2s2.2p.(2P*<1/2>).6g""","=""2[9/2]*""","=""4""",9.0,"=""""","=""10.88212892""","=""""","=""0.00000007""","="" 100                                                ""","=""006001.000303""","=""L20057""","="""""
C I,"=""2s2.2p.(2P*<1/2>).6h""","=""2[9/2]""","=""4""",9.0,"=""""","=""10.8822615""","=""""","=""0.0000010""","="" 100                                                ""","=""006001.000304""","=""L20057""","="""""
C I,"=""2s2.2p.(2P*<1/2>).6h""","=""2[9/2]""","=""5""",11.0,"=""""","=""10.8822616""","=""""","=""0.0000011""","="" 100                                                ""","=""006001.000419""","=""L20057""","="""""
C I,"=""2s2.2p.(2P*<1/2>).6h""","=""2[11/2]""","=""5""",11.0,"=""""","=""10.8822625""","=""""","=""0.0000017""","="" 100                                                ""","=""006001.000305""","=""L20057""","="""""
C I,"=""2s2.2p.(2P*<1/2>).6h""","=""2[11/2]""","=""6""",13.0,"=""""","=""10.8822625""","=""""","=""0.0000017""","="" 100                                                ""","=""006001.000420""","=""L20057""","="""""
C I,"=""2s2.2p.7s""","=""1P*""","=""1""",3.0,"=""""","=""10.884529""","=""""","=""0.000003""","=""  51         :    38  2s2.2p.6d             1P*     ""","=""006001.000137""","=""L20057""","="""""
C I,"=""2s2.2p.6d""","=""1F*""","=""3""",7.0,"=""""","=""10.886674""","=""""","=""0.000004""","=""  87         :     7  2s2.2p.6d             3F*     ""","=""006001.000138""","=""L20057""","="""""
C I,"=""2s2.2p.(2P*<3/2>).6f""","=""2[7/2]""","=""3""",7.0,"=""""","=""10.888287""","=""""","=""0.000004""","=""  99                                                ""","=""006001.000306""","=""L20057""","="""""
C I,"=""2s2.2p.(2P*<3/2>).6f""","=""2[7/2]""","=""4""",9.0,"=""""","=""10.888299""","=""""","=""0.000010""","=""  99                                                ""","=""006001.000307""","=""L20057""","="""""
C I,"=""2s2.2p.(2P*<3/2>).6f""","=""2[5/2]""","=""3""",7.0,"=""""","=""10.889159""","=""""","=""0.000005""","=""  98                                                ""","=""006001.000139""","=""L20057""","="""""
C I,"=""2s2.2p.(2P*<3/2>).6f""","=""2[5/2]""","=""2""",5.0,"=""""","=""10.889166""","=""""","=""0.000003""","=""  97                                                ""","=""006001.000140""","=""L20057""","="""""
C I,"=""2s2.2p.(2P*<3/2>).6g""","=""2[9/2]*""","=""4""",9.0,"=""""","=""10.8894649""","=""""","=""0.0000021""","="" 100                                                ""","=""006001.000309""","=""L20057""","="""""
C I,"=""2s2.2p.(2P*<3/2>).6g""","=""2[9/2]*""","=""5""",11.0,"=""""","=""10.8894664""","=""""","=""0.0000005""","="" 100                                                ""","=""006001.000308""","=""L20057""","="""""
C I,"=""2s2.2p.6d""","=""1P*""","=""1""",3.0,"=""""","=""10.889554""","=""""","=""0.000004""","=""  40         :    31  2s2.2p.7s             1P*     ""","=""006001.000141""","=""L20057""","="""""
C I,"=""2s2.2p.(2P*<3/2>).6f""","=""2[9/2]""","=""5""",11.0,"=""[""","=""10.88969""","=""]""","=""0.00005""","="" 100                                                ""","=""006001.000421""","=""L20057""","="""""
C I,"=""2s2.2p.(2P*<3/2>).6f""","=""2[9/2]""","=""4""",9.0,"=""[""","=""10.88972""","=""]""","=""0.00005""","="" 100                                                ""","=""006001.000422""","=""L20057""","="""""
C I,"=""2s2.2p.(2P*<3/2>).6g""","=""2[7/2]*""","=""3""",7.0,"=""""","=""10.8898224""","=""""","=""0.0000016""","="" 100                                                ""","=""006001.000423""","=""L20057""","="""""
C I,"=""2s2.2p.(2P*<3/2>).6g""","=""2[7/2]*""","=""4""",9.0,"=""""","=""10.8898233""","=""""","=""0.0000005""","="" 100                                                ""","=""006001.000310""","=""L20057""","="""""
C I,"=""2s2.2p.6d""","=""3P*""","=""2""",5.0,"=""""","=""10.889851""","=""""","=""0.000003""","=""  68         :    24  2s2.2p.7s             3P*     ""","=""006001.000142""","=""L20057""","="""""
C I,"=""2s2.2p.6d""","=""3P*""","=""1""",3.0,"=""""","=""10.891259""","=""""","=""0.000004""","=""  85         :     7  2s2.2p.7s             3P*     ""","=""006001.000145""","=""L20057""","="""""
C I,"=""2s2.2p.6d""","=""3P*""","=""0""",1.0,"=""""","=""10.89140""","=""""","=""0.00020""","=""  95         :     4  2s2.2p.7s             3P*     ""","=""006001.000146""","=""L20057""","="""""
C I,"=""2s2.2p.(2P*<3/2>).6h""","=""2[11/2]""","=""5""",11.0,"=""""","=""10.8899154""","=""""","=""0.0000017""","="" 100                                                ""","=""006001.000311""","=""L20057""","="""""
C I,"=""2s2.2p.(2P*<3/2>).6h""","=""2[11/2]""","=""6""",13.0,"=""""","=""10.8899156""","=""""","=""0.0000017""","="" 100                                                ""","=""006001.000424""","=""L20057""","="""""
C I,"=""2s2.2p.(2P*<3/2>).6h""","=""2[9/2]""","=""5""",11.0,"=""""","=""10.8900234""","=""""","=""0.0000007""","="" 100                                                ""","=""006001.000425""","=""L20057""","="""""
C I,"=""2s2.2p.(2P*<3/2>).6h""","=""2[9/2]""","=""4""",9.0,"=""""","=""10.8900234""","=""""","=""0.0000007""","="" 100                                                ""","=""006001.000312""","=""L20057""","="""""
C I,"=""2s2.2p.(2P*<3/2>).6g""","=""2[11/2]*""","=""6""",13.0,"=""""","=""10.89023131""","=""""","=""0.00000010""","="" 100                                                ""","=""006001.000313""","=""L20057""","="""""
C I,"=""2s2.2p.(2P*<3/2>).6g""","=""2[11/2]*""","=""5""",11.0,"=""""","=""10.8902317""","=""""","=""0.0000005""","="" 100                                                ""","=""006001.000426""","=""L20057""","="""""
C I,"=""2s2.2p.(2P*<3/2>).6h""","=""2[13/2]""","=""6""",13.0,"=""""","=""10.8902823""","=""""","=""0.0000010""","="" 100                                                ""","=""006001.000427""","=""L20057""","="""""
C I,"=""2s2.2p.(2P*<3/2>).6h""","=""2[13/2]""","=""7""",15.0,"=""""","=""10.8902826""","=""""","=""0.0000010""","="" 100                                                ""","=""006001.000314""","=""L20057""","="""""
C I,"=""2s2.2p.(2P*<3/2>).6h""","=""2[7/2]""","=""3""",7.0,"=""""","=""10.8904168""","=""""","=""0.0000011""","="" 100                                                ""","=""006001.000315""","=""L20057""","="""""
C I,"=""2s2.2p.(2P*<3/2>).6h""","=""2[7/2]""","=""4""",9.0,"=""""","=""10.8904169""","=""""","=""0.0000011""","="" 100                                                ""","=""006001.000428""","=""L20057""","="""""
C I,"=""2s2.2p.(2P*<3/2>).6f""","=""2[3/2]""","=""1""",3.0,"=""""","=""10.890494""","=""""","=""0.000006""","="" 100                                                ""","=""006001.000143""","=""L20057""","="""""
C I,"=""2s2.2p.(2P*<3/2>).6f""","=""2[3/2]""","=""2""",5.0,"=""""","=""10.890494""","=""""","=""0.000006""","="" 100                                                ""","=""006001.000144""","=""L20057""","="""""
C I,"=""2s2.2p.(2P*<3/2>).6g""","=""2[5/2]*""","=""3""",7.0,"=""""","=""10.8905002""","=""""","=""0.0000024""","="" 100                                                ""","=""006001.000317""","=""L20057""","="""""
C I,"=""2s2.2p.(2P*<3/2>).6g""","=""2[5/2]*""","=""2""",5.0,"=""""","=""10.8905002""","=""""","=""0.0000024""","="" 100                                                ""","=""006001.000316""","=""L20057""","="""""
C I,"=""2s2.2p.7p""","=""1P""","=""1""",3.0,"=""""","=""10.918215""","=""""","=""0.000005""","=""  49         :    46  2s2.2p.7p             3D      ""","=""006001.000147""","=""L20057""","="""""
C I,"=""2s2.2p.7p""","=""3D""","=""1""",3.0,"=""""","=""10.922016""","=""""","=""0.000005""","=""  44         :    30  2s2.2p.7p             1P      ""","=""006001.000148""","=""L20057""","="""""
C I,"=""2s2.2p.7p""","=""3D""","=""2""",5.0,"=""""","=""10.922519""","=""""","=""0.000006""","=""  91         :     6  2s2.2p.7p             3P      ""","=""006001.000149""","=""L20057""","="""""
C I,"=""2s2.2p.7p""","=""3D""","=""3""",7.0,"=""""","=""10.927451""","=""""","=""0.000005""","=""  98                                                ""","=""006001.000150""","=""L20057""","="""""
C I,"=""2s2.2p.7p""","=""3P""","=""0""",1.0,"=""""","=""10.930438""","=""""","=""0.000004""","=""  98                                                ""","=""006001.000151""","=""L20057""","="""""
C I,"=""2s2.2p.7p""","=""3P""","=""1""",3.0,"=""""","=""10.934457""","=""""","=""0.000004""","=""  50         :    48  2s2.2p.7p             3P      ""","=""006001.000152""","=""L20057""","="""""
C I,"=""2s2.2p.7p""","=""3P""","=""2""",5.0,"=""""","=""10.935183""","=""""","=""0.000005""","=""  91         :     7  2s2.2p.7p             3D      ""","=""006001.000153""","=""L20057""","="""""
C I,"=""2s2.2p.7p""","=""1D""","=""2""",5.0,"=""""","=""10.942892""","=""""","=""0.000004""","=""  84         :     7  2s2.2p.8p             1D      ""","=""006001.000154""","=""L20057""","="""""
C I,"=""2s2.2p.7p""","=""1S""","=""0""",1.0,"=""""","=""10.952019""","=""""","=""0.000004""","=""  58         :    28  2s2.2p.8p             1S      ""","=""006001.000155""","=""L20057""","="""""
C I,"=""2s2.2p.(2P*<1/2>).7d""","=""2[5/2]*""","=""2""",5.0,"=""""","=""10.972432""","=""""","=""0.000004""","=""  53         :    29  2s2.2p.(2P*<1/2>).7d  2[3/2]* ""","=""006001.000156""","=""L20057""","="""""
C I,"=""2s2.2p.(2P*<1/2>).7d""","=""2[5/2]*""","=""3""",7.0,"=""""","=""10.978183""","=""""","=""0.000022""","=""  96                                                ""","=""006001.000159""","=""L20057""","="""""
C I,"=""2s2.2p.(2P*<1/2>).7d""","=""2[3/2]*""","=""2""",5.0,"=""""","=""10.97799""","=""""","=""0.00021""","=""  45         :    45  2s2.2p.(2P*<1/2>).7d  2[5/2]* ""","=""006001.000157""","=""L20057""","="""""
C I,"=""2s2.2p.(2P*<1/2>).7d""","=""2[3/2]*""","=""1""",3.0,"=""""","=""10.979870""","=""""","=""0.000016""","=""  88         :     6  2s2.2p.(2P*<1/2>).8s  2[1/2]* ""","=""006001.000161""","=""L20057""","="""""
C I,"=""2s2.2p.(2P*<1/2>).8s""","=""2[1/2]*""","=""0""",1.0,"=""""","=""10.978030""","=""""","=""0.000004""","=""  97                                                ""","=""006001.000158""","=""L20057""","="""""
C I,"=""2s2.2p.(2P*<1/2>).8s""","=""2[1/2]*""","=""1""",3.0,"=""""","=""10.9786886""","=""""","=""0.0000025""","=""  89         :     6  2s2.2p.(2P*<1/2>).7d  2[3/2]* ""","=""006001.000160""","=""L20057""","="""""
C I,"=""2s2.2p.(2P*<1/2>).7f""","=""2[5/2]""","=""3""",7.0,"=""""","=""10.981887""","=""""","=""0.000007""","=""  99                                                ""","=""006001.000318""","=""L20057""","="""""
C I,"=""2s2.2p.(2P*<1/2>).7f""","=""2[5/2]""","=""2""",5.0,"=""""","=""10.981888""","=""""","=""0.000004""","=""  99                                                ""","=""006001.000162""","=""L20057""","="""""
C I,"=""2s2.2p.(2P*<1/2>).7f""","=""2[7/2]""","=""4""",9.0,"=""""","=""10.981945""","=""""","=""0.000010""","=""  99                                                ""","=""006001.000320""","=""L20057""","="""""
C I,"=""2s2.2p.(2P*<1/2>).7f""","=""2[7/2]""","=""3""",7.0,"=""""","=""10.981945""","=""""","=""0.000010""","=""  99                                                ""","=""006001.000319""","=""L20057""","="""""
C I,"=""2s2.2p.(2P*<3/2>).8s""","=""2[3/2]*""","=""2""",5.0,"=""""","=""10.983051""","=""""","=""0.000004""","=""  66         :    27  2s2.2p.(2P*<3/2>).7d  2[3/2]* ""","=""006001.000163""","=""L20057""","="""""
C I,"=""2s2.2p.(2P*<3/2>).8s""","=""2[3/2]*""","=""1""",3.0,"=""""","=""10.986862""","=""""","=""0.000005""","=""  57         :    19  2s2.2p.(2P*<3/2>).7d  2[3/2]* ""","=""006001.000167""","=""L20057""","="""""
C I,"=""2s2.2p.(2P*<3/2>).7d""","=""2[7/2]*""","=""4""",9.0,"=""[""","=""10.984525""","=""]""","=""0.000010""","="" 100                                                ""","=""006001.000164""","=""L20057""","="""""
C I,"=""2s2.2p.(2P*<3/2>).7d""","=""2[7/2]*""","=""3""",7.0,"=""""","=""10.988102""","=""""","=""0.000005""","=""  79         :    18  2s2.2p.(2P*<3/2>).7d  2[5/2]* ""","=""006001.000168""","=""L20057""","="""""
C I,"=""2s2.2p.(2P*<3/2>).7d""","=""2[5/2]*""","=""2""",5.0,"=""""","=""10.985590""","=""""","=""0.000005""","=""  79         :    15  2s2.2p.(2P*<1/2>).7d  2[3/2]* ""","=""006001.000165""","=""L20057""","="""""
C I,"=""2s2.2p.(2P*<3/2>).7d""","=""2[5/2]*""","=""3""",7.0,"=""""","=""10.985784""","=""""","=""0.000022""","=""  82         :    18  2s2.2p.(2P*<3/2>).7d  2[7/2]* ""","=""006001.000166""","=""L20057""","="""""
C I,"=""2s2.2p.(2P*<3/2>).7f""","=""2[7/2]""","=""3""",7.0,"=""""","=""10.989219""","=""""","=""0.000004""","=""  99                                                ""","=""006001.000169""","=""L20057""","="""""
C I,"=""2s2.2p.(2P*<3/2>).7f""","=""2[7/2]""","=""4""",9.0,"=""""","=""10.989230""","=""""","=""0.000011""","=""  99                                                ""","=""006001.000170""","=""L20057""","="""""
C I,"=""2s2.2p.(2P*<3/2>).7f""","=""2[5/2]""","=""3""",7.0,"=""""","=""10.989751""","=""""","=""0.000009""","=""  99                                                ""","=""006001.000172""","=""L20057""","="""""
C I,"=""2s2.2p.(2P*<3/2>).7f""","=""2[5/2]""","=""2""",5.0,"=""""","=""10.989751""","=""""","=""0.000009""","=""  99                                                ""","=""006001.000321""","=""L20057""","="""""
C I,"=""2s2.2p.(2P*<3/2>).7d""","=""2[3/2]*""","=""1""",3.0,"=""""","=""10.989834""","=""""","=""0.000005""","=""  64         :    32  2s2.2p.(2P*<3/2>).8s  2[3/2]* ""","=""006001.000173""","=""L20057""","="""""
C I,"=""2s2.2p.(2P*<3/2>).7d""","=""2[3/2]*""","=""2""",5.0,"=""""","=""10.98985""","=""""","=""0.00005""","=""  58         :    30  2s2.2p.(2P*<3/2>).8s  2[3/2]* ""","=""006001.000171""","=""L20057""","="""""
C I,"=""2s2.2p.(2P*<3/2>).7f""","=""2[9/2]""","=""5""",11.0,"=""[""","=""10.99013""","=""]""","=""0.00005""","="" 100                                                ""","=""006001.000429""","=""L20057""","="""""
C I,"=""2s2.2p.(2P*<3/2>).7f""","=""2[9/2]""","=""4""",9.0,"=""[""","=""10.99015""","=""]""","=""0.00005""","="" 100                                                ""","=""006001.000430""","=""L20057""","="""""
C I,"=""2s2.2p.(2P*<3/2>).7f""","=""2[3/2]""","=""2""",5.0,"=""""","=""10.990624""","=""""","=""0.000009""","="" 100                                                ""","=""006001.000174""","=""L20057""","="""""
C I,"=""2s2.2p.(2P*<3/2>).7f""","=""2[3/2]""","=""1""",3.0,"=""""","=""10.990625""","=""""","=""0.000009""","="" 100                                                ""","=""006001.000322""","=""L20057""","="""""
C I,"=""2s2.2p.(2P*<3/2>).7d""","=""2[1/2]*""","=""1""",3.0,"=""""","=""10.99081""","=""""","=""0.00004""","=""  76         :    11  2s2.2p.(2P*<3/2>).7d  2[3/2]* ""","=""006001.000175""","=""L20057""","="""""
C I,"=""2s2.2p.(2P*<3/2>).7d""","=""2[1/2]*""","=""0""",1.0,"=""""","=""10.99100""","=""""","=""0.00021""","=""  96                                                ""","=""006001.000176""","=""L20057""","="""""
C I,"=""2s2.2p.(2P*<1/2>).8p""","=""2[3/2]""","=""1""",3.0,"=""""","=""11.005709""","=""""","=""0.000007""","=""  79         :    17  2s2.2p.(2P*<1/2>).8p  2[1/2]  ""","=""006001.000177""","=""L20057""","="""""
C I,"=""2s2.2p.(2P*<1/2>).8p""","=""2[1/2]""","=""2""",5.0,"=""[""","=""11.0084""","=""]""","=""0.0006""","=""  77         :    21  2s2.2p.(2P*<3/2>).8p  2[5/2]  ""","=""006001.000179""","=""L20057""","="""""
C I,"=""2s2.2p.(2P*<1/2>).8p""","=""2[1/2]""","=""1""",3.0,"=""""","=""11.008664""","=""""","=""0.000005""","=""  69         :    19  2s2.2p.(2P*<1/2>).8p  2[3/2]  ""","=""006001.000178""","=""L20057""","="""""
C I,"=""2s2.2p.(2P*<3/2>).8p""","=""2[5/2]""","=""3""",7.0,"=""""","=""11.014279""","=""""","=""0.000005""","=""  98                                                ""","=""006001.000180""","=""L20057""","="""""
C I,"=""2s2.2p.(2P*<3/2>).8p""","=""2[5/2]""","=""2""",5.0,"=""""","=""11.023878""","=""""","=""0.000005""","=""  61         :    13  2s2.2p.(2P*<1/2>).8p  2[3/2]  ""","=""006001.000182""","=""L20057""","="""""
C I,"=""2s2.2p.(2P*<3/2>).8p""","=""2[3/2]""","=""2""",5.0,"=""""","=""11.018972""","=""""","=""0.000004""","=""  87         :     7  2s2.2p.(2P*<3/2>).8p  2[5/2]  ""","=""006001.000181""","=""L20057""","="""""
C I,"=""2s2.2p.(2P*<3/2>).8p""","=""2[1/2]""","=""0""",1.0,"=""""","=""11.029715""","=""""","=""0.000005""","=""  42         :    20  2s2.2p.(2P*<3/2>).9p  2[1/2]  ""","=""006001.000183""","=""L20057""","="""""
C I,"=""2s2.2p.(2P*<1/2>).8d""","=""2[5/2]*""","=""2""",5.0,"=""""","=""11.041310""","=""""","=""0.000005""","=""  67         :    24  2s2.2p.(2P*<1/2>).8d  2[3/2]* ""","=""006001.000184""","=""L20057""","="""""
C I,"=""2s2.2p.(2P*<1/2>).8d""","=""2[5/2]*""","=""3""",7.0,"=""""","=""11.044755""","=""""","=""0.000024""","=""  98                                                ""","=""006001.000187""","=""L20057""","="""""
C I,"=""2s2.2p.(2P*<1/2>).8d""","=""2[3/2]*""","=""2""",5.0,"=""""","=""11.0447""","=""""","=""0.0003""","=""  62         :    32  2s2.2p.(2P*<1/2>).8d  2[5/2]* ""","=""006001.000185""","=""L20057""","="""""
C I,"=""2s2.2p.(2P*<1/2>).8d""","=""2[3/2]*""","=""1""",3.0,"=""""","=""11.045907""","=""""","=""0.000015""","=""  89         :     8  2s2.2p.(2P*<1/2>).9s  2[1/2]* ""","=""006001.000189""","=""L20057""","="""""
C I,"=""2s2.2p.(2P*<1/2>).9s""","=""2[1/2]*""","=""0""",1.0,"=""""","=""11.044716""","=""""","=""0.000006""","=""  98                                                ""","=""006001.000186""","=""L20057""","="""""
C I,"=""2s2.2p.(2P*<1/2>).9s""","=""2[1/2]*""","=""1""",3.0,"=""""","=""11.045181""","=""""","=""0.000006""","=""  89         :     8  2s2.2p.(2P*<1/2>).8d  2[3/2]* ""","=""006001.000188""","=""L20057""","="""""
C I,"=""2s2.2p.(2P*<1/2>).8f""","=""2[5/2]""","=""2""",5.0,"=""""","=""11.047216""","=""""","=""0.000004""","="" 100                                                ""","=""006001.000190""","=""L20057""","="""""
C I,"=""2s2.2p.(2P*<1/2>).8f""","=""2[5/2]""","=""3""",7.0,"=""""","=""11.047219""","=""""","=""0.000011""","=""  99                                                ""","=""006001.000191""","=""L20057""","="""""
C I,"=""2s2.2p.(2P*<1/2>).8f""","=""2[7/2]""","=""4""",9.0,"=""""","=""11.047224""","=""""","=""0.000011""","="" 100                                                ""","=""006001.000324""","=""L20057""","="""""
C I,"=""2s2.2p.(2P*<1/2>).8f""","=""2[7/2]""","=""3""",7.0,"=""""","=""11.047224""","=""""","=""0.000011""","=""  99                                                ""","=""006001.000323""","=""L20057""","="""""
C I,"=""2s2.2p.(2P*<3/2>).9s""","=""2[3/2]*""","=""2""",5.0,"=""""","=""11.04971""","=""""","=""0.00021""","=""  65         :    28  2s2.2p.(2P*<3/2>).8d  2[3/2]* ""","=""006001.000325""","=""L20057""","="""""
C I,"=""2s2.2p.(2P*<3/2>).9s""","=""2[3/2]*""","=""1""",3.0,"=""""","=""11.053111""","=""""","=""0.000005""","=""  59         :    21  2s2.2p.(2P*<3/2>).8d  2[3/2]* ""","=""006001.000195""","=""L20057""","="""""
C I,"=""2s2.2p.(2P*<3/2>).8d""","=""2[7/2]*""","=""4""",9.0,"=""[""","=""11.051527""","=""]""","=""0.000010""","="" 100                                                ""","=""006001.000192""","=""L20057""","="""""
C I,"=""2s2.2p.(2P*<3/2>).8d""","=""2[7/2]*""","=""3""",7.0,"=""""","=""11.053899""","=""""","=""0.000005""","=""  79         :    19  2s2.2p.(2P*<3/2>).8d  2[5/2]* ""","=""006001.000196""","=""L20057""","="""""
C I,"=""2s2.2p.(2P*<3/2>).8d""","=""2[5/2]*""","=""2""",5.0,"=""""","=""11.052284""","=""""","=""0.000004""","=""  84         :     8  2s2.2p.(2P*<1/2>).8d  2[3/2]* ""","=""006001.000193""","=""L20057""","="""""
C I,"=""2s2.2p.(2P*<3/2>).8d""","=""2[5/2]*""","=""3""",7.0,"=""""","=""11.052451""","=""""","=""0.000024""","=""  81         :    19  2s2.2p.(2P*<3/2>).8d  2[7/2]* ""","=""006001.000194""","=""L20057""","="""""
C I,"=""2s2.2p.(2P*<3/2>).8f""","=""2[7/2]""","=""4""",9.0,"=""""","=""11.054698""","=""""","=""0.000011""","="" 100                                                ""","=""006001.000197""","=""L20057""","="""""
C I,"=""2s2.2p.(2P*<3/2>).8f""","=""2[7/2]""","=""3""",7.0,"=""""","=""11.054698""","=""""","=""0.000011""","="" 100                                                ""","=""006001.000326""","=""L20057""","="""""
C I,"=""2s2.2p.(2P*<3/2>).8d""","=""2[3/2]*""","=""2""",5.0,"=""""","=""11.05475""","=""""","=""0.00005""","=""  59         :    32  2s2.2p.(2P*<3/2>).9s  2[3/2]* ""","=""006001.000198""","=""L20057""","="""""
C I,"=""2s2.2p.(2P*<3/2>).8d""","=""2[3/2]*""","=""1""",3.0,"=""""","=""11.055019""","=""""","=""0.000005""","=""  66         :    31  2s2.2p.(2P*<3/2>).9s  2[3/2]* ""","=""006001.000199""","=""L20057""","="""""
C I,"=""2s2.2p.(2P*<3/2>).8f""","=""2[5/2]""","=""3""",7.0,"=""[""","=""11.055041""","=""]""","=""0.000024""","=""  99                                                ""","=""006001.000431""","=""L20057""","="""""
C I,"=""2s2.2p.(2P*<3/2>).8f""","=""2[5/2]""","=""2""",5.0,"=""[""","=""11.055041""","=""]""","=""0.000024""","="" 100                                                ""","=""006001.000432""","=""L20057""","="""""
C I,"=""2s2.2p.(2P*<3/2>).8f""","=""2[9/2]""","=""5""",11.0,"=""[""","=""11.05532""","=""]""","=""0.00006""","="" 100                                                ""","=""006001.000433""","=""L20057""","="""""
C I,"=""2s2.2p.(2P*<3/2>).8f""","=""2[9/2]""","=""4""",9.0,"=""[""","=""11.05532""","=""]""","=""0.00006""","="" 100                                                ""","=""006001.000434""","=""L20057""","="""""
C I,"=""2s2.2p.(2P*<3/2>).8d""","=""2[1/2]*""","=""0""",1.0,"=""""","=""11.05557""","=""""","=""0.00021""","=""  97                                                ""","=""006001.000201""","=""L20057""","="""""
C I,"=""2s2.2p.(2P*<3/2>).8d""","=""2[1/2]*""","=""1""",3.0,"=""""","=""11.055672""","=""""","=""0.000024""","=""  79         :    10  2s2.2p.(2P*<3/2>).8d  2[3/2]* ""","=""006001.000200""","=""L20057""","="""""
C I,"=""2s2.2p.(2P*<3/2>).8f""","=""2[3/2]""","=""1""",3.0,"=""[""","=""11.05566""","=""]""","=""0.00003""","="" 100                                                ""","=""006001.000435""","=""L20057""","="""""
C I,"=""2s2.2p.(2P*<3/2>).8f""","=""2[3/2]""","=""2""",5.0,"=""[""","=""11.05566""","=""]""","=""0.00003""","="" 100                                                ""","=""006001.000436""","=""L20057""","="""""
C I,"=""2s2.2p.(2P*<1/2>).9p""","=""2[3/2]""","=""1""",3.0,"=""""","=""11.063411""","=""""","=""0.000005""","=""  83         :    14  2s2.2p.(2P*<1/2>).9p  2[1/2]  ""","=""006001.000202""","=""L20057""","="""""
C I,"=""2s2.2p.(2P*<3/2>).9p""","=""2[5/2]""","=""3""",7.0,"=""""","=""11.071681""","=""""","=""0.000005""","=""  98                                                ""","=""006001.000203""","=""L20057""","="""""
C I,"=""2s2.2p.(2P*<3/2>).9p""","=""2[5/2]""","=""2""",5.0,"=""""","=""11.078002""","=""""","=""0.000005""","=""  60         :    11  2s2.2p.(2P*<3/2>).9p  2[3/2]  ""","=""006001.000204""","=""L20057""","="""""
C I,"=""2s2.2p.(2P*<3/2>).9p""","=""2[1/2]""","=""0""",1.0,"=""""","=""11.081910""","=""""","=""0.000005""","=""  37         :    22  2s2.2p.(2P*<3/2>).10p 2[1/2]  ""","=""006001.000205""","=""L20057""","="""""
C I,"=""2s2.2p.(2P*<1/2>).9d""","=""2[5/2]*""","=""2""",5.0,"=""""","=""11.088092""","=""""","=""0.000005""","=""  76         :    19  2s2.2p.(2P*<1/2>).9d  2[3/2]* ""","=""006001.000206""","=""L20057""","="""""
C I,"=""2s2.2p.(2P*<1/2>).9d""","=""2[5/2]*""","=""3""",7.0,"=""""","=""11.090330""","=""""","=""0.000024""","=""  99                                                ""","=""006001.000208""","=""L20057""","="""""
C I,"=""2s2.2p.(2P*<1/2>).9d""","=""2[3/2]*""","=""2""",5.0,"=""""","=""11.09021""","=""""","=""0.00021""","=""  73         :    23  2s2.2p.(2P*<1/2>).9d  2[5/2]* ""","=""006001.000207""","=""L20057""","="""""
C I,"=""2s2.2p.(2P*<1/2>).9d""","=""2[3/2]*""","=""1""",3.0,"=""""","=""11.091149""","=""""","=""0.000020""","=""  50         :    48  2s2.2p.(2P*<1/2>).10s 2[1/2]* ""","=""006001.000210""","=""L20057""","="""""
C I,"=""2s2.2p.(2P*<1/2>).10s""","=""2[1/2]*""","=""0""",1.0,"=""""","=""11.09021""","=""""","=""0.00021""","=""  99                                                ""","=""006001.000327""","=""L20057""","="""""
C I,"=""2s2.2p.(2P*<1/2>).10s""","=""2[1/2]*""","=""1""",3.0,"=""""","=""11.090616""","=""""","=""0.000006""","=""  50         :    48  2s2.2p.(2P*<1/2>).9d  2[3/2]* ""","=""006001.000209""","=""L20057""","="""""
C I,"=""2s2.2p.(2P*<3/2>).9d""","=""2[7/2]*""","=""4""",9.0,"=""[""","=""11.097328""","=""]""","=""0.000011""","="" 100                                                ""","=""006001.000328""","=""L20057""","="""""
C I,"=""2s2.2p.(2P*<3/2>).9d""","=""2[7/2]*""","=""3""",7.0,"=""""","=""11.098960""","=""""","=""0.000005""","=""  79         :    20  2s2.2p.(2P*<3/2>).9d  2[5/2]* ""","=""006001.000214""","=""L20057""","="""""
C I,"=""2s2.2p.(2P*<3/2>).9d""","=""2[5/2]*""","=""2""",5.0,"=""""","=""11.097883""","=""""","=""0.000005""","=""  85         :     7  2s2.2p.(2P*<3/2>).9d  2[3/2]* ""","=""006001.000211""","=""L20057""","="""""
C I,"=""2s2.2p.(2P*<3/2>).9d""","=""2[5/2]*""","=""3""",7.0,"=""""","=""11.09825""","=""""","=""0.00010""","=""  80         :    20  2s2.2p.(2P*<3/2>).9d  2[7/2]* ""","=""006001.000212""","=""L20057""","="""""
C I,"=""2s2.2p.(2P*<3/2>).10s""","=""2[3/2]*""","=""1""",3.0,"=""""","=""11.098407""","=""""","=""0.000021""","=""  59         :    27  2s2.2p.(2P*<3/2>).9d  2[3/2]* ""","=""006001.000213""","=""L20057""","="""""
C I,"=""2s2.2p.(2P*<3/2>).9d""","=""2[3/2]*""","=""2""",5.0,"=""""","=""11.09949""","=""""","=""0.00010""","=""  62         :    31  2s2.2p.(2P*<3/2>).10s 2[3/2]* ""","=""006001.000215""","=""L20057""","="""""
C I,"=""2s2.2p.(2P*<3/2>).9d""","=""2[3/2]*""","=""1""",3.0,"=""""","=""11.099755""","=""""","=""0.000006""","=""  63         :    35  2s2.2p.(2P*<3/2>).10s 2[3/2]* ""","=""006001.000216""","=""L20057""","="""""
C I,"=""2s2.2p.(2P*<3/2>).9d""","=""2[1/2]*""","=""1""",3.0,"=""""","=""11.09995""","=""""","=""0.00006""","=""  84         :     8  2s2.2p.(2P*<3/2>).9d  2[3/2]* ""","=""006001.000329""","=""L20057""","="""""
C I,"=""2s2.2p.(2P*<3/2>).9d""","=""2[1/2]*""","=""0""",1.0,"=""""","=""11.10022""","=""""","=""0.00021""","=""  98                                                ""","=""006001.000330""","=""L20057""","="""""
C I,"=""2s2.2p.(2P*<1/2>).10p""","=""2[3/2]""","=""1""",3.0,"=""""","=""11.103472""","=""""","=""0.000005""","=""  85         :    13  2s2.2p.(2P*<1/2>).10p 2[1/2]  ""","=""006001.000217""","=""L20057""","="""""
C I,"=""2s2.2p.(2P*<3/2>).10p""","=""2[5/2]""","=""3""",7.0,"=""""","=""11.111599""","=""""","=""0.000005""","=""  99                                                ""","=""006001.000218""","=""L20057""","="""""
C I,"=""2s2.2p.(2P*<3/2>).10p""","=""2[1/2]""","=""0""",1.0,"=""""","=""11.118671""","=""""","=""0.000005""","=""  32         :    31  2s2.2p.(2P*<1/2>).11p 2[1/2]  ""","=""006001.000219""","=""L20057""","="""""
C I,"=""2s2.2p.(2P*<1/2>).10d""","=""2[5/2]*""","=""2""",5.0,"=""""","=""11.12113""","=""""","=""0.00004""","=""  82         :    15  2s2.2p.(2P*<1/2>).10d 2[3/2]* ""","=""006001.000331""","=""L20057""","="""""
C I,"=""2s2.2p.(2P*<1/2>).10d""","=""2[5/2]*""","=""3""",7.0,"=""""","=""11.122796""","=""""","=""0.000024""","=""  99                                                ""","=""006001.000220""","=""L20057""","="""""
C I,"=""2s2.2p.(2P*<1/2>).11s""","=""2[1/2]*""","=""1""",3.0,"=""""","=""11.12273""","=""""","=""0.00021""","=""  98                                                ""","=""006001.000332""","=""L20057""","="""""
C I,"=""2s2.2p.(2P*<1/2>).11s""","=""2[1/2]*""","=""0""",1.0,"=""""","=""11.12287""","=""""","=""0.00021""","=""  99                                                ""","=""006001.000333""","=""L20057""","="""""
C I,"=""2s2.2p.(2P*<1/2>).10d""","=""2[3/2]*""","=""2""",5.0,"=""""","=""11.12302""","=""""","=""0.00007""","=""  80         :    17  2s2.2p.(2P*<1/2>).10d 2[5/2]* ""","=""006001.000004""","=""L20057""","="""""
C I,"=""2s2.2p.(2P*<1/2>).10d""","=""2[3/2]*""","=""1""",3.0,"=""""","=""11.123407""","=""""","=""0.000019""","=""  98                                                ""","=""006001.000221""","=""L20057""","="""""
C I,"=""2s2.2p.(2P*<3/2>).10d""","=""2[7/2]*""","=""4""",9.0,"=""[""","=""11.130008""","=""]""","=""0.000011""","="" 100                                                ""","=""006001.000005""","=""L20057""","="""""
C I,"=""2s2.2p.(2P*<3/2>).10d""","=""2[7/2]*""","=""3""",7.0,"=""""","=""11.13119""","=""""","=""0.00005""","=""  79         :    20  2s2.2p.(2P*<3/2>).10d 2[5/2]* ""","=""006001.000224""","=""L20057""","="""""
C I,"=""2s2.2p.(2P*<3/2>).10d""","=""2[5/2]*""","=""2""",5.0,"=""""","=""11.130420""","=""""","=""0.000007""","=""  86         :     9  2s2.2p.(2P*<3/2>).10d 2[3/2]* ""","=""006001.000222""","=""L20057""","="""""
C I,"=""2s2.2p.(2P*<3/2>).10d""","=""2[5/2]*""","=""3""",7.0,"=""""","=""11.13046""","=""""","=""0.00006""","=""  80         :    20  2s2.2p.(2P*<3/2>).10d 2[7/2]* ""","=""006001.000223""","=""L20057""","="""""
C I,"=""2s2.2p.(2P*<3/2>).10d""","=""2[3/2]*""","=""1""",3.0,"=""""","=""11.131683""","=""""","=""0.000017""","=""  75         :    23  2s2.2p.(2P*<3/2>).11s 2[3/2]* ""","=""006001.000225""","=""L20057""","="""""
C I,"=""2s2.2p.(2P*<3/2>).10d""","=""2[3/2]*""","=""2""",5.0,"=""""","=""11.13177""","=""""","=""0.00005""","=""  51         :    43  2s2.2p.(2P*<3/2>).11s 2[3/2]* ""","=""006001.000335""","=""L20057""","="""""
C I,"=""2s2.2p.(2P*<3/2>).10d""","=""2[1/2]*""","=""1""",3.0,"=""""","=""11.13172""","=""""","=""0.00009""","=""  61         :    23  2s2.2p.(2P*<3/2>).11s 2[3/2]* ""","=""006001.000334""","=""L20057""","="""""
C I,"=""2s2.2p.(2P*<3/2>).10d""","=""2[1/2]*""","=""0""",1.0,"=""""","=""11.1320""","=""""","=""0.0003""","=""  98                                                ""","=""006001.000336""","=""L20057""","="""""
C I,"=""2s2.2p.(2P*<1/2>).11p""","=""2[3/2]""","=""1""",3.0,"=""""","=""11.132446""","=""""","=""0.000014""","=""  86         :    12  2s2.2p.(2P*<1/2>).11p 2[1/2]  ""","=""006001.000226""","=""L20057""","="""""
C I,"=""2s2.2p.(2P*<1/2>).11d""","=""2[5/2]*""","=""2""",5.0,"=""""","=""11.14563""","=""""","=""0.00015""","=""  86         :    12  2s2.2p.(2P*<1/2>).11d 2[3/2]* ""","=""006001.000337""","=""L20057""","="""""
C I,"=""2s2.2p.(2P*<1/2>).11d""","=""2[5/2]*""","=""3""",7.0,"=""""","=""11.146806""","=""""","=""0.000024""","=""  99                                                ""","=""006001.000227""","=""L20057""","="""""
C I,"=""2s2.2p.(2P*<1/2>).12s""","=""2[1/2]*""","=""1""",3.0,"=""""","=""11.14660""","=""""","=""0.00014""","=""  88         :    11  2s2.2p.(2P*<1/2>).11d 2[3/2]* ""","=""006001.000338""","=""L20057""","="""""
C I,"=""2s2.2p.(2P*<1/2>).12s""","=""2[1/2]*""","=""0""",1.0,"=""""","=""11.14685""","=""""","=""0.00021""","=""  99                                                ""","=""006001.000339""","=""L20057""","="""""
C I,"=""2s2.2p.(2P*<1/2>).11d""","=""2[3/2]*""","=""2""",5.0,"=""""","=""11.14685""","=""""","=""0.00021""","=""  85         :    13  2s2.2p.(2P*<1/2>).11d 2[5/2]* ""","=""006001.000340""","=""L20057""","="""""
C I,"=""2s2.2p.(2P*<1/2>).11d""","=""2[3/2]*""","=""1""",3.0,"=""""","=""11.14699""","=""""","=""0.00004""","=""  88         :    11  2s2.2p.(2P*<1/2>).12s 2[1/2]* ""","=""006001.000228""","=""L20057""","="""""
C I,"=""2s2.2p.(2P*<3/2>).11d""","=""2[5/2]*""","=""2""",5.0,"=""""","=""11.154448""","=""""","=""0.000007""","=""  85         :    11  2s2.2p.(2P*<3/2>).11d 2[3/2]* ""","=""006001.000229""","=""L20057""","="""""
C I,"=""2s2.2p.(2P*<3/2>).11d""","=""2[5/2]*""","=""3""",7.0,"=""""","=""11.1549""","=""""","=""0.0004""","=""  79         :    21  2s2.2p.(2P*<3/2>).11d 2[7/2]* ""","=""006001.000230""","=""L20057""","="""""
C I,"=""2s2.2p.(2P*<3/2>).12s""","=""2[3/2]*""","=""1""",3.0,"=""""","=""11.154767""","=""""","=""0.000017""","=""  61         :    22  2s2.2p.(2P*<3/2>).11d 2[3/2]* ""","=""006001.000341""","=""L20057""","="""""
C I,"=""2s2.2p.(2P*<3/2>).11d""","=""2[7/2]*""","=""3""",7.0,"=""""","=""11.155031""","=""""","=""0.000024""","=""  79         :    21  2s2.2p.(2P*<3/2>).11d 2[5/2]* ""","=""006001.000231""","=""L20057""","="""""
C I,"=""2s2.2p.(2P*<3/2>).11d""","=""2[3/2]*""","=""1""",3.0,"=""""","=""11.155419""","=""""","=""0.000021""","=""  68         :    31  2s2.2p.(2P*<3/2>).12s 2[3/2]* ""","=""006001.000232""","=""L20057""","="""""
C I,"=""2s2.2p.(2P*<3/2>).11d""","=""2[3/2]*""","=""2""",5.0,"=""""","=""11.1556""","=""""","=""0.0003""","=""  59         :    34  2s2.2p.(2P*<3/2>).12s 2[3/2]* ""","=""006001.000344""","=""L20057""","="""""
C I,"=""2s2.2p.(2P*<3/2>).11d""","=""2[1/2]*""","=""0""",1.0,"=""""","=""11.1556""","=""""","=""0.0003""","=""  98                                                ""","=""006001.000343""","=""L20057""","="""""
C I,"=""2s2.2p.(2P*<3/2>).11d""","=""2[1/2]*""","=""1""",3.0,"=""""","=""11.15559""","=""""","=""0.00005""","=""  82         :     9  2s2.2p.(2P*<3/2>).11d 2[3/2]* ""","=""006001.000342""","=""L20057""","="""""
C I,"=""2s2.2p.(2P*<1/2>).13s""","=""2[1/2]*""","=""1""",3.0,"=""""","=""11.16495""","=""""","=""0.00021""","=""  99                                                ""","=""006001.000345""","=""L20057""","="""""
C I,"=""2s2.2p.(2P*<1/2>).13s""","=""2[1/2]*""","=""0""",1.0,"=""""","=""11.16498""","=""""","=""0.00021""","=""  99                                                ""","=""006001.000346""","=""L20057""","="""""
C I,"=""2s2.2p.(2P*<1/2>).12d""","=""2[5/2]*""","=""3""",7.0,"=""""","=""11.164967""","=""""","=""0.000024""","=""  99                                                ""","=""006001.000233""","=""L20057""","="""""
C I,"=""2s2.2p.(2P*<1/2>).12d""","=""2[3/2]*""","=""2""",5.0,"=""""","=""11.16498""","=""""","=""0.00021""","=""  88         :    10  2s2.2p.(2P*<1/2>).12d 2[5/2]* ""","=""006001.000347""","=""L20057""","="""""
C I,"=""2s2.2p.(2P*<1/2>).12d""","=""2[3/2]*""","=""1""",3.0,"=""""","=""11.165320""","=""""","=""0.000017""","=""  99                                                ""","=""006001.000234""","=""L20057""","="""""
C I,"=""2s2.2p.(2P*<3/2>).12d""","=""2[5/2]*""","=""2""",5.0,"=""""","=""11.17232""","=""""","=""0.00019""","=""  85         :    12  2s2.2p.(2P*<3/2>).12d 2[3/2]* ""","=""006001.000349""","=""L20057""","="""""
C I,"=""2s2.2p.(2P*<3/2>).12d""","=""2[5/2]*""","=""3""",7.0,"=""""","=""11.17271""","=""""","=""0.00007""","=""  79         :    21  2s2.2p.(2P*<3/2>).12d 2[7/2]* ""","=""006001.000348""","=""L20057""","="""""
C I,"=""2s2.2p.(2P*<3/2>).13s""","=""2[3/2]*""","=""1""",3.0,"=""""","=""11.17290""","=""""","=""0.00006""","=""  53         :    36  2s2.2p.(2P*<3/2>).12d 2[1/2]* ""","=""006001.000235""","=""L20057""","="""""
C I,"=""2s2.2p.(2P*<3/2>).12d""","=""2[7/2]*""","=""3""",7.0,"=""""","=""11.17315""","=""""","=""0.00004""","=""  78         :    21  2s2.2p.(2P*<3/2>).12d 2[5/2]* ""","=""006001.000236""","=""L20057""","="""""
C I,"=""2s2.2p.(2P*<3/2>).12d""","=""2[1/2]*""","=""0""",1.0,"=""""","=""11.1732""","=""""","=""0.0003""","=""  98                                                ""","=""006001.000350""","=""L20057""","="""""
C I,"=""2s2.2p.(2P*<3/2>).12d""","=""2[1/2]*""","=""1""",3.0,"=""""","=""11.17327""","=""""","=""0.00017""","=""  61         :    25  2s2.2p.(2P*<3/2>).13s 2[3/2]* ""","=""006001.000352""","=""L20057""","="""""
C I,"=""2s2.2p.(2P*<3/2>).12d""","=""2[3/2]*""","=""2""",5.0,"=""""","=""11.17327""","=""""","=""0.00017""","=""  47         :    47  2s2.2p.(2P*<3/2>).13s 2[3/2]* ""","=""006001.000351""","=""L20057""","="""""
C I,"=""2s2.2p.(2P*<3/2>).12d""","=""2[3/2]*""","=""1""",3.0,"=""""","=""11.173440""","=""""","=""0.000019""","=""  76         :    22  2s2.2p.(2P*<3/2>).13s 2[3/2]* ""","=""006001.000237""","=""L20057""","="""""
C I,"=""2s2.2p.(2P*<1/2>).14s""","=""2[1/2]*""","=""1""",3.0,"=""""","=""11.1788""","=""""","=""0.0003""","=""  99                                                ""","=""006001.000353""","=""L20057""","="""""
C I,"=""2s2.2p.(2P*<1/2>).14s""","=""2[1/2]*""","=""0""",1.0,"=""""","=""11.17921""","=""""","=""0.00021""","=""  99                                                ""","=""006001.000354""","=""L20057""","="""""
C I,"=""2s2.2p.(2P*<1/2>).13d""","=""2[5/2]*""","=""3""",7.0,"=""""","=""11.17911""","=""""","=""0.00004""","=""  99                                                ""","=""006001.000238""","=""L20057""","="""""
C I,"=""2s2.2p.(2P*<1/2>).13d""","=""2[3/2]*""","=""2""",5.0,"=""""","=""11.17921""","=""""","=""0.00021""","=""  90         :     8  2s2.2p.(2P*<1/2>).13d 2[5/2]* ""","=""006001.000355""","=""L20057""","="""""
C I,"=""2s2.2p.(2P*<1/2>).13d""","=""2[3/2]*""","=""1""",3.0,"=""""","=""11.179408""","=""""","=""0.000016""","=""  99                                                ""","=""006001.000239""","=""L20057""","="""""
C I,"=""2s2.2p.(2P*<3/2>).13d""","=""2[5/2]*""","=""3""",7.0,"=""""","=""11.18693""","=""""","=""0.00021""","=""  77         :    22  2s2.2p.(2P*<3/2>).13d 2[7/2]* ""","=""006001.000356""","=""L20057""","="""""
C I,"=""2s2.2p.(2P*<3/2>).13d""","=""2[5/2]*""","=""2""",5.0,"=""""","=""11.18697""","=""""","=""0.00012""","=""  83         :    13  2s2.2p.(2P*<3/2>).13d 2[3/2]* ""","=""006001.000357""","=""L20057""","="""""
C I,"=""2s2.2p.(2P*<3/2>).14s""","=""2[3/2]*""","=""1""",3.0,"=""""","=""11.187064""","=""""","=""0.000024""","=""  44         :    39  2s2.2p.(2P*<3/2>).13d 2[1/2]* ""","=""006001.000240""","=""L20057""","="""""
C I,"=""2s2.2p.(2P*<3/2>).13d""","=""2[1/2]*""","=""1""",3.0,"=""""","=""11.1871""","=""""","=""0.0004""","=""  57         :    37  2s2.2p.(2P*<3/2>).14s 2[3/2]* ""","=""006001.000358""","=""L20057""","="""""
C I,"=""2s2.2p.(2P*<3/2>).13d""","=""2[1/2]*""","=""0""",1.0,"=""""","=""11.1871""","=""""","=""0.0004""","=""  97                                                ""","=""006001.000359""","=""L20057""","="""""
C I,"=""2s2.2p.(2P*<3/2>).13d""","=""2[3/2]*""","=""2""",5.0,"=""""","=""11.18711""","=""""","=""0.00005""","=""  46         :    42  2s2.2p.(2P*<3/2>).14s 2[3/2]* ""","=""006001.000360""","=""L20057""","="""""
C I,"=""2s2.2p.(2P*<3/2>).13d""","=""2[3/2]*""","=""1""",3.0,"=""""","=""11.187362""","=""""","=""0.000019""","=""  81         :    18  2s2.2p.(2P*<3/2>).14s 2[3/2]* ""","=""006001.000242""","=""L20057""","="""""
C I,"=""2s2.2p.(2P*<3/2>).13d""","=""2[7/2]*""","=""3""",7.0,"=""""","=""11.187197""","=""""","=""0.000024""","=""  76         :    22  2s2.2p.(2P*<3/2>).13d 2[5/2]* ""","=""006001.000241""","=""L20057""","="""""
C I,"=""2s2.2p.(2P*<1/2>).14d""","=""2[3/2]*""","=""2""",5.0,"=""""","=""11.19021""","=""""","=""0.00010""","=""  91         :     5  2s2.2p.(2P*<1/2>).14d 2[5/2]* ""","=""006001.000361""","=""L20057""","="""""
C I,"=""2s2.2p.(2P*<1/2>).14d""","=""2[3/2]*""","=""1""",3.0,"=""""","=""11.19070""","=""""","=""0.00003""","=""  98                                                ""","=""006001.000244""","=""L20057""","="""""
C I,"=""2s2.2p.(2P*<1/2>).15s""","=""2[1/2]*""","=""0""",1.0,"=""""","=""11.19023""","=""""","=""0.00021""","=""  98                                                ""","=""006001.000362""","=""L20057""","="""""
C I,"=""2s2.2p.(2P*<1/2>).15s""","=""2[1/2]*""","=""1""",3.0,"=""""","=""11.19047""","=""""","=""0.00006""","=""  98                                                ""","=""006001.000363""","=""L20057""","="""""
C I,"=""2s2.2p.(2P*<1/2>).14d""","=""2[5/2]*""","=""3""",7.0,"=""""","=""11.190390""","=""""","=""0.000024""","=""  99                                                ""","=""006001.000243""","=""L20057""","="""""
C I,"=""2s2.2p.(2P*<3/2>).14d""","=""2[5/2]*""","=""3""",7.0,"=""""","=""11.19800""","=""""","=""0.00021""","=""  58         :    34  2s2.2p.(2P*<3/2>).14d 2[7/2]* ""","=""006001.000365""","=""L20057""","="""""
C I,"=""2s2.2p.(2P*<3/2>).14d""","=""2[5/2]*""","=""2""",5.0,"=""""","=""11.19800""","=""""","=""0.00021""","=""  65         :    17  2s2.2p.(2P*<3/2>).14d 2[3/2]* ""","=""006001.000364""","=""L20057""","="""""
C I,"=""2s2.2p.(2P*<3/2>).15s""","=""2[3/2]*""","=""1""",3.0,"=""""","=""11.19830""","=""""","=""0.00006""","=""  57         :    38  2s2.2p.(2P*<3/2>).14d 2[3/2]* ""","=""006001.000366""","=""L20057""","="""""
C I,"=""2s2.2p.(2P*<3/2>).14d""","=""2[7/2]*""","=""3""",7.0,"=""""","=""11.198335""","=""""","=""0.000024""","=""  38         :    34  2s2.2p.(2P*<1/2>).15d 2[5/2]* ""","=""006001.000245""","=""L20057""","="""""
C I,"=""2s2.2p.(2P*<3/2>).14d""","=""2[3/2]*""","=""1""",3.0,"=""""","=""11.198544""","=""""","=""0.000024""","=""  38         :    37  2s2.2p.(2P*<1/2>).15d 2[3/2]* ""","=""006001.000246""","=""L20057""","="""""
C I,"=""2s2.2p.(2P*<3/2>).14d""","=""2[3/2]*""","=""2""",5.0,"=""""","=""11.1989""","=""""","=""0.0004""","=""  38         :    27  2s2.2p.(2P*<3/2>).14d 2[5/2]* ""","=""006001.000367""","=""L20057""","="""""
C I,"=""2s2.2p.(2P*<3/2>).14d""","=""2[1/2]*""","=""1""",3.0,"=""""","=""11.1989""","=""""","=""0.0004""","=""  51         :    32  2s2.2p.(2P*<1/2>).16s 2[1/2]* ""","=""006001.000368""","=""L20057""","="""""
C I,"=""2s2.2p.(2P*<3/2>).14d""","=""2[1/2]*""","=""0""",1.0,"=""""","=""11.1989""","=""""","=""0.0004""","=""  61         :    38  2s2.2p.(2P*<1/2>).16s 2[1/2]* ""","=""006001.000369""","=""L20057""","="""""
C I,"=""2s2.2p.(2P*<1/2>).16s""","=""2[1/2]*""","=""1""",3.0,"=""""","=""11.19900""","=""""","=""0.00021""","=""  55         :    41  2s2.2p.(2P*<3/2>).14d 2[1/2]* ""","=""006001.000370""","=""L20057""","="""""
C I,"=""2s2.2p.(2P*<1/2>).16s""","=""2[1/2]*""","=""0""",1.0,"=""""","=""11.19951""","=""""","=""0.00021""","=""  62         :    38  2s2.2p.(2P*<3/2>).14d 2[1/2]* ""","=""006001.000371""","=""L20057""","="""""
C I,"=""2s2.2p.(2P*<1/2>).15d""","=""2[5/2]*""","=""3""",7.0,"=""""","=""11.199453""","=""""","=""0.000025""","=""  58         :    38  2s2.2p.(2P*<3/2>).14d 2[7/2]* ""","=""006001.000247""","=""L20057""","="""""
C I,"=""2s2.2p.(2P*<1/2>).15d""","=""2[3/2]*""","=""2""",5.0,"=""""","=""11.19985""","=""""","=""0.00014""","=""  57         :    32  2s2.2p.(2P*<3/2>).14d 2[3/2]* ""","=""006001.000372""","=""L20057""","="""""
C I,"=""2s2.2p.(2P*<1/2>).16d""","=""2[5/2]*""","=""3""",7.0,"=""""","=""11.20681""","=""""","=""0.00007""","=""  98                                                ""","=""006001.000249""","=""L20057""","="""""
C I,"=""2s2.2p.(2P*<1/2>).17s""","=""2[1/2]*""","=""0""",1.0,"=""""","=""11.20696""","=""""","=""0.00021""","=""  98                                                ""","=""006001.000374""","=""L20057""","="""""
C I,"=""2s2.2p.(2P*<1/2>).16d""","=""2[3/2]*""","=""2""",5.0,"=""""","=""11.20708""","=""""","=""0.00005""","=""  71         :    23  2s2.2p.(2P*<1/2>).16d 2[5/2]* ""","=""006001.000373""","=""L20057""","="""""
C I,"=""2s2.2p.(2P*<3/2>).15d""","=""2[5/2]*""","=""2""",5.0,"=""""","=""11.20740""","=""""","=""0.00021""","=""  86         :     6  2s2.2p.(2P*<3/2>).15d 2[3/2]* ""","=""006001.000375""","=""L20057""","="""""
C I,"=""2s2.2p.(2P*<3/2>).15d""","=""2[5/2]*""","=""3""",7.0,"=""""","=""11.20740""","=""""","=""0.00021""","=""  82         :    18  2s2.2p.(2P*<3/2>).15d 2[7/2]* ""","=""006001.000376""","=""L20057""","="""""
C I,"=""2s2.2p.(2P*<3/2>).15d""","=""2[7/2]*""","=""3""",7.0,"=""""","=""11.207419""","=""""","=""0.000024""","=""  80         :    18  2s2.2p.(2P*<3/2>).15d 2[5/2]* ""","=""006001.000248""","=""L20057""","="""""
C I,"=""2s2.2p.(2P*<3/2>).15d""","=""2[3/2]*""","=""1""",3.0,"=""""","=""11.20760""","=""""","=""0.00003""","=""  80         :    17  2s2.2p.(2P*<3/2>).16s 2[3/2]* ""","=""006001.000250""","=""L20057""","="""""
C I,"=""2s2.2p.(2P*<3/2>).15d""","=""2[3/2]*""","=""2""",5.0,"=""""","=""11.2077""","=""""","=""0.0003""","=""  48         :    43  2s2.2p.(2P*<3/2>).16s 2[3/2]* ""","=""006001.000377""","=""L20057""","="""""
C I,"=""2s2.2p.(2P*<3/2>).15d""","=""2[1/2]*""","=""0""",1.0,"=""""","=""11.2077""","=""""","=""0.0003""","=""  97                                                ""","=""006001.000379""","=""L20057""","="""""
C I,"=""2s2.2p.(2P*<3/2>).15d""","=""2[1/2]*""","=""1""",3.0,"=""""","=""11.2077""","=""""","=""0.0003""","=""  79         :    18  2s2.2p.(2P*<3/2>).16s 2[3/2]* ""","=""006001.000378""","=""L20057""","="""""
C I,"=""2s2.2p.(2P*<1/2>).17d""","=""2[5/2]*""","=""3""",7.0,"=""""","=""11.212923""","=""""","=""0.000024""","=""  99                                                ""","=""006001.000251""","=""L20057""","="""""
C I,"=""2s2.2p.(2P*<3/2>).16d""","=""2[5/2]*""","=""2""",5.0,"=""""","=""11.21474""","=""""","=""0.00021""","=""  86         :    10  2s2.2p.(2P*<3/2>).16d 2[3/2]* ""","=""006001.000380""","=""L20057""","="""""
C I,"=""2s2.2p.(2P*<3/2>).16d""","=""2[5/2]*""","=""3""",7.0,"=""""","=""11.21474""","=""""","=""0.00021""","=""  80         :    20  2s2.2p.(2P*<3/2>).16d 2[7/2]* ""","=""006001.000381""","=""L20057""","="""""
C I,"=""2s2.2p.(2P*<3/2>).16d""","=""2[7/2]*""","=""3""",7.0,"=""""","=""11.214761""","=""""","=""0.000024""","=""  79         :    20  2s2.2p.(2P*<3/2>).16d 2[5/2]* ""","=""006001.000252""","=""L20057""","="""""
C I,"=""2s2.2p.(2P*<3/2>).16d""","=""2[3/2]*""","=""1""",3.0,"=""""","=""11.214940""","=""""","=""0.000021""","=""  80         :    18  2s2.2p.(2P*<3/2>).17s 2[3/2]* ""","=""006001.000253""","=""L20057""","="""""
C I,"=""2s2.2p.(2P*<1/2>).18d""","=""2[5/2]*""","=""3""",7.0,"=""""","=""11.218044""","=""""","=""0.000024""","=""  99                                                ""","=""006001.000254""","=""L20057""","="""""
C I,"=""2s2.2p.(2P*<3/2>).17d""","=""2[5/2]*""","=""2""",5.0,"=""""","=""11.22067""","=""""","=""0.00006""","=""  82         :    13  2s2.2p.(2P*<3/2>).17d 2[3/2]* ""","=""006001.000382""","=""L20057""","="""""
C I,"=""2s2.2p.(2P*<3/2>).17d""","=""2[5/2]*""","=""3""",7.0,"=""""","=""11.22094""","=""""","=""0.00021""","=""  77         :    23  2s2.2p.(2P*<3/2>).17d 2[7/2]* ""","=""006001.000383""","=""L20057""","="""""
C I,"=""2s2.2p.(2P*<3/2>).17d""","=""2[7/2]*""","=""3""",7.0,"=""""","=""11.220907""","=""""","=""0.000024""","=""  73         :    23  2s2.2p.(2P*<3/2>).17d 2[5/2]* ""","=""006001.000255""","=""L20057""","="""""
C I,"=""2s2.2p.(2P*<3/2>).17d""","=""2[3/2]*""","=""1""",3.0,"=""""","=""11.220957""","=""""","=""0.000017""","=""  82         :    16  2s2.2p.(2P*<3/2>).18s 2[3/2]* ""","=""006001.000256""","=""L20057""","="""""
C I,"=""2s2.2p.(2P*<1/2>).19d""","=""2[5/2]*""","=""3""",7.0,"=""""","=""11.22233""","=""""","=""0.00004""","=""  96                                                ""","=""006001.000257""","=""L20057""","="""""
C I,"=""2s2.2p.(2P*<3/2>).18d""","=""2[5/2]*""","=""3""",7.0,"=""""","=""11.22593""","=""""","=""0.00021""","=""  83         :    17  2s2.2p.(2P*<3/2>).18d 2[7/2]* ""","=""006001.000385""","=""L20057""","="""""
C I,"=""2s2.2p.(2P*<3/2>).18d""","=""2[5/2]*""","=""2""",5.0,"=""""","=""11.22593""","=""""","=""0.00021""","=""  86         :     7  2s2.2p.(2P*<1/2>).20d 2[3/2]* ""","=""006001.000384""","=""L20057""","="""""
C I,"=""2s2.2p.(2P*<3/2>).18d""","=""2[7/2]*""","=""3""",7.0,"=""""","=""11.22601""","=""""","=""0.00007""","=""  80         :    17  2s2.2p.(2P*<3/2>).18d 2[5/2]* ""","=""006001.000258""","=""L20057""","="""""
C I,"=""2s2.2p.(2P*<3/2>).18d""","=""2[3/2]*""","=""1""",3.0,"=""""","=""11.226134""","=""""","=""0.000017""","=""  78         :    19  2s2.2p.(2P*<3/2>).19s 2[3/2]* ""","=""006001.000260""","=""L20057""","="""""
C I,"=""2s2.2p.(2P*<1/2>).20d""","=""2[5/2]*""","=""3""",7.0,"=""""","=""11.22622""","=""""","=""0.00009""","=""  97                                                ""","=""006001.000259""","=""L20057""","="""""
C I,"=""2s2.2p.(2P*<1/2>).21d""","=""2[5/2]*""","=""3""",7.0,"=""""","=""11.229286""","=""""","=""0.000024""","=""  99                                                ""","=""006001.000261""","=""L20057""","="""""
C I,"=""2s2.2p.(2P*<3/2>).19d""","=""2[5/2]*""","=""3""",7.0,"=""""","=""11.2298""","=""""","=""0.0003""","=""  82         :    18  2s2.2p.(2P*<3/2>).19d 2[7/2]* ""","=""006001.000386""","=""L20057""","="""""
C I,"=""2s2.2p.(2P*<3/2>).19d""","=""2[5/2]*""","=""2""",5.0,"=""""","=""11.2298""","=""""","=""0.0003""","=""  90         :     8  2s2.2p.(2P*<3/2>).19d 2[3/2]* ""","=""006001.000387""","=""L20057""","="""""
C I,"=""2s2.2p.(2P*<3/2>).19d""","=""2[7/2]*""","=""3""",7.0,"=""""","=""11.230324""","=""""","=""0.000024""","=""  81         :    18  2s2.2p.(2P*<3/2>).19d 2[5/2]* ""","=""006001.000262""","=""L20057""","="""""
C I,"=""2s2.2p.(2P*<3/2>).19d""","=""2[3/2]*""","=""1""",3.0,"=""[""","=""11.23036""","=""]""","=""0.00025""","=""  74         :    23  2s2.2p.(2P*<3/2>).20s 2[3/2]* ""","=""006001.000263""","=""L20057""","="""""
C I,"=""2s2.2p.(2P*<1/2>).22d""","=""2[5/2]*""","=""3""",7.0,"=""""","=""11.232035""","=""""","=""0.000024""","=""                                                    ""","=""006001.000264""","=""L20057""","="""""
C I,"=""2s2.2p.(2P*<3/2>).20d""","=""2[5/2]*""","=""2""",5.0,"=""""","=""11.2336""","=""""","=""0.0003""","=""  88         :    10  2s2.2p.(2P*<3/2>).20d 2[3/2]* ""","=""006001.000388""","=""L20057""","="""""
C I,"=""2s2.2p.(2P*<3/2>).20d""","=""2[5/2]*""","=""3""",7.0,"=""""","=""11.2336""","=""""","=""0.0003""","=""  80         :    20  2s2.2p.(2P*<3/2>).20d 2[7/2]* ""","=""006001.000389""","=""L20057""","="""""
C I,"=""2s2.2p.(2P*<3/2>).20d""","=""2[7/2]*""","=""3""",7.0,"=""""","=""11.23416""","=""""","=""0.00004""","=""  80         :    20  2s2.2p.(2P*<3/2>).20d 2[5/2]* ""","=""006001.000265""","=""L20057""","="""""
C I,"=""2s2.2p.(2P*<3/2>).20d""","=""2[3/2]*""","=""1""",3.0,"=""""","=""11.23422""","=""""","=""0.00005""","=""  76         :    23  2s2.2p.(2P*<3/2>).21s 2[3/2]* ""","=""006001.000266""","=""L20057""","="""""
C I,"=""2s2.2p.(2P*<3/2>).21d""","=""2[7/2]*""","=""3""",7.0,"=""""","=""11.23725""","=""""","=""0.00009""","=""  80         :    20  2s2.2p.(2P*<3/2>).21d 2[5/2]* ""","=""006001.000267""","=""L20057""","="""""
C I,"=""2s2.2p.(2P*<3/2>).22d""","=""2[7/2]*""","=""3""",7.0,"=""""","=""11.23991""","=""""","=""0.00010""","=""                                                    ""","=""006001.000268""","=""L20057""","="""""
C I,"=""2s2.2p.(2P*<3/2>).23d""","=""2[7/2]*""","=""3""",7.0,"=""[""","=""11.24237""","=""]""","=""0.00005""","=""                                                    ""","=""006001.000269""","=""L20057""","="""""
C I,"=""2s2.2p.(2P*<3/2>).24d""","=""2[7/2]*""","=""3""",7.0,"=""""","=""11.244432""","=""""","=""0.000024""","=""                                                    ""","=""006001.000270""","=""L20057""","="""""
C I,"=""2s2.2p.(2P*<3/2>).25d""","=""2[7/2]*""","=""3""",7.0,"=""[""","=""11.24633""","=""]""","=""0.00005""","=""                                                    ""","=""006001.000271""","=""L20057""","="""""
C I,"=""2s2.2p.(2P*<3/2>).26d""","=""2[7/2]*""","=""3""",7.0,"=""[""","=""11.24798""","=""]""","=""0.00005""","=""                                                    ""","=""006001.000272""","=""L20057""","="""""
C I,"=""2s2.2p.(2P*<3/2>).27d""","=""2[7/2]*""","=""3""",7.0,"=""""","=""11.249448""","=""""","=""0.000024""","=""                                                    ""","=""006001.000273""","=""L20057""","="""""
C I,"=""2s2.2p.(2P*<3/2>).28d""","=""2[7/2]*""","=""3""",7.0,"=""""","=""11.250807""","=""""","=""0.000024""","=""                                                    ""","=""006001.000274""","=""L20057""","="""""
C I,"=""2s2.2p.(2P*<3/2>).29d""","=""2[7/2]*""","=""3""",7.0,"=""""","=""11.25204""","=""""","=""0.00004""","=""                                                    ""","=""006001.000275""","=""L20057""","="""""
C I,"=""C II (2s2.2p 2P*<1/2>)""","=""Limit""","=""---""",,"=""""","=""11.2602880""","=""""","=""0.0000011""","=""                                                    ""","=""006001.Lim001""","=""L20057""","="""""
C I,"=""C II (2s2.2p 2P*<3/2>)""","=""Limit""","=""---""",,"=""""","=""11.2681480""","=""""","=""0.0000011""","=""                                                    ""","=""006001.Lim002""","=""L20057""","="""""
C I,"=""2s.2p2.(4P).3s""","=""5P""","=""1""",3.0,"=""""","=""12.83753""","=""""","=""0.00003""","="" 100                                                ""","=""006001.000278""","=""L20057""","="""""
C I,"=""2s.2p2.(4P).3s""","=""5P""","=""2""",5.0,"=""""","=""12.840090""","=""""","=""0.000012""","="" 100                                                ""","=""006001.000279""","=""L20057""","="""""
C I,"=""2s.2p2.(4P).3s""","=""5P""","=""3""",7.0,"=""""","=""12.843173""","=""""","=""0.000019""","="" 100                                                ""","=""006001.000280""","=""L20057""","="""""
C I,"=""2s.2p3""","=""1D*""","=""2""",5.0,"=""[""","=""12.8648""","=""]""","=""0.0024""","=""  95                                                ""","=""006001.000437""","=""L20057""","="""""
C I,"=""2s.2p3""","=""3S*""","=""1""",3.0,"=""""","=""13.1174190""","=""""","=""0.0000005""","=""  51         :    47  2s.2p2.(4P).3p        3S*     ""","=""006001.000281""","=""L20057""","="""""
C I,"=""2s.2p2.(4P).3p""","=""3D*""","=""1""",3.0,"=""""","=""14.266""","=""""","=""0.005""","=""  97                                                ""","=""006001.000390""","=""L20057""","="""""
C I,"=""2s.2p2.(4P).3p""","=""3D*""","=""2""",5.0,"=""""","=""14.267""","=""""","=""0.006""","=""  97                                                ""","=""006001.000391""","=""L20057""","="""""
C I,"=""2s.2p2.(4P).3p""","=""3D*""","=""3""",7.0,"=""""","=""14.268""","=""""","=""0.007""","=""  97                                                ""","=""006001.000392""","=""L20057""","="""""
C I,"=""2s.2p3""","=""1P*""","=""1""",3.0,"=""[""","=""14.2841""","=""]""","=""0.0024""","=""  95                                                ""","=""006001.000282""","=""L20057""","="""""
C I,"=""2s.2p2.(4P).4p""","=""3D*""","=""1""",3.0,"=""""","=""15.43751""","=""""","=""0.00020""","=""  97                                                ""","=""006001.000393""","=""L20057""","="""""
C I,"=""2s.2p2.(4P).4p""","=""3D*""","=""2""",5.0,"=""""","=""15.44567""","=""""","=""0.00017""","=""  97                                                ""","=""006001.000394""","=""L20057""","="""""
C I,"=""2s.2p2.(4P).4p""","=""3D*""","=""3""",7.0,"=""""","=""15.45108""","=""""","=""0.00020""","=""  97                                                ""","=""006001.000395""","=""L20057""","="""""
C I,"=""2s.2p2.(4P).5p""","=""3D*""","=""1""",3.0,"=""""","=""15.89265""","=""""","=""0.00012""","=""  98                                                ""","=""006001.000396""","=""L20057""","="""""
C I,"=""2s.2p2.(4P).5p""","=""3D*""","=""2""",5.0,"=""""","=""15.90221""","=""""","=""0.00020""","=""  98                                                ""","=""006001.000397""","=""L20057""","="""""
C I,"=""2s.2p2.(4P).5p""","=""3D*""","=""3""",7.0,"=""""","=""15.90732""","=""""","=""0.00020""","=""  98                                                ""","=""006001.000398""","=""L20057""","="""""
C I,"=""2s.2p2.(4P).6p""","=""3D*""","=""1""",3.0,"=""""","=""16.12639""","=""""","=""0.00016""","=""                                                    ""","=""006001.000399""","=""L20057""","="""""
C I,"=""2s.2p2.(4P).6p""","=""3D*""","=""3""",7.0,"=""""","=""16.13719""","=""""","=""0.00021""","=""                                                    ""","=""006001.000400""","=""L20057""","="""""
C I,"=""2s.2p2.(4P).7p""","=""3D*""","=""1""",3.0,"=""""","=""16.26169""","=""""","=""0.00019""","=""                                                    ""","=""006001.000401""","=""L20057""","="""""
C I,"=""2s.2p2.(4P).7p""","=""3D*""","=""3""",7.0,"=""""","=""16.26881""","=""""","=""0.00021""","=""                                                    ""","=""006001.000402""","=""L20057""","="""""
C I,"=""2s.2p2.(4P).8p""","=""3D*""","=""1""",3.0,"=""""","=""16.3454""","=""""","=""0.0003""","=""                                                    ""","=""006001.000403""","=""L20057""","="""""
C I,"=""2s.2p2.(4P).8p""","=""3D*""","=""3""",7.0,"=""""","=""16.35114""","=""""","=""0.00021""","=""                                                    ""","=""006001.000404""","=""L20057""","="""""
C I,"=""2s.2p2.(4P).9p""","=""3D*""","=""1""",3.0,"=""""","=""16.39853""","=""""","=""0.00019""","=""                                                    ""","=""006001.000405""","=""L20057""","="""""
C I,"=""2s.2p2.(4P).9p""","=""3D*""","=""3""",7.0,"=""""","=""16.40627""","=""""","=""0.00021""","=""                                                    ""","=""006001.000406""","=""L20057""","="""""
C I,"=""2s.2p2.(4P).10p""","=""3D*""","=""1""",3.0,"=""""","=""16.43706""","=""""","=""0.00022""","=""                                                    ""","=""006001.000407""","=""L20057""","="""""
C I,"=""2s.2p2.(4P).10p""","=""3D*""","=""3""",7.0,"=""""","=""16.44433""","=""""","=""0.00022""","=""                                                    ""","=""006001.000408""","=""L20057""","="""""
C I,"=""2s.2p2.(4P).11p""","=""3D*""","=""1""",3.0,"=""""","=""16.46565""","=""""","=""0.00022""","=""                                                    ""","=""006001.000409""","=""L20057""","="""""
C I,"=""2s.2p2.(4P).11p""","=""3D*""","=""3""",7.0,"=""""","=""16.47228""","=""""","=""0.00022""","=""                                                    ""","=""006001.000410""","=""L20057""","="""""
C I,"=""2s.2p2.(4P).12p""","=""3D*""","=""1""",3.0,"=""""","=""16.48645""","=""""","=""0.00022""","=""                                                    ""","=""006001.000411""","=""L20057""","="""""
C I,"=""2s.2p2.(4P).12p""","=""3D*""","=""3""",7.0,"=""""","=""16.49286""","=""""","=""0.00022""","=""                                                    ""","=""006001.000412""","=""L20057""","="""""
C I,"=""2s.2p2.(4P).13p""","=""3D*""","=""1""",3.0,"=""""","=""16.50202""","=""""","=""0.00022""","=""                                                    ""","=""006001.000413""","=""L20057""","="""""
C I,"=""2s.2p2.(4P).13p""","=""3D*""","=""3""",7.0,"=""""","=""16.50933""","=""""","=""0.00022""","=""                                                    ""","=""006001.000414""","=""L20057""","="""""
C I,"=""2s.2p2.(4P).14p""","=""3D*""","=""3""",7.0,"=""""","=""16.52164""","=""""","=""0.00022""","=""                                                    ""","=""006001.000415""","=""L20057""","="""""
C II,"=""2s2.2p""","=""2P*""","=""1/2""",2.0,"=""""","=""0.0000000000""","=""""","=""0.0000000000""","=""  96         :     3  2p3                   2P*  ""","=""006002.000001""","=""L22145,L6720""","=""0.66576(6)"""
C II,"=""2s2.2p""","=""2P*""","=""3/2""",4.0,"=""""","=""0.007859989""","=""""","=""0.000000003""","=""  96         :     3  2p3                   2P*  ""","=""006002.000002""","=""L22145,L6720""","=""1.33412(6)"""
C II,"=""2s.2p2""","=""4P""","=""1/2""",2.0,"=""""","=""5.33167""","=""""","=""0.00004""","=""  99                                             ""","=""006002.000003""","=""L22145,L15072""","=""(2.6704)"""
C II,"=""2s.2p2""","=""4P""","=""3/2""",4.0,"=""""","=""5.33441""","=""""","=""0.00004""","=""  99                                             ""","=""006002.000004""","=""L22145,L15072""","=""(1.7349)"""
C II,"=""2s.2p2""","=""4P""","=""5/2""",6.0,"=""""","=""5.33792""","=""""","=""0.00004""","=""  99                                             ""","=""006002.000005""","=""L22145,L15072""","=""(1.6013)"""
C II,"=""2s.2p2""","=""2D""","=""5/2""",6.0,"=""""","=""9.2901455""","=""""","=""0.0000021""","=""  97                                             ""","=""006002.000006""","=""L22145,L15072""","=""(1.2004)"""
C II,"=""2s.2p2""","=""2D""","=""3/2""",4.0,"=""""","=""9.290459""","=""""","=""0.000003""","=""  97                                             ""","=""006002.000007""","=""L22145,L15072""","=""(0.7995)"""
C II,"=""2s.2p2""","=""2S""","=""1/2""",2.0,"=""""","=""11.963687""","=""""","=""0.000003""","=""  84         :    12  2s2.3s                2S   ""","=""006002.000008""","=""L22145,L15072""","=""(2.0022)"""
C II,"=""2s.2p2""","=""2P""","=""1/2""",2.0,"=""""","=""13.715650""","=""""","=""0.000005""","=""  96         :     2  2p2.(3P).3s           2P   ""","=""006002.000009""","=""L22145,L15072""","=""(0.6659)"""
C II,"=""2s.2p2""","=""2P""","=""3/2""",4.0,"=""""","=""13.720784""","=""""","=""0.000005""","=""  96         :     2  2p2.(3P).3s           2P   ""","=""006002.000010""","=""L22145,L15072""","=""(1.3340)"""
C II,"=""2s2.3s""","=""2S""","=""1/2""",2.0,"=""""","=""14.4488269""","=""""","=""0.0000024""","=""  82         :    13  2s.2p2                2S   ""","=""006002.000011""","=""L22145,L15072""","=""(2.0023)"""
C II,"=""2s2.3p""","=""2P*""","=""1/2""",2.0,"=""""","=""16.3317419""","=""""","=""0.0000024""","=""  93         :     5  2p2.(1S).3p           2P*  ""","=""006002.000012""","=""L22145,L15072""","=""(0.6659)"""
C II,"=""2s2.3p""","=""2P*""","=""3/2""",4.0,"=""""","=""16.3331238""","=""""","=""0.0000024""","=""  93         :     5  2p2.(1S).3p           2P*  ""","=""006002.000013""","=""L22145,L15072""","=""(1.3341)"""
C II,"=""2p3""","=""4S*""","=""3/2""",4.0,"=""""","=""17.60901""","=""""","=""0.00004""","="" 100                                             ""","=""006002.000014""","=""L22145,L15072""","=""(2.0022)"""
C II,"=""2s2.3d""","=""2D""","=""3/2""",4.0,"=""""","=""18.045807""","=""""","=""0.000004""","=""  94         :     5  2p2.(1S).3d           2D   ""","=""006002.000015""","=""L22145,L15072""","=""(0.7995)"""
C II,"=""2s2.3d""","=""2D""","=""5/2""",6.0,"=""""","=""18.045987""","=""""","=""0.000004""","=""  94         :     5  2p2.(1S).3d           2D   ""","=""006002.000016""","=""L22145,L15072""","=""(1.2004)"""
C II,"=""2p3""","=""2D*""","=""5/2""",6.0,"=""""","=""18.654858""","=""""","=""0.000009""","=""  92         :     6  2s.2p.(3P*).3d        2D*  ""","=""006002.000017""","=""L22145,L15072""","=""(1.2004)"""
C II,"=""2p3""","=""2D*""","=""3/2""",4.0,"=""""","=""18.655493""","=""""","=""0.000006""","=""  92         :     6  2s.2p.(3P*).3d        2D*  ""","=""006002.000018""","=""L22145,L15072""","=""(0.7995)"""
C II,"=""2s2.4s""","=""2S""","=""1/2""",2.0,"=""""","=""19.494538""","=""""","=""0.000004""","=""  94         :     5  2p2.(1S).4s           2S   ""","=""006002.000019""","=""L22145,L15072""","=""(2.0023)"""
C II,"=""2s2.4p""","=""2P*""","=""1/2""",2.0,"=""""","=""20.149652""","=""""","=""0.000005""","=""  90         :     5  2p2.(1S).4p           2P*  ""","=""006002.000020""","=""L22145,L15072""","=""(0.6659)"""
C II,"=""2s2.4p""","=""2P*""","=""3/2""",4.0,"=""""","=""20.150477""","=""""","=""0.000004""","=""  90         :     5  2p2.(1S).4p           2P*  ""","=""006002.000021""","=""L22145,L15072""","=""(1.3341)"""
C II,"=""2s.2p.(3P*).3s""","=""4P*""","=""1/2""",2.0,"=""""","=""20.701289""","=""""","=""0.000006""","=""  98                                             ""","=""006002.000022""","=""L22145,L15072""","=""(2.6704)"""
C II,"=""2s.2p.(3P*).3s""","=""4P*""","=""3/2""",4.0,"=""""","=""20.704213""","=""""","=""0.000006""","=""  98                                             ""","=""006002.000023""","=""L22145,L15072""","=""(1.7349)"""
C II,"=""2s.2p.(3P*).3s""","=""4P*""","=""5/2""",6.0,"=""""","=""20.709791""","=""""","=""0.000006""","=""  98                                             ""","=""006002.000024""","=""L22145,L15072""","=""(1.6013)"""
C II,"=""2s2.4d""","=""2D""","=""3/2""",4.0,"=""""","=""20.844740""","=""""","=""0.000014""","=""  94         :     5  2p2.(1S).4d           2D   ""","=""006002.000025""","=""L22145""","="""""
C II,"=""2s2.4d""","=""2D""","=""5/2""",6.0,"=""""","=""20.844765""","=""""","=""0.000014""","=""  94         :     5  2p2.(1S).4d           2D   ""","=""006002.000026""","=""L22145""","="""""
C II,"=""2p3""","=""2P*""","=""1/2""",2.0,"=""""","=""20.919793""","=""""","=""0.000005""","=""  63         :    27  2s.2p.(3P*).3s        2P*  ""","=""006002.000027""","=""L22145,L15072""","=""(0.6658)"""
C II,"=""2p3""","=""2P*""","=""3/2""",4.0,"=""""","=""20.922118""","=""""","=""0.000004""","=""  63         :    27  2s.2p.(3P*).3s        2P*  ""","=""006002.000028""","=""L22145,L15072""","=""(1.3340)"""
C II,"=""2s2.4f""","=""2F*""","=""5/2""",6.0,"=""""","=""20.950632""","=""""","=""0.000006""","=""  94         :     6  2p2.(1S).4f           2F*  ""","=""006002.000029""","=""L22145""","="""""
C II,"=""2s2.4f""","=""2F*""","=""7/2""",8.0,"=""""","=""20.950654""","=""""","=""0.000005""","=""  94         :     6  2p2.(1S).4f           2F*  ""","=""006002.000030""","=""L22145""","="""""
C II,"=""2s2.5s""","=""2S""","=""1/2""",2.0,"=""""","=""21.492405""","=""""","=""0.000016""","=""  94         :     5  2p2.(1S).5s           2S   ""","=""006002.000031""","=""L22145""","="""""
C II,"=""2s2.5p""","=""2P*""","=""1/2""",2.0,"=""""","=""21.732863""","=""""","=""0.000005""","=""  49         :    26  2s.2p.(3P*).3s        2P*  ""","=""006002.000032""","=""L22145""","="""""
C II,"=""2s2.5p""","=""2P*""","=""3/2""",4.0,"=""""","=""21.733778""","=""""","=""0.000005""","=""  50         :    26  2s.2p.(3P*).3s        2P*  ""","=""006002.000033""","=""L22145""","="""""
C II,"=""2s.2p.(3P*).3s""","=""2P*""","=""1/2""",2.0,"=""""","=""22.041235""","=""""","=""0.000007""","=""  37         :    44  2s2.5p                2P*  ""","=""006002.000034""","=""L22145""","="""""
C II,"=""2s.2p.(3P*).3s""","=""2P*""","=""3/2""",4.0,"=""""","=""22.043587""","=""""","=""0.000006""","=""  37         :    44  2s2.5p                2P*  ""","=""006002.000035""","=""L22145""","="""""
C II,"=""2s2.5d""","=""2D""","=""3/2""",4.0,"=""""","=""22.130595""","=""""","=""0.000006""","=""  94         :     5  2p2.(1S).5d           2D   ""","=""006002.000036""","=""L22145""","="""""
C II,"=""2s2.5d""","=""2D""","=""5/2""",6.0,"=""""","=""22.130626""","=""""","=""0.000012""","=""  94         :     5  2p2.(1S).5d           2D   ""","=""006002.000037""","=""L22145""","="""""
C II,"=""2s2.5f""","=""2F*""","=""5/2""",6.0,"=""""","=""22.187763""","=""""","=""0.000012""","=""  94         :     6  2p2.(1S).5f           2F*  ""","=""006002.000038""","=""L22145""","="""""
C II,"=""2s2.5f""","=""2F*""","=""7/2""",8.0,"=""""","=""22.187773""","=""""","=""0.000012""","=""  94         :     6  2p2.(1S).5f           2F*  ""","=""006002.000039""","=""L22145""","="""""
C II,"=""2s2.5g""","=""2G""","=""7/2""",8.0,"=""""","=""22.202225""","=""""","=""0.000009""","=""  95         :     5  2p2.(1S).5g           2G   ""","=""006002.000040""","=""L22145""","="""""
C II,"=""2s2.5g""","=""2G""","=""9/2""",10.0,"=""""","=""22.202234""","=""""","=""0.000009""","=""  95         :     5  2p2.(1S).5g           2G   ""","=""006002.000041""","=""L22145""","="""""
C II,"=""2s2.6s""","=""2S""","=""1/2""",2.0,"=""""","=""22.473900""","=""""","=""0.000010""","=""  94         :     5  2p2.(1S).6s           2S   ""","=""006002.000042""","=""L22145""","="""""
C II,"=""2s.2p.(3P*).3p""","=""4D""","=""1/2""",2.0,"=""""","=""22.527518""","=""""","=""0.000006""","=""  91         :     8  2s.2p.(3P*).3p        2P   ""","=""006002.000043""","=""L22145""","="""""
C II,"=""2s.2p.(3P*).3p""","=""4D""","=""3/2""",4.0,"=""""","=""22.529299""","=""""","=""0.000006""","=""  95         :     4  2s.2p.(3P*).3p        2P   ""","=""006002.000044""","=""L22145""","="""""
C II,"=""2s.2p.(3P*).3p""","=""4D""","=""5/2""",6.0,"=""""","=""22.532400""","=""""","=""0.000006""","=""  99                                             ""","=""006002.000045""","=""L22145""","="""""
C II,"=""2s.2p.(3P*).3p""","=""4D""","=""7/2""",8.0,"=""""","=""22.536905""","=""""","=""0.000006""","=""  99                                             ""","=""006002.000046""","=""L22145""","="""""
C II,"=""2s.2p.(3P*).3p""","=""2P""","=""1/2""",2.0,"=""""","=""22.568086""","=""""","=""0.000005""","=""  88         :     8  2s.2p.(3P*).3p        4D   ""","=""006002.000047""","=""L22145""","="""""
C II,"=""2s.2p.(3P*).3p""","=""2P""","=""3/2""",4.0,"=""""","=""22.570504""","=""""","=""0.000004""","=""  93         :     4  2s.2p.(3P*).3p        4D   ""","=""006002.000048""","=""L22145""","="""""
C II,"=""2s2.6p""","=""2P*""","=""1/2""",2.0,"=""""","=""22.688229""","=""""","=""0.000022""","=""  92         :     5  2p2.(1S).6p           2P*  ""","=""006002.000049""","=""L22145""","="""""
C II,"=""2s2.6p""","=""2P*""","=""3/2""",4.0,"=""""","=""22.688255""","=""""","=""0.000019""","=""  92         :     5  2p2.(1S).6p           2P*  ""","=""006002.000050""","=""L22145""","="""""
C II,"=""2s2.6d""","=""2D""","=""3/2""",4.0,"=""""","=""22.822350""","=""""","=""0.000024""","=""  94         :     5  2p2.(1S).6d           2D   ""","=""006002.000051""","=""L22145""","="""""
C II,"=""2s2.6d""","=""2D""","=""5/2""",6.0,"=""""","=""22.822436""","=""""","=""0.000019""","=""  94         :     5  2p2.(1S).6d           2D   ""","=""006002.000052""","=""L22145""","="""""
C II,"=""2s2.6f""","=""2F*""","=""5/2""",6.0,"=""""","=""22.859729""","=""""","=""0.000015""","=""  94         :     6  2p2.(1S).6f           2F*  ""","=""006002.000053""","=""L22145""","="""""
C II,"=""2s2.6f""","=""2F*""","=""7/2""",8.0,"=""""","=""22.859734""","=""""","=""0.000015""","=""  94         :     6  2p2.(1S).6f           2F*  ""","=""006002.000054""","=""L22145""","="""""
C II,"=""2s2.6g""","=""2G""","=""7/2""",8.0,"=""""","=""22.868823""","=""""","=""0.000014""","=""  95         :     5  2p2.(1S).6g           2G   ""","=""006002.000055""","=""L22145""","="""""
C II,"=""2s2.6g""","=""2G""","=""9/2""",10.0,"=""""","=""22.868828""","=""""","=""0.000014""","=""  95         :     5  2p2.(1S).6g           2G   ""","=""006002.000056""","=""L22145""","="""""
C II,"=""2s2.6h""","=""2H*""","=""9/2""",10.0,"=""[""","=""22.870635""","=""]""","=""0.000017""","=""  94         :     6  2p2.(1S).6h           2H*  ""","=""006002.000057""","=""L22145""","="""""
C II,"=""2s2.6h""","=""2H*""","=""11/2""",12.0,"=""[""","=""22.870635""","=""]""","=""0.000017""","=""  94         :     6  2p2.(1S).6h           2H*  ""","=""006002.000058""","=""L22145""","="""""
C II,"=""2s.2p.(3P*).3p""","=""4S""","=""3/2""",4.0,"=""""","=""22.898766""","=""""","=""0.000006""","="" 100                                             ""","=""006002.000059""","=""L22145""","="""""
C II,"=""2s2.7s""","=""2S""","=""1/2""",2.0,"=""""","=""23.027948""","=""""","=""0.000020""","=""  94         :     5  2p2.(1S).7s           2S   ""","=""006002.000060""","=""L22145""","="""""
C II,"=""2s.2p.(3P*).3p""","=""4P""","=""1/2""",2.0,"=""""","=""23.114048""","=""""","=""0.000006""","="" 100                                             ""","=""006002.000061""","=""L22145""","="""""
C II,"=""2s.2p.(3P*).3p""","=""4P""","=""3/2""",4.0,"=""""","=""23.116074""","=""""","=""0.000006""","="" 100                                             ""","=""006002.000062""","=""L22145""","="""""
C II,"=""2s.2p.(3P*).3p""","=""4P""","=""5/2""",6.0,"=""""","=""23.118841""","=""""","=""0.000006""","="" 100                                             ""","=""006002.000063""","=""L22145""","="""""
C II,"=""2s2.7p""","=""2P*""","=""1/2""",2.0,"=""""","=""23.15347""","=""""","=""0.00006""","=""  94         :     6  2p2.(1S).7p           2P*  ""","=""006002.000064""","=""L22145""","="""""
C II,"=""2s2.7p""","=""2P*""","=""3/2""",4.0,"=""""","=""23.15359""","=""""","=""0.00003""","=""  94         :     6  2p2.(1S).7p           2P*  ""","=""006002.000065""","=""L22145""","="""""
C II,"=""2s2.7d""","=""2D""","=""3/2""",4.0,"=""""","=""23.22886""","=""""","=""0.00005""","=""  88         :     6  2s.2p.(3P*).3p        2D   ""","=""006002.000066""","=""L22145""","="""""
C II,"=""2s2.7d""","=""2D""","=""5/2""",6.0,"=""""","=""23.22886""","=""""","=""0.00005""","=""  89         :     6  2s.2p.(3P*).3p        2D   ""","=""006002.000067""","=""L22145""","="""""
C II,"=""2s2.7f""","=""2F*""","=""5/2""",6.0,"=""""","=""23.264628""","=""""","=""0.000022""","=""  94         :     6  2p2.(1S).7f           2F*  ""","=""006002.000068""","=""L22145""","="""""
C II,"=""2s2.7f""","=""2F*""","=""7/2""",8.0,"=""""","=""23.264631""","=""""","=""0.000022""","=""  94         :     6  2p2.(1S).7f           2F*  ""","=""006002.000069""","=""L22145""","="""""
C II,"=""2s2.7g""","=""2G""","=""7/2""",8.0,"=""""","=""23.270759""","=""""","=""0.000016""","=""  95         :     5  2p2.(1S).7g           2G   ""","=""006002.000070""","=""L22145""","="""""
C II,"=""2s2.7g""","=""2G""","=""9/2""",10.0,"=""""","=""23.270763""","=""""","=""0.000016""","=""  95         :     5  2p2.(1S).7g           2G   ""","=""006002.000071""","=""L22145""","="""""
C II,"=""2s2.7h""","=""2H*""","=""9/2""",10.0,"=""[""","=""23.271946""","=""]""","=""0.000015""","=""  94         :     6  2p2.(1S).7h           2H*  ""","=""006002.000072""","=""L22145""","="""""
C II,"=""2s2.7h""","=""2H*""","=""11/2""",12.0,"=""[""","=""23.271946""","=""]""","=""0.000015""","=""  94         :     6  2p2.(1S).7h           2H*  ""","=""006002.000073""","=""L22145""","="""""
C II,"=""2s2.7i""","=""2I""","=""11/2""",12.0,"=""[""","=""23.272303""","=""]""","=""0.000014""","=""  94         :     6  2p2.(1S).7i           2I   ""","=""006002.000398""","=""L22145""","="""""
C II,"=""2s2.7i""","=""2I""","=""13/2""",14.0,"=""[""","=""23.272303""","=""]""","=""0.000014""","=""  94         :     6  2p2.(1S).7i           2I   ""","=""006002.000399""","=""L22145""","="""""
C II,"=""2s2.8s""","=""2S""","=""1/2""",2.0,"=""[""","=""23.37158""","=""]""","=""0.00003""","=""  94         :     5  2p2.(1S).8s           2S   ""","=""006002.000432""","=""L22145""","="""""
C II,"=""2s.2p.(3P*).3p""","=""2D""","=""3/2""",4.0,"=""""","=""23.381096""","=""""","=""0.000006""","=""  79         :    10  2s2.8d                2D   ""","=""006002.000074""","=""L22145""","="""""
C II,"=""2s.2p.(3P*).3p""","=""2D""","=""5/2""",6.0,"=""""","=""23.385281""","=""""","=""0.000010""","=""  78         :    11  2s2.8d                2D   ""","=""006002.000075""","=""L22145""","="""""
C II,"=""2s2.8f""","=""2F*""","=""5/2""",6.0,"=""""","=""23.527470""","=""""","=""0.000011""","=""  94         :     6  2p2.(1S).8f           2F*  ""","=""006002.000208""","=""L22145""","="""""
C II,"=""2s2.8f""","=""2F*""","=""7/2""",8.0,"=""""","=""23.527471""","=""""","=""0.000011""","=""  94         :     6  2p2.(1S).8f           2F*  ""","=""006002.000209""","=""L22145""","="""""
C II,"=""2s2.8g""","=""2G""","=""7/2""",8.0,"=""""","=""23.531602""","=""""","=""0.000012""","=""  95         :     5  2p2.(1S).8g           2G   ""","=""006002.000076""","=""L22145""","="""""
C II,"=""2s2.8g""","=""2G""","=""9/2""",10.0,"=""""","=""23.531603""","=""""","=""0.000012""","=""  95         :     5  2p2.(1S).8g           2G   ""","=""006002.000077""","=""L22145""","="""""
C II,"=""2s2.8h""","=""2H*""","=""9/2""",10.0,"=""""","=""23.532439""","=""""","=""0.000009""","=""  94         :     6  2p2.(1S).8h           2H*  ""","=""006002.000210""","=""L22145""","="""""
C II,"=""2s2.8h""","=""2H*""","=""11/2""",12.0,"=""""","=""23.532440""","=""""","=""0.000009""","=""  94         :     6  2p2.(1S).8h           2H*  ""","=""006002.000211""","=""L22145""","="""""
C II,"=""2s2.8i""","=""2I""","=""11/2""",12.0,"=""[""","=""23.532663""","=""]""","=""0.000014""","=""  94         :     6  2p2.(1S).8i           2I   ""","=""006002.000400""","=""L22145""","="""""
C II,"=""2s2.8i""","=""2I""","=""13/2""",14.0,"=""[""","=""23.532663""","=""]""","=""0.000014""","=""  94         :     6  2p2.(1S).8i           2I   ""","=""006002.000401""","=""L22145""","="""""
C II,"=""2s2.8k""","=""2K*""","=""13/2""",14.0,"=""[""","=""23.532754""","=""]""","=""0.000012""","=""  94         :     6  2p2.(1S).8k           2K*  ""","=""006002.000416""","=""L22145""","="""""
C II,"=""2s2.8k""","=""2K*""","=""15/2""",16.0,"=""[""","=""23.532754""","=""]""","=""0.000012""","=""  94         :     6  2p2.(1S).8k           2K*  ""","=""006002.000417""","=""L22145""","="""""
C II,"=""2s2.8d""","=""2D""","=""3/2""",4.0,"=""""","=""23.5332""","=""""","=""0.0022""","=""  84         :     9  2s.2p.(3P*).3p        2D   ""","=""006002.000258""","=""L22145""","="""""
C II,"=""2s2.8d""","=""2D""","=""5/2""",6.0,"=""""","=""23.5337""","=""""","=""0.0022""","=""  84         :    10  2s.2p.(3P*).3p        2D   ""","=""006002.000259""","=""L22145""","="""""
C II,"=""2s2.9s""","=""2S""","=""1/2""",2.0,"=""[""","=""23.59933""","=""]""","=""0.00004""","=""  94         :     5  2p2.(1S).9s           2S   ""","=""006002.000433""","=""L22145""","="""""
C II,"=""2s2.9d""","=""2D""","=""3/2""",4.0,"=""""","=""23.7070""","=""""","=""0.0023""","=""  93         :     5  2p2.(1S).9d           2D   ""","=""006002.000260""","=""L22145""","="""""
C II,"=""2s2.9d""","=""2D""","=""5/2""",6.0,"=""""","=""23.7071""","=""""","=""0.0023""","=""  93         :     5  2p2.(1S).9d           2D   ""","=""006002.000261""","=""L22145""","="""""
C II,"=""2s2.9f""","=""2F*""","=""5/2""",6.0,"=""""","=""23.707425""","=""""","=""0.000021""","=""  94         :     6  2p2.(1S).9f           2F*  ""","=""006002.000212""","=""L22145""","="""""
C II,"=""2s2.9f""","=""2F*""","=""7/2""",8.0,"=""""","=""23.707426""","=""""","=""0.000021""","=""  94         :     6  2p2.(1S).9f           2F*  ""","=""006002.000213""","=""L22145""","="""""
C II,"=""2s2.9g""","=""2G""","=""7/2""",8.0,"=""""","=""23.710396""","=""""","=""0.000012""","=""  95         :     5  2p2.(1S).9g           2G   ""","=""006002.000214""","=""L22145""","="""""
C II,"=""2s2.9g""","=""2G""","=""9/2""",10.0,"=""""","=""23.710397""","=""""","=""0.000012""","=""  95         :     5  2p2.(1S).9g           2G   ""","=""006002.000215""","=""L22145""","="""""
C II,"=""2s2.9h""","=""2H*""","=""9/2""",10.0,"=""[""","=""23.710987""","=""]""","=""0.000012""","=""  94         :     6  2p2.(1S).9h           2H*  ""","=""006002.000216""","=""L22145""","="""""
C II,"=""2s2.9h""","=""2H*""","=""11/2""",12.0,"=""[""","=""23.710987""","=""]""","=""0.000012""","=""  94         :     6  2p2.(1S).9h           2H*  ""","=""006002.000217""","=""L22145""","="""""
C II,"=""2s2.9i""","=""2I""","=""11/2""",12.0,"=""[""","=""23.711166""","=""]""","=""0.000014""","=""  94         :     6  2p2.(1S).9i           2I   ""","=""006002.000402""","=""L22145""","="""""
C II,"=""2s2.9i""","=""2I""","=""13/2""",14.0,"=""[""","=""23.711166""","=""]""","=""0.000014""","=""  94         :     6  2p2.(1S).9i           2I   ""","=""006002.000403""","=""L22145""","="""""
C II,"=""2s2.9k""","=""2K*""","=""13/2""",14.0,"=""[""","=""23.711233""","=""]""","=""0.000012""","=""  94         :     6  2p2.(1S).9k           2K*  ""","=""006002.000418""","=""L22145""","="""""
C II,"=""2s2.9k""","=""2K*""","=""15/2""",16.0,"=""[""","=""23.711233""","=""]""","=""0.000012""","=""  94         :     6  2p2.(1S).9k           2K*  ""","=""006002.000419""","=""L22145""","="""""
C II,"=""2s2.10d""","=""2D""","=""3/2""",4.0,"=""""","=""23.8341""","=""""","=""0.0023""","=""  94         :     5  2p2.(1S).10d          2D   ""","=""006002.000262""","=""L22145""","="""""
C II,"=""2s2.10d""","=""2D""","=""5/2""",6.0,"=""""","=""23.8342""","=""""","=""0.0023""","=""  94         :     5  2p2.(1S).10d          2D   ""","=""006002.000263""","=""L22145""","="""""
C II,"=""2s2.10f""","=""2F*""","=""5/2""",6.0,"=""[""","=""23.836096""","=""]""","=""0.000016""","=""  94         :     6  2p2.(1S).10f          2F*  ""","=""006002.000382""","=""L22145""","="""""
C II,"=""2s2.10f""","=""2F*""","=""7/2""",8.0,"=""[""","=""23.836096""","=""]""","=""0.000016""","=""  94         :     6  2p2.(1S).10f          2F*  ""","=""006002.000383""","=""L22145""","="""""
C II,"=""2s2.10g""","=""2G""","=""7/2""",8.0,"=""""","=""23.838287""","=""""","=""0.000012""","=""  95         :     5  2p2.(1S).10g          2G   ""","=""006002.000218""","=""L22145""","="""""
C II,"=""2s2.10g""","=""2G""","=""9/2""",10.0,"=""""","=""23.838288""","=""""","=""0.000012""","=""  95         :     5  2p2.(1S).10g          2G   ""","=""006002.000219""","=""L22145""","="""""
C II,"=""2s2.10h""","=""2H*""","=""9/2""",10.0,"=""""","=""23.838734""","=""""","=""0.000010""","=""  94         :     6  2p2.(1S).10h          2H*  ""","=""006002.000220""","=""L22145""","="""""
C II,"=""2s2.10h""","=""2H*""","=""11/2""",12.0,"=""""","=""23.838736""","=""""","=""0.000010""","=""  94         :     6  2p2.(1S).10h          2H*  ""","=""006002.000221""","=""L22145""","="""""
C II,"=""2s2.10i""","=""2I""","=""11/2""",12.0,"=""[""","=""23.838849""","=""]""","=""0.000012""","=""  94         :     6  2p2.(1S).10i          2I   ""","=""006002.000404""","=""L22145""","="""""
C II,"=""2s2.10i""","=""2I""","=""13/2""",14.0,"=""[""","=""23.838849""","=""]""","=""0.000012""","=""  94         :     6  2p2.(1S).10i          2I   ""","=""006002.000405""","=""L22145""","="""""
C II,"=""2s2.10k""","=""2K*""","=""13/2""",14.0,"=""[""","=""23.838898""","=""]""","=""0.000012""","=""  94         :     6  2p2.(1S).10k          2K*  ""","=""006002.000420""","=""L22145""","="""""
C II,"=""2s2.10k""","=""2K*""","=""15/2""",16.0,"=""[""","=""23.838898""","=""]""","=""0.000012""","=""  94         :     6  2p2.(1S).10k          2K*  ""","=""006002.000421""","=""L22145""","="""""
C II,"=""2s2.11d""","=""2D""","=""3/2""",4.0,"=""""","=""23.9284""","=""""","=""0.0023""","=""  94         :     5  2p2.(1S).11d          2D   ""","=""006002.000264""","=""L22145""","="""""
C II,"=""2s2.11d""","=""2D""","=""5/2""",6.0,"=""""","=""23.9284""","=""""","=""0.0023""","=""  94         :     5  2p2.(1S).11d          2D   ""","=""006002.000265""","=""L22145""","="""""
C II,"=""2s2.11f""","=""2F*""","=""5/2""",6.0,"=""""","=""23.93119""","=""""","=""0.00003""","=""  94         :     6  2p2.(1S).11f          2F*  ""","=""006002.000230""","=""L22145""","="""""
C II,"=""2s2.11f""","=""2F*""","=""7/2""",8.0,"=""""","=""23.93119""","=""""","=""0.00003""","=""  94         :     6  2p2.(1S).11f          2F*  ""","=""006002.000231""","=""L22145""","="""""
C II,"=""2s2.11g""","=""2G""","=""7/2""",8.0,"=""""","=""23.932878""","=""""","=""0.000017""","=""  95         :     5  2p2.(1S).11g          2G   ""","=""006002.000240""","=""L22145""","="""""
C II,"=""2s2.11g""","=""2G""","=""9/2""",10.0,"=""""","=""23.932879""","=""""","=""0.000017""","=""  95         :     5  2p2.(1S).11g          2G   ""","=""006002.000239""","=""L22145""","="""""
C II,"=""2s2.11h""","=""2H*""","=""9/2""",10.0,"=""[""","=""23.933217""","=""]""","=""0.000012""","=""  94         :     6  2p2.(1S).11h          2H*  ""","=""006002.000254""","=""L22145""","="""""
C II,"=""2s2.11h""","=""2H*""","=""11/2""",12.0,"=""[""","=""23.933217""","=""]""","=""0.000012""","=""  94         :     6  2p2.(1S).11h          2H*  ""","=""006002.000256""","=""L22145""","="""""
C II,"=""2s2.11i""","=""2I""","=""11/2""",12.0,"=""[""","=""23.933317""","=""]""","=""0.000012""","=""  94         :     6  2p2.(1S).11i          2I   ""","=""006002.000406""","=""L22145""","="""""
C II,"=""2s2.11i""","=""2I""","=""13/2""",14.0,"=""[""","=""23.933317""","=""]""","=""0.000012""","=""  94         :     6  2p2.(1S).11i          2I   ""","=""006002.000407""","=""L22145""","="""""
C II,"=""2s2.11k""","=""2K*""","=""13/2""",14.0,"=""[""","=""23.933355""","=""]""","=""0.000012""","=""  94         :     6  2p2.(1S).11k          2K*  ""","=""006002.000422""","=""L22145""","="""""
C II,"=""2s2.11k""","=""2K*""","=""15/2""",16.0,"=""[""","=""23.933355""","=""]""","=""0.000012""","=""  94         :     6  2p2.(1S).11k          2K*  ""","=""006002.000423""","=""L22145""","="""""
C II,"=""2s2.12d""","=""2D""","=""3/2""",4.0,"=""""","=""24.0029""","=""""","=""0.0016""","=""  94         :     5  2p2.(1S).12d          2D   ""","=""006002.000266""","=""L22145""","="""""
C II,"=""2s2.12d""","=""2D""","=""5/2""",6.0,"=""""","=""24.0029""","=""""","=""0.0016""","=""  94         :     5  2p2.(1S).12d          2D   ""","=""006002.000267""","=""L22145""","="""""
C II,"=""2s2.12f""","=""2F*""","=""5/2""",6.0,"=""""","=""24.00349""","=""""","=""0.00008""","=""  94         :     6  2p2.(1S).12f          2F*  ""","=""006002.000222""","=""L22145""","="""""
C II,"=""2s2.12f""","=""2F*""","=""7/2""",8.0,"=""""","=""24.00349""","=""""","=""0.00008""","=""  94         :     6  2p2.(1S).12f          2F*  ""","=""006002.000223""","=""L22145""","="""""
C II,"=""2s2.12g""","=""2G""","=""7/2""",8.0,"=""""","=""24.004847""","=""""","=""0.000017""","=""  95         :     5  2p2.(1S).12g          2G   ""","=""006002.000246""","=""L22145""","="""""
C II,"=""2s2.12g""","=""2G""","=""9/2""",10.0,"=""""","=""24.004847""","=""""","=""0.000017""","=""  95         :     5  2p2.(1S).12g          2G   ""","=""006002.000245""","=""L22145""","="""""
C II,"=""2s2.12h""","=""2H*""","=""9/2""",10.0,"=""[""","=""24.005090""","=""]""","=""0.000012""","=""  94         :     6  2p2.(1S).12h          2H*  ""","=""006002.000390""","=""L22145""","="""""
C II,"=""2s2.12h""","=""2H*""","=""11/2""",12.0,"=""[""","=""24.005090""","=""]""","=""0.000012""","=""  94         :     6  2p2.(1S).12h          2H*  ""","=""006002.000391""","=""L22145""","="""""
C II,"=""2s2.12i""","=""2I""","=""11/2""",12.0,"=""[""","=""24.005168""","=""]""","=""0.000012""","=""  94         :     6  2p2.(1S).12i          2I   ""","=""006002.000408""","=""L22145""","="""""
C II,"=""2s2.12i""","=""2I""","=""13/2""",14.0,"=""[""","=""24.005168""","=""]""","=""0.000012""","=""  94         :     6  2p2.(1S).12i          2I   ""","=""006002.000409""","=""L22145""","="""""
C II,"=""2s2.12k""","=""2K*""","=""13/2""",14.0,"=""[""","=""24.005198""","=""]""","=""0.000012""","=""  94         :     6  2p2.(1S).12k          2K*  ""","=""006002.000424""","=""L22145""","="""""
C II,"=""2s2.12k""","=""2K*""","=""15/2""",16.0,"=""[""","=""24.005198""","=""]""","=""0.000012""","=""  94         :     6  2p2.(1S).12k          2K*  ""","=""006002.000425""","=""L22145""","="""""
C II,"=""2s2.13f""","=""2F*""","=""5/2""",6.0,"=""[""","=""24.059804""","=""]""","=""0.000014""","=""  94         :     6  2p2.(1S).13f          2F*  ""","=""006002.000233""","=""L22145""","="""""
C II,"=""2s2.13f""","=""2F*""","=""7/2""",8.0,"=""[""","=""24.059804""","=""]""","=""0.000014""","=""  94         :     6  2p2.(1S).13f          2F*  ""","=""006002.000234""","=""L22145""","="""""
C II,"=""2s2.13g""","=""2G""","=""7/2""",8.0,"=""[""","=""24.060822""","=""]""","=""0.000009""","=""  95         :     5  2p2.(1S).13g          2G   ""","=""006002.000386""","=""L22145""","="""""
C II,"=""2s2.13g""","=""2G""","=""9/2""",10.0,"=""[""","=""24.060822""","=""]""","=""0.000009""","=""  95         :     5  2p2.(1S).13g          2G   ""","=""006002.000387""","=""L22145""","="""""
C II,"=""2s2.13h""","=""2H*""","=""9/2""",10.0,"=""[""","=""24.061022""","=""]""","=""0.000012""","=""  94         :     6  2p2.(1S).13h          2H*  ""","=""006002.000392""","=""L22145""","="""""
C II,"=""2s2.13h""","=""2H*""","=""11/2""",12.0,"=""[""","=""24.061022""","=""]""","=""0.000012""","=""  94         :     6  2p2.(1S).13h          2H*  ""","=""006002.000393""","=""L22145""","="""""
C II,"=""2s2.13i""","=""2I""","=""11/2""",12.0,"=""[""","=""24.061085""","=""]""","=""0.000012""","=""  94         :     6  2p2.(1S).13i          2I   ""","=""006002.000410""","=""L22145""","="""""
C II,"=""2s2.13i""","=""2I""","=""13/2""",14.0,"=""[""","=""24.061085""","=""]""","=""0.000012""","=""  94         :     6  2p2.(1S).13i          2I   ""","=""006002.000411""","=""L22145""","="""""
C II,"=""2s2.13k""","=""2K*""","=""13/2""",14.0,"=""[""","=""24.061109""","=""]""","=""0.000012""","=""  94         :     6  2p2.(1S).13k          2K*  ""","=""006002.000426""","=""L22145""","="""""
C II,"=""2s2.13k""","=""2K*""","=""15/2""",16.0,"=""[""","=""24.061109""","=""]""","=""0.000012""","=""  94         :     6  2p2.(1S).13k          2K*  ""","=""006002.000427""","=""L22145""","="""""
C II,"=""2s2.14f""","=""2F*""","=""5/2""",6.0,"=""""","=""24.10424""","=""""","=""0.00008""","=""  94         :     6  2p2.(1S).14f          2F*  ""","=""006002.000236""","=""L22145""","="""""
C II,"=""2s2.14f""","=""2F*""","=""7/2""",8.0,"=""""","=""24.10424""","=""""","=""0.00008""","=""  94         :     6  2p2.(1S).14f          2F*  ""","=""006002.000237""","=""L22145""","="""""
C II,"=""2s2.14g""","=""2G""","=""7/2""",8.0,"=""""","=""24.10527""","=""""","=""0.00003""","=""  95         :     5  2p2.(1S).14g          2G   ""","=""006002.000252""","=""L22145""","="""""
C II,"=""2s2.14g""","=""2G""","=""9/2""",10.0,"=""""","=""24.10527""","=""""","=""0.00003""","=""  95         :     5  2p2.(1S).14g          2G   ""","=""006002.000229""","=""L22145""","="""""
C II,"=""2s2.14h""","=""2H*""","=""9/2""",10.0,"=""[""","=""24.105402""","=""]""","=""0.000012""","=""  94         :     6  2p2.(1S).14h          2H*  ""","=""006002.000394""","=""L22145""","="""""
C II,"=""2s2.14h""","=""2H*""","=""11/2""",12.0,"=""[""","=""24.105402""","=""]""","=""0.000012""","=""  94         :     6  2p2.(1S).14h          2H*  ""","=""006002.000395""","=""L22145""","="""""
C II,"=""2s2.14i""","=""2I""","=""11/2""",12.0,"=""[""","=""24.105452""","=""]""","=""0.000012""","=""  94         :     6  2p2.(1S).14i          2I   ""","=""006002.000412""","=""L22145""","="""""
C II,"=""2s2.14i""","=""2I""","=""13/2""",14.0,"=""[""","=""24.105452""","=""]""","=""0.000012""","=""  94         :     6  2p2.(1S).14i          2I   ""","=""006002.000413""","=""L22145""","="""""
C II,"=""2s2.14k""","=""2K*""","=""13/2""",14.0,"=""[""","=""24.105472""","=""]""","=""0.000012""","=""  94         :     6  2p2.(1S).14k          2K*  ""","=""006002.000428""","=""L22145""","="""""
C II,"=""2s2.14k""","=""2K*""","=""15/2""",16.0,"=""[""","=""24.105472""","=""]""","=""0.000012""","=""  94         :     6  2p2.(1S).14k          2K*  ""","=""006002.000429""","=""L22145""","="""""
C II,"=""2s2.15d""","=""2D""","=""3/2""",4.0,"=""""","=""24.1323""","=""""","=""0.0023""","=""  94         :     5  2p2.(1S).15d          2D   ""","=""006002.000268""","=""L22145""","="""""
C II,"=""2s2.15d""","=""2D""","=""5/2""",6.0,"=""""","=""24.1323""","=""""","=""0.0023""","=""  94         :     5  2p2.(1S).15d          2D   ""","=""006002.000269""","=""L22145""","="""""
C II,"=""2s2.15f""","=""2F*""","=""5/2""",6.0,"=""[""","=""24.140407""","=""]""","=""0.000014""","=""  94         :     6  2p2.(1S).15f          2F*  ""","=""006002.000384""","=""L22145""","="""""
C II,"=""2s2.15f""","=""2F*""","=""7/2""",8.0,"=""[""","=""24.140407""","=""]""","=""0.000014""","=""  94         :     6  2p2.(1S).15f          2F*  ""","=""006002.000385""","=""L22145""","="""""
C II,"=""2s2.15g""","=""2G""","=""7/2""",8.0,"=""[""","=""24.141072""","=""]""","=""0.000010""","=""  95         :     5  2p2.(1S).15g          2G   ""","=""006002.000388""","=""L22145""","="""""
C II,"=""2s2.15g""","=""2G""","=""9/2""",10.0,"=""[""","=""24.141072""","=""]""","=""0.000010""","=""  95         :     5  2p2.(1S).15g          2G   ""","=""006002.000389""","=""L22145""","="""""
C II,"=""2s2.15h""","=""2H*""","=""9/2""",10.0,"=""[""","=""24.141204""","=""]""","=""0.000012""","=""  94         :     6  2p2.(1S).15h          2H*  ""","=""006002.000396""","=""L22145""","="""""
C II,"=""2s2.15h""","=""2H*""","=""11/2""",12.0,"=""[""","=""24.141204""","=""]""","=""0.000012""","=""  94         :     6  2p2.(1S).15h          2H*  ""","=""006002.000397""","=""L22145""","="""""
C II,"=""2s2.15i""","=""2I""","=""13/2""",14.0,"=""[""","=""24.141245""","=""]""","=""0.000012""","=""  94         :     6  2p2.(1S).15i          2I   ""","=""006002.000415""","=""L22145""","="""""
C II,"=""2s2.15i""","=""2I""","=""11/2""",12.0,"=""[""","=""24.141245""","=""]""","=""0.000012""","=""  94         :     6  2p2.(1S).15i          2I   ""","=""006002.000414""","=""L22145""","="""""
C II,"=""2s2.15k""","=""2K*""","=""15/2""",16.0,"=""[""","=""24.141261""","=""]""","=""0.000012""","=""  94         :     6  2p2.(1S).15k          2K*  ""","=""006002.000431""","=""L22145""","="""""
C II,"=""2s2.15k""","=""2K*""","=""13/2""",14.0,"=""[""","=""24.141261""","=""]""","=""0.000012""","=""  94         :     6  2p2.(1S).15k          2K*  ""","=""006002.000430""","=""L22145""","="""""
C II,"=""2s.2p.(3P*).3d""","=""4F*""","=""3/2""",4.0,"=""""","=""24.270232""","=""""","=""0.000006""","="" 100                                             ""","=""006002.000078""","=""L22145""","="""""
C II,"=""2s.2p.(3P*).3d""","=""4F*""","=""5/2""",6.0,"=""""","=""24.271876""","=""""","=""0.000006""","=""  99                                             ""","=""006002.000079""","=""L22145""","="""""
C II,"=""2s.2p.(3P*).3d""","=""4F*""","=""7/2""",8.0,"=""""","=""24.274339""","=""""","=""0.000006""","=""  99                                             ""","=""006002.000080""","=""L22145""","="""""
C II,"=""2s.2p.(3P*).3d""","=""4F*""","=""9/2""",10.0,"=""""","=""24.277795""","=""""","=""0.000006""","="" 100                                             ""","=""006002.000081""","=""L22145""","="""""
C II,"=""2s.2p.(3P*).3d""","=""4D*""","=""1/2""",2.0,"=""""","=""24.370080""","=""""","=""0.000007""","=""  99                                             ""","=""006002.000082""","=""L22145""","="""""
C II,"=""2s.2p.(3P*).3d""","=""4D*""","=""3/2""",4.0,"=""""","=""24.370757""","=""""","=""0.000006""","=""  99                                             ""","=""006002.000083""","=""L22145""","="""""
C II,"=""2s.2p.(3P*).3d""","=""4D*""","=""5/2""",6.0,"=""""","=""24.371800""","=""""","=""0.000006""","=""  99                                             ""","=""006002.000084""","=""L22145""","="""""
C II,"=""2s.2p.(3P*).3d""","=""4D*""","=""7/2""",8.0,"=""""","=""24.373054""","=""""","=""0.000006""","=""  99                                             ""","=""006002.000085""","=""L22145""","="""""
C II,"=""C III (2s2 1S<0>)""","=""Limit""","=""---""",,"=""""","=""24.383143""","=""""","=""0.000012""","=""                                                 ""","=""006002.Lim001""","=""L22145""","="""""
C II,"=""2s.2p.(3P*).3d""","=""2D*""","=""3/2""",4.0,"=""""","=""24.601624""","=""""","=""0.000005""","=""  94         :     5  2p3                   2D*  ""","=""006002.000087""","=""L22145""","="""""
C II,"=""2s.2p.(3P*).3d""","=""2D*""","=""5/2""",6.0,"=""""","=""24.602961""","=""""","=""0.000005""","=""  94         :     5  2p3                   2D*  ""","=""006002.000088""","=""L22145""","="""""
C II,"=""2s.2p.(3P*).3d""","=""4P*""","=""5/2""",6.0,"=""""","=""24.653514""","=""""","=""0.000006""","=""  99                                             ""","=""006002.000089""","=""L22145""","="""""
C II,"=""2s.2p.(3P*).3d""","=""4P*""","=""3/2""",4.0,"=""""","=""24.656151""","=""""","=""0.000006""","=""  99                                             ""","=""006002.000090""","=""L22145""","="""""
C II,"=""2s.2p.(3P*).3d""","=""4P*""","=""1/2""",2.0,"=""""","=""24.657857""","=""""","=""0.000006""","=""  99                                             ""","=""006002.000091""","=""L22145""","="""""
C II,"=""2s.2p.(3P*).3d""","=""2F*""","=""5/2""",6.0,"=""""","=""24.789558""","=""""","=""0.000020""","=""  99                                             ""","=""006002.000092""","=""L22145""","="""""
C II,"=""2s.2p.(3P*).3d""","=""2F*""","=""7/2""",8.0,"=""""","=""24.794748""","=""""","=""0.000016""","=""  99                                             ""","=""006002.000093""","=""L22145""","="""""
C II,"=""2s.2p.(3P*).3d""","=""2P*""","=""3/2""",4.0,"=""""","=""25.067108""","=""""","=""0.000006""","=""  91         :     5  2p3                   2P*  ""","=""006002.000094""","=""L22145""","="""""
C II,"=""2s.2p.(3P*).3d""","=""2P*""","=""1/2""",2.0,"=""""","=""25.070170""","=""""","=""0.000006""","=""  91         :     5  2p3                   2P*  ""","=""006002.000095""","=""L22145""","="""""
C II,"=""2s.2p.(3P*).4s""","=""4P*""","=""1/2""",2.0,"=""""","=""25.981185""","=""""","=""0.000006""","=""  99                                             ""","=""006002.000096""","=""L22145""","="""""
C II,"=""2s.2p.(3P*).4s""","=""4P*""","=""3/2""",4.0,"=""""","=""25.984173""","=""""","=""0.000006""","=""  99                                             ""","=""006002.000097""","=""L22145""","="""""
C II,"=""2s.2p.(3P*).4s""","=""4P*""","=""5/2""",6.0,"=""""","=""25.989855""","=""""","=""0.000006""","=""  99                                             ""","=""006002.000098""","=""L22145""","="""""
C II,"=""2s.2p.(3P*).4p""","=""2P""","=""1/2""",2.0,"=""""","=""26.582750""","=""""","=""0.000009""","=""  97                                             ""","=""006002.000099""","=""L22145""","="""""
C II,"=""2s.2p.(3P*).4p""","=""2P""","=""3/2""",4.0,"=""""","=""26.585924""","=""""","=""0.000006""","=""  98                                             ""","=""006002.000100""","=""L22145""","="""""
C II,"=""2s.2p.(3P*).4p""","=""4D""","=""1/2""",2.0,"=""""","=""26.626817""","=""""","=""0.000014""","=""  98                                             ""","=""006002.000101""","=""L22145""","="""""
C II,"=""2s.2p.(3P*).4p""","=""4D""","=""3/2""",4.0,"=""""","=""26.628437""","=""""","=""0.000007""","=""  99                                             ""","=""006002.000102""","=""L22145""","="""""
C II,"=""2s.2p.(3P*).4p""","=""4D""","=""5/2""",6.0,"=""""","=""26.631221""","=""""","=""0.000006""","=""  99                                             ""","=""006002.000103""","=""L22145""","="""""
C II,"=""2s.2p.(3P*).4p""","=""4D""","=""7/2""",8.0,"=""""","=""26.635493""","=""""","=""0.000006""","=""  99                                             ""","=""006002.000104""","=""L22145""","="""""
C II,"=""2s.2p.(3P*).4p""","=""4S""","=""3/2""",4.0,"=""""","=""26.751796""","=""""","=""0.000006""","=""  98                                             ""","=""006002.000105""","=""L22145""","="""""
C II,"=""2s.2p.(3P*).4p""","=""4P""","=""1/2""",2.0,"=""""","=""26.825558""","=""""","=""0.000011""","="" 100                                             ""","=""006002.000106""","=""L22145""","="""""
C II,"=""2s.2p.(3P*).4p""","=""4P""","=""3/2""",4.0,"=""""","=""26.827651""","=""""","=""0.000006""","=""  98                                             ""","=""006002.000107""","=""L22145""","="""""
C II,"=""2s.2p.(3P*).4p""","=""4P""","=""5/2""",6.0,"=""""","=""26.830251""","=""""","=""0.000007""","="" 100                                             ""","=""006002.000108""","=""L22145""","="""""
C II,"=""2s.2p.(3P*).4p""","=""2D""","=""3/2""",4.0,"=""""","=""26.8893""","=""""","=""0.0012""","=""  98                                             ""","=""006002.000257""","=""L22145""","="""""
C II,"=""2s.2p.(3P*).4p""","=""2D""","=""5/2""",6.0,"=""""","=""26.8950""","=""""","=""0.0011""","=""  98                                             ""","=""006002.000109""","=""L22145""","="""""
C II,"=""2s.2p.(3P*).4p""","=""2S""","=""1/2""",2.0,"=""""","=""27.078""","=""""","=""0.004""","=""  95         :     2  2s.2p.(3P*).5p        2S   ""","=""006002.000270""","=""L22145""","="""""
C II,"=""2s.2p.(3P*).4d""","=""4F*""","=""3/2""",4.0,"=""""","=""27.22166""","=""""","=""0.00005""","=""  99                                             ""","=""006002.000110""","=""L22145""","="""""
C II,"=""2s.2p.(3P*).4d""","=""4F*""","=""5/2""",6.0,"=""""","=""27.223235""","=""""","=""0.000014""","=""  99                                             ""","=""006002.000111""","=""L22145""","="""""
C II,"=""2s.2p.(3P*).4d""","=""4F*""","=""7/2""",8.0,"=""""","=""27.225788""","=""""","=""0.000010""","=""  99                                             ""","=""006002.000112""","=""L22145""","="""""
C II,"=""2s.2p.(3P*).4d""","=""4F*""","=""9/2""",10.0,"=""""","=""27.22939""","=""""","=""0.00005""","=""  99                                             ""","=""006002.000113""","=""L22145""","="""""
C II,"=""2s.2p.(3P*).4d""","=""4D*""","=""1/2""",2.0,"=""""","=""27.292087""","=""""","=""0.000011""","="" 100                                             ""","=""006002.000114""","=""L22145""","="""""
C II,"=""2s.2p.(3P*).4d""","=""4D*""","=""3/2""",4.0,"=""""","=""27.292748""","=""""","=""0.000009""","=""  99                                             ""","=""006002.000115""","=""L22145""","="""""
C II,"=""2s.2p.(3P*).4d""","=""4D*""","=""5/2""",6.0,"=""""","=""27.293810""","=""""","=""0.000009""","=""  99                                             ""","=""006002.000116""","=""L22145""","="""""
C II,"=""2s.2p.(3P*).4d""","=""4D*""","=""7/2""",8.0,"=""""","=""27.295185""","=""""","=""0.000010""","="" 100                                             ""","=""006002.000117""","=""L22145""","="""""
C II,"=""2s.2p.(3P*).4d""","=""2D*""","=""3/2""",4.0,"=""""","=""27.351096""","=""""","=""0.000016""","=""  98                                             ""","=""006002.000118""","=""L22145""","="""""
C II,"=""2s.2p.(3P*).4d""","=""2D*""","=""5/2""",6.0,"=""""","=""27.352706""","=""""","=""0.000012""","=""  98                                             ""","=""006002.000119""","=""L22145""","="""""
C II,"=""2s.2p.(3P*).4d""","=""4P*""","=""5/2""",6.0,"=""""","=""27.377159""","=""""","=""0.000010""","=""  99                                             ""","=""006002.000120""","=""L22145""","="""""
C II,"=""2s.2p.(3P*).4d""","=""4P*""","=""3/2""",4.0,"=""""","=""27.379700""","=""""","=""0.000010""","=""  99                                             ""","=""006002.000121""","=""L22145""","="""""
C II,"=""2s.2p.(3P*).4d""","=""4P*""","=""1/2""",2.0,"=""""","=""27.381301""","=""""","=""0.000010""","=""  99                                             ""","=""006002.000122""","=""L22145""","="""""
C II,"=""2s.2p.(3P*).4f""","=""2F""","=""5/2""",6.0,"=""""","=""27.411529""","=""""","=""0.000006""","=""  60         :    39  2s.2p.(3P*).4f        4F   ""","=""006002.000123""","=""L22145""","="""""
C II,"=""2s.2p.(3P*).4f""","=""2F""","=""7/2""",8.0,"=""""","=""27.413617""","=""""","=""0.000006""","=""  73         :    26  2s.2p.(3P*).4f        4F   ""","=""006002.000127""","=""L22145""","="""""
C II,"=""2s.2p.(3P*).4f""","=""4F""","=""3/2""",4.0,"=""""","=""27.412155""","=""""","=""0.000006""","="" 100                                             ""","=""006002.000124""","=""L22145""","="""""
C II,"=""2s.2p.(3P*).4f""","=""4F""","=""7/2""",8.0,"=""""","=""27.412647""","=""""","=""0.000006""","=""  73         :    26  2s.2p.(3P*).4f        2F   ""","=""006002.000125""","=""L22145""","="""""
C II,"=""2s.2p.(3P*).4f""","=""4F""","=""5/2""",6.0,"=""""","=""27.412802""","=""""","=""0.000006""","=""  60         :    39  2s.2p.(3P*).4f        2F   ""","=""006002.000126""","=""L22145""","="""""
C II,"=""2s.2p.(3P*).4f""","=""4F""","=""9/2""",10.0,"=""""","=""27.414114""","=""""","=""0.000009""","="" 100                                             ""","=""006002.000128""","=""L22145""","="""""
C II,"=""2s.2p.(3P*).4d""","=""2F*""","=""5/2""",6.0,"=""""","=""27.457651""","=""""","=""0.000014""","=""  98                                             ""","=""006002.000129""","=""L22145""","="""""
C II,"=""2s.2p.(3P*).4d""","=""2F*""","=""7/2""",8.0,"=""""","=""27.462905""","=""""","=""0.000014""","=""  98                                             ""","=""006002.000130""","=""L22145""","="""""
C II,"=""2s.2p.(3P*).4f""","=""4G""","=""5/2""",6.0,"=""""","=""27.468054""","=""""","=""0.000007""","="" 100                                             ""","=""006002.000131""","=""L22145""","="""""
C II,"=""2s.2p.(3P*).4f""","=""4G""","=""7/2""",8.0,"=""""","=""27.469200""","=""""","=""0.000006""","=""  91         :     9  2s.2p.(3P*).4f        2G   ""","=""006002.000132""","=""L22145""","="""""
C II,"=""2s.2p.(3P*).4f""","=""4G""","=""9/2""",10.0,"=""""","=""27.471868""","=""""","=""0.000006""","=""  95         :     5  2s.2p.(3P*).4f        2G   ""","=""006002.000133""","=""L22145""","="""""
C II,"=""2s.2p.(3P*).4f""","=""4G""","=""11/2""",12.0,"=""""","=""27.475501""","=""""","=""0.000009""","="" 100                                             ""","=""006002.000135""","=""L22145""","="""""
C II,"=""2s.2p.(3P*).4f""","=""2G""","=""7/2""",8.0,"=""""","=""27.473311""","=""""","=""0.000011""","=""  91         :     9  2s.2p.(3P*).4f        4G   ""","=""006002.000134""","=""L22145""","="""""
C II,"=""2s.2p.(3P*).4f""","=""2G""","=""9/2""",10.0,"=""""","=""27.478084""","=""""","=""0.000011""","=""  95         :     5  2s.2p.(3P*).4f        4G   ""","=""006002.000136""","=""L22145""","="""""
C II,"=""2s.2p.(3P*).4f""","=""4D""","=""7/2""",8.0,"=""""","=""27.487106""","=""""","=""0.000006""","="" 100                                             ""","=""006002.000137""","=""L22145""","="""""
C II,"=""2s.2p.(3P*).4f""","=""4D""","=""5/2""",6.0,"=""""","=""27.488250""","=""""","=""0.000009""","=""  70         :    30  2s.2p.(3P*).4f        2D   ""","=""006002.000138""","=""L22145""","="""""
C II,"=""2s.2p.(3P*).4f""","=""4D""","=""3/2""",4.0,"=""""","=""27.490983""","=""""","=""0.000007""","=""  91         :     9  2s.2p.(3P*).4f        2D   ""","=""006002.000139""","=""L22145""","="""""
C II,"=""2s.2p.(3P*).4f""","=""4D""","=""1/2""",2.0,"=""""","=""27.492608""","=""""","=""0.000007""","="" 100                                             ""","=""006002.000141""","=""L22145""","="""""
C II,"=""2s.2p.(3P*).4f""","=""2D""","=""5/2""",6.0,"=""""","=""27.490999""","=""""","=""0.000010""","=""  70         :    30  2s.2p.(3P*).4f        4D   ""","=""006002.000140""","=""L22145""","="""""
C II,"=""2s.2p.(3P*).4f""","=""2D""","=""3/2""",4.0,"=""""","=""27.493785""","=""""","=""0.000007""","=""  91         :     9  2s.2p.(3P*).4f        4D   ""","=""006002.000142""","=""L22145""","="""""
C II,"=""2s.2p.(3P*).4d""","=""2P*""","=""3/2""",4.0,"=""""","=""27.55655""","=""""","=""0.00020""","=""  89         :     3  2s.2p.(1P*).3s        2P*  ""","=""006002.000143""","=""L22145""","="""""
C II,"=""2s.2p.(3P*).4d""","=""2P*""","=""1/2""",2.0,"=""""","=""27.55989""","=""""","=""0.00020""","=""  90         :     3  2s.2p.(1P*).3s        2P*  ""","=""006002.000144""","=""L22145""","="""""
C II,"=""2s.2p.(3P*).5s""","=""4P*""","=""1/2""",2.0,"=""""","=""27.98922""","=""""","=""0.00005""","=""  99                                             ""","=""006002.000145""","=""L22145""","="""""
C II,"=""2s.2p.(3P*).5s""","=""4P*""","=""3/2""",4.0,"=""""","=""27.99213""","=""""","=""0.00003""","=""  99                                             ""","=""006002.000146""","=""L22145""","="""""
C II,"=""2s.2p.(3P*).5s""","=""4P*""","=""5/2""",6.0,"=""""","=""27.99786""","=""""","=""0.00003""","=""  99                                             ""","=""006002.000147""","=""L22145""","="""""
C II,"=""2s.2p.(3P*).5p""","=""2P""","=""1/2""",2.0,"=""""","=""28.253674""","=""""","=""0.000009""","=""  98                                             ""","=""006002.000148""","=""L22145""","="""""
C II,"=""2s.2p.(3P*).5p""","=""2P""","=""3/2""",4.0,"=""""","=""28.256950""","=""""","=""0.000010""","=""  98                                             ""","=""006002.000149""","=""L22145""","="""""
C II,"=""2s.2p.(3P*).5p""","=""4D""","=""1/2""",2.0,"=""""","=""28.29054""","=""""","=""0.00015""","=""  98                                             ""","=""006002.000150""","=""L22145""","="""""
C II,"=""2s.2p.(3P*).5p""","=""4D""","=""3/2""",4.0,"=""""","=""28.29219""","=""""","=""0.00011""","=""  98                                             ""","=""006002.000151""","=""L22145""","="""""
C II,"=""2s.2p.(3P*).5p""","=""4D""","=""5/2""",6.0,"=""""","=""28.29464""","=""""","=""0.00010""","=""  99                                             ""","=""006002.000152""","=""L22145""","="""""
C II,"=""2s.2p.(3P*).5p""","=""4D""","=""7/2""",8.0,"=""""","=""28.299002""","=""""","=""0.000022""","=""  99                                             ""","=""006002.000153""","=""L22145""","="""""
C II,"=""2s.2p.(3P*).5p""","=""4S""","=""3/2""",4.0,"=""""","=""28.349833""","=""""","=""0.000009""","=""  92         :     7  2s.2p.(3P*).5p        4P   ""","=""006002.000154""","=""L22145""","="""""
C II,"=""2s.2p.(3P*).5p""","=""2D""","=""3/2""",4.0,"=""""","=""28.3672""","=""""","=""0.0014""","=""  95         :     3  2s.2p.(1P*).3p        2D   ""","=""006002.000271""","=""L22145""","="""""
C II,"=""2s.2p.(3P*).5p""","=""2D""","=""5/2""",6.0,"=""""","=""28.3724""","=""""","=""0.0014""","=""  95         :     3  2s.2p.(1P*).3p        2D   ""","=""006002.000224""","=""L22145""","="""""
C II,"=""2s.2p.(3P*).5p""","=""4P""","=""1/2""",2.0,"=""[""","=""28.38401""","=""]""","=""0.00025""","=""  99                                             ""","=""006002.000225""","=""L22145""","="""""
C II,"=""2s.2p.(3P*).5p""","=""4P""","=""3/2""",4.0,"=""""","=""28.38580""","=""""","=""0.00005""","=""  92         :     7  2s.2p.(3P*).5p        4S   ""","=""006002.000155""","=""L22145""","="""""
C II,"=""2s.2p.(3P*).5p""","=""4P""","=""5/2""",6.0,"=""""","=""28.388347""","=""""","=""0.000014""","=""  99                                             ""","=""006002.000156""","=""L22145""","="""""
C II,"=""2s.2p.(3P*).5p""","=""2S""","=""1/2""",2.0,"=""""","=""28.457""","=""""","=""0.004""","=""  92         :     3  2s.2p.(1P*).3p        2S   ""","=""006002.000272""","=""L22145""","="""""
C II,"=""2s.2p.(3P*).5d""","=""4F*""","=""3/2""",4.0,"=""""","=""28.5683""","=""""","=""0.0004""","=""  99                                             ""","=""006002.000157""","=""L22145""","="""""
C II,"=""2s.2p.(3P*).5d""","=""4F*""","=""5/2""",6.0,"=""""","=""28.57005""","=""""","=""0.00025""","=""  99                                             ""","=""006002.000158""","=""L22145""","="""""
C II,"=""2s.2p.(3P*).5d""","=""4F*""","=""7/2""",8.0,"=""""","=""28.57320""","=""""","=""0.00025""","=""  99                                             ""","=""006002.000159""","=""L22145""","="""""
C II,"=""2s.2p.(3P*).5d""","=""4F*""","=""9/2""",10.0,"=""""","=""28.576543""","=""""","=""0.000014""","=""  99                                             ""","=""006002.000160""","=""L22145""","="""""
C II,"=""2s.2p.(3P*).5d""","=""4D*""","=""1/2""",2.0,"=""""","=""28.60925""","=""""","=""0.00025""","="" 100                                             ""","=""006002.000226""","=""L22145""","="""""
C II,"=""2s.2p.(3P*).5d""","=""4D*""","=""3/2""",4.0,"=""""","=""28.60995""","=""""","=""0.00010""","=""  99                                             ""","=""006002.000161""","=""L22145""","="""""
C II,"=""2s.2p.(3P*).5d""","=""4D*""","=""5/2""",6.0,"=""""","=""28.61093""","=""""","=""0.00007""","=""  98                                             ""","=""006002.000162""","=""L22145""","="""""
C II,"=""2s.2p.(3P*).5d""","=""4D*""","=""7/2""",8.0,"=""""","=""28.61242""","=""""","=""0.00016""","=""  99                                             ""","=""006002.000163""","=""L22145""","="""""
C II,"=""2s.2p.(3P*).5d""","=""4P*""","=""5/2""",6.0,"=""""","=""28.64691""","=""""","=""0.00007""","=""  97                                             ""","=""006002.000164""","=""L22145""","="""""
C II,"=""2s.2p.(3P*).5d""","=""4P*""","=""3/2""",4.0,"=""""","=""28.64930""","=""""","=""0.00011""","=""  98                                             ""","=""006002.000165""","=""L22145""","="""""
C II,"=""2s.2p.(3P*).5d""","=""4P*""","=""1/2""",2.0,"=""""","=""28.65107""","=""""","=""0.00011""","=""  99                                             ""","=""006002.000166""","=""L22145""","="""""
C II,"=""2s.2p.(3P*).5f""","=""2F""","=""5/2""",6.0,"=""""","=""28.666300""","=""""","=""0.000011""","=""  70         :    29  2s.2p.(3P*).5f        4F   ""","=""006002.000167""","=""L22145""","="""""
C II,"=""2s.2p.(3P*).5f""","=""2F""","=""7/2""",8.0,"=""""","=""28.668257""","=""""","=""0.000011""","=""  71         :    27  2s.2p.(3P*).5f        4F   ""","=""006002.000171""","=""L22145""","="""""
C II,"=""2s.2p.(3P*).5f""","=""4F""","=""3/2""",4.0,"=""""","=""28.66667""","=""""","=""0.00014""","=""  99                                             ""","=""006002.000168""","=""L22145""","="""""
C II,"=""2s.2p.(3P*).5f""","=""4F""","=""5/2""",6.0,"=""""","=""28.66723""","=""""","=""0.00003""","=""  69         :    29  2s.2p.(3P*).5f        2F   ""","=""006002.000169""","=""L22145""","="""""
C II,"=""2s.2p.(3P*).5f""","=""4F""","=""7/2""",8.0,"=""""","=""28.667271""","=""""","=""0.000011""","=""  71         :    27  2s.2p.(3P*).5f        2F   ""","=""006002.000170""","=""L22145""","="""""
C II,"=""2s.2p.(3P*).5f""","=""4F""","=""9/2""",10.0,"=""""","=""28.668725""","=""""","=""0.000012""","=""  99                                             ""","=""006002.000172""","=""L22145""","="""""
C II,"=""2s.2p.(3P*).5f""","=""4G""","=""5/2""",6.0,"=""""","=""28.69473""","=""""","=""0.00005""","=""  99                                             ""","=""006002.000173""","=""L22145""","="""""
C II,"=""2s.2p.(3P*).5f""","=""4G""","=""7/2""",8.0,"=""""","=""28.696305""","=""""","=""0.000025""","=""  85         :    14  2s.2p.(3P*).5f        2G   ""","=""006002.000174""","=""L22145""","="""""
C II,"=""2s.2p.(3P*).5f""","=""4G""","=""9/2""",10.0,"=""""","=""28.69905""","=""""","=""0.00003""","=""  92         :     6  2s.2p.(3P*).5f        2G   ""","=""006002.000175""","=""L22145""","="""""
C II,"=""2s.2p.(3P*).5f""","=""4G""","=""11/2""",12.0,"=""""","=""28.70263""","=""""","=""0.00005""","="" 100                                             ""","=""006002.000177""","=""L22145""","="""""
C II,"=""2s.2p.(3P*).5f""","=""2G""","=""7/2""",8.0,"=""""","=""28.69999""","=""""","=""0.00005""","=""  85         :    14  2s.2p.(3P*).5f        4G   ""","=""006002.000176""","=""L22145""","="""""
C II,"=""2s.2p.(3P*).5f""","=""2G""","=""9/2""",10.0,"=""""","=""28.70472""","=""""","=""0.00005""","=""  93         :     7  2s.2p.(3P*).5f        4G   ""","=""006002.000178""","=""L22145""","="""""
C II,"=""2s.2p.(3P*).5f""","=""4D""","=""7/2""",8.0,"=""""","=""28.705301""","=""""","=""0.000012""","=""  99                                             ""","=""006002.000179""","=""L22145""","="""""
C II,"=""2s.2p.(3P*).5f""","=""4D""","=""5/2""",6.0,"=""""","=""28.705857""","=""""","=""0.000024""","=""  57         :    42  2s.2p.(3P*).5f        2D   ""","=""006002.000180""","=""L22145""","="""""
C II,"=""2s.2p.(3P*).5f""","=""4D""","=""3/2""",4.0,"=""""","=""28.70869""","=""""","=""0.00005""","=""  86         :    13  2s.2p.(3P*).5f        2D   ""","=""006002.000181""","=""L22145""","="""""
C II,"=""2s.2p.(3P*).5f""","=""4D""","=""1/2""",2.0,"=""""","=""28.71051""","=""""","=""0.00014""","="" 100                                             ""","=""006002.000183""","=""L22145""","="""""
C II,"=""2s.2p.(3P*).5f""","=""2D""","=""5/2""",6.0,"=""""","=""28.70873""","=""""","=""0.00004""","=""  57         :    42  2s.2p.(3P*).5f        4D   ""","=""006002.000182""","=""L22145""","="""""
C II,"=""2s.2p.(3P*).5f""","=""2D""","=""3/2""",4.0,"=""""","=""28.71107""","=""""","=""0.00004""","=""  87         :    13  2s.2p.(3P*).5f        4D   ""","=""006002.000184""","=""L22145""","="""""
C II,"=""2s.2p.(1P*).3p""","=""2P""","=""1/2""",2.0,"=""""","=""28.831""","=""""","=""0.003""","=""  94         :     4  2p2.(3P).3s           2P   ""","=""006002.000241""","=""L22145""","="""""
C II,"=""2s.2p.(1P*).3p""","=""2P""","=""3/2""",4.0,"=""""","=""28.833""","=""""","=""0.003""","=""  94         :     4  2p2.(3P).3s           2P   ""","=""006002.000242""","=""L22145""","="""""
C II,"=""2s.2p.(3P*).6s""","=""4P*""","=""1/2""",2.0,"=""""","=""28.97150""","=""""","=""0.00009""","=""  99                                             ""","=""006002.000185""","=""L22145""","="""""
C II,"=""2s.2p.(3P*).6s""","=""4P*""","=""3/2""",4.0,"=""""","=""28.97428""","=""""","=""0.00005""","=""  99                                             ""","=""006002.000186""","=""L22145""","="""""
C II,"=""2s.2p.(3P*).6s""","=""4P*""","=""5/2""",6.0,"=""""","=""28.980146""","=""""","=""0.000020""","=""  99                                             ""","=""006002.000187""","=""L22145""","="""""
C II,"=""2s.2p.(1P*).3p""","=""2D""","=""3/2""",4.0,"=""""","=""29.014""","=""""","=""0.003""","=""  84         :    10  2s.2p.(3P*).6p        2D   ""","=""006002.000273""","=""L22145""","="""""
C II,"=""2s.2p.(1P*).3p""","=""2D""","=""5/2""",6.0,"=""""","=""29.016""","=""""","=""0.003""","=""  84         :    10  2s.2p.(3P*).6p        2D   ""","=""006002.000274""","=""L22145""","="""""
C II,"=""2s.2p.(3P*).6p""","=""2P""","=""1/2""",2.0,"=""""","=""29.090""","=""""","=""0.003""","=""  96                                             ""","=""006002.000227""","=""L22145""","="""""
C II,"=""2s.2p.(3P*).6p""","=""2P""","=""3/2""",4.0,"=""""","=""29.092""","=""""","=""0.003""","=""  97                                             ""","=""006002.000232""","=""L22145""","="""""
C II,"=""2s.2p.(3P*).6p""","=""4D""","=""1/2""",2.0,"=""""","=""29.1360""","=""""","=""0.0003""","=""  97                                             ""","=""006002.000188""","=""L22145""","="""""
C II,"=""2s.2p.(3P*).6p""","=""4D""","=""3/2""",4.0,"=""""","=""29.13760""","=""""","=""0.00020""","=""  98                                             ""","=""006002.000189""","=""L22145""","="""""
C II,"=""2s.2p.(3P*).6p""","=""4D""","=""5/2""",6.0,"=""""","=""29.14006""","=""""","=""0.00016""","=""  98                                             ""","=""006002.000190""","=""L22145""","="""""
C II,"=""2s.2p.(3P*).6p""","=""4D""","=""7/2""",8.0,"=""""","=""29.14454""","=""""","=""0.00007""","=""  99                                             ""","=""006002.000191""","=""L22145""","="""""
C II,"=""2s.2p.(3P*).6p""","=""2S""","=""1/2""",2.0,"=""""","=""29.156""","=""""","=""0.003""","=""  77         :    19  2s.2p.(1P*).3p        2S   ""","=""006002.000275""","=""L22145""","="""""
C II,"=""2s.2p.(3P*).6p""","=""4P""","=""1/2""",2.0,"=""[""","=""29.1896""","=""]""","=""0.0004""","=""  97         :     2  2s.2p.(3P*).6p        2S   ""","=""006002.000381""","=""L22145""","="""""
C II,"=""2s.2p.(3P*).6p""","=""4P""","=""3/2""",4.0,"=""""","=""29.19135""","=""""","=""0.00007""","=""  81         :    19  2s.2p.(3P*).6p        4S   ""","=""006002.000228""","=""L22145""","="""""
C II,"=""2s.2p.(3P*).6p""","=""4P""","=""5/2""",6.0,"=""""","=""29.19483""","=""""","=""0.00007""","=""  99                                             ""","=""006002.000192""","=""L22145""","="""""
C II,"=""2s.2p.(3P*).6p""","=""2D""","=""3/2""",4.0,"=""""","=""29.228""","=""""","=""0.003""","=""  88         :     8  2s.2p.(1P*).3p        2D   ""","=""006002.000277""","=""L22145""","="""""
C II,"=""2s.2p.(3P*).6p""","=""2D""","=""5/2""",6.0,"=""""","=""29.233""","=""""","=""0.003""","=""  89         :     8  2s.2p.(1P*).3p        2D   ""","=""006002.000278""","=""L22145""","="""""
C II,"=""2s.2p.(3P*).6d""","=""4D*""","=""1/2""",2.0,"=""""","=""29.3120""","=""""","=""0.0010""","=""  99                                             ""","=""006002.000279""","=""L22145""","="""""
C II,"=""2s.2p.(3P*).6d""","=""4D*""","=""3/2""",4.0,"=""""","=""29.3126""","=""""","=""0.0010""","=""  95         :     3  2s.2p.(3P*).6d        4P*  ""","=""006002.000280""","=""L22145""","="""""
C II,"=""2s.2p.(3P*).6d""","=""4D*""","=""5/2""",6.0,"=""""","=""29.3137""","=""""","=""0.0010""","=""  89         :     5  2s.2p.(3P*).6d        4P*  ""","=""006002.000281""","=""L22145""","="""""
C II,"=""2s.2p.(3P*).6d""","=""4D*""","=""7/2""",8.0,"=""""","=""29.3153""","=""""","=""0.0009""","=""  98                                             ""","=""006002.000193""","=""L22145""","="""""
C II,"=""2s.2p.(3P*).6d""","=""4P*""","=""5/2""",6.0,"=""""","=""29.3319""","=""""","=""0.0016""","=""  93         :     4  2s.2p.(3P*).6d        4D*  ""","=""006002.000194""","=""L22145""","="""""
C II,"=""2s.2p.(3P*).6d""","=""4P*""","=""3/2""",4.0,"=""""","=""29.3343""","=""""","=""0.0016""","=""  97         :     2  2s.2p.(3P*).6d        4D*  ""","=""006002.000253""","=""L22145""","="""""
C II,"=""2s.2p.(3P*).6d""","=""4P*""","=""1/2""",2.0,"=""""","=""29.3358""","=""""","=""0.0016""","=""  99                                             ""","=""006002.000255""","=""L22145""","="""""
C II,"=""2s.2p.(3P*).6f""","=""2F""","=""5/2""",6.0,"=""""","=""29.3461""","=""""","=""0.0007""","=""  54         :    36  2s.2p.(3P*).6f        4F   ""","=""006002.000196""","=""L22145""","="""""
C II,"=""2s.2p.(3P*).6f""","=""2F""","=""7/2""",8.0,"=""""","=""29.34784""","=""""","=""0.00017""","=""  72         :    22  2s.2p.(3P*).6f        4F   ""","=""006002.000199""","=""L22145""","="""""
C II,"=""2s.2p.(3P*).6f""","=""4F""","=""3/2""",4.0,"=""""","=""29.3461""","=""""","=""0.0003""","=""  97                                             ""","=""006002.000195""","=""L22145""","="""""
C II,"=""2s.2p.(3P*).6f""","=""4F""","=""5/2""",6.0,"=""""","=""29.34680""","=""""","=""0.00021""","=""  57         :    40  2s.2p.(3P*).6f        2F   ""","=""006002.000197""","=""L22145""","="""""
C II,"=""2s.2p.(3P*).6f""","=""4F""","=""7/2""",8.0,"=""""","=""29.3474""","=""""","=""0.0006""","=""  68         :    22  2s.2p.(3P*).6f        2F   ""","=""006002.000198""","=""L22145""","="""""
C II,"=""2s.2p.(3P*).6f""","=""4F""","=""9/2""",10.0,"=""""","=""29.348031""","=""""","=""0.000016""","=""  94         :     5  2s.2p.(3P*).6f        4G   ""","=""006002.000200""","=""L22145""","="""""
C II,"=""2s.2p.(3P*).6f""","=""4G""","=""5/2""",6.0,"=""""","=""29.36123""","=""""","=""0.00006""","=""  93         :     3  2s.2p.(3P*).6f        4F   ""","=""006002.000201""","=""L22145""","="""""
C II,"=""2s.2p.(3P*).6f""","=""4G""","=""7/2""",8.0,"=""""","=""29.36233""","=""""","=""0.00014""","=""  69         :    23  2s.2p.(3P*).6f        2G   ""","=""006002.000202""","=""L22145""","="""""
C II,"=""2s.2p.(3P*).6f""","=""4G""","=""9/2""",10.0,"=""""","=""29.36470""","=""""","=""0.00019""","=""  86         :     8  2s.2p.(3P*).6f        2G   ""","=""006002.000203""","=""L22145""","="""""
C II,"=""2s.2p.(3P*).6f""","=""4G""","=""11/2""",12.0,"=""""","=""29.36951""","=""""","=""0.00005""","="" 100                                             ""","=""006002.000206""","=""L22145""","="""""
C II,"=""2s.2p.(3P*).6f""","=""2G""","=""7/2""",8.0,"=""""","=""29.36648""","=""""","=""0.00009""","=""  55         :    24  2s.2p.(3P*).6f        4G   ""","=""006002.000204""","=""L22145""","="""""
C II,"=""2s.2p.(3P*).6f""","=""2G""","=""9/2""",10.0,"=""""","=""29.37058""","=""""","=""0.00009""","=""  91         :     9  2s.2p.(3P*).6f        4G   ""","=""006002.000207""","=""L22145""","="""""
C II,"=""2s.2p.(3P*).6f""","=""4D""","=""7/2""",8.0,"=""""","=""29.36910""","=""""","=""0.00016""","=""  75         :    17  2s.2p.(3P*).6f        2G   ""","=""006002.000205""","=""L22145""","="""""
C II,"=""2s.2p.(3P*).7s""","=""4P*""","=""1/2""",2.0,"=""""","=""29.5215""","=""""","=""0.0024""","=""  99                                             ""","=""006002.000284""","=""L22145""","="""""
C II,"=""2s.2p.(3P*).7s""","=""4P*""","=""3/2""",4.0,"=""""","=""29.5244""","=""""","=""0.0024""","=""  99                                             ""","=""006002.000285""","=""L22145""","="""""
C II,"=""2s.2p.(3P*).7s""","=""4P*""","=""5/2""",6.0,"=""""","=""29.5302""","=""""","=""0.0024""","=""  99                                             ""","=""006002.000286""","=""L22145""","="""""
C II,"=""2s.2p.(3P*).7p""","=""2P""","=""1/2""",2.0,"=""""","=""29.615""","=""""","=""0.004""","=""  95         :     3  2s.2p.(3P*).7p        4D   ""","=""006002.000288""","=""L22145""","="""""
C II,"=""2s.2p.(3P*).7p""","=""2P""","=""3/2""",4.0,"=""""","=""29.618""","=""""","=""0.004""","=""  96         :     2  2s.2p.(3P*).7p        4D   ""","=""006002.000289""","=""L22145""","="""""
C II,"=""2s.2p.(3P*).7p""","=""2D""","=""3/2""",4.0,"=""""","=""29.668""","=""""","=""0.004""","=""  96                                             ""","=""006002.000290""","=""L22145""","="""""
C II,"=""2s.2p.(3P*).7p""","=""2D""","=""5/2""",6.0,"=""""","=""29.673""","=""""","=""0.004""","=""  96                                             ""","=""006002.000291""","=""L22145""","="""""
C II,"=""2s.2p.(3P*).7d""","=""4D*""","=""1/2""",2.0,"=""""","=""29.737""","=""""","=""0.003""","=""  98                                             ""","=""006002.000368""","=""L22145""","="""""
C II,"=""2s.2p.(3P*).7d""","=""4D*""","=""3/2""",4.0,"=""""","=""29.737""","=""""","=""0.003""","=""  69         :    26  2s.2p.(3P*).7d        2D*  ""","=""006002.000352""","=""L22145""","="""""
C II,"=""2s.2p.(3P*).7d""","=""4D*""","=""5/2""",6.0,"=""""","=""29.738""","=""""","=""0.003""","=""  60         :    25  2s.2p.(3P*).7d        2D*  ""","=""006002.000320""","=""L22145""","="""""
C II,"=""2s.2p.(3P*).7d""","=""4D*""","=""7/2""",8.0,"=""""","=""29.740""","=""""","=""0.003""","=""  97         :     3  2s.2p.(3P*).7d        4F*  ""","=""006002.000283""","=""L22145""","="""""
C II,"=""2s.2p.(3P*).7d""","=""4P*""","=""5/2""",6.0,"=""""","=""29.737""","=""""","=""0.003""","=""  87         :    10  2s.2p.(3P*).7d        4D*  ""","=""006002.000287""","=""L22145""","="""""
C II,"=""2s.2p.(3P*).7d""","=""4P*""","=""3/2""",4.0,"=""""","=""29.740""","=""""","=""0.003""","=""  94         :     5  2s.2p.(3P*).7d        4D*  ""","=""006002.000276""","=""L22145""","="""""
C II,"=""2s.2p.(3P*).7d""","=""4P*""","=""1/2""",2.0,"=""""","=""29.741""","=""""","=""0.003""","=""  98                                             ""","=""006002.000282""","=""L22145""","="""""
C II,"=""2s.2p.(3P*).8p""","=""2P""","=""1/2""",2.0,"=""""","=""29.927""","=""""","=""0.004""","=""  91         :     8  2s.2p.(3P*).8p        4D   ""","=""006002.000294""","=""L22145""","="""""
C II,"=""2s.2p.(3P*).8p""","=""2P""","=""3/2""",4.0,"=""""","=""29.930""","=""""","=""0.004""","=""  92         :     5  2s.2p.(3P*).8p        4D   ""","=""006002.000295""","=""L22145""","="""""
C II,"=""2s.2p.(3P*).8p""","=""2D""","=""3/2""",4.0,"=""""","=""29.958""","=""""","=""0.004""","=""  96                                             ""","=""006002.000296""","=""L22145""","="""""
C II,"=""2s.2p.(3P*).8p""","=""2D""","=""5/2""",6.0,"=""""","=""29.963""","=""""","=""0.004""","=""  96                                             ""","=""006002.000297""","=""L22145""","="""""
C II,"=""2s.2p.(3P*).8d""","=""4D*""","=""1/2""",2.0,"=""""","=""30.008""","=""""","=""0.003""","=""  97         :     2  2s.2p.(3P*).8d        4P*  ""","=""006002.000371""","=""L22145""","="""""
C II,"=""2s.2p.(3P*).8d""","=""4D*""","=""3/2""",4.0,"=""""","=""30.009""","=""""","=""0.003""","=""  59         :    31  2s.2p.(3P*).8d        2D*  ""","=""006002.000372""","=""L22145""","="""""
C II,"=""2s.2p.(3P*).8d""","=""4D*""","=""5/2""",6.0,"=""""","=""30.009""","=""""","=""0.003""","=""  41         :    50  2s.2p.(3P*).8d        2D*  ""","=""006002.000373""","=""L22145""","="""""
C II,"=""2s.2p.(3P*).8d""","=""4D*""","=""7/2""",8.0,"=""""","=""30.012""","=""""","=""0.003""","=""  93         :     6  2s.2p.(3P*).8d        4F*  ""","=""006002.000374""","=""L22145""","="""""
C II,"=""2s.2p.(3P*).8d""","=""4P*""","=""5/2""",6.0,"=""""","=""30.009""","=""""","=""0.003""","=""  78         :    19  2s.2p.(3P*).8d        4D*  ""","=""006002.000292""","=""L22145""","="""""
C II,"=""2s.2p.(3P*).8d""","=""4P*""","=""3/2""",4.0,"=""""","=""30.011""","=""""","=""0.003""","=""  90         :     9  2s.2p.(3P*).8d        4D*  ""","=""006002.000369""","=""L22145""","="""""
C II,"=""2s.2p.(3P*).8d""","=""4P*""","=""1/2""",2.0,"=""""","=""30.012""","=""""","=""0.003""","=""  97         :     2  2s.2p.(3P*).8d        4D*  ""","=""006002.000370""","=""L22145""","="""""
C II,"=""2s.2p.(3P*).9p""","=""2P""","=""1/2""",2.0,"=""""","=""30.137""","=""""","=""0.004""","=""  82         :    17  2s.2p.(3P*).9p        4D   ""","=""006002.000298""","=""L22145""","="""""
C II,"=""2s.2p.(3P*).9p""","=""2P""","=""3/2""",4.0,"=""""","=""30.140""","=""""","=""0.004""","=""  84         :    12  2s.2p.(3P*).9p        4D   ""","=""006002.000299""","=""L22145""","="""""
C II,"=""2s.2p.(3P*).9p""","=""2D""","=""3/2""",4.0,"=""""","=""30.155""","=""""","=""0.004""","=""  95         :     2  2s.2p.(3P*).9p        2P   ""","=""006002.000300""","=""L22145""","="""""
C II,"=""2s.2p.(3P*).9p""","=""2D""","=""5/2""",6.0,"=""""","=""30.161""","=""""","=""0.004""","=""  96         :     2  2s.2p.(3P*).9p        4P   ""","=""006002.000301""","=""L22145""","="""""
C II,"=""2s.2p.(3P*).9d""","=""4D*""","=""1/2""",2.0,"=""""","=""30.195""","=""""","=""0.004""","=""  96         :     3  2s.2p.(3P*).9d        4P*  ""","=""006002.000377""","=""L22145""","="""""
C II,"=""2s.2p.(3P*).9d""","=""4D*""","=""3/2""",4.0,"=""""","=""30.195""","=""""","=""0.004""","=""  62         :    22  2s.2p.(3P*).9d        2D*  ""","=""006002.000378""","=""L22145""","="""""
C II,"=""2s.2p.(3P*).9d""","=""4D*""","=""5/2""",6.0,"=""""","=""30.196""","=""""","=""0.004""","=""  38         :    43  2s.2p.(3P*).9d        2D*  ""","=""006002.000379""","=""L22145""","="""""
C II,"=""2s.2p.(3P*).9d""","=""4D*""","=""7/2""",8.0,"=""""","=""30.200""","=""""","=""0.003""","=""  89         :    11  2s.2p.(3P*).9d        4F*  ""","=""006002.000380""","=""L22145""","="""""
C II,"=""2s.2p.(3P*).9d""","=""4P*""","=""5/2""",6.0,"=""""","=""30.196""","=""""","=""0.004""","=""  67         :    29  2s.2p.(3P*).9d        4D*  ""","=""006002.000293""","=""L22145""","="""""
C II,"=""2s.2p.(3P*).9d""","=""4P*""","=""3/2""",4.0,"=""""","=""30.198""","=""""","=""0.004""","=""  86         :    13  2s.2p.(3P*).9d        4D*  ""","=""006002.000375""","=""L22145""","="""""
C II,"=""2s.2p.(3P*).9d""","=""4P*""","=""1/2""",2.0,"=""""","=""30.199""","=""""","=""0.004""","=""  96         :     3  2s.2p.(3P*).9d        4D*  ""","=""006002.000376""","=""L22145""","="""""
C II,"=""2p2.(3P).3s""","=""2P""","=""1/2""",2.0,"=""""","=""32.34""","=""""","=""0.03""","=""  62         :    30  2s.2p.(1P*).4p        2P   ""","=""006002.000302""","=""L22145""","="""""
C II,"=""2p2.(3P).3s""","=""2P""","=""3/2""",4.0,"=""""","=""32.35""","=""""","=""0.03""","=""  62         :    30  2s.2p.(1P*).4p        2P   ""","=""006002.000303""","=""L22145""","="""""
C II,"=""2p2.(3P).3p""","=""4D*""","=""1/2""",2.0,"=""""","=""33.184""","=""""","=""0.003""","=""  98                                             ""","=""006002.000309""","=""L22145""","="""""
C II,"=""2p2.(3P).3p""","=""4D*""","=""3/2""",4.0,"=""""","=""33.186""","=""""","=""0.003""","=""  98                                             ""","=""006002.000310""","=""L22145""","="""""
C II,"=""2p2.(3P).3p""","=""4D*""","=""5/2""",6.0,"=""""","=""33.189""","=""""","=""0.003""","=""  98                                             ""","=""006002.000311""","=""L22145""","="""""
C II,"=""2p2.(3P).3p""","=""4D*""","=""7/2""",8.0,"=""""","=""33.193""","=""""","=""0.003""","=""  98                                             ""","=""006002.000312""","=""L22145""","="""""
C II,"=""2p2.(3P).3p""","=""4P*""","=""1/2""",2.0,"=""""","=""33.428""","=""""","=""0.003""","=""  98                                             ""","=""006002.000313""","=""L22145""","="""""
C II,"=""2p2.(3P).3p""","=""4P*""","=""3/2""",4.0,"=""""","=""33.430""","=""""","=""0.003""","=""  98                                             ""","=""006002.000314""","=""L22145""","="""""
C II,"=""2p2.(3P).3p""","=""4P*""","=""5/2""",6.0,"=""""","=""33.433""","=""""","=""0.003""","=""  98                                             ""","=""006002.000315""","=""L22145""","="""""
C II,"=""2p2.(1D).3s""","=""2D""","=""3/2""",4.0,"=""""","=""33.53""","=""""","=""0.03""","=""  91         :     3  2s.2p.(1P*).4p        2D   ""","=""006002.000316""","=""L22145""","="""""
C II,"=""2p2.(1D).3s""","=""2D""","=""5/2""",6.0,"=""""","=""33.53""","=""""","=""0.03""","=""  91         :     3  2s.2p.(1P*).4p        2D   ""","=""006002.000317""","=""L22145""","="""""
C II,"=""2s.2p.(1P*).5p""","=""2D""","=""3/2""",4.0,"=""""","=""34.485""","=""""","=""0.016""","=""  99                                             ""","=""006002.000321""","=""L22145""","="""""
C II,"=""2s.2p.(1P*).5p""","=""2D""","=""5/2""",6.0,"=""""","=""34.485""","=""""","=""0.015""","=""  99                                             ""","=""006002.000322""","=""L22145""","="""""
C II,"=""2s.2p.(1P*).5p""","=""2S""","=""1/2""",2.0,"=""""","=""34.556""","=""""","=""0.016""","=""  99                                             ""","=""006002.000086""","=""L22145""","="""""
C II,"=""2p2.(3P).3d""","=""2P""","=""3/2""",4.0,"=""""","=""34.934""","=""""","=""0.015""","=""  98                                             ""","=""006002.000325""","=""L22145""","="""""
C II,"=""2p2.(3P).3d""","=""2P""","=""1/2""",2.0,"=""""","=""34.939""","=""""","=""0.015""","=""  98                                             ""","=""006002.000324""","=""L22145""","="""""
C II,"=""2s.2p.(1P*).6p""","=""2D""","=""3/2""",4.0,"=""""","=""35.345""","=""""","=""0.016""","=""  99                                             ""","=""006002.000327""","=""L22145""","="""""
C II,"=""2s.2p.(1P*).6p""","=""2D""","=""5/2""",6.0,"=""""","=""35.345""","=""""","=""0.016""","=""  99                                             ""","=""006002.000328""","=""L22145""","="""""
C II,"=""2s.2p.(1P*).6p""","=""2S""","=""1/2""",2.0,"=""""","=""35.35""","=""""","=""0.05""","=""  99                                             ""","=""006002.000238""","=""L22145""","="""""
C II,"=""2p2.(3P).3d""","=""2D""","=""3/2""",4.0,"=""""","=""35.544""","=""""","=""0.015""","=""  91         :     6  2s.2p.(1P*).6f        2D   ""","=""006002.000329""","=""L22145""","="""""
C II,"=""2p2.(3P).3d""","=""2D""","=""5/2""",6.0,"=""""","=""35.546""","=""""","=""0.015""","=""  85         :    12  2s.2p.(1P*).6f        2D   ""","=""006002.000330""","=""L22145""","="""""
C II,"=""2s.2p.(1P*).7p""","=""2D""","=""3/2""",4.0,"=""""","=""35.805""","=""""","=""0.016""","="" 100                                             ""","=""006002.000332""","=""L22145""","="""""
C II,"=""2s.2p.(1P*).7p""","=""2D""","=""5/2""",6.0,"=""""","=""35.805""","=""""","=""0.016""","="" 100                                             ""","=""006002.000333""","=""L22145""","="""""
C II,"=""2s.2p.(1P*).7p""","=""2S""","=""1/2""",2.0,"=""""","=""35.81""","=""""","=""0.05""","="" 100                                             ""","=""006002.000244""","=""L22145""","="""""
C II,"=""2s.2p.(1P*).8p""","=""2D""","=""3/2""",4.0,"=""""","=""36.115""","=""""","=""0.016""","="" 100                                             ""","=""006002.000334""","=""L22145""","="""""
C II,"=""2s.2p.(1P*).8p""","=""2D""","=""5/2""",6.0,"=""""","=""36.115""","=""""","=""0.016""","="" 100                                             ""","=""006002.000251""","=""L22145""","="""""
C II,"=""2s.2p.(1P*).8p""","=""2S""","=""1/2""",2.0,"=""""","=""36.12""","=""""","=""0.04""","="" 100                                             ""","=""006002.000248""","=""L22145""","="""""
C II,"=""2p2.(3P).4d""","=""2D""","=""3/2""",4.0,"=""""","=""38.014""","=""""","=""0.020""","=""  95         :     2  2p2.(3P).5d           2D   ""","=""006002.000339""","=""L22145""","="""""
C II,"=""2p2.(3P).4d""","=""2D""","=""5/2""",6.0,"=""""","=""38.016""","=""""","=""0.020""","=""  95         :     2  2p2.(3P).5d           2D   ""","=""006002.000340""","=""L22145""","="""""
C II,"=""2p2.(3P).5s""","=""2P""","=""1/2""",2.0,"=""""","=""38.67""","=""""","=""0.10""","=""  96                                             ""","=""006002.000341""","=""L22145""","="""""
C II,"=""2p2.(3P).5s""","=""2P""","=""3/2""",4.0,"=""""","=""38.68""","=""""","=""0.10""","=""  96                                             ""","=""006002.000342""","=""L22145""","="""""
C II,"=""2p2.(3P).5d""","=""2D""","=""3/2""",4.0,"=""""","=""39.25""","=""""","=""0.05""","=""  94         :     2  2p2.(3P).6d           2D   ""","=""006002.000343""","=""L22145""","="""""
C II,"=""2p2.(3P).5d""","=""2D""","=""5/2""",6.0,"=""""","=""39.26""","=""""","=""0.05""","=""  94         :     2  2p2.(3P).6d           2D   ""","=""006002.000344""","=""L22145""","="""""
C II,"=""2p2.(1D).4d""","=""2D""","=""3/2""",4.0,"=""""","=""39.61""","=""""","=""0.10""","=""  98                                             ""","=""006002.000345""","=""L22145""","="""""
C II,"=""2p2.(1D).4d""","=""2D""","=""5/2""",6.0,"=""""","=""39.61""","=""""","=""0.10""","=""  98                                             ""","=""006002.000346""","=""L22145""","="""""
C II,"=""2p2.(1D).4d""","=""2S""","=""1/2""",2.0,"=""""","=""39.86""","=""""","=""0.05""","=""  95                                             ""","=""006002.000347""","=""L22145""","="""""
C II,"=""2s.3p2.(3P)""","=""2P""","=""1/2""",2.0,"=""""","=""46.36""","=""""","=""0.14""","="" 100                                             ""","=""006002.000348""","=""L22145""","="""""
C II,"=""2s.3p2.(3P)""","=""2P""","=""3/2""",4.0,"=""""","=""46.37""","=""""","=""0.14""","=""  98                                             ""","=""006002.000349""","=""L22145""","="""""
C II,"=""2s.3s.(1S).3d""","=""2D""","=""3/2""",4.0,"=""""","=""46.37""","=""""","=""0.14""","=""  65         :    23  2s.3s.(3S).3d         2D   ""","=""006002.000350""","=""L22145""","="""""
C II,"=""2s.3s.(1S).3d""","=""2D""","=""5/2""",6.0,"=""""","=""46.37""","=""""","=""0.14""","=""  66         :    23  2s.3s.(3S).3d         2D   ""","=""006002.000351""","=""L22145""","="""""
C II,"=""2s.3p2.(1D)""","=""2D""","=""3/2""",4.0,"=""""","=""47.76""","=""""","=""0.10""","=""  50         :    27  2s.3s.(3S).3d         2D   ""","=""006002.000353""","=""L22145""","="""""
C II,"=""2s.3p2.(1D)""","=""2D""","=""5/2""",6.0,"=""""","=""47.76""","=""""","=""0.10""","=""  50         :    27  2s.3s.(3S).3d         2D   ""","=""006002.000354""","=""L22145""","="""""
C II,"=""1s.2s2.2p2""","=""2D""","=""3/2""",4.0,"=""""","=""287.94""","=""""","=""0.03""","=""  98         :     2  1s.2p4                2D   ""","=""006002.000355""","=""L22145""","="""""
C II,"=""1s.2s2.2p2""","=""2D""","=""5/2""",6.0,"=""""","=""287.94""","=""""","=""0.03""","=""  98         :     2  1s.2p4                2D   ""","=""006002.000356""","=""L22145""","="""""
C II,"=""1s.2s2.2p2""","=""2P""","=""1/2""",2.0,"=""""","=""288.41""","=""""","=""0.03""","=""  98         :     2  1s.2p4                2P   ""","=""006002.000357""","=""L22145""","="""""
C II,"=""1s.2s2.2p2""","=""2P""","=""3/2""",4.0,"=""""","=""288.42""","=""""","=""0.03""","=""  98         :     2  1s.2p4                2P   ""","=""006002.000358""","=""L22145""","="""""
C II,"=""1s.2s2.2p2""","=""2S""","=""1/2""",2.0,"=""""","=""289.91""","=""""","=""0.03""","=""  93         :     7  1s.2p4                2S   ""","=""006002.000359""","=""L22145""","="""""
C II,"=""1s.2s.(3S). 2p3.(4S*)""","=""4S*""","=""3/2""",4.0,"=""""","=""292.54""","=""""","=""0.03""","=""  52         :    48  1s.2s.(1S). 2p3.(4S*) 4S*  ""","=""006002.000360""","=""L22145""","="""""
C II,"=""1s.2s.(3S). 2p3.(2D*)""","=""4D*""","=""1/2""",2.0,"=""""","=""292.67""","=""""","=""0.03""","="" 100                                             ""","=""006002.000361""","=""L22145""","="""""
C II,"=""1s.2s.(3S). 2p3.(2D*)""","=""4D*""","=""3/2""",4.0,"=""""","=""292.67""","=""""","=""0.03""","="" 100                                             ""","=""006002.000362""","=""L22145""","="""""
C II,"=""1s.2s.(3S). 2p3.(2D*)""","=""4D*""","=""5/2""",6.0,"=""""","=""292.67""","=""""","=""0.03""","="" 100                                             ""","=""006002.000363""","=""L22145""","="""""
C II,"=""1s.2s.(3S). 2p3.(2D*)""","=""4D*""","=""7/2""",8.0,"=""""","=""292.67""","=""""","=""0.03""","="" 100                                             ""","=""006002.000364""","=""L22145""","="""""
C II,"=""1s.2s.(3S). 2p3.(2P*)""","=""4P*""","=""1/2""",2.0,"=""""","=""294.77""","=""""","=""0.03""","="" 100                                             ""","=""006002.000365""","=""L22145""","="""""
C II,"=""1s.2s.(3S). 2p3.(2P*)""","=""4P*""","=""3/2""",4.0,"=""""","=""294.77""","=""""","=""0.03""","="" 100                                             ""","=""006002.000366""","=""L22145""","="""""
C II,"=""1s.2s.(3S). 2p3.(2P*)""","=""4P*""","=""5/2""",6.0,"=""""","=""294.77""","=""""","=""0.03""","="" 100                                             ""","=""006002.000367""","=""L22145""","="""""
N I,"=""2s2.2p3""","=""4S*""","=""3/2""",4.0,"=""""","=""0.0000000""","=""""","=""0""",,"=""007001.000001""","=""L7288""",
N I,"=""2s2.2p3""","=""2D*""","=""5/2""",6.0,"=""""","=""2.3835298""","=""""","=""""",,"=""007001.000014""","=""""",
N I,"=""2s2.2p3""","=""2D*""","=""3/2""",4.0,"=""""","=""2.3846100""","=""""","=""""",,"=""007001.000015""","=""""",
N I,"=""2s2.2p3""","=""2P*""","=""1/2""",2.0,"=""""","=""3.5755704""","=""""","=""""",,"=""007001.000016""","=""""",
N I,"=""2s2.2p3""","=""2P*""","=""3/2""",4.0,"=""""","=""3.5756182""","=""""","=""""",,"=""007001.000017""","=""""",
N I,"=""2s2.2p2.(3P).3s""","=""4P""","=""1/2""",2.0,"=""""","=""10.3259087""","=""""","=""""",,"=""007001.000018""","=""""",
N I,"=""2s2.2p2.(3P).3s""","=""4P""","=""3/2""",4.0,"=""""","=""10.3300944""","=""""","=""""",,"=""007001.000019""","=""""",
N I,"=""2s2.2p2.(3P).3s""","=""4P""","=""5/2""",6.0,"=""""","=""10.3358956""","=""""","=""""",,"=""007001.000020""","=""""",
N I,"=""2s2.2p2.(3P).3s""","=""2P""","=""1/2""",2.0,"=""""","=""10.6796703""","=""""","=""""",,"=""007001.000021""","=""""",
N I,"=""2s2.2p2.(3P).3s""","=""2P""","=""3/2""",4.0,"=""""","=""10.6899808""","=""""","=""""",,"=""007001.000022""","=""""",
N I,"=""2s.2p4""","=""4P""","=""5/2""",6.0,"=""""","=""10.9239080""","=""""","=""""",,"=""007001.000023""","=""""",
N I,"=""2s.2p4""","=""4P""","=""3/2""",4.0,"=""""","=""10.9293522""","=""""","=""""",,"=""007001.000024""","=""""",
N I,"=""2s.2p4""","=""4P""","=""1/2""",2.0,"=""""","=""10.9317574""","=""""","=""""",,"=""007001.000025""","=""""",
N I,"=""2s2.2p2.(3P).3p""","=""2S*""","=""1/2""",2.0,"=""""","=""11.6026335""","=""""","=""""",,"=""007001.000026""","=""""",
N I,"=""2s2.2p2.(3P).3p""","=""4D*""","=""1/2""",2.0,"=""""","=""11.7500916""","=""""","=""""",,"=""007001.000027""","=""""",
N I,"=""2s2.2p2.(3P).3p""","=""4D*""","=""3/2""",4.0,"=""""","=""11.7528949""","=""""","=""""",,"=""007001.000028""","=""""",
N I,"=""2s2.2p2.(3P).3p""","=""4D*""","=""5/2""",6.0,"=""""","=""11.7575319""","=""""","=""""",,"=""007001.000029""","=""""",
N I,"=""2s2.2p2.(3P).3p""","=""4D*""","=""7/2""",8.0,"=""""","=""11.7638464""","=""""","=""""",,"=""007001.000030""","=""""",
N I,"=""2s2.2p2.(3P).3p""","=""4P*""","=""1/2""",2.0,"=""""","=""11.8374298""","=""""","=""""",,"=""007001.000031""","=""""",
N I,"=""2s2.2p2.(3P).3p""","=""4P*""","=""3/2""",4.0,"=""""","=""11.8397086""","=""""","=""""",,"=""007001.000032""","=""""",
N I,"=""2s2.2p2.(3P).3p""","=""4P*""","=""5/2""",6.0,"=""""","=""11.8444770""","=""""","=""""",,"=""007001.000033""","=""""",
N I,"=""2s2.2p2.(3P).3p""","=""4S*""","=""3/2""",4.0,"=""""","=""11.9955753""","=""""","=""""",,"=""007001.000034""","=""""",
N I,"=""2s2.2p2.(3P).3p""","=""2D*""","=""3/2""",4.0,"=""""","=""12.0001429""","=""""","=""""",,"=""007001.000035""","=""""",
N I,"=""2s2.2p2.(3P).3p""","=""2D*""","=""5/2""",6.0,"=""""","=""12.0096116""","=""""","=""""",,"=""007001.000036""","=""""",
N I,"=""2s2.2p2.(3P).3p""","=""2P*""","=""1/2""",2.0,"=""""","=""12.1219574""","=""""","=""""",,"=""007001.000037""","=""""",
N I,"=""2s2.2p2.(3P).3p""","=""2P*""","=""3/2""",4.0,"=""""","=""12.1263787""","=""""","=""""",,"=""007001.000038""","=""""",
N I,"=""2s2.2p2.(1D).3s""","=""2D""","=""5/2""",6.0,"=""""","=""12.3566901""","=""""","=""""",,"=""007001.000039""","=""""",
N I,"=""2s2.2p2.(1D).3s""","=""2D""","=""3/2""",4.0,"=""""","=""12.3567502""","=""""","=""""",,"=""007001.000040""","=""""",
N I,"=""2s2.2p2.(3P).4s""","=""4P""","=""1/2""",2.0,"=""""","=""12.847554""","=""""","=""""",,"=""007001.000041""","=""""",
N I,"=""2s2.2p2.(3P).4s""","=""4P""","=""3/2""",4.0,"=""""","=""12.853090""","=""""","=""""",,"=""007001.000042""","=""""",
N I,"=""2s2.2p2.(3P).4s""","=""4P""","=""5/2""",6.0,"=""""","=""12.861560""","=""""","=""""",,"=""007001.000043""","=""""",
N I,"=""2s2.2p2.(3P).4s""","=""2P""","=""1/2""",2.0,"=""""","=""12.9123120""","=""""","=""""",,"=""007001.000044""","=""""",
N I,"=""2s2.2p2.(3P).4s""","=""2P""","=""3/2""",4.0,"=""""","=""12.9218353""","=""""","=""""",,"=""007001.000045""","=""""",
N I,"=""2s2.2p2.(3P).3d""","=""2P""","=""3/2""",4.0,"=""""","=""12.9706652""","=""""","=""""",,"=""007001.000046""","=""""",
N I,"=""2s2.2p2.(3P).3d""","=""2P""","=""1/2""",2.0,"=""""","=""12.9754460""","=""""","=""""",,"=""007001.000047""","=""""",
N I,"=""2s2.2p2.(3P).3d""","=""4F""","=""3/2""",4.0,"=""""","=""12.9766983""","=""""","=""""",,"=""007001.000048""","=""""",
N I,"=""2s2.2p2.(3P).3d""","=""4F""","=""5/2""",6.0,"=""""","=""12.9790453""","=""""","=""""",,"=""007001.000049""","=""""",
N I,"=""2s2.2p2.(3P).3d""","=""4F""","=""7/2""",8.0,"=""""","=""12.9832471""","=""""","=""""",,"=""007001.000050""","=""""",
N I,"=""2s2.2p2.(3P).3d""","=""4F""","=""9/2""",10.0,"=""""","=""12.989300""","=""""","=""""",,"=""007001.000051""","=""""",
N I,"=""2s2.2p2.(3P).3d""","=""2F""","=""5/2""",6.0,"=""""","=""12.9948285""","=""""","=""""",,"=""007001.000052""","=""""",
N I,"=""2s2.2p2.(3P).3d""","=""2F""","=""7/2""",8.0,"=""""","=""13.0036301""","=""""","=""""",,"=""007001.000055""","=""""",
N I,"=""2s2.2p2.(3P).3d""","=""4P""","=""5/2""",6.0,"=""""","=""12.9966572""","=""""","=""""",,"=""007001.000053""","=""""",
N I,"=""2s2.2p2.(3P).3d""","=""4P""","=""3/2""",4.0,"=""""","=""13.000950""","=""""","=""""",,"=""007001.000054""","=""""",
N I,"=""2s2.2p2.(3P).3d""","=""4P""","=""1/2""",2.0,"=""""","=""13.004219""","=""""","=""""",,"=""007001.000056""","=""""",
N I,"=""2s2.2p2.(3P).3d""","=""4D""","=""1/2""",2.0,"=""""","=""13.016403""","=""""","=""""",,"=""007001.000057""","=""""",
N I,"=""2s2.2p2.(3P).3d""","=""4D""","=""3/2""",4.0,"=""""","=""13.017878""","=""""","=""""",,"=""007001.000058""","=""""",
N I,"=""2s2.2p2.(3P).3d""","=""4D""","=""5/2""",6.0,"=""""","=""13.019401""","=""""","=""""",,"=""007001.000059""","=""""",
N I,"=""2s2.2p2.(3P).3d""","=""4D""","=""7/2""",8.0,"=""""","=""13.0205230""","=""""","=""""",,"=""007001.000060""","=""""",
N I,"=""2s2.2p2.(3P).3d""","=""2D""","=""3/2""",4.0,"=""""","=""13.0332041""","=""""","=""""",,"=""007001.000061""","=""""",
N I,"=""2s2.2p2.(3P).3d""","=""2D""","=""5/2""",6.0,"=""""","=""13.0361586""","=""""","=""""",,"=""007001.000062""","=""""",
N I,"=""2s2.2p2.(3P).4p""","=""2S*""","=""1/2""",2.0,"=""""","=""13.2015647""","=""""","=""""",,"=""007001.000063""","=""""",
N I,"=""2s2.2p2.(3P).4p""","=""4D*""","=""1/2""",2.0,"=""""","=""13.2363957""","=""""","=""""",,"=""007001.000064""","=""""",
N I,"=""2s2.2p2.(3P).4p""","=""4D*""","=""3/2""",4.0,"=""""","=""13.2388265""","=""""","=""""",,"=""007001.000065""","=""""",
N I,"=""2s2.2p2.(3P).4p""","=""4D*""","=""5/2""",6.0,"=""""","=""13.2433051""","=""""","=""""",,"=""007001.000066""","=""""",
N I,"=""2s2.2p2.(3P).4p""","=""4D*""","=""7/2""",8.0,"=""""","=""13.2500220""","=""""","=""""",,"=""007001.000067""","=""""",
N I,"=""2s2.2p2.(3P).4p""","=""4P*""","=""1/2""",2.0,"=""""","=""13.2638891""","=""""","=""""",,"=""007001.000068""","=""""",
N I,"=""2s2.2p2.(3P).4p""","=""4P*""","=""3/2""",4.0,"=""""","=""13.2658173""","=""""","=""""",,"=""007001.000069""","=""""",
N I,"=""2s2.2p2.(3P).4p""","=""4P*""","=""5/2""",6.0,"=""""","=""13.2709052""","=""""","=""""",,"=""007001.000070""","=""""",
N I,"=""2s2.2p2.(3P).4p""","=""2D*""","=""3/2""",4.0,"=""""","=""13.2889721""","=""""","=""""",,"=""007001.000071""","=""""",
N I,"=""2s2.2p2.(3P).4p""","=""2D*""","=""5/2""",6.0,"=""""","=""13.2976904""","=""""","=""""",,"=""007001.000072""","=""""",
N I,"=""2s2.2p2.(3P).4p""","=""4S*""","=""3/2""",4.0,"=""""","=""13.3215593""","=""""","=""""",,"=""007001.000073""","=""""",
N I,"=""2s2.2p2.(3P).4p""","=""2P*""","=""1/2""",2.0,"=""""","=""13.3392701""","=""""","=""""",,"=""007001.000074""","=""""",
N I,"=""2s2.2p2.(3P).4p""","=""2P*""","=""3/2""",4.0,"=""""","=""13.3442064""","=""""","=""""",,"=""007001.000075""","=""""",
N I,"=""2s2.2p2.(3P).5s""","=""4P""","=""1/2""",2.0,"=""""","=""13.6149817""","=""""","=""""",,"=""007001.000076""","=""""",
N I,"=""2s2.2p2.(3P).5s""","=""4P""","=""3/2""",4.0,"=""""","=""13.6204726""","=""""","=""""",,"=""007001.000077""","=""""",
N I,"=""2s2.2p2.(3P).5s""","=""4P""","=""5/2""",6.0,"=""""","=""13.6291690""","=""""","=""""",,"=""007001.000078""","=""""",
N I,"=""2s2.2p2.(3P).5s""","=""2P""","=""1/2""",2.0,"=""""","=""13.6426905""","=""""","=""""",,"=""007001.000079""","=""""",
N I,"=""2s2.2p2.(3P).5s""","=""2P""","=""3/2""",4.0,"=""""","=""13.6511356""","=""""","=""""",,"=""007001.000080""","=""""",
N I,"=""2s2.2p2.(3P).4d""","=""4F""","=""3/2""",4.0,"=""""","=""13.6623958""","=""""","=""""",,"=""007001.000081""","=""""",
N I,"=""2s2.2p2.(3P).4d""","=""4F""","=""5/2""",6.0,"=""""","=""13.6645956""","=""""","=""""",,"=""007001.000082""","=""""",
N I,"=""2s2.2p2.(3P).4d""","=""4F""","=""7/2""",8.0,"=""""","=""13.6689216""","=""""","=""""",,"=""007001.000085""","=""""",
N I,"=""2s2.2p2.(3P).4d""","=""4F""","=""9/2""",10.0,"=""""","=""13.6758579""","=""""","=""""",,"=""007001.000088""","=""""",
N I,"=""2s2.2p2.(3P).4d""","=""2P""","=""3/2""",4.0,"=""""","=""13.6655516""","=""""","=""""",,"=""007001.000083""","=""""",
N I,"=""2s2.2p2.(3P).4d""","=""2P""","=""1/2""",2.0,"=""""","=""13.6686606""","=""""","=""""",,"=""007001.000084""","=""""",
N I,"=""2s2.2p2.(3P).4d""","=""2F""","=""5/2""",6.0,"=""""","=""13.6737591""","=""""","=""""",,"=""007001.000086""","=""""",
N I,"=""2s2.2p2.(3P).4d""","=""2F""","=""7/2""",8.0,"=""""","=""13.6832014""","=""""","=""""",,"=""007001.000093""","=""""",
N I,"=""2s2.2p2.(3P).4d""","=""4P""","=""5/2""",6.0,"=""""","=""13.6754539""","=""""","=""""",,"=""007001.000087""","=""""",
N I,"=""2s2.2p2.(3P).4d""","=""4P""","=""3/2""",4.0,"=""""","=""13.6782741""","=""""","=""""",,"=""007001.000089""","=""""",
N I,"=""2s2.2p2.(3P).4d""","=""4P""","=""1/2""",2.0,"=""""","=""13.6816580""","=""""","=""""",,"=""007001.000092""","=""""",
N I,"=""2s2.2p2.(3P).4f D""","=""2[3]*""","=""5/2""",6.0,"=""""","=""13.681543""","=""""","=""""",,"=""007001.000090""","=""""",
N I,"=""2s2.2p2.(3P).4f D""","=""2[3]*""","=""7/2""",8.0,"=""""","=""13.681553""","=""""","=""""",,"=""007001.000091""","=""""",
N I,"=""2s2.2p2.(3P).4f G""","=""2[3]*""","=""5/2""",6.0,"=""""","=""13.686032""","=""""","=""""",,"=""007001.000094""","=""""",
N I,"=""2s2.2p2.(3P).4f G""","=""2[3]*""","=""7/2""",8.0,"=""""","=""13.686040""","=""""","=""""",,"=""007001.000095""","=""""",
N I,"=""2s2.2p2.(3P).4d""","=""4D""","=""1/2""",2.0,"=""""","=""13.6860943""","=""""","=""""",,"=""007001.000096""","=""""",
N I,"=""2s2.2p2.(3P).4d""","=""4D""","=""3/2""",4.0,"=""""","=""13.6872930""","=""""","=""""",,"=""007001.000097""","=""""",
N I,"=""2s2.2p2.(3P).4d""","=""4D""","=""5/2""",6.0,"=""""","=""13.6880236""","=""""","=""""",,"=""007001.000098""","=""""",
N I,"=""2s2.2p2.(3P).4d""","=""4D""","=""7/2""",8.0,"=""""","=""13.6882547""","=""""","=""""",,"=""007001.000101""","=""""",
N I,"=""2s2.2p2.(3P).4f G""","=""2[4]*""","=""9/2""",10.0,"=""""","=""13.688115""","=""""","=""""",,"=""007001.000099""","=""""",
N I,"=""2s2.2p2.(3P).4f G""","=""2[4]*""","=""7/2""",8.0,"=""""","=""13.688126""","=""""","=""""",,"=""007001.000100""","=""""",
N I,"=""2s2.2p2.(3P).4f D""","=""2[2]*""","=""3/2""",4.0,"=""""","=""13.688413""","=""""","=""""",,"=""007001.000102""","=""""",
N I,"=""2s2.2p2.(3P).4f D""","=""2[2]*""","=""5/2""",6.0,"=""""","=""13.688420""","=""""","=""""",,"=""007001.000103""","=""""",
N I,"=""2s2.2p2.(3P).4d""","=""2D""","=""3/2""",4.0,"=""""","=""13.6936867""","=""""","=""""",,"=""007001.000104""","=""""",
N I,"=""2s2.2p2.(3P).4d""","=""2D""","=""5/2""",6.0,"=""""","=""13.6965647""","=""""","=""""",,"=""007001.000107""","=""""",
N I,"=""2s2.2p2.(3P).4f D""","=""2[1]*""","=""1/2""",2.0,"=""""","=""13.695269""","=""""","=""""",,"=""007001.000105""","=""""",
N I,"=""2s2.2p2.(3P).4f D""","=""2[1]*""","=""3/2""",4.0,"=""""","=""13.695269""","=""""","=""""",,"=""007001.000106""","=""""",
N I,"=""2s2.2p2.(3P).4f G""","=""2[5]*""","=""11/2""",12.0,"=""""","=""13.696918""","=""""","=""""",,"=""007001.000108""","=""""",
N I,"=""2s2.2p2.(3P).4f G""","=""2[5]*""","=""9/2""",10.0,"=""""","=""13.696936""","=""""","=""""",,"=""007001.000109""","=""""",
N I,"=""2s2.2p2.(3P).4f F""","=""2[2]*""","=""3/2""",4.0,"=""""","=""13.698513""","=""""","=""""",,"=""007001.000110""","=""""",
N I,"=""2s2.2p2.(3P).4f F""","=""2[2]*""","=""5/2""",6.0,"=""""","=""13.698523""","=""""","=""""",,"=""007001.000111""","=""""",
N I,"=""2s2.2p2.(3P).4f F""","=""2[3]*""","=""7/2""",8.0,"=""""","=""13.700058""","=""""","=""""",,"=""007001.000112""","=""""",
N I,"=""2s2.2p2.(3P).4f F""","=""2[3]*""","=""5/2""",6.0,"=""""","=""13.700059""","=""""","=""""",,"=""007001.000113""","=""""",
N I,"=""2s2.2p2.(3P).4f F""","=""2[4]*""","=""9/2""",10.0,"=""""","=""13.700462""","=""""","=""""",,"=""007001.000114""","=""""",
N I,"=""2s2.2p2.(3P).4f F""","=""2[4]*""","=""7/2""",8.0,"=""""","=""13.700481""","=""""","=""""",,"=""007001.000115""","=""""",
N I,"=""2s2.2p2.(1D).3p""","=""2D*""","=""3/2""",4.0,"=""""","=""13.7028638""","=""""","=""""",,"=""007001.000116""","=""""",
N I,"=""2s2.2p2.(1D).3p""","=""2D*""","=""5/2""",6.0,"=""""","=""13.7058146""","=""""","=""""",,"=""007001.000117""","=""""",
N I,"=""2s2.2p2.(1D).3p""","=""2F*""","=""5/2""",6.0,"=""""","=""13.7263822""","=""""","=""""",,"=""007001.000118""","=""""",
N I,"=""2s2.2p2.(1D).3p""","=""2F*""","=""7/2""",8.0,"=""""","=""13.7269294""","=""""","=""""",,"=""007001.000119""","=""""",
N I,"=""2s2.2p2.(3P).5p""","=""2S*""","=""1/2""",2.0,"=""""","=""13.7697973""","=""""","=""""",,"=""007001.000120""","=""""",
N I,"=""2s2.2p2.(3P).5p""","=""4D*""","=""1/2""",2.0,"=""""","=""13.7800461""","=""""","=""""",,"=""007001.000121""","=""""",
N I,"=""2s2.2p2.(3P).5p""","=""4D*""","=""3/2""",4.0,"=""""","=""13.7827230""","=""""","=""""",,"=""007001.000122""","=""""",
N I,"=""2s2.2p2.(3P).5p""","=""4D*""","=""5/2""",6.0,"=""""","=""13.7875408""","=""""","=""""",,"=""007001.000124""","=""""",
N I,"=""2s2.2p2.(3P).5p""","=""4D*""","=""7/2""",8.0,"=""""","=""13.7945902""","=""""","=""""",,"=""007001.000126""","=""""",
N I,"=""2s2.2p2.(3P).5p""","=""2P*""","=""1/2""",2.0,"=""""","=""13.7869000""","=""""","=""""",,"=""007001.000123""","=""""",
N I,"=""2s2.2p2.(3P).5p""","=""2P*""","=""3/2""",4.0,"=""""","=""13.7886883""","=""""","=""""",,"=""007001.000125""","=""""",
N I,"=""2s2.2p2.(3P).5p""","=""4P*""","=""1/2""",2.0,"=""""","=""13.7959196""","=""""","=""""",,"=""007001.000127""","=""""",
N I,"=""2s2.2p2.(3P).5p""","=""4P*""","=""3/2""",4.0,"=""""","=""13.7976614""","=""""","=""""",,"=""007001.000128""","=""""",
N I,"=""2s2.2p2.(3P).5p""","=""4P*""","=""5/2""",6.0,"=""""","=""13.8027638""","=""""","=""""",,"=""007001.000129""","=""""",
N I,"=""2s2.2p2.(3P).5p""","=""4S*""","=""3/2""",4.0,"=""""","=""13.8244077""","=""""","=""""",,"=""007001.000130""","=""""",
N I,"=""2s2.2p2.(3P).5p""","=""2D*""","=""3/2""",4.0,"=""""","=""13.8680121""","=""""","=""""",,"=""007001.000131""","=""""",
N I,"=""2s2.2p2.(3P).5p""","=""2D*""","=""5/2""",6.0,"=""""","=""13.8745272""","=""""","=""""",,"=""007001.000132""","=""""",
N I,"=""2s2.2p2.(1D).3p""","=""2P*""","=""1/2""",2.0,"=""""","=""13.9226824""","=""""","=""""",,"=""007001.000133""","=""""",
N I,"=""2s2.2p2.(1D).3p""","=""2P*""","=""3/2""",4.0,"=""""","=""13.9258810""","=""""","=""""",,"=""007001.000134""","=""""",
N I,"=""2s2.2p2.(3P).6s""","=""4P""","=""1/2""",2.0,"=""""","=""13.9563396""","=""""","=""""",,"=""007001.000135""","=""""",
N I,"=""2s2.2p2.(3P).6s""","=""4P""","=""3/2""",4.0,"=""""","=""13.9618125""","=""""","=""""",,"=""007001.000136""","=""""",
N I,"=""2s2.2p2.(3P).6s""","=""4P""","=""5/2""",6.0,"=""""","=""13.9707117""","=""""","=""""",,"=""007001.000137""","=""""",
N I,"=""2s2.2p2.(3P).6s""","=""2P""","=""1/2""",2.0,"=""""","=""13.972022""","=""""","=""""",,"=""007001.000138""","=""""",
N I,"=""2s2.2p2.(3P).6s""","=""2P""","=""3/2""",4.0,"=""""","=""13.9776017""","=""""","=""""",,"=""007001.000139""","=""""",
N I,"=""2s2.2p2.(3P).5d""","=""4F""","=""3/2""",4.0,"=""""","=""13.9804540""","=""""","=""""",,"=""007001.000140""","=""""",
N I,"=""2s2.2p2.(3P).5d""","=""4F""","=""5/2""",6.0,"=""""","=""13.9804985""","=""""","=""""",,"=""007001.000141""","=""""",
N I,"=""2s2.2p2.(3P).5d""","=""4F""","=""7/2""",8.0,"=""""","=""13.9851355""","=""""","=""""",,"=""007001.000142""","=""""",
N I,"=""2s2.2p2.(3P).5d""","=""4F""","=""9/2""",10.0,"=""""","=""13.9930238""","=""""","=""""",,"=""007001.000150""","=""""",
N I,"=""2s2.2p2.(3P).5d""","=""2P""","=""3/2""",4.0,"=""""","=""13.9855454""","=""""","=""""",,"=""007001.000143""","=""""",
N I,"=""2s2.2p2.(3P).5d""","=""2P""","=""1/2""",2.0,"=""""","=""13.9863558""","=""""","=""""",,"=""007001.000144""","=""""",
N I,"=""2s2.2p2.(3P).5d""","=""2F""","=""5/2""",6.0,"=""""","=""13.9869696""","=""""","=""""",,"=""007001.000145""","=""""",
N I,"=""2s2.2p2.(3P).5d""","=""2F""","=""7/2""",8.0,"=""""","=""13.9967297""","=""""","=""""",,"=""007001.000157""","=""""",
N I,"=""2s2.2p2.(3P).5d""","=""4P""","=""5/2""",6.0,"=""""","=""13.9884501""","=""""","=""""",,"=""007001.000146""","=""""",
N I,"=""2s2.2p2.(3P).5d""","=""4P""","=""3/2""",4.0,"=""""","=""13.990131""","=""""","=""""",,"=""007001.000149""","=""""",
N I,"=""2s2.2p2.(3P).5d""","=""4P""","=""1/2""",2.0,"=""""","=""13.994130""","=""""","=""""",,"=""007001.000152""","=""""",
N I,"=""2s2.2p2.(3P<0>).5f""","=""2[3]*""","=""5/2""",6.0,"=""[""","=""13.988758""","=""]""","=""""",,"=""007001.000147""","=""""",
N I,"=""2s2.2p2.(3P<0>).5f""","=""2[3]*""","=""7/2""",8.0,"=""[""","=""13.988758""","=""]""","=""""",,"=""007001.000148""","=""""",
N I,"=""2s2.2p2.(3P<1>).5f""","=""2[3]*""","=""5/2""",6.0,"=""""","=""""","=""""","=""""",,"=""007001.000002""","=""""",
N I,"=""2s2.2p2.(3P<1>).5f""","=""2[3]*""","=""7/2""",8.0,"=""""","=""13.993939""","=""""","=""""",,"=""007001.000151""","=""""",
N I,"=""2s2.2p2.(3P<1>).5f""","=""2[4]*""","=""9/2""",10.0,"=""""","=""13.995077""","=""""","=""""",,"=""007001.000153""","=""""",
N I,"=""2s2.2p2.(3P<1>).5f""","=""2[4]*""","=""7/2""",8.0,"=""""","=""13.995078""","=""""","=""""",,"=""007001.000154""","=""""",
N I,"=""2s2.2p2.(3P<1>).5f""","=""2[2]*""","=""3/2""",4.0,"=""""","=""13.99535""","=""""","=""""",,"=""007001.000155""","=""""",
N I,"=""2s2.2p2.(3P<1>).5f""","=""2[2]*""","=""5/2""",6.0,"=""""","=""13.995402""","=""""","=""""",,"=""007001.000156""","=""""",
N I,"=""2s2.2p2.(3P).5d""","=""4D""","=""1/2""",2.0,"=""""","=""13.99837""","=""""","=""""",,"=""007001.000158""","=""""",
N I,"=""2s2.2p2.(3P).5d""","=""4D""","=""3/2""",4.0,"=""""","=""13.9989413""","=""""","=""""",,"=""007001.000159""","=""""",
N I,"=""2s2.2p2.(3P).5d""","=""4D""","=""5/2""",6.0,"=""""","=""13.9991340""","=""""","=""""",,"=""007001.000160""","=""""",
N I,"=""2s2.2p2.(3P).5d""","=""4D""","=""7/2""",8.0,"=""""","=""13.9991896""","=""""","=""""",,"=""007001.000161""","=""""",
N I,"=""2s2.2p2.(3P).5d""","=""2D""","=""3/2""",4.0,"=""""","=""14.0011704""","=""""","=""""",,"=""007001.000162""","=""""",
N I,"=""2s2.2p2.(3P).5d""","=""2D""","=""5/2""",6.0,"=""""","=""14.0034956""","=""""","=""""",,"=""007001.000163""","=""""",
N I,"=""2s2.2p2.(3P<2>).5f""","=""2[1]*""","=""1/2""",2.0,"=""""","=""14.003596""","=""""","=""""",,"=""007001.000164""","=""""",
N I,"=""2s2.2p2.(3P<2>).5f""","=""2[1]*""","=""3/2""",4.0,"=""""","=""14.003596""","=""""","=""""",,"=""007001.000165""","=""""",
N I,"=""2s2.2p2.(3P<2>).5f""","=""2[5]*""","=""11/2""",12.0,"=""""","=""14.004440""","=""""","=""""",,"=""007001.000166""","=""""",
N I,"=""2s2.2p2.(3P<2>).5f""","=""2[5]*""","=""9/2""",10.0,"=""""","=""14.004453""","=""""","=""""",,"=""007001.000167""","=""""",
N I,"=""2s2.2p2.(3P<2>).5f""","=""2[2]*""","=""3/2""",4.0,"=""[""","=""14.004979""","=""]""","=""""",,"=""007001.000168""","=""""",
N I,"=""2s2.2p2.(3P<2>).5f""","=""2[2]*""","=""5/2""",6.0,"=""[""","=""14.004979""","=""]""","=""""",,"=""007001.000169""","=""""",
N I,"=""2s2.2p2.(3P<2>).5f""","=""2[3]*""","=""5/2""",6.0,"=""""","=""""","=""""","=""""",,"=""007001.000003""","=""""",
N I,"=""2s2.2p2.(3P<2>).5f""","=""2[3]*""","=""7/2""",8.0,"=""""","=""14.005920""","=""""","=""""",,"=""007001.000170""","=""""",
N I,"=""2s2.2p2.(3P<2>).5f""","=""2[4]*""","=""9/2""",10.0,"=""""","=""14.006134""","=""""","=""""",,"=""007001.000171""","=""""",
N I,"=""2s2.2p2.(3P<2>).5f""","=""2[4]*""","=""7/2""",8.0,"=""""","=""14.006148""","=""""","=""""",,"=""007001.000172""","=""""",
N I,"=""2s2.2p2.(3P).6p""","=""4D*""","=""1/2""",2.0,"=""""","=""""","=""""","=""""",,"=""007001.000004""","=""""",
N I,"=""2s2.2p2.(3P).6p""","=""4D*""","=""3/2""",4.0,"=""""","=""""","=""""","=""""",,"=""007001.000005""","=""""",
N I,"=""2s2.2p2.(3P).6p""","=""4D*""","=""5/2""",6.0,"=""""","=""14.04834""","=""""","=""""",,"=""007001.000173""","=""""",
N I,"=""2s2.2p2.(3P).6p""","=""4D*""","=""7/2""",8.0,"=""""","=""14.05615""","=""""","=""""",,"=""007001.000175""","=""""",
N I,"=""2s2.2p2.(3P).6p""","=""4P*""","=""1/2""",2.0,"=""""","=""""","=""""","=""""",,"=""007001.000006""","=""""",
N I,"=""2s2.2p2.(3P).6p""","=""4P*""","=""3/2""",4.0,"=""""","=""14.05358""","=""""","=""""",,"=""007001.000174""","=""""",
N I,"=""2s2.2p2.(3P).6p""","=""4P*""","=""5/2""",6.0,"=""""","=""14.06011""","=""""","=""""",,"=""007001.000176""","=""""",
N I,"=""2s2.2p2.(3P).7s""","=""4P""","=""1/2""",2.0,"=""""","=""14.1375033""","=""""","=""""",,"=""007001.000177""","=""""",
N I,"=""2s2.2p2.(3P).7s""","=""4P""","=""3/2""",4.0,"=""""","=""14.1430205""","=""""","=""""",,"=""007001.000178""","=""""",
N I,"=""2s2.2p2.(3P).7s""","=""4P""","=""5/2""",6.0,"=""""","=""14.1523654""","=""""","=""""",,"=""007001.000182""","=""""",
N I,"=""2s2.2p2.(3P).7s""","=""2P""","=""1/2""",2.0,"=""""","=""14.14810""","=""""","=""""",,"=""007001.000179""","=""""",
N I,"=""2s2.2p2.(3P).7s""","=""2P""","=""3/2""",4.0,"=""""","=""14.15975""","=""""","=""""",,"=""007001.000191""","=""""",
N I,"=""2s2.2p2.(3P).6d""","=""4F""","=""3/2""",4.0,"=""""","=""14.14960""","=""""","=""""",,"=""007001.000180""","=""""",
N I,"=""2s2.2p2.(3P).6d""","=""4F""","=""5/2""",6.0,"=""""","=""14.15065""","=""""","=""""",,"=""007001.000181""","=""""",
N I,"=""2s2.2p2.(3P).6d""","=""4F""","=""7/2""",8.0,"=""""","=""14.1559871""","=""""","=""""",,"=""007001.000186""","=""""",
N I,"=""2s2.2p2.(3P).6d""","=""4F""","=""9/2""",10.0,"=""""","=""14.1646131""","=""""","=""""",,"=""007001.000198""","=""""",
N I,"=""2s2.2p2.(3P).6d""","=""2P""","=""3/2""",4.0,"=""""","=""14.15533""","=""""","=""""",,"=""007001.000183""","=""""",
N I,"=""2s2.2p2.(3P).6d""","=""2P""","=""1/2""",2.0,"=""""","=""14.15695""","=""""","=""""",,"=""007001.000188""","=""""",
N I,"=""2s2.2p2.(3P<0>).6f""","=""2[3]*""","=""5/2""",6.0,"=""""","=""14.155521""","=""""","=""""",,"=""007001.000184""","=""""",
N I,"=""2s2.2p2.(3P<0>).6f""","=""2[3]*""","=""7/2""",8.0,"=""""","=""14.155521""","=""""","=""""",,"=""007001.000185""","=""""",
N I,"=""2s2.2p2.(3P).6d""","=""2F""","=""5/2""",6.0,"=""""","=""14.15685""","=""""","=""""",,"=""007001.000187""","=""""",
N I,"=""2s2.2p2.(3P).6d""","=""2F""","=""7/2""",8.0,"=""""","=""14.16669""","=""""","=""""",,"=""007001.000200""","=""""",
N I,"=""2s2.2p2.(3P).6d""","=""4P""","=""5/2""",6.0,"=""""","=""14.15795""","=""""","=""""",,"=""007001.000189""","=""""",
N I,"=""2s2.2p2.(3P).6d""","=""4P""","=""3/2""",4.0,"=""""","=""14.15900""","=""""","=""""",,"=""007001.000190""","=""""",
N I,"=""2s2.2p2.(3P).6d""","=""4P""","=""1/2""",2.0,"=""""","=""14.16513""","=""""","=""""",,"=""007001.000199""","=""""",
N I,"=""2s2.2p2.(3P<1>).6f""","=""2[3]*""","=""5/2""",6.0,"=""""","=""14.161066""","=""""","=""""",,"=""007001.000192""","=""""",
N I,"=""2s2.2p2.(3P<1>).6f""","=""2[3]*""","=""7/2""",8.0,"=""""","=""14.161066""","=""""","=""""",,"=""007001.000193""","=""""",
N I,"=""2s2.2p2.(3P<1>).6f""","=""2[4]*""","=""7/2""",8.0,"=""""","=""14.161733""","=""""","=""""",,"=""007001.000194""","=""""",
N I,"=""2s2.2p2.(3P<1>).6f""","=""2[4]*""","=""9/2""",10.0,"=""""","=""14.161733""","=""""","=""""",,"=""007001.000195""","=""""",
N I,"=""2s2.2p2.(3P<1>).6f""","=""2[2]*""","=""3/2""",4.0,"=""""","=""14.161956""","=""""","=""""",,"=""007001.000196""","=""""",
N I,"=""2s2.2p2.(3P<1>).6f""","=""2[2]*""","=""5/2""",6.0,"=""""","=""14.161956""","=""""","=""""",,"=""007001.000197""","=""""",
N I,"=""2s2.2p2.(3P).6d""","=""4D""","=""1/2""",2.0,"=""""","=""14.16790""","=""""","=""""",,"=""007001.000201""","=""""",
N I,"=""2s2.2p2.(3P).6d""","=""4D""","=""3/2""",4.0,"=""""","=""14.16800""","=""""","=""""",,"=""007001.000202""","=""""",
N I,"=""2s2.2p2.(3P).6d""","=""4D""","=""5/2""",6.0,"=""""","=""14.16817""","=""""","=""""",,"=""007001.000203""","=""""",
N I,"=""2s2.2p2.(3P).6d""","=""4D""","=""7/2""",8.0,"=""""","=""14.16818""","=""""","=""""",,"=""007001.000204""","=""""",
N I,"=""2s2.2p2.(3P).6d""","=""2D""","=""3/2""",4.0,"=""""","=""14.16854""","=""""","=""""",,"=""007001.000205""","=""""",
N I,"=""2s2.2p2.(3P).6d""","=""2D""","=""5/2""",6.0,"=""""","=""14.17059""","=""""","=""""",,"=""007001.000206""","=""""",
N I,"=""2s2.2p2.(3P<2>).6f""","=""2[1]*""","=""1/2""",2.0,"=""[""","=""14.170922""","=""]""","=""""",,"=""007001.000207""","=""""",
N I,"=""2s2.2p2.(3P<2>).6f""","=""2[1]*""","=""3/2""",4.0,"=""[""","=""14.170922""","=""]""","=""""",,"=""007001.000208""","=""""",
N I,"=""2s2.2p2.(3P<2>).6f""","=""2[5]*""","=""9/2""",10.0,"=""""","=""14.1714075""","=""""","=""""",,"=""007001.000209""","=""""",
N I,"=""2s2.2p2.(3P<2>).6f""","=""2[5]*""","=""11/2""",12.0,"=""""","=""14.1714075""","=""""","=""""",,"=""007001.000210""","=""""",
N I,"=""2s2.2p2.(3P<2>).6f""","=""2[2]*""","=""3/2""",4.0,"=""""","=""14.171644""","=""""","=""""",,"=""007001.000211""","=""""",
N I,"=""2s2.2p2.(3P<2>).6f""","=""2[2]*""","=""5/2""",6.0,"=""""","=""14.171644""","=""""","=""""",,"=""007001.000212""","=""""",
N I,"=""2s2.2p2.(3P<2>).6f""","=""2[3]*""","=""5/2""",6.0,"=""""","=""14.172223""","=""""","=""""",,"=""007001.000213""","=""""",
N I,"=""2s2.2p2.(3P<2>).6f""","=""2[3]*""","=""7/2""",8.0,"=""""","=""14.172223""","=""""","=""""",,"=""007001.000214""","=""""",
N I,"=""2s2.2p2.(3P<2>).6f""","=""2[4]*""","=""7/2""",8.0,"=""""","=""14.172360""","=""""","=""""",,"=""007001.000215""","=""""",
N I,"=""2s2.2p2.(3P<2>).6f""","=""2[4]*""","=""9/2""",10.0,"=""""","=""14.172360""","=""""","=""""",,"=""007001.000216""","=""""",
N I,"=""2s2.2p2.(3P).7p""","=""4D*""","=""1/2""",2.0,"=""""","=""""","=""""","=""""",,"=""007001.000007""","=""""",
N I,"=""2s2.2p2.(3P).7p""","=""4D*""","=""3/2""",4.0,"=""""","=""""","=""""","=""""",,"=""007001.000008""","=""""",
N I,"=""2s2.2p2.(3P).7p""","=""4D*""","=""5/2""",6.0,"=""""","=""""","=""""","=""""",,"=""007001.000009""","=""""",
N I,"=""2s2.2p2.(3P).7p""","=""4D*""","=""7/2""",8.0,"=""""","=""14.20184""","=""""","=""""",,"=""007001.000217""","=""""",
N I,"=""2s2.2p2.(3P).8s""","=""4P""","=""1/2""",2.0,"=""""","=""14.24504""","=""""","=""""",,"=""007001.000218""","=""""",
N I,"=""2s2.2p2.(3P).8s""","=""4P""","=""3/2""",4.0,"=""""","=""14.25063""","=""""","=""""",,"=""007001.000219""","=""""",
N I,"=""2s2.2p2.(3P).8s""","=""4P""","=""5/2""",6.0,"=""""","=""14.26082""","=""""","=""""",,"=""007001.000229""","=""""",
N I,"=""2s2.2p2.(3P).7d""","=""4F""","=""3/2""",4.0,"=""""","=""14.25229""","=""""","=""""",,"=""007001.000220""","=""""",
N I,"=""2s2.2p2.(3P).7d""","=""4F""","=""5/2""",6.0,"=""""","=""14.25310""","=""""","=""""",,"=""007001.000221""","=""""",
N I,"=""2s2.2p2.(3P).7d""","=""4F""","=""7/2""",8.0,"=""""","=""14.25863""","=""""","=""""",,"=""007001.000225""","=""""",
N I,"=""2s2.2p2.(3P).7d""","=""4F""","=""9/2""",10.0,"=""""","=""14.26775""","=""""","=""""",,"=""007001.000231""","=""""",
N I,"=""2s2.2p2.(3P).8s""","=""2P""","=""1/2""",2.0,"=""""","=""14.25361""","=""""","=""""",,"=""007001.000222""","=""""",
N I,"=""2s2.2p2.(3P).8s""","=""2P""","=""3/2""",4.0,"=""""","=""14.26232""","=""""","=""""",,"=""007001.000230""","=""""",
N I,"=""2s2.2p2.(3P).7d""","=""2P""","=""3/2""",4.0,"=""""","=""14.25729""","=""""","=""""",,"=""007001.000223""","=""""",
N I,"=""2s2.2p2.(3P).7d""","=""2P""","=""1/2""",2.0,"=""""","=""14.25941""","=""""","=""""",,"=""007001.000226""","=""""",
N I,"=""2s2.2p2.(3P).7d""","=""2F""","=""5/2""",6.0,"=""""","=""14.25855""","=""""","=""""",,"=""007001.000224""","=""""",
N I,"=""2s2.2p2.(3P).7d""","=""2F""","=""7/2""",8.0,"=""""","=""14.26896""","=""""","=""""",,"=""007001.000232""","=""""",
N I,"=""2s2.2p2.(3P).7d""","=""4P""","=""1/2""",2.0,"=""""","=""""","=""""","=""""",,"=""007001.000010""","=""""",
N I,"=""2s2.2p2.(3P).7d""","=""4P""","=""5/2""",6.0,"=""""","=""14.25955""","=""""","=""""",,"=""007001.000227""","=""""",
N I,"=""2s2.2p2.(3P).7d""","=""4P""","=""3/2""",4.0,"=""""","=""14.26050""","=""""","=""""",,"=""007001.000228""","=""""",
N I,"=""2s2.2p2.(3P).7d""","=""4D""","=""1/2""",2.0,"=""""","=""14.26975""","=""""","=""""",,"=""007001.000233""","=""""",
N I,"=""2s2.2p2.(3P).7d""","=""4D""","=""7/2""",8.0,"=""""","=""14.26989""","=""""","=""""",,"=""007001.000234""","=""""",
N I,"=""2s2.2p2.(3P).7d""","=""4D""","=""3/2""",4.0,"=""""","=""14.26990""","=""""","=""""",,"=""007001.000235""","=""""",
N I,"=""2s2.2p2.(3P).7d""","=""4D""","=""5/2""",6.0,"=""""","=""14.26991""","=""""","=""""",,"=""007001.000236""","=""""",
N I,"=""2s2.2p2.(3P).7d""","=""2D""","=""3/2""",4.0,"=""""","=""14.27058""","=""""","=""""",,"=""007001.000237""","=""""",
N I,"=""2s2.2p2.(3P).7d""","=""2D""","=""5/2""",6.0,"=""""","=""14.27135""","=""""","=""""",,"=""007001.000238""","=""""",
N I,"=""2s2.2p2.(3P).9s""","=""4P""","=""1/2""",2.0,"=""""","=""14.31391""","=""""","=""""",,"=""007001.000239""","=""""",
N I,"=""2s2.2p2.(3P).9s""","=""4P""","=""3/2""",4.0,"=""""","=""14.31962""","=""""","=""""",,"=""007001.000242""","=""""",
N I,"=""2s2.2p2.(3P).9s""","=""4P""","=""5/2""",6.0,"=""""","=""14.32967""","=""""","=""""",,"=""007001.000248""","=""""",
N I,"=""2s2.2p2.(3P).9s""","=""2P""","=""1/2""",2.0,"=""""","=""14.318""","=""""","=""""",,"=""007001.000240""","=""""",
N I,"=""2s2.2p2.(3P).9s""","=""2P""","=""3/2""",4.0,"=""""","=""14.318""","=""""","=""""",,"=""007001.000241""","=""""",
N I,"=""2s2.2p2.(3P).8d""","=""4F""","=""3/2""",4.0,"=""""","=""""","=""""","=""""",,"=""007001.000011""","=""""",
N I,"=""2s2.2p2.(3P).8d""","=""4F""","=""5/2""",6.0,"=""""","=""14.31962""","=""""","=""""",,"=""007001.000243""","=""""",
N I,"=""2s2.2p2.(3P).8d""","=""4F""","=""7/2""",8.0,"=""""","=""14.32486""","=""""","=""""",,"=""007001.000246""","=""""",
N I,"=""2s2.2p2.(3P).8d""","=""4F""","=""9/2""",10.0,"=""""","=""14.33422""","=""""","=""""",,"=""007001.000250""","=""""",
N I,"=""2s2.2p2.(3P).8d""","=""2P""","=""1/2""",2.0,"=""""","=""14.324""","=""""","=""""",,"=""007001.000244""","=""""",
N I,"=""2s2.2p2.(3P).8d""","=""2P""","=""3/2""",4.0,"=""""","=""14.32456""","=""""","=""""",,"=""007001.000245""","=""""",
N I,"=""2s2.2p2.(3P).8d""","=""2F""","=""5/2""",6.0,"=""""","=""14.32494""","=""""","=""""",,"=""007001.000247""","=""""",
N I,"=""2s2.2p2.(3P).8d""","=""2F""","=""7/2""",8.0,"=""""","=""14.33513""","=""""","=""""",,"=""007001.000254""","=""""",
N I,"=""2s2.2p2.(3P).8d""","=""2D""","=""3/2""",4.0,"=""""","=""14.3322""","=""""","=""""",,"=""007001.000249""","=""""",
N I,"=""2s2.2p2.(3P).8d""","=""2D""","=""5/2""",6.0,"=""""","=""14.33673""","=""""","=""""",,"=""007001.000259""","=""""",
N I,"=""2s2.2p2.(3P).8d""","=""4P""","=""1/2""",2.0,"=""""","=""14.3348""","=""""","=""""",,"=""007001.000251""","=""""",
N I,"=""2s2.2p2.(3P).8d""","=""4P""","=""3/2""",4.0,"=""""","=""14.3348""","=""""","=""""",,"=""007001.000252""","=""""",
N I,"=""2s2.2p2.(3P).8d""","=""4P""","=""5/2""",6.0,"=""""","=""14.3348""","=""""","=""""",,"=""007001.000253""","=""""",
N I,"=""2s2.2p2.(3P).8d""","=""4D""","=""1/2""",2.0,"=""""","=""14.33561""","=""""","=""""",,"=""007001.000255""","=""""",
N I,"=""2s2.2p2.(3P).8d""","=""4D""","=""3/2""",4.0,"=""""","=""14.33591""","=""""","=""""",,"=""007001.000256""","=""""",
N I,"=""2s2.2p2.(3P).8d""","=""4D""","=""5/2""",6.0,"=""""","=""14.33591""","=""""","=""""",,"=""007001.000257""","=""""",
N I,"=""2s2.2p2.(3P).8d""","=""4D""","=""7/2""",8.0,"=""""","=""14.33601""","=""""","=""""",,"=""007001.000258""","=""""",
N I,"=""2s2.2p2.(3P).10s""","=""4P""","=""1/2""",2.0,"=""""","=""14.36100""","=""""","=""""",,"=""007001.000260""","=""""",
N I,"=""2s2.2p2.(3P).10s""","=""4P""","=""3/2""",4.0,"=""""","=""14.36685""","=""""","=""""",,"=""007001.000263""","=""""",
N I,"=""2s2.2p2.(3P).10s""","=""4P""","=""5/2""",6.0,"=""""","=""14.37661""","=""""","=""""",,"=""007001.000272""","=""""",
N I,"=""2s2.2p2.(3P).10s""","=""2P""","=""1/2""",2.0,"=""""","=""14.3626""","=""""","=""""",,"=""007001.000261""","=""""",
N I,"=""2s2.2p2.(3P).10s""","=""2P""","=""3/2""",4.0,"=""""","=""14.3626""","=""""","=""""",,"=""007001.000262""","=""""",
N I,"=""2s2.2p2.(3P).9d""","=""4D""","=""1/2""",2.0,"=""""","=""14.3682""","=""""","=""""",,"=""007001.000264""","=""""",
N I,"=""2s2.2p2.(3P).9d""","=""4D""","=""3/2""",4.0,"=""""","=""14.3682""","=""""","=""""",,"=""007001.000265""","=""""",
N I,"=""2s2.2p2.(3P).9d""","=""4D""","=""5/2""",6.0,"=""""","=""14.3682""","=""""","=""""",,"=""007001.000266""","=""""",
N I,"=""2s2.2p2.(3P).9d""","=""4D""","=""7/2""",8.0,"=""""","=""14.3682""","=""""","=""""",,"=""007001.000267""","=""""",
N I,"=""2s2.2p2.(3P).9d""","=""2P""","=""1/2""",2.0,"=""""","=""14.3684""","=""""","=""""",,"=""007001.000268""","=""""",
N I,"=""2s2.2p2.(3P).9d""","=""2P""","=""3/2""",4.0,"=""""","=""14.3684""","=""""","=""""",,"=""007001.000269""","=""""",
N I,"=""2s2.2p2.(3P).9d""","=""2F""","=""5/2""",6.0,"=""""","=""14.3700""","=""""","=""""",,"=""007001.000270""","=""""",
N I,"=""2s2.2p2.(3P).9d""","=""2F""","=""7/2""",8.0,"=""""","=""14.3700""","=""""","=""""",,"=""007001.000271""","=""""",
N I,"=""2s2.2p2.(3P).9d""","=""2D""","=""3/2""",4.0,"=""""","=""14.3788""","=""""","=""""",,"=""007001.000273""","=""""",
N I,"=""2s2.2p2.(3P).9d""","=""2D""","=""5/2""",6.0,"=""""","=""14.3811""","=""""","=""""",,"=""007001.000277""","=""""",
N I,"=""2s2.2p2.(3P).9d""","=""4P""","=""1/2""",2.0,"=""""","=""14.381""","=""""","=""""",,"=""007001.000274""","=""""",
N I,"=""2s2.2p2.(3P).9d""","=""4P""","=""3/2""",4.0,"=""""","=""14.381""","=""""","=""""",,"=""007001.000275""","=""""",
N I,"=""2s2.2p2.(3P).9d""","=""4P""","=""5/2""",6.0,"=""""","=""14.381""","=""""","=""""",,"=""007001.000276""","=""""",
N I,"=""2s2.2p2.(3P).11s""","=""2P""","=""1/2""",2.0,"=""""","=""14.3954""","=""""","=""""",,"=""007001.000278""","=""""",
N I,"=""2s2.2p2.(3P).11s""","=""2P""","=""3/2""",4.0,"=""""","=""14.3954""","=""""","=""""",,"=""007001.000279""","=""""",
N I,"=""2s2.2p2.(3P).11s""","=""4P""","=""1/2""",2.0,"=""""","=""14.3975""","=""""","=""""",,"=""007001.000280""","=""""",
N I,"=""2s2.2p2.(3P).11s""","=""4P""","=""3/2""",4.0,"=""""","=""14.3975""","=""""","=""""",,"=""007001.000281""","=""""",
N I,"=""2s2.2p2.(3P).11s""","=""4P""","=""5/2""",6.0,"=""""","=""14.3975""","=""""","=""""",,"=""007001.000282""","=""""",
N I,"=""2s2.2p2.(3P).10d""","=""2P""","=""1/2""",2.0,"=""""","=""14.4014""","=""""","=""""",,"=""007001.000283""","=""""",
N I,"=""2s2.2p2.(3P).10d""","=""2P""","=""3/2""",4.0,"=""""","=""14.4014""","=""""","=""""",,"=""007001.000284""","=""""",
N I,"=""2s2.2p2.(3P).10d""","=""2F""","=""5/2""",6.0,"=""""","=""14.4019""","=""""","=""""",,"=""007001.000285""","=""""",
N I,"=""2s2.2p2.(3P).10d""","=""2F""","=""7/2""",8.0,"=""""","=""14.4019""","=""""","=""""",,"=""007001.000286""","=""""",
N I,"=""2s2.2p2.(3P).10d""","=""4D""","=""1/2""",2.0,"=""""","=""14.4025""","=""""","=""""",,"=""007001.000287""","=""""",
N I,"=""2s2.2p2.(3P).10d""","=""4D""","=""3/2""",4.0,"=""""","=""14.4025""","=""""","=""""",,"=""007001.000288""","=""""",
N I,"=""2s2.2p2.(3P).10d""","=""4D""","=""5/2""",6.0,"=""""","=""14.4025""","=""""","=""""",,"=""007001.000289""","=""""",
N I,"=""2s2.2p2.(3P).10d""","=""4D""","=""7/2""",8.0,"=""""","=""14.4025""","=""""","=""""",,"=""007001.000290""","=""""",
N I,"=""2s2.2p2.(3P).10d""","=""2D""","=""3/2""",4.0,"=""""","=""14.412""","=""""","=""""",,"=""007001.000291""","=""""",
N I,"=""2s2.2p2.(3P).10d""","=""2D""","=""5/2""",6.0,"=""""","=""14.412""","=""""","=""""",,"=""007001.000292""","=""""",
N I,"=""2s2.2p2.(3P).10d""","=""4P""","=""1/2""",2.0,"=""""","=""14.4143""","=""""","=""""",,"=""007001.000293""","=""""",
N I,"=""2s2.2p2.(3P).10d""","=""4P""","=""3/2""",4.0,"=""""","=""14.4143""","=""""","=""""",,"=""007001.000294""","=""""",
N I,"=""2s2.2p2.(3P).10d""","=""4P""","=""5/2""",6.0,"=""""","=""14.4143""","=""""","=""""",,"=""007001.000295""","=""""",
N I,"=""2s2.2p2.(1S).3s""","=""2S""","=""1/2""",2.0,"=""""","=""14.4167038""","=""""","=""""",,"=""007001.000296""","=""""",
N I,"=""2s2.2p2.(3P).12s""","=""2P""","=""1/2""",2.0,"=""""","=""14.4200""","=""""","=""""",,"=""007001.000297""","=""""",
N I,"=""2s2.2p2.(3P).12s""","=""2P""","=""3/2""",4.0,"=""""","=""14.4200""","=""""","=""""",,"=""007001.000298""","=""""",
N I,"=""2s2.2p2.(3P).12s""","=""4P""","=""1/2""",2.0,"=""""","=""14.4209""","=""""","=""""",,"=""007001.000299""","=""""",
N I,"=""2s2.2p2.(3P).12s""","=""4P""","=""3/2""",4.0,"=""""","=""14.4209""","=""""","=""""",,"=""007001.000300""","=""""",
N I,"=""2s2.2p2.(3P).12s""","=""4P""","=""5/2""",6.0,"=""""","=""14.4209""","=""""","=""""",,"=""007001.000301""","=""""",
N I,"=""2s2.2p2.(3P).11d""","=""2P""","=""1/2""",2.0,"=""""","=""14.4257""","=""""","=""""",,"=""007001.000302""","=""""",
N I,"=""2s2.2p2.(3P).11d""","=""2P""","=""3/2""",4.0,"=""""","=""14.4257""","=""""","=""""",,"=""007001.000303""","=""""",
N I,"=""2s2.2p2.(3P).11d""","=""2F""","=""5/2""",6.0,"=""""","=""14.4267""","=""""","=""""",,"=""007001.000304""","=""""",
N I,"=""2s2.2p2.(3P).11d""","=""2F""","=""7/2""",8.0,"=""""","=""14.4267""","=""""","=""""",,"=""007001.000305""","=""""",
N I,"=""2s2.2p2.(3P).11d""","=""4D""","=""1/2""",2.0,"=""""","=""14.4277""","=""""","=""""",,"=""007001.000306""","=""""",
N I,"=""2s2.2p2.(3P).11d""","=""4D""","=""3/2""",4.0,"=""""","=""14.4277""","=""""","=""""",,"=""007001.000307""","=""""",
N I,"=""2s2.2p2.(3P).11d""","=""4D""","=""5/2""",6.0,"=""""","=""14.4277""","=""""","=""""",,"=""007001.000308""","=""""",
N I,"=""2s2.2p2.(3P).11d""","=""4D""","=""7/2""",8.0,"=""""","=""14.4277""","=""""","=""""",,"=""007001.000309""","=""""",
N I,"=""2s2.2p2.(3P).11d""","=""2D""","=""3/2""",4.0,"=""""","=""14.4362""","=""""","=""""",,"=""007001.000310""","=""""",
N I,"=""2s2.2p2.(3P).11d""","=""2D""","=""5/2""",6.0,"=""""","=""14.4362""","=""""","=""""",,"=""007001.000311""","=""""",
N I,"=""2s2.2p2.(3P).11d""","=""4P""","=""1/2""",2.0,"=""""","=""14.4368""","=""""","=""""",,"=""007001.000312""","=""""",
N I,"=""2s2.2p2.(3P).11d""","=""4P""","=""3/2""",4.0,"=""""","=""14.4368""","=""""","=""""",,"=""007001.000313""","=""""",
N I,"=""2s2.2p2.(3P).11d""","=""4P""","=""5/2""",6.0,"=""""","=""14.4368""","=""""","=""""",,"=""007001.000314""","=""""",
N I,"=""2s2.2p2.(3P).13s""","=""2P""","=""1/2""",2.0,"=""""","=""14.4401""","=""""","=""""",,"=""007001.000315""","=""""",
N I,"=""2s2.2p2.(3P).13s""","=""2P""","=""3/2""",4.0,"=""""","=""14.4401""","=""""","=""""",,"=""007001.000316""","=""""",
N I,"=""2s2.2p2.(3P).12d""","=""2P""","=""1/2""",2.0,"=""""","=""14.4444""","=""""","=""""",,"=""007001.000317""","=""""",
N I,"=""2s2.2p2.(3P).12d""","=""2P""","=""3/2""",4.0,"=""""","=""14.4444""","=""""","=""""",,"=""007001.000318""","=""""",
N I,"=""2s2.2p2.(3P).12d""","=""4P""","=""1/2""",2.0,"=""""","=""14.4542""","=""""","=""""",,"=""007001.000319""","=""""",
N I,"=""2s2.2p2.(3P).12d""","=""4P""","=""3/2""",4.0,"=""""","=""14.4542""","=""""","=""""",,"=""007001.000320""","=""""",
N I,"=""2s2.2p2.(3P).12d""","=""4P""","=""5/2""",6.0,"=""""","=""14.4542""","=""""","=""""",,"=""007001.000321""","=""""",
N I,"=""2s2.2p2.(3P).12d""","=""2D""","=""3/2""",4.0,"=""""","=""14.4597""","=""""","=""""",,"=""007001.000322""","=""""",
N I,"=""2s2.2p2.(3P).12d""","=""2D""","=""5/2""",6.0,"=""""","=""14.4597""","=""""","=""""",,"=""007001.000323""","=""""",
N I,"=""N II (2p2 3P<0>)""","=""Limit""","=""---""",,"=""""","=""14.53413""","=""""","=""0.00004""",,"=""007001.Lim001""","=""L1411""",
N I,"=""N II (2p2 3P<1>)""","=""Limit""","=""---""",,"=""""","=""14.54017""","=""""","=""""",,"=""007001.Lim002""","=""""",
N I,"=""N II (2p2 3P<2>)""","=""Limit""","=""---""",,"=""""","=""14.550347""","=""""","=""""",,"=""007001.Lim003""","=""""",
N I,"=""2s2.2p2.(1D).4s""","=""2D""","=""3/2""",4.0,"=""""","=""14.78016""","=""""","=""""",,"=""007001.000327""","=""""",
N I,"=""2s2.2p2.(1D).4s""","=""2D""","=""5/2""",6.0,"=""""","=""14.78016""","=""""","=""""",,"=""007001.000328""","=""""",
N I,"=""2s2.2p2.(1D).3d""","=""2F""","=""5/2""",6.0,"=""""","=""""","=""""","=""""",,"=""007001.000012""","=""""",
N I,"=""2s2.2p2.(1D).3d""","=""2F""","=""7/2""",8.0,"=""""","=""14.85491""","=""""","=""""",,"=""007001.000329""","=""""",
N I,"=""2s2.2p2.(1D).3d""","=""2G""","=""9/2""",10.0,"=""""","=""14.8966070""","=""""","=""""",,"=""007001.000330""","=""""",
N I,"=""2s2.2p2.(1D).3d""","=""2G""","=""7/2""",8.0,"=""""","=""14.8966178""","=""""","=""""",,"=""007001.000331""","=""""",
N I,"=""2s2.2p2.(1D).3d""","=""2D""","=""5/2""",6.0,"=""""","=""14.89671""","=""""","=""""",,"=""007001.000332""","=""""",
N I,"=""2s2.2p2.(1D).3d""","=""2D""","=""3/2""",4.0,"=""""","=""14.89742""","=""""","=""""",,"=""007001.000333""","=""""",
N I,"=""2s2.2p2.(1D).3d""","=""2P""","=""3/2""",4.0,"=""""","=""14.91649""","=""""","=""""",,"=""007001.000334""","=""""",
N I,"=""2s2.2p2.(1D).3d""","=""2P""","=""1/2""",2.0,"=""""","=""14.91669""","=""""","=""""",,"=""007001.000335""","=""""",
N I,"=""2s2.2p2.(1D).3d""","=""2S""","=""1/2""",2.0,"=""""","=""14.94828""","=""""","=""""",,"=""007001.000336""","=""""",
N I,"=""2s.2p4""","=""2D""","=""3/2""",4.0,"=""""","=""""","=""""","=""""",,"=""007001.000013""","=""""",
N I,"=""2s.2p4""","=""2D""","=""5/2""",6.0,"=""""","=""15.02695""","=""""","=""""",,"=""007001.000337""","=""""",
N I,"=""2s2.2p2.(1D).4p""","=""2F*""","=""5/2""",6.0,"=""""","=""15.15662""","=""""","=""""",,"=""007001.000338""","=""""",
N I,"=""2s2.2p2.(1D).4p""","=""2F*""","=""7/2""",8.0,"=""""","=""15.15662""","=""""","=""""",,"=""007001.000339""","=""""",
N I,"=""2s2.2p2.(1D).4f H""","=""2[5]*""","=""9/2""",10.0,"=""""","=""15.583335""","=""""","=""""",,"=""007001.000340""","=""""",
N I,"=""2s2.2p2.(1D).4f H""","=""2[5]*""","=""11/2""",12.0,"=""""","=""15.583335""","=""""","=""""",,"=""007001.000341""","=""""",
N I,"=""2s.2p3.(5S*).3s""","=""6S*""","=""5/2""",6.0,"=""[""","=""16.241930""","=""]+x""","=""""",,"=""007001.000342""","=""""",
N I,"=""2s.2p3.(5S*).3p""","=""6P""","=""3/2""",4.0,"=""""","=""17.615768""","=""+x""","=""""",,"=""007001.000343""","=""""",
N I,"=""2s.2p3.(5S*).3p""","=""6P""","=""5/2""",6.0,"=""""","=""17.615912""","=""+x""","=""""",,"=""007001.000344""","=""""",
N I,"=""2s.2p3.(5S*).3p""","=""6P""","=""7/2""",8.0,"=""""","=""17.616187""","=""+x""","=""""",,"=""007001.000345""","=""""",
N I,"=""2s.2p3.(5S*).3p""","=""4P""","=""1/2""",2.0,"=""""","=""17.898""","=""""","=""""",,"=""007001.000346""","=""""",
N I,"=""2s.2p3.(5S*).3p""","=""4P""","=""3/2""",4.0,"=""""","=""17.898""","=""""","=""""",,"=""007001.000347""","=""""",
N I,"=""2s.2p3.(5S*).3p""","=""4P""","=""5/2""",6.0,"=""""","=""17.898""","=""""","=""""",,"=""007001.000348""","=""""",
N I,"=""2s.2p3.(5S*).4p""","=""4P""","=""1/2""",2.0,"=""""","=""19.1480""","=""""","=""""",,"=""007001.000349""","=""""",
N I,"=""2s.2p3.(5S*).4p""","=""4P""","=""3/2""",4.0,"=""""","=""19.1480""","=""""","=""""",,"=""007001.000350""","=""""",
N I,"=""2s.2p3.(5S*).4p""","=""4P""","=""5/2""",6.0,"=""""","=""19.1480""","=""""","=""""",,"=""007001.000351""","=""""",
N I,"=""2s.2p3.(5S*).5p""","=""4P""","=""1/2""",2.0,"=""""","=""19.6294""","=""""","=""""",,"=""007001.000352""","=""""",
N I,"=""2s.2p3.(5S*).5p""","=""4P""","=""3/2""",4.0,"=""""","=""19.6294""","=""""","=""""",,"=""007001.000353""","=""""",
N I,"=""2s.2p3.(5S*).5p""","=""4P""","=""5/2""",6.0,"=""""","=""19.6294""","=""""","=""""",,"=""007001.000354""","=""""",
N I,"=""2s.2p3.(5S*).6p""","=""4P""","=""1/2""",2.0,"=""""","=""19.8674""","=""""","=""""",,"=""007001.000355""","=""""",
N I,"=""2s.2p3.(5S*).6p""","=""4P""","=""3/2""",4.0,"=""""","=""19.8674""","=""""","=""""",,"=""007001.000356""","=""""",
N I,"=""2s.2p3.(5S*).6p""","=""4P""","=""5/2""",6.0,"=""""","=""19.8674""","=""""","=""""",,"=""007001.000357""","=""""",
N I,"=""2s.2p3.(5S*).7p""","=""4P""","=""1/2""",2.0,"=""""","=""20.002""","=""""","=""""",,"=""007001.000358""","=""""",
N I,"=""2s.2p3.(5S*).7p""","=""4P""","=""3/2""",4.0,"=""""","=""20.002""","=""""","=""""",,"=""007001.000359""","=""""",
N I,"=""2s.2p3.(5S*).7p""","=""4P""","=""5/2""",6.0,"=""""","=""20.002""","=""""","=""""",,"=""007001.000360""","=""""",
N I,"=""2s.2p3.(5S*).8p""","=""4P""","=""1/2""",2.0,"=""""","=""20.0861""","=""""","=""""",,"=""007001.000361""","=""""",
N I,"=""2s.2p3.(5S*).8p""","=""4P""","=""3/2""",4.0,"=""""","=""20.0861""","=""""","=""""",,"=""007001.000362""","=""""",
N I,"=""2s.2p3.(5S*).8p""","=""4P""","=""5/2""",6.0,"=""""","=""20.0861""","=""""","=""""",,"=""007001.000363""","=""""",
N I,"=""2s.2p3.(5S*).9p""","=""4P""","=""1/2""",2.0,"=""[""","=""20.1395""","=""]""","=""""",,"=""007001.000364""","=""""",
N I,"=""2s.2p3.(5S*).9p""","=""4P""","=""3/2""",4.0,"=""[""","=""20.1395""","=""]""","=""""",,"=""007001.000365""","=""""",
N I,"=""2s.2p3.(5S*).9p""","=""4P""","=""5/2""",6.0,"=""[""","=""20.1395""","=""]""","=""""",,"=""007001.000366""","=""""",
N I,"=""2s.2p3.(5S*).10p""","=""4P""","=""1/2""",2.0,"=""""","=""20.181""","=""""","=""""",,"=""007001.000367""","=""""",
N I,"=""2s.2p3.(5S*).10p""","=""4P""","=""3/2""",4.0,"=""""","=""20.181""","=""""","=""""",,"=""007001.000368""","=""""",
N I,"=""2s.2p3.(5S*).10p""","=""4P""","=""5/2""",6.0,"=""""","=""20.181""","=""""","=""""",,"=""007001.000369""","=""""",
N I,"=""2s.2p3.(5S*).11p""","=""4P""","=""1/2""",2.0,"=""""","=""20.2093""","=""""","=""""",,"=""007001.000370""","=""""",
N I,"=""2s.2p3.(5S*).11p""","=""4P""","=""3/2""",4.0,"=""""","=""20.2093""","=""""","=""""",,"=""007001.000371""","=""""",
N I,"=""2s.2p3.(5S*).11p""","=""4P""","=""5/2""",6.0,"=""""","=""20.2093""","=""""","=""""",,"=""007001.000372""","=""""",
N I,"=""2s.2p3.(5S*).12p""","=""4P""","=""1/2""",2.0,"=""""","=""20.2296""","=""""","=""""",,"=""007001.000373""","=""""",
N I,"=""2s.2p3.(5S*).12p""","=""4P""","=""3/2""",4.0,"=""""","=""20.2296""","=""""","=""""",,"=""007001.000374""","=""""",
N I,"=""2s.2p3.(5S*).12p""","=""4P""","=""5/2""",6.0,"=""""","=""20.2296""","=""""","=""""",,"=""007001.000375""","=""""",
N I,"=""2s.2p3.(5S*).13p""","=""4P""","=""1/2""",2.0,"=""""","=""20.2464""","=""""","=""""",,"=""007001.000376""","=""""",
N I,"=""2s.2p3.(5S*).13p""","=""4P""","=""3/2""",4.0,"=""""","=""20.2464""","=""""","=""""",,"=""007001.000377""","=""""",
N I,"=""2s.2p3.(5S*).13p""","=""4P""","=""5/2""",6.0,"=""""","=""20.2464""","=""""","=""""",,"=""007001.000378""","=""""",
N I,"=""2s.2p3.(5S*).14p""","=""4P""","=""1/2""",2.0,"=""""","=""20.2589""","=""""","=""""",,"=""007001.000379""","=""""",
N I,"=""2s.2p3.(5S*).14p""","=""4P""","=""3/2""",4.0,"=""""","=""20.2589""","=""""","=""""",,"=""007001.000380""","=""""",
N I,"=""2s.2p3.(5S*).14p""","=""4P""","=""5/2""",6.0,"=""""","=""20.2589""","=""""","=""""",,"=""007001.000381""","=""""",
N II,"=""2s2.2p2""","=""3P""","=""0""",1.0,"=""""","=""0.00000""","=""""","=""0""",,"=""007002.000001""","=""L7288""",
N II,"=""2s2.2p2""","=""3P""","=""1""",3.0,"=""""","=""0.00604""","=""""","=""""",,"=""007002.000016""","=""""",
N II,"=""2s2.2p2""","=""3P""","=""2""",5.0,"=""""","=""0.01622""","=""""","=""""",,"=""007002.000017""","=""""",
N II,"=""2s2.2p2""","=""1D""","=""2""",5.0,"=""""","=""1.89897""","=""""","=""""",,"=""007002.000018""","=""""",
N II,"=""2s2.2p2""","=""1S""","=""0""",1.0,"=""""","=""4.05289""","=""""","=""""",,"=""007002.000019""","=""""",
N II,"=""2s.2p3""","=""5S*""","=""2""",5.0,"=""""","=""5.80055""","=""""","=""""",,"=""007002.000020""","=""""",
N II,"=""2s.2p3""","=""3D*""","=""3""",7.0,"=""""","=""11.43596""","=""""","=""""",,"=""007002.000021""","=""""",
N II,"=""2s.2p3""","=""3D*""","=""2""",5.0,"=""""","=""11.43758""","=""""","=""""",,"=""007002.000022""","=""""",
N II,"=""2s.2p3""","=""3D*""","=""1""",3.0,"=""""","=""11.43777""","=""""","=""""",,"=""007002.000023""","=""""",
N II,"=""2s.2p3""","=""3P*""","=""1""",3.0,"=""""","=""13.54113""","=""""","=""""",,"=""007002.000024""","=""""",
N II,"=""2s.2p3""","=""3P*""","=""2""",5.0,"=""""","=""13.54126""","=""""","=""""",,"=""007002.000025""","=""""",
N II,"=""2s.2p3""","=""3P*""","=""0""",1.0,"=""""","=""13.54199""","=""""","=""""",,"=""007002.000026""","=""""",
N II,"=""2s.2p3""","=""1D*""","=""2""",5.0,"=""""","=""17.877026""","=""""","=""""",,"=""007002.000027""","=""""",
N II,"=""2s2.2p.3s""","=""3P*""","=""0""",1.0,"=""""","=""18.462312""","=""""","=""""",,"=""007002.000028""","=""""",
N II,"=""2s2.2p.3s""","=""3P*""","=""1""",3.0,"=""""","=""18.466228""","=""""","=""""",,"=""007002.000029""","=""""",
N II,"=""2s2.2p.3s""","=""3P*""","=""2""",5.0,"=""""","=""18.483133""","=""""","=""""",,"=""007002.000030""","=""""",
N II,"=""2s2.2p.3s""","=""1P*""","=""1""",3.0,"=""""","=""18.496930""","=""""","=""""",,"=""007002.000031""","=""""",
N II,"=""2s.2p3""","=""3S*""","=""1""",3.0,"=""""","=""19.233263""","=""""","=""""",,"=""007002.000032""","=""""",
N II,"=""2s2.2p.3p""","=""1P""","=""1""",3.0,"=""""","=""20.409133""","=""""","=""""",,"=""007002.000033""","=""""",
N II,"=""2s2.2p.3p""","=""3D""","=""1""",3.0,"=""""","=""20.646058""","=""""","=""""",,"=""007002.000034""","=""""",
N II,"=""2s2.2p.3p""","=""3D""","=""2""",5.0,"=""""","=""20.653592""","=""""","=""""",,"=""007002.000035""","=""""",
N II,"=""2s2.2p.3p""","=""3D""","=""3""",7.0,"=""""","=""20.665518""","=""""","=""""",,"=""007002.000036""","=""""",
N II,"=""2s.2p3""","=""1P*""","=""1""",3.0,"=""""","=""20.676307""","=""""","=""""",,"=""007002.000037""","=""""",
N II,"=""2s2.2p.3p""","=""3S""","=""1""",3.0,"=""""","=""20.939965""","=""""","=""""",,"=""007002.000038""","=""""",
N II,"=""2s2.2p.3p""","=""3P""","=""0""",1.0,"=""""","=""21.148308""","=""""","=""""",,"=""007002.000039""","=""""",
N II,"=""2s2.2p.3p""","=""3P""","=""1""",3.0,"=""""","=""21.152682""","=""""","=""""",,"=""007002.000040""","=""""",
N II,"=""2s2.2p.3p""","=""3P""","=""2""",5.0,"=""""","=""21.159916""","=""""","=""""",,"=""007002.000041""","=""""",
N II,"=""2s2.2p.3p""","=""1D""","=""2""",5.0,"=""""","=""21.599539""","=""""","=""""",,"=""007002.000042""","=""""",
N II,"=""2s2.2p.3p""","=""1S""","=""0""",1.0,"=""""","=""22.103082""","=""""","=""""",,"=""007002.000043""","=""""",
N II,"=""2s2.2p.3d""","=""3F*""","=""2""",5.0,"=""""","=""23.124489""","=""""","=""""",,"=""007002.000044""","=""""",
N II,"=""2s2.2p.3d""","=""3F*""","=""3""",7.0,"=""""","=""23.131853""","=""""","=""""",,"=""007002.000045""","=""""",
N II,"=""2s2.2p.3d""","=""3F*""","=""4""",9.0,"=""""","=""23.141959""","=""""","=""""",,"=""007002.000046""","=""""",
N II,"=""2s2.2p.3d""","=""1D*""","=""2""",5.0,"=""""","=""23.196374""","=""""","=""""",,"=""007002.000047""","=""""",
N II,"=""2s2.2p.3d""","=""3D*""","=""1""",3.0,"=""""","=""23.239296""","=""""","=""""",,"=""007002.000048""","=""""",
N II,"=""2s2.2p.3d""","=""3D*""","=""2""",5.0,"=""""","=""23.242271""","=""""","=""""",,"=""007002.000049""","=""""",
N II,"=""2s2.2p.3d""","=""3D*""","=""3""",7.0,"=""""","=""23.246033""","=""""","=""""",,"=""007002.000050""","=""""",
N II,"=""2s2.2p.3d""","=""3P*""","=""2""",5.0,"=""""","=""23.415330""","=""""","=""""",,"=""007002.000051""","=""""",
N II,"=""2s2.2p.3d""","=""3P*""","=""1""",3.0,"=""""","=""23.421752""","=""""","=""""",,"=""007002.000052""","=""""",
N II,"=""2s2.2p.3d""","=""3P*""","=""0""",1.0,"=""""","=""23.425232""","=""""","=""""",,"=""007002.000053""","=""""",
N II,"=""2s2.2p.3d""","=""1F*""","=""3""",7.0,"=""""","=""23.474568""","=""""","=""""",,"=""007002.000054""","=""""",
N II,"=""2s2.2p.3d""","=""1P*""","=""1""",3.0,"=""""","=""23.571906""","=""""","=""""",,"=""007002.000055""","=""""",
N II,"=""2s2.2p.4s""","=""3P*""","=""0""",1.0,"=""""","=""24.367883""","=""""","=""""",,"=""007002.000056""","=""""",
N II,"=""2s2.2p.4s""","=""3P*""","=""1""",3.0,"=""""","=""24.374310""","=""""","=""""",,"=""007002.000057""","=""""",
N II,"=""2s2.2p.4s""","=""3P*""","=""2""",5.0,"=""""","=""24.389123""","=""""","=""""",,"=""007002.000058""","=""""",
N II,"=""2s2.2p.4s""","=""1P*""","=""1""",3.0,"=""""","=""24.531351""","=""""","=""""",,"=""007002.000059""","=""""",
N II,"=""2s2.2p.4p""","=""1P""","=""1""",3.0,"=""""","=""25.065964""","=""""","=""""",,"=""007002.000060""","=""""",
N II,"=""2s2.2p.4p""","=""3D""","=""1""",3.0,"=""""","=""25.133348""","=""""","=""""",,"=""007002.000061""","=""""",
N II,"=""2s2.2p.4p""","=""3D""","=""2""",5.0,"=""""","=""25.139688""","=""""","=""""",,"=""007002.000062""","=""""",
N II,"=""2s2.2p.4p""","=""3D""","=""3""",7.0,"=""""","=""25.151603""","=""""","=""""",,"=""007002.000063""","=""""",
N II,"=""2s2.2p.4p""","=""3P""","=""0""",1.0,"=""""","=""25.188937""","=""""","=""""",,"=""007002.000064""","=""""",
N II,"=""2s2.2p.4p""","=""3P""","=""1""",3.0,"=""""","=""25.192229""","=""""","=""""",,"=""007002.000065""","=""""",
N II,"=""2s2.2p.4p""","=""3P""","=""2""",5.0,"=""""","=""25.200902""","=""""","=""""",,"=""007002.000066""","=""""",
N II,"=""2s2.2p.4p""","=""3S""","=""1""",3.0,"=""""","=""25.235454""","=""""","=""""",,"=""007002.000067""","=""""",
N II,"=""2s2.2p.4p""","=""1D""","=""2""",5.0,"=""""","=""25.460177""","=""""","=""""",,"=""007002.000068""","=""""",
N II,"=""2s.2p2.(4P).3s""","=""5P""","=""1""",3.0,"=""""","=""25.490900""","=""""","=""""",,"=""007002.000069""","=""""",
N II,"=""2s.2p2.(4P).3s""","=""5P""","=""2""",5.0,"=""""","=""25.497874""","=""""","=""""",,"=""007002.000070""","=""""",
N II,"=""2s.2p2.(4P).3s""","=""5P""","=""3""",7.0,"=""""","=""25.506626""","=""""","=""""",,"=""007002.000071""","=""""",
N II,"=""2s2.2p.4p""","=""1S""","=""0""",1.0,"=""""","=""25.653600""","=""""","=""""",,"=""007002.000072""","=""""",
N II,"=""2s2.2p.4d""","=""3F*""","=""2""",5.0,"=""""","=""25.996219""","=""""","=""""",,"=""007002.000073""","=""""",
N II,"=""2s2.2p.4d""","=""3F*""","=""3""",7.0,"=""""","=""26.004194""","=""""","=""""",,"=""007002.000074""","=""""",
N II,"=""2s2.2p.4d""","=""3F*""","=""4""",9.0,"=""""","=""26.014849""","=""""","=""""",,"=""007002.000075""","=""""",
N II,"=""2s2.2p.4d""","=""1D*""","=""2""",5.0,"=""""","=""26.027477""","=""""","=""""",,"=""007002.000076""","=""""",
N II,"=""2s2.2p.4d""","=""3D*""","=""1""",3.0,"=""""","=""26.066417""","=""""","=""""",,"=""007002.000077""","=""""",
N II,"=""2s2.2p.4d""","=""3D*""","=""2""",5.0,"=""""","=""26.069666""","=""""","=""""",,"=""007002.000078""","=""""",
N II,"=""2s2.2p.4d""","=""3D*""","=""3""",7.0,"=""""","=""26.074085""","=""""","=""""",,"=""007002.000079""","=""""",
N II,"=""2s2.2p.4d""","=""3P*""","=""2""",5.0,"=""""","=""26.124123""","=""""","=""""",,"=""007002.000080""","=""""",
N II,"=""2s2.2p.4d""","=""3P*""","=""1""",3.0,"=""""","=""26.129847""","=""""","=""""",,"=""007002.000081""","=""""",
N II,"=""2s2.2p.4d""","=""3P*""","=""0""",1.0,"=""""","=""26.132949""","=""""","=""""",,"=""007002.000082""","=""""",
N II,"=""2s2.2p.(2P*<1/2>).4f""","=""2[5/2]""","=""3""",7.0,"=""""","=""26.164394""","=""""","=""""",,"=""007002.000083""","=""""",
N II,"=""2s2.2p.(2P*<1/2>).4f""","=""2[5/2]""","=""2""",5.0,"=""""","=""26.164749""","=""""","=""""",,"=""007002.000084""","=""""",
N II,"=""2s2.2p.(2P*<1/2>).4f""","=""2[7/2]""","=""3""",7.0,"=""""","=""26.167641""","=""""","=""""",,"=""007002.000085""","=""""",
N II,"=""2s2.2p.(2P*<1/2>).4f""","=""2[7/2]""","=""4""",9.0,"=""""","=""26.168135""","=""""","=""""",,"=""007002.000086""","=""""",
N II,"=""2s2.2p.4d""","=""1F*""","=""3""",7.0,"=""""","=""26.173514""","=""""","=""""",,"=""007002.000087""","=""""",
N II,"=""2s2.2p.(2P*<3/2>).4f""","=""2[7/2]""","=""3""",7.0,"=""""","=""26.196278""","=""""","=""""",,"=""007002.000088""","=""""",
N II,"=""2s2.2p.(2P*<3/2>).4f""","=""2[7/2]""","=""4""",9.0,"=""""","=""26.197223""","=""""","=""""",,"=""007002.000089""","=""""",
N II,"=""2s2.2p.4d""","=""1P*""","=""1""",3.0,"=""""","=""26.202344""","=""""","=""""",,"=""007002.000090""","=""""",
N II,"=""2s2.2p.(2P*<3/2>).4f""","=""2[9/2]""","=""5""",11.0,"=""""","=""26.209014""","=""""","=""""",,"=""007002.000091""","=""""",
N II,"=""2s2.2p.(2P*<3/2>).4f""","=""2[9/2]""","=""4""",9.0,"=""""","=""26.210511""","=""""","=""""",,"=""007002.000092""","=""""",
N II,"=""2s2.2p.(2P*<3/2>).4f""","=""2[5/2]""","=""3""",7.0,"=""""","=""26.211558""","=""""","=""""",,"=""007002.000093""","=""""",
N II,"=""2s2.2p.(2P*<3/2>).4f""","=""2[5/2]""","=""2""",5.0,"=""""","=""26.212139""","=""""","=""""",,"=""007002.000094""","=""""",
N II,"=""2s2.2p.(2P*<3/2>).4f""","=""2[3/2]""","=""1""",3.0,"=""""","=""26.220994""","=""""","=""""",,"=""007002.000095""","=""""",
N II,"=""2s2.2p.(2P*<3/2>).4f""","=""2[3/2]""","=""2""",5.0,"=""""","=""26.221455""","=""""","=""""",,"=""007002.000096""","=""""",
N II,"=""2s.2p2.(4P).3s""","=""3P""","=""0""",1.0,"=""""","=""26.253573""","=""""","=""""",,"=""007002.000097""","=""""",
N II,"=""2s.2p2.(4P).3s""","=""3P""","=""1""",3.0,"=""""","=""26.257305""","=""""","=""""",,"=""007002.000098""","=""""",
N II,"=""2s.2p2.(4P).3s""","=""3P""","=""2""",5.0,"=""""","=""26.263284""","=""""","=""""",,"=""007002.000099""","=""""",
N II,"=""2s2.2p.5s""","=""3P*""","=""0""",1.0,"=""""","=""26.558898""","=""""","=""""",,"=""007002.000100""","=""""",
N II,"=""2s2.2p.5s""","=""3P*""","=""1""",3.0,"=""""","=""26.564568""","=""""","=""""",,"=""007002.000101""","=""""",
N II,"=""2s2.2p.5s""","=""3P*""","=""2""",5.0,"=""""","=""26.580245""","=""""","=""""",,"=""007002.000102""","=""""",
N II,"=""2s2.2p.5s""","=""1P*""","=""1""",3.0,"=""""","=""26.635424""","=""""","=""""",,"=""007002.000103""","=""""",
N II,"=""2p4""","=""3P""","=""2""",5.0,"=""""","=""27.312""","=""""","=""""",,"=""007002.000104""","=""""",
N II,"=""2p4""","=""3P""","=""1""",3.0,"=""""","=""27.31""","=""""","=""""",,"=""007002.000105""","=""""",
N II,"=""2p4""","=""3P""","=""0""",1.0,"=""""","=""27.315""","=""""","=""""",,"=""007002.000106""","=""""",
N II,"=""2s2.2p.5d""","=""1D*""","=""2""",5.0,"=""""","=""27.337940""","=""""","=""""",,"=""007002.000107""","=""""",
N II,"=""2s2.2p.5d""","=""3D*""","=""1""",3.0,"=""""","=""""","=""""","=""""",,"=""007002.000002""","=""""",
N II,"=""2s2.2p.5d""","=""3D*""","=""2""",5.0,"=""""","=""27.3601""","=""""","=""""",,"=""007002.000108""","=""""",
N II,"=""2s2.2p.5d""","=""3D*""","=""3""",7.0,"=""""","=""27.3653""","=""""","=""""",,"=""007002.000109""","=""""",
N II,"=""2s2.2p.(2P*<1/2>).5f""","=""2[5/2]""","=""3""",7.0,"=""""","=""27.407265""","=""""","=""""",,"=""007002.000110""","=""""",
N II,"=""2s2.2p.(2P*<1/2>).5f""","=""2[5/2]""","=""2""",5.0,"=""""","=""27.407576""","=""""","=""""",,"=""007002.000111""","=""""",
N II,"=""2s2.2p.(2P*<1/2>).5f""","=""2[7/2]""","=""3""",7.0,"=""""","=""27.409090""","=""""","=""""",,"=""007002.000112""","=""""",
N II,"=""2s2.2p.(2P*<1/2>).5f""","=""2[7/2]""","=""4""",9.0,"=""""","=""27.409602""","=""""","=""""",,"=""007002.000113""","=""""",
N II,"=""2s2.2p.5d""","=""1F*""","=""3""",7.0,"=""""","=""27.418065""","=""""","=""""",,"=""007002.000114""","=""""",
N II,"=""2s2.2p.(2P*<1/2>).5g""","=""2[7/2]*""","=""3""",7.0,"=""""","=""27.420805""","=""""","=""""",,"=""007002.000115""","=""""",
N II,"=""2s2.2p.(2P*<1/2>).5g""","=""2[7/2]*""","=""4""",9.0,"=""""","=""27.420805""","=""""","=""""",,"=""007002.000116""","=""""",
N II,"=""2s2.2p.(2P*<1/2>).5g""","=""2[9/2]*""","=""4""",9.0,"=""""","=""27.421260""","=""""","=""""",,"=""007002.000117""","=""""",
N II,"=""2s2.2p.(2P*<1/2>).5g""","=""2[9/2]*""","=""5""",11.0,"=""""","=""27.421284""","=""""","=""""",,"=""007002.000118""","=""""",
N II,"=""2s2.2p.(2P*<3/2>).5f""","=""2[7/2]""","=""3""",7.0,"=""""","=""27.428609""","=""""","=""""",,"=""007002.000119""","=""""",
N II,"=""2s2.2p.(2P*<3/2>).5f""","=""2[7/2]""","=""4""",9.0,"=""""","=""27.429262""","=""""","=""""",,"=""007002.000120""","=""""",
N II,"=""2s2.2p.5d""","=""1P*""","=""1""",3.0,"=""""","=""27.431029""","=""""","=""""",,"=""007002.000121""","=""""",
N II,"=""2s2.2p.(2P*<3/2>).5f""","=""2[5/2]""","=""3""",7.0,"=""""","=""27.436750""","=""""","=""""",,"=""007002.000122""","=""""",
N II,"=""2s2.2p.(2P*<3/2>).5f""","=""2[5/2]""","=""2""",5.0,"=""""","=""27.437237""","=""""","=""""",,"=""007002.000123""","=""""",
N II,"=""2s2.2p.(2P*<3/2>).5f""","=""2[9/2]""","=""5""",11.0,"=""""","=""27.437839""","=""""","=""""",,"=""007002.000124""","=""""",
N II,"=""2s2.2p.(2P*<3/2>).5f""","=""2[9/2]""","=""4""",9.0,"=""""","=""27.439081""","=""""","=""""",,"=""007002.000125""","=""""",
N II,"=""2s2.2p.(2P*<3/2>).5g""","=""2[9/2]*""","=""4""",9.0,"=""""","=""27.440525""","=""""","=""""",,"=""007002.000126""","=""""",
N II,"=""2s2.2p.(2P*<3/2>).5g""","=""2[9/2]*""","=""5""",11.0,"=""""","=""27.440537""","=""""","=""""",,"=""007002.000127""","=""""",
N II,"=""2s2.2p.(2P*<3/2>).5g""","=""2[7/2]*""","=""3""",7.0,"=""""","=""27.443011""","=""""","=""""",,"=""007002.000128""","=""""",
N II,"=""2s2.2p.(2P*<3/2>).5g""","=""2[7/2]*""","=""4""",9.0,"=""""","=""27.443034""","=""""","=""""",,"=""007002.000129""","=""""",
N II,"=""2s2.2p.(2P*<3/2>).5f""","=""2[3/2]""","=""1""",3.0,"=""""","=""27.444104""","=""""","=""""",,"=""007002.000130""","=""""",
N II,"=""2s2.2p.(2P*<3/2>).5f""","=""2[3/2]""","=""2""",5.0,"=""""","=""27.444457""","=""""","=""""",,"=""007002.000131""","=""""",
N II,"=""2s2.2p.(2P*<3/2>).5g""","=""2[11/2]*""","=""5""",11.0,"=""""","=""27.445636""","=""""","=""""",,"=""007002.000132""","=""""",
N II,"=""2s2.2p.(2P*<3/2>).5g""","=""2[11/2]*""","=""6""",13.0,"=""""","=""27.445638""","=""""","=""""",,"=""007002.000133""","=""""",
N II,"=""2s2.2p.(2P*<3/2>).5g""","=""2[5/2]*""","=""2""",5.0,"=""[""","=""27.44766""","=""]""","=""""",,"=""007002.000134""","=""""",
N II,"=""2s2.2p.(2P*<3/2>).5g""","=""2[5/2]*""","=""3""",7.0,"=""[""","=""27.44766""","=""]""","=""""",,"=""007002.000135""","=""""",
N II,"=""2s2.2p.6s""","=""3P*""","=""0""",1.0,"=""""","=""""","=""""","=""""",,"=""007002.000003""","=""""",
N II,"=""2s2.2p.6s""","=""3P*""","=""1""",3.0,"=""""","=""27.616756""","=""""","=""""",,"=""007002.000136""","=""""",
N II,"=""2s2.2p.6s""","=""3P*""","=""2""",5.0,"=""""","=""27.633399""","=""""","=""""",,"=""007002.000137""","=""""",
N II,"=""2s.2p2.(4P).3p""","=""3S*""","=""1""",3.0,"=""""","=""27.657034""","=""""","=""""",,"=""007002.000138""","=""""",
N II,"=""2s2.2p.6s""","=""1P*""","=""1""",3.0,"=""""","=""27.661100""","=""""","=""""",,"=""007002.000139""","=""""",
N II,"=""2s.2p2.(4P).3p""","=""5D*""","=""0""",1.0,"=""""","=""27.728235""","=""""","=""""",,"=""007002.000140""","=""""",
N II,"=""2s.2p2.(4P).3p""","=""5D*""","=""1""",3.0,"=""""","=""27.730126""","=""""","=""""",,"=""007002.000141""","=""""",
N II,"=""2s.2p2.(4P).3p""","=""5D*""","=""2""",5.0,"=""""","=""27.733833""","=""""","=""""",,"=""007002.000142""","=""""",
N II,"=""2s.2p2.(4P).3p""","=""5D*""","=""3""",7.0,"=""""","=""27.739182""","=""""","=""""",,"=""007002.000143""","=""""",
N II,"=""2s.2p2.(4P).3p""","=""5D*""","=""4""",9.0,"=""""","=""27.745867""","=""""","=""""",,"=""007002.000144""","=""""",
N II,"=""2s.2p2.(4P).3p""","=""5P*""","=""1""",3.0,"=""""","=""27.971269""","=""""","=""""",,"=""007002.000145""","=""""",
N II,"=""2s.2p2.(4P).3p""","=""5P*""","=""2""",5.0,"=""""","=""27.974241""","=""""","=""""",,"=""007002.000146""","=""""",
N II,"=""2s.2p2.(4P).3p""","=""5P*""","=""3""",7.0,"=""""","=""27.979665""","=""""","=""""",,"=""007002.000147""","=""""",
N II,"=""2s2.2p.(2P*<1/2>).6f""","=""2[5/2]""","=""3""",7.0,"=""""","=""28.080274""","=""""","=""""",,"=""007002.000148""","=""""",
N II,"=""2s2.2p.(2P*<1/2>).6f""","=""2[5/2]""","=""2""",5.0,"=""""","=""28.080517""","=""""","=""""",,"=""007002.000149""","=""""",
N II,"=""2s2.2p.(2P*<1/2>).6f""","=""2[7/2]""","=""3""",7.0,"=""""","=""28.081031""","=""""","=""""",,"=""007002.000150""","=""""",
N II,"=""2s2.2p.(2P*<1/2>).6f""","=""2[7/2]""","=""4""",9.0,"=""""","=""28.081440""","=""""","=""""",,"=""007002.000151""","=""""",
N II,"=""2s2.2p.(2P*<3/2>).6f""","=""2[7/2]""","=""3""",7.0,"=""""","=""28.099806""","=""""","=""""",,"=""007002.000152""","=""""",
N II,"=""2s2.2p.(2P*<3/2>).6f""","=""2[7/2]""","=""4""",9.0,"=""""","=""28.100182""","=""""","=""""",,"=""007002.000153""","=""""",
N II,"=""2s2.2p.(2P*<3/2>).6f""","=""2[5/2]""","=""3""",7.0,"=""""","=""28.104241""","=""""","=""""",,"=""007002.000154""","=""""",
N II,"=""2s2.2p.(2P*<3/2>).6f""","=""2[5/2]""","=""2""",5.0,"=""""","=""28.10454""","=""""","=""""",,"=""007002.000155""","=""""",
N II,"=""2s2.2p.(2P*<3/2>).6f""","=""2[9/2]""","=""5""",11.0,"=""""","=""28.10584""","=""""","=""""",,"=""007002.000156""","=""""",
N II,"=""2s2.2p.(2P*<3/2>).6f""","=""2[9/2]""","=""4""",9.0,"=""""","=""28.10675""","=""""","=""""",,"=""007002.000157""","=""""",
N II,"=""2s2.2p.(2P*<3/2>).6f""","=""2[3/2]""","=""1""",3.0,"=""""","=""28.10952""","=""""","=""""",,"=""007002.000158""","=""""",
N II,"=""2s2.2p.(2P*<3/2>).6f""","=""2[3/2]""","=""2""",5.0,"=""""","=""28.10980""","=""""","=""""",,"=""007002.000159""","=""""",
N II,"=""2s.2p2.(4P).3p""","=""3D*""","=""1""",3.0,"=""""","=""28.354479""","=""""","=""""",,"=""007002.000160""","=""""",
N II,"=""2s.2p2.(4P).3p""","=""3D*""","=""2""",5.0,"=""""","=""28.359130""","=""""","=""""",,"=""007002.000161""","=""""",
N II,"=""2s.2p2.(4P).3p""","=""3D*""","=""3""",7.0,"=""""","=""28.366572""","=""""","=""""",,"=""007002.000162""","=""""",
N II,"=""2s2.2p.(2P*<1/2>).7f""","=""2[7/2]""","=""3""",7.0,"=""""","=""28.48523""","=""""","=""""",,"=""007002.000163""","=""""",
N II,"=""2s2.2p.(2P*<1/2>).7f""","=""2[7/2]""","=""4""",9.0,"=""""","=""28.48533""","=""""","=""""",,"=""007002.000164""","=""""",
N II,"=""2s.2p2.(4P).3p""","=""5S*""","=""2""",5.0,"=""""","=""28.496399""","=""""","=""""",,"=""007002.000165""","=""""",
N II,"=""2s2.2p.(2P*<3/2>).7f""","=""2[7/2]""","=""4""",9.0,"=""""","=""28.50490""","=""""","=""""",,"=""007002.000166""","=""""",
N II,"=""2s2.2p.(2P*<3/2>).7f""","=""2[9/2]""","=""5""",11.0,"=""""","=""28.50869""","=""""","=""""",,"=""007002.000167""","=""""",
N II,"=""2s2.2p.(2P*<3/2>).7f""","=""2[9/2]""","=""4""",9.0,"=""""","=""28.50931""","=""""","=""""",,"=""007002.000168""","=""""",
N II,"=""2s.2p2.(4P).3p""","=""3P*""","=""1""",3.0,"=""""","=""""","=""""","=""""",,"=""007002.000005""","=""""",
N II,"=""2s.2p2.(4P).3p""","=""3P*""","=""0""",1.0,"=""""","=""""","=""""","=""""",,"=""007002.000004""","=""""",
N II,"=""2s.2p2.(4P).3p""","=""3P*""","=""2""",5.0,"=""""","=""28.619488""","=""""","=""""",,"=""007002.000169""","=""""",
N II,"=""N III (2p 2P*<1/2>)""","=""Limit""","=""---""",,"=""[""","=""29.60125""","=""]""","=""0.00009""",,"=""007002.Lim001""","=""L11770""",
N II,"=""N III (2p 2P*<3/2>)""","=""Limit""","=""---""",,"=""""","=""29.622907""","=""""","=""""",,"=""007002.Lim002""","=""""",
N II,"=""2s.2p2.(4P).3d""","=""5F""","=""1""",3.0,"=""""","=""30.124337""","=""""","=""""",,"=""007002.000172""","=""""",
N II,"=""2s.2p2.(4P).3d""","=""5F""","=""2""",5.0,"=""""","=""30.126519""","=""""","=""""",,"=""007002.000173""","=""""",
N II,"=""2s.2p2.(4P).3d""","=""5F""","=""3""",7.0,"=""""","=""30.129743""","=""""","=""""",,"=""007002.000174""","=""""",
N II,"=""2s.2p2.(4P).3d""","=""5F""","=""4""",9.0,"=""""","=""30.133933""","=""""","=""""",,"=""007002.000175""","=""""",
N II,"=""2s.2p2.(4P).3d""","=""5F""","=""5""",11.0,"=""""","=""30.138939""","=""""","=""""",,"=""007002.000176""","=""""",
N II,"=""2s.2p2.(4P).3d""","=""5P""","=""3""",7.0,"=""""","=""30.295949""","=""""","=""""",,"=""007002.000177""","=""""",
N II,"=""2s.2p2.(4P).3d""","=""5P""","=""2""",5.0,"=""""","=""30.300731""","=""""","=""""",,"=""007002.000178""","=""""",
N II,"=""2s.2p2.(4P).3d""","=""5P""","=""1""",3.0,"=""""","=""30.304034""","=""""","=""""",,"=""007002.000179""","=""""",
N II,"=""2s.2p2.(4P).3d""","=""5D""","=""0""",1.0,"=""""","=""30.368161""","=""""","=""""",,"=""007002.000180""","=""""",
N II,"=""2s.2p2.(4P).3d""","=""5D""","=""1""",3.0,"=""""","=""30.368676""","=""""","=""""",,"=""007002.000181""","=""""",
N II,"=""2s.2p2.(4P).3d""","=""5D""","=""2""",5.0,"=""""","=""30.369653""","=""""","=""""",,"=""007002.000182""","=""""",
N II,"=""2s.2p2.(4P).3d""","=""5D""","=""3""",7.0,"=""""","=""30.371039""","=""""","=""""",,"=""007002.000183""","=""""",
N II,"=""2s.2p2.(4P).3d""","=""5D""","=""4""",9.0,"=""""","=""30.372819""","=""""","=""""",,"=""007002.000184""","=""""",
N II,"=""2s.2p2.(4P).4f""","=""5G*""","=""2""",5.0,"=""""","=""""","=""""","=""""",,"=""007002.000006""","=""""",
N II,"=""2s.2p2.(4P).4f""","=""5G*""","=""3""",7.0,"=""""","=""""","=""""","=""""",,"=""007002.000007""","=""""",
N II,"=""2s.2p2.(4P).4f""","=""5G*""","=""4""",9.0,"=""""","=""33.274675""","=""""","=""""",,"=""007002.000185""","=""""",
N II,"=""2s.2p2.(4P).4f""","=""5G*""","=""5""",11.0,"=""""","=""33.279324""","=""""","=""""",,"=""007002.000187""","=""""",
N II,"=""2s.2p2.(4P).4f""","=""5G*""","=""6""",13.0,"=""""","=""33.285202""","=""""","=""""",,"=""007002.000188""","=""""",
N II,"=""2s.2p2.(4P).4f""","=""5D*""","=""0""",1.0,"=""""","=""""","=""""","=""""",,"=""007002.000008""","=""""",
N II,"=""2s.2p2.(4P).4f""","=""5D*""","=""1""",3.0,"=""""","=""""","=""""","=""""",,"=""007002.000009""","=""""",
N II,"=""2s.2p2.(4P).4f""","=""5D*""","=""2""",5.0,"=""""","=""""","=""""","=""""",,"=""007002.000010""","=""""",
N II,"=""2s.2p2.(4P).4f""","=""5D*""","=""3""",7.0,"=""""","=""""","=""""","=""""",,"=""007002.000011""","=""""",
N II,"=""2s.2p2.(4P).4f""","=""5D*""","=""4""",9.0,"=""""","=""33.279252""","=""""","=""""",,"=""007002.000186""","=""""",
N II,"=""2s.2p2.(4P).4f""","=""5F*""","=""1""",3.0,"=""""","=""""","=""""","=""""",,"=""007002.000012""","=""""",
N II,"=""2s.2p2.(4P).4f""","=""5F*""","=""2""",5.0,"=""""","=""""","=""""","=""""",,"=""007002.000013""","=""""",
N II,"=""2s.2p2.(4P).4f""","=""5F*""","=""3""",7.0,"=""""","=""33.316540""","=""""","=""""",,"=""007002.000189""","=""""",
N II,"=""2s.2p2.(4P).4f""","=""5F*""","=""4""",9.0,"=""""","=""33.317643""","=""""","=""""",,"=""007002.000190""","=""""",
N II,"=""2s.2p2.(4P).4f""","=""5F*""","=""5""",11.0,"=""""","=""33.318735""","=""""","=""""",,"=""007002.000191""","=""""",
N II,"=""2s.2p2.(4P).5f""","=""5G*""","=""2""",5.0,"=""""","=""""","=""""","=""""",,"=""007002.000014""","=""""",
N II,"=""2s.2p2.(4P).5f""","=""5G*""","=""3""",7.0,"=""""","=""""","=""""","=""""",,"=""007002.000015""","=""""",
N II,"=""2s.2p2.(4P).5f""","=""5G*""","=""4""",9.0,"=""""","=""34.50896""","=""""","=""""",,"=""007002.000192""","=""""",
N II,"=""2s.2p2.(4P).5f""","=""5G*""","=""5""",11.0,"=""""","=""34.51315""","=""""","=""""",,"=""007002.000193""","=""""",
N II,"=""2s.2p2.(4P).5f""","=""5G*""","=""6""",13.0,"=""""","=""34.519713""","=""""","=""""",,"=""007002.000194""","=""""",
N II,"=""N III (2s.2p2 4P*<1/2>)""","=""Limit""","=""---""",,"=""""","=""36.69159""","=""""","=""""",,"=""007002.Lim003""","=""""",
N II,"=""N III (2s.2p2 4P*<3/2>)""","=""Limit""","=""---""",,"=""""","=""36.69899""","=""""","=""""",,"=""007002.Lim004""","=""""",
N II,"=""N III (2s.2p2 4P*<5/2>)""","=""Limit""","=""---""",,"=""""","=""36.70904""","=""""","=""""",,"=""007002.Lim005""","=""""",
O I,"=""2s2.2p4""","=""3P""","=""2""",5.0,"=""""","=""0.0000000""","=""""","=""0""",,"=""008001.000001""","=""L7288""",
O I,"=""2s2.2p4""","=""3P""","=""1""",3.0,"=""""","=""0.0196224""","=""""","=""""",,"=""008001.000035""","=""""",
O I,"=""2s2.2p4""","=""3P""","=""0""",1.0,"=""""","=""0.0281416""","=""""","=""""",,"=""008001.000036""","=""""",
O I,"=""2s2.2p4""","=""1D""","=""2""",5.0,"=""""","=""1.9673642""","=""""","=""""",,"=""008001.000037""","=""""",
O I,"=""2s2.2p4""","=""1S""","=""0""",1.0,"=""""","=""4.1897463""","=""""","=""""",,"=""008001.000038""","=""""",
O I,"=""2s2.2p3.(4S*).3s""","=""5S*""","=""2""",5.0,"=""""","=""9.1460911""","=""""","=""""",,"=""008001.000039""","=""""",
O I,"=""2s2.2p3.(4S*).3s""","=""3S*""","=""1""",3.0,"=""""","=""9.5213638""","=""""","=""""",,"=""008001.000040""","=""""",
O I,"=""2s2.2p3.(4S*).3p""","=""5P""","=""1""",3.0,"=""""","=""10.7402250""","=""""","=""""",,"=""008001.000041""","=""""",
O I,"=""2s2.2p3.(4S*).3p""","=""5P""","=""2""",5.0,"=""""","=""10.7404756""","=""""","=""""",,"=""008001.000042""","=""""",
O I,"=""2s2.2p3.(4S*).3p""","=""5P""","=""3""",7.0,"=""""","=""10.7409314""","=""""","=""""",,"=""008001.000043""","=""""",
O I,"=""2s2.2p3.(4S*).3p""","=""3P""","=""1""",3.0,"=""""","=""10.9887923""","=""""","=""""",,"=""008001.000044""","=""""",
O I,"=""2s2.2p3.(4S*).3p""","=""3P""","=""2""",5.0,"=""""","=""10.9888616""","=""""","=""""",,"=""008001.000045""","=""""",
O I,"=""2s2.2p3.(4S*).3p""","=""3P""","=""0""",1.0,"=""""","=""10.9888811""","=""""","=""""",,"=""008001.000046""","=""""",
O I,"=""2s2.2p3.(4S*).4s""","=""5S*""","=""2""",5.0,"=""""","=""11.8376056""","=""""","=""""",,"=""008001.000047""","=""""",
O I,"=""2s2.2p3.(4S*).4s""","=""3S*""","=""1""",3.0,"=""""","=""11.9303856""","=""""","=""""",,"=""008001.000048""","=""""",
O I,"=""2s2.2p3.(4S*).3d""","=""5D*""","=""4""",9.0,"=""""","=""12.0786187""","=""""","=""""",,"=""008001.000049""","=""""",
O I,"=""2s2.2p3.(4S*).3d""","=""5D*""","=""3""",7.0,"=""""","=""12.0786294""","=""""","=""""",,"=""008001.000050""","=""""",
O I,"=""2s2.2p3.(4S*).3d""","=""5D*""","=""2""",5.0,"=""""","=""12.0786446""","=""""","=""""",,"=""008001.000051""","=""""",
O I,"=""2s2.2p3.(4S*).3d""","=""5D*""","=""1""",3.0,"=""""","=""12.0786574""","=""""","=""""",,"=""008001.000052""","=""""",
O I,"=""2s2.2p3.(4S*).3d""","=""5D*""","=""0""",1.0,"=""""","=""12.0786635""","=""""","=""""",,"=""008001.000053""","=""""",
O I,"=""2s2.2p3.(4S*).3d""","=""3D*""","=""1""",3.0,"=""""","=""12.0870184""","=""""","=""""",,"=""008001.000054""","=""""",
O I,"=""2s2.2p3.(4S*).3d""","=""3D*""","=""2""",5.0,"=""""","=""12.0870271""","=""""","=""""",,"=""008001.000055""","=""""",
O I,"=""2s2.2p3.(4S*).3d""","=""3D*""","=""3""",7.0,"=""""","=""12.0870382""","=""""","=""""",,"=""008001.000056""","=""""",
O I,"=""2s2.2p3.(4S*).4p""","=""5P""","=""1""",3.0,"=""""","=""12.2859622""","=""""","=""""",,"=""008001.000057""","=""""",
O I,"=""2s2.2p3.(4S*).4p""","=""5P""","=""2""",5.0,"=""""","=""12.2860456""","=""""","=""""",,"=""008001.000058""","=""""",
O I,"=""2s2.2p3.(4S*).4p""","=""5P""","=""3""",7.0,"=""""","=""12.2861939""","=""""","=""""",,"=""008001.000059""","=""""",
O I,"=""2s2.2p3.(4S*).4p""","=""3P""","=""1""",3.0,"=""""","=""12.3588649""","=""""","=""""",,"=""008001.000060""","=""""",
O I,"=""2s2.2p3.(4S*).4p""","=""3P""","=""2""",5.0,"=""""","=""12.3588750""","=""""","=""""",,"=""008001.000061""","=""""",
O I,"=""2s2.2p3.(4S*).4p""","=""3P""","=""0""",1.0,"=""""","=""12.3589072""","=""""","=""""",,"=""008001.000062""","=""""",
O I,"=""2s2.2p3.(2D*).3s""","=""3D*""","=""3""",7.0,"=""""","=""12.5391924""","=""""","=""""",,"=""008001.000063""","=""""",
O I,"=""2s2.2p3.(2D*).3s""","=""3D*""","=""2""",5.0,"=""""","=""12.5406949""","=""""","=""""",,"=""008001.000064""","=""""",
O I,"=""2s2.2p3.(2D*).3s""","=""3D*""","=""1""",3.0,"=""""","=""12.5416739""","=""""","=""""",,"=""008001.000065""","=""""",
O I,"=""2s2.2p3.(4S*).5s""","=""5S*""","=""2""",5.0,"=""""","=""12.6608569""","=""""","=""""",,"=""008001.000066""","=""""",
O I,"=""2s2.2p3.(4S*).5s""","=""3S*""","=""1""",3.0,"=""""","=""12.6974691""","=""""","=""""",,"=""008001.000067""","=""""",
O I,"=""2s2.2p3.(2D*).3s""","=""1D*""","=""2""",5.0,"=""""","=""12.7284690""","=""""","=""""",,"=""008001.000068""","=""""",
O I,"=""2s2.2p3.(4S*).4d""","=""5D*""","=""4""",9.0,"=""""","=""12.7536973""","=""""","=""""",,"=""008001.000069""","=""""",
O I,"=""2s2.2p3.(4S*).4d""","=""5D*""","=""3""",7.0,"=""""","=""12.7537024""","=""""","=""""",,"=""008001.000070""","=""""",
O I,"=""2s2.2p3.(4S*).4d""","=""5D*""","=""2""",5.0,"=""""","=""12.7537097""","=""""","=""""",,"=""008001.000071""","=""""",
O I,"=""2s2.2p3.(4S*).4d""","=""5D*""","=""1""",3.0,"=""""","=""12.7537158""","=""""","=""""",,"=""008001.000072""","=""""",
O I,"=""2s2.2p3.(4S*).4d""","=""5D*""","=""0""",1.0,"=""""","=""12.7537188""","=""""","=""""",,"=""008001.000073""","=""""",
O I,"=""2s2.2p3.(4S*).4d""","=""3D*""","=""3""",7.0,"=""""","=""12.7590123""","=""""","=""""",,"=""008001.000074""","=""""",
O I,"=""2s2.2p3.(4S*).4d""","=""3D*""","=""2""",5.0,"=""""","=""12.7590208""","=""""","=""""",,"=""008001.000075""","=""""",
O I,"=""2s2.2p3.(4S*).4d""","=""3D*""","=""1""",3.0,"=""""","=""12.7590265""","=""""","=""""",,"=""008001.000076""","=""""",
O I,"=""2s2.2p3.(4S*).4f""","=""5F""","=""5""",11.0,"=""""","=""12.7664358""","=""""","=""""",,"=""008001.000077""","=""""",
O I,"=""2s2.2p3.(4S*).4f""","=""5F""","=""4""",9.0,"=""""","=""12.7664358""","=""""","=""""",,"=""008001.000078""","=""""",
O I,"=""2s2.2p3.(4S*).4f""","=""5F""","=""3""",7.0,"=""""","=""12.7664358""","=""""","=""""",,"=""008001.000079""","=""""",
O I,"=""2s2.2p3.(4S*).4f""","=""5F""","=""2""",5.0,"=""""","=""12.7664358""","=""""","=""""",,"=""008001.000080""","=""""",
O I,"=""2s2.2p3.(4S*).4f""","=""5F""","=""1""",3.0,"=""""","=""12.7664358""","=""""","=""""",,"=""008001.000081""","=""""",
O I,"=""2s2.2p3.(4S*).4f""","=""3F""","=""4""",9.0,"=""""","=""12.7664475""","=""""","=""""",,"=""008001.000082""","=""""",
O I,"=""2s2.2p3.(4S*).4f""","=""3F""","=""3""",7.0,"=""""","=""12.7664475""","=""""","=""""",,"=""008001.000083""","=""""",
O I,"=""2s2.2p3.(4S*).4f""","=""3F""","=""2""",5.0,"=""""","=""12.7664475""","=""""","=""""",,"=""008001.000084""","=""""",
O I,"=""2s2.2p3.(4S*).5p""","=""5P""","=""1""",3.0,"=""""","=""12.8479560""","=""""","=""""",,"=""008001.000085""","=""""",
O I,"=""2s2.2p3.(4S*).5p""","=""5P""","=""2""",5.0,"=""""","=""12.8480003""","=""""","=""""",,"=""008001.000086""","=""""",
O I,"=""2s2.2p3.(4S*).5p""","=""5P""","=""3""",7.0,"=""""","=""12.8480623""","=""""","=""""",,"=""008001.000087""","=""""",
O I,"=""2s2.2p3.(4S*).5p""","=""3P""","=""2""",5.0,"=""""","=""12.8782347""","=""""","=""""",,"=""008001.000088""","=""""",
O I,"=""2s2.2p3.(4S*).5p""","=""3P""","=""1""",3.0,"=""""","=""12.8782422""","=""""","=""""",,"=""008001.000089""","=""""",
O I,"=""2s2.2p3.(4S*).5p""","=""3P""","=""0""",1.0,"=""""","=""12.8782699""","=""""","=""""",,"=""008001.000090""","=""""",
O I,"=""2s2.2p3.(4S*).6s""","=""5S*""","=""2""",5.0,"=""""","=""13.0207346""","=""""","=""""",,"=""008001.000091""","=""""",
O I,"=""2s2.2p3.(4S*).6s""","=""3S*""","=""1""",3.0,"=""""","=""13.0388270""","=""""","=""""",,"=""008001.000092""","=""""",
O I,"=""2s2.2p3.(4S*).5d""","=""5D*""","=""4""",9.0,"=""""","=""13.0661186""","=""""","=""""",,"=""008001.000093""","=""""",
O I,"=""2s2.2p3.(4S*).5d""","=""5D*""","=""3""",7.0,"=""""","=""13.0661215""","=""""","=""""",,"=""008001.000094""","=""""",
O I,"=""2s2.2p3.(4S*).5d""","=""5D*""","=""2""",5.0,"=""""","=""13.0661255""","=""""","=""""",,"=""008001.000095""","=""""",
O I,"=""2s2.2p3.(4S*).5d""","=""5D*""","=""1""",3.0,"=""""","=""13.0661288""","=""""","=""""",,"=""008001.000096""","=""""",
O I,"=""2s2.2p3.(4S*).5d""","=""5D*""","=""0""",1.0,"=""""","=""13.0661304""","=""""","=""""",,"=""008001.000097""","=""""",
O I,"=""2s2.2p3.(4S*).5d""","=""3D*""","=""3""",7.0,"=""""","=""13.0690514""","=""""","=""""",,"=""008001.000098""","=""""",
O I,"=""2s2.2p3.(4S*).5d""","=""3D*""","=""2""",5.0,"=""""","=""13.0690514""","=""""","=""""",,"=""008001.000099""","=""""",
O I,"=""2s2.2p3.(4S*).5d""","=""3D*""","=""1""",3.0,"=""""","=""13.0690514""","=""""","=""""",,"=""008001.000100""","=""""",
O I,"=""2s2.2p3.(4S*).5f""","=""5F""","=""5""",11.0,"=""""","=""13.0730978""","=""""","=""""",,"=""008001.000101""","=""""",
O I,"=""2s2.2p3.(4S*).5f""","=""5F""","=""4""",9.0,"=""""","=""13.0730978""","=""""","=""""",,"=""008001.000102""","=""""",
O I,"=""2s2.2p3.(4S*).5f""","=""5F""","=""3""",7.0,"=""""","=""13.0730978""","=""""","=""""",,"=""008001.000103""","=""""",
O I,"=""2s2.2p3.(4S*).5f""","=""5F""","=""2""",5.0,"=""""","=""13.0730978""","=""""","=""""",,"=""008001.000104""","=""""",
O I,"=""2s2.2p3.(4S*).5f""","=""5F""","=""1""",3.0,"=""""","=""13.0730978""","=""""","=""""",,"=""008001.000105""","=""""",
O I,"=""2s2.2p3.(4S*).5f""","=""3F""","=""4""",9.0,"=""""","=""13.0731076""","=""""","=""""",,"=""008001.000106""","=""""",
O I,"=""2s2.2p3.(4S*).5f""","=""3F""","=""3""",7.0,"=""""","=""13.0731076""","=""""","=""""",,"=""008001.000107""","=""""",
O I,"=""2s2.2p3.(4S*).5f""","=""3F""","=""2""",5.0,"=""""","=""13.0731076""","=""""","=""""",,"=""008001.000108""","=""""",
O I,"=""2s2.2p3.(4S*).6p""","=""5P""","=""1""",3.0,"=""""","=""13.1160938""","=""""","=""""",,"=""008001.000109""","=""""",
O I,"=""2s2.2p3.(4S*).6p""","=""5P""","=""2""",5.0,"=""""","=""13.1161142""","=""""","=""""",,"=""008001.000110""","=""""",
O I,"=""2s2.2p3.(4S*).6p""","=""5P""","=""3""",7.0,"=""""","=""13.1161465""","=""""","=""""",,"=""008001.000111""","=""""",
O I,"=""2s2.2p3.(4S*).6p""","=""3P""","=""2""",5.0,"=""""","=""13.1314183""","=""""","=""""",,"=""008001.000112""","=""""",
O I,"=""2s2.2p3.(4S*).6p""","=""3P""","=""1""",3.0,"=""""","=""13.1314183""","=""""","=""""",,"=""008001.000113""","=""""",
O I,"=""2s2.2p3.(4S*).6p""","=""3P""","=""0""",1.0,"=""""","=""13.1314183""","=""""","=""""",,"=""008001.000114""","=""""",
O I,"=""2s2.2p3.(4S*).7s""","=""5S*""","=""2""",5.0,"=""""","=""13.2099403""","=""""","=""""",,"=""008001.000115""","=""""",
O I,"=""2s2.2p3.(4S*).7s""","=""3S*""","=""1""",3.0,"=""""","=""13.2201789""","=""""","=""""",,"=""008001.000116""","=""""",
O I,"=""2s2.2p3.(4S*).6d""","=""5D*""","=""4""",9.0,"=""""","=""13.2354926""","=""""","=""""",,"=""008001.000117""","=""""",
O I,"=""2s2.2p3.(4S*).6d""","=""5D*""","=""3""",7.0,"=""""","=""13.2354940""","=""""","=""""",,"=""008001.000118""","=""""",
O I,"=""2s2.2p3.(4S*).6d""","=""5D*""","=""2""",5.0,"=""""","=""13.2354959""","=""""","=""""",,"=""008001.000119""","=""""",
O I,"=""2s2.2p3.(4S*).6d""","=""5D*""","=""1""",3.0,"=""""","=""13.2354975""","=""""","=""""",,"=""008001.000120""","=""""",
O I,"=""2s2.2p3.(4S*).6d""","=""5D*""","=""0""",1.0,"=""""","=""13.2354984""","=""""","=""""",,"=""008001.000121""","=""""",
O I,"=""2s2.2p3.(4S*).6d""","=""3D*""","=""3""",7.0,"=""""","=""13.2372725""","=""""","=""""",,"=""008001.000122""","=""""",
O I,"=""2s2.2p3.(4S*).6d""","=""3D*""","=""2""",5.0,"=""""","=""13.2372725""","=""""","=""""",,"=""008001.000123""","=""""",
O I,"=""2s2.2p3.(4S*).6d""","=""3D*""","=""1""",3.0,"=""""","=""13.2372725""","=""""","=""""",,"=""008001.000124""","=""""",
O I,"=""2s2.2p3.(4S*).6f""","=""5F""","=""5""",11.0,"=""""","=""13.2396725""","=""""","=""""",,"=""008001.000125""","=""""",
O I,"=""2s2.2p3.(4S*).6f""","=""5F""","=""4""",9.0,"=""""","=""13.2396725""","=""""","=""""",,"=""008001.000126""","=""""",
O I,"=""2s2.2p3.(4S*).6f""","=""5F""","=""3""",7.0,"=""""","=""13.2396725""","=""""","=""""",,"=""008001.000127""","=""""",
O I,"=""2s2.2p3.(4S*).6f""","=""5F""","=""2""",5.0,"=""""","=""13.2396725""","=""""","=""""",,"=""008001.000128""","=""""",
O I,"=""2s2.2p3.(4S*).6f""","=""5F""","=""1""",3.0,"=""""","=""13.2396725""","=""""","=""""",,"=""008001.000129""","=""""",
O I,"=""2s2.2p3.(4S*).6f""","=""3F""","=""4""",9.0,"=""""","=""13.2396776""","=""""","=""""",,"=""008001.000130""","=""""",
O I,"=""2s2.2p3.(4S*).6f""","=""3F""","=""3""",7.0,"=""""","=""13.2396776""","=""""","=""""",,"=""008001.000131""","=""""",
O I,"=""2s2.2p3.(4S*).6f""","=""3F""","=""2""",5.0,"=""""","=""13.2396776""","=""""","=""""",,"=""008001.000132""","=""""",
O I,"=""2s2.2p3.(4S*).6g""","=""3G*""","=""5""",11.0,"=""""","=""13.2400126""","=""""","=""""",,"=""008001.000133""","=""""",
O I,"=""2s2.2p3.(4S*).6g""","=""3G*""","=""4""",9.0,"=""""","=""13.2400126""","=""""","=""""",,"=""008001.000135""","=""""",
O I,"=""2s2.2p3.(4S*).6g""","=""3G*""","=""3""",7.0,"=""""","=""13.2400126""","=""""","=""""",,"=""008001.000136""","=""""",
O I,"=""2s2.2p3.(4S*).6g""","=""5G*""","=""6""",13.0,"=""""","=""13.2400126""","=""""","=""""",,"=""008001.000134""","=""""",
O I,"=""2s2.2p3.(4S*).6g""","=""5G*""","=""5""",11.0,"=""""","=""13.2400126""","=""""","=""""",,"=""008001.000137""","=""""",
O I,"=""2s2.2p3.(4S*).6g""","=""5G*""","=""4""",9.0,"=""""","=""13.2400126""","=""""","=""""",,"=""008001.000138""","=""""",
O I,"=""2s2.2p3.(4S*).6g""","=""5G*""","=""3""",7.0,"=""""","=""13.2400126""","=""""","=""""",,"=""008001.000139""","=""""",
O I,"=""2s2.2p3.(4S*).6g""","=""5G*""","=""2""",5.0,"=""""","=""13.2400126""","=""""","=""""",,"=""008001.000140""","=""""",
O I,"=""2s2.2p3.(4S*).8s""","=""5S*""","=""2""",5.0,"=""""","=""13.3216106""","=""""","=""""",,"=""008001.000141""","=""""",
O I,"=""2s2.2p3.(4S*).8s""","=""3S*""","=""1""",3.0,"=""""","=""13.3279572""","=""""","=""""",,"=""008001.000142""","=""""",
O I,"=""2s2.2p3.(4S*).7d""","=""5D*""","=""4""",9.0,"=""""","=""13.3374112""","=""""","=""""",,"=""008001.000143""","=""""",
O I,"=""2s2.2p3.(4S*).7d""","=""5D*""","=""3""",7.0,"=""""","=""13.3374122""","=""""","=""""",,"=""008001.000144""","=""""",
O I,"=""2s2.2p3.(4S*).7d""","=""5D*""","=""2""",5.0,"=""""","=""13.3374136""","=""""","=""""",,"=""008001.000145""","=""""",
O I,"=""2s2.2p3.(4S*).7d""","=""5D*""","=""1""",3.0,"=""""","=""13.3374147""","=""""","=""""",,"=""008001.000146""","=""""",
O I,"=""2s2.2p3.(4S*).7d""","=""5D*""","=""0""",1.0,"=""""","=""13.3374152""","=""""","=""""",,"=""008001.000147""","=""""",
O I,"=""2s2.2p3.(4S*).7d""","=""3D*""","=""3""",7.0,"=""""","=""13.3385644""","=""""","=""""",,"=""008001.000148""","=""""",
O I,"=""2s2.2p3.(4S*).7d""","=""3D*""","=""2""",5.0,"=""""","=""13.3385644""","=""""","=""""",,"=""008001.000149""","=""""",
O I,"=""2s2.2p3.(4S*).7d""","=""3D*""","=""1""",3.0,"=""""","=""13.3385644""","=""""","=""""",,"=""008001.000150""","=""""",
O I,"=""2s2.2p3.(4S*).7f""","=""5F""","=""5""",11.0,"=""""","=""13.3400972""","=""""","=""""",,"=""008001.000151""","=""""",
O I,"=""2s2.2p3.(4S*).7f""","=""5F""","=""4""",9.0,"=""""","=""13.3400972""","=""""","=""""",,"=""008001.000152""","=""""",
O I,"=""2s2.2p3.(4S*).7f""","=""5F""","=""3""",7.0,"=""""","=""13.3400972""","=""""","=""""",,"=""008001.000153""","=""""",
O I,"=""2s2.2p3.(4S*).7f""","=""5F""","=""2""",5.0,"=""""","=""13.3400972""","=""""","=""""",,"=""008001.000154""","=""""",
O I,"=""2s2.2p3.(4S*).7f""","=""5F""","=""1""",3.0,"=""""","=""13.3400972""","=""""","=""""",,"=""008001.000155""","=""""",
O I,"=""2s2.2p3.(4S*).7f""","=""3F""","=""4""",9.0,"=""""","=""13.3400981""","=""""","=""""",,"=""008001.000156""","=""""",
O I,"=""2s2.2p3.(4S*).7f""","=""3F""","=""3""",7.0,"=""""","=""13.3400981""","=""""","=""""",,"=""008001.000157""","=""""",
O I,"=""2s2.2p3.(4S*).7f""","=""3F""","=""2""",5.0,"=""""","=""13.3400981""","=""""","=""""",,"=""008001.000158""","=""""",
O I,"=""2s2.2p3.(4S*).9s""","=""5S*""","=""2""",5.0,"=""""","=""13.3929467""","=""""","=""""",,"=""008001.000159""","=""""",
O I,"=""2s2.2p3.(4S*).9s""","=""3S*""","=""1""",3.0,"=""""","=""13.3972365""","=""""","=""""",,"=""008001.000160""","=""""",
O I,"=""2s2.2p3.(4S*).8d""","=""5D*""","=""4""",9.0,"=""""","=""13.4034447""","=""""","=""""",,"=""008001.000161""","=""""",
O I,"=""2s2.2p3.(4S*).8d""","=""5D*""","=""3""",7.0,"=""""","=""13.4034453""","=""""","=""""",,"=""008001.000162""","=""""",
O I,"=""2s2.2p3.(4S*).8d""","=""5D*""","=""2""",5.0,"=""""","=""13.4034463""","=""""","=""""",,"=""008001.000163""","=""""",
O I,"=""2s2.2p3.(4S*).8d""","=""5D*""","=""1""",3.0,"=""""","=""13.4034470""","=""""","=""""",,"=""008001.000164""","=""""",
O I,"=""2s2.2p3.(4S*).8d""","=""5D*""","=""0""",1.0,"=""""","=""13.4034474""","=""""","=""""",,"=""008001.000165""","=""""",
O I,"=""2s2.2p3.(4S*).8d""","=""3D*""","=""3""",7.0,"=""""","=""13.40443""","=""""","=""""",,"=""008001.000166""","=""""",
O I,"=""2s2.2p3.(4S*).8d""","=""3D*""","=""2""",5.0,"=""""","=""13.40443""","=""""","=""""",,"=""008001.000167""","=""""",
O I,"=""2s2.2p3.(4S*).8d""","=""3D*""","=""1""",3.0,"=""""","=""13.40443""","=""""","=""""",,"=""008001.000168""","=""""",
O I,"=""2s2.2p3.(4S*).10s""","=""5S*""","=""2""",5.0,"=""""","=""13.44137""","=""""","=""""",,"=""008001.000169""","=""""",
O I,"=""2s2.2p3.(4S*).10s""","=""3S*""","=""1""",3.0,"=""""","=""13.44439""","=""""","=""""",,"=""008001.000170""","=""""",
O I,"=""2s2.2p3.(4S*).9d""","=""5D*""","=""4""",9.0,"=""""","=""13.448595""","=""""","=""""",,"=""008001.000171""","=""""",
O I,"=""2s2.2p3.(4S*).9d""","=""5D*""","=""3""",7.0,"=""""","=""13.448595""","=""""","=""""",,"=""008001.000172""","=""""",
O I,"=""2s2.2p3.(4S*).9d""","=""5D*""","=""2""",5.0,"=""""","=""13.448595""","=""""","=""""",,"=""008001.000173""","=""""",
O I,"=""2s2.2p3.(4S*).9d""","=""5D*""","=""1""",3.0,"=""""","=""13.448595""","=""""","=""""",,"=""008001.000174""","=""""",
O I,"=""2s2.2p3.(4S*).9d""","=""5D*""","=""0""",1.0,"=""""","=""13.448595""","=""""","=""""",,"=""008001.000175""","=""""",
O I,"=""2s2.2p3.(4S*).9d""","=""3D*""","=""3""",7.0,"=""""","=""13.44940""","=""""","=""""",,"=""008001.000176""","=""""",
O I,"=""2s2.2p3.(4S*).9d""","=""3D*""","=""2""",5.0,"=""""","=""13.44940""","=""""","=""""",,"=""008001.000177""","=""""",
O I,"=""2s2.2p3.(4S*).9d""","=""3D*""","=""1""",3.0,"=""""","=""13.44940""","=""""","=""""",,"=""008001.000178""","=""""",
O I,"=""2s2.2p3.(4S*).11s""","=""3S*""","=""1""",3.0,"=""""","=""13.47776""","=""""","=""""",,"=""008001.000179""","=""""",
O I,"=""2s2.2p3.(4S*).10d""","=""5D*""","=""4""",9.0,"=""""","=""13.480992""","=""""","=""""",,"=""008001.000180""","=""""",
O I,"=""2s2.2p3.(4S*).10d""","=""5D*""","=""3""",7.0,"=""""","=""13.480992""","=""""","=""""",,"=""008001.000181""","=""""",
O I,"=""2s2.2p3.(4S*).10d""","=""5D*""","=""2""",5.0,"=""""","=""13.480992""","=""""","=""""",,"=""008001.000182""","=""""",
O I,"=""2s2.2p3.(4S*).10d""","=""5D*""","=""1""",3.0,"=""""","=""13.480992""","=""""","=""""",,"=""008001.000183""","=""""",
O I,"=""2s2.2p3.(4S*).10d""","=""5D*""","=""0""",1.0,"=""""","=""13.480992""","=""""","=""""",,"=""008001.000184""","=""""",
O I,"=""2s2.2p3.(4S*).10d""","=""3D*""","=""3""",7.0,"=""""","=""13.48156""","=""""","=""""",,"=""008001.000185""","=""""",
O I,"=""2s2.2p3.(4S*).10d""","=""3D*""","=""2""",5.0,"=""""","=""13.48156""","=""""","=""""",,"=""008001.000186""","=""""",
O I,"=""2s2.2p3.(4S*).10d""","=""3D*""","=""1""",3.0,"=""""","=""13.48156""","=""""","=""""",,"=""008001.000187""","=""""",
O I,"=""2s2.2p3.(4S*).12s""","=""3S*""","=""1""",3.0,"=""""","=""13.50264""","=""""","=""""",,"=""008001.000188""","=""""",
O I,"=""2s2.2p3.(4S*).11d""","=""3D*""","=""3""",7.0,"=""""","=""13.50525""","=""""","=""""",,"=""008001.000189""","=""""",
O I,"=""2s2.2p3.(4S*).11d""","=""3D*""","=""2""",5.0,"=""""","=""13.50525""","=""""","=""""",,"=""008001.000190""","=""""",
O I,"=""2s2.2p3.(4S*).11d""","=""3D*""","=""1""",3.0,"=""""","=""13.50525""","=""""","=""""",,"=""008001.000191""","=""""",
O I,"=""2s2.2p3.(4S*).13s""","=""3S*""","=""1""",3.0,"=""""","=""13.52122""","=""""","=""""",,"=""008001.000192""","=""""",
O I,"=""2s2.2p3.(4S*).12d""","=""3D*""","=""3""",7.0,"=""""","=""13.52337""","=""""","=""""",,"=""008001.000193""","=""""",
O I,"=""2s2.2p3.(4S*).12d""","=""3D*""","=""2""",5.0,"=""""","=""13.52337""","=""""","=""""",,"=""008001.000194""","=""""",
O I,"=""2s2.2p3.(4S*).12d""","=""3D*""","=""1""",3.0,"=""""","=""13.52337""","=""""","=""""",,"=""008001.000195""","=""""",
O I,"=""2s2.2p3.(4S*).14s""","=""3S*""","=""1""",3.0,"=""""","=""13.53557""","=""""","=""""",,"=""008001.000196""","=""""",
O I,"=""2s2.2p3.(4S*).13d""","=""3D*""","=""3""",7.0,"=""""","=""13.53738""","=""""","=""""",,"=""008001.000197""","=""""",
O I,"=""2s2.2p3.(4S*).13d""","=""3D*""","=""2""",5.0,"=""""","=""13.53738""","=""""","=""""",,"=""008001.000198""","=""""",
O I,"=""2s2.2p3.(4S*).13d""","=""3D*""","=""1""",3.0,"=""""","=""13.53738""","=""""","=""""",,"=""008001.000199""","=""""",
O I,"=""2s2.2p3.(4S*).15s""","=""3S*""","=""1""",3.0,"=""""","=""13.54725""","=""""","=""""",,"=""008001.000200""","=""""",
O I,"=""2s2.2p3.(4S*).14d""","=""3D*""","=""3""",7.0,"=""""","=""13.54877""","=""""","=""""",,"=""008001.000201""","=""""",
O I,"=""2s2.2p3.(4S*).14d""","=""3D*""","=""2""",5.0,"=""""","=""13.54877""","=""""","=""""",,"=""008001.000202""","=""""",
O I,"=""2s2.2p3.(4S*).14d""","=""3D*""","=""1""",3.0,"=""""","=""13.54937""","=""""","=""""",,"=""008001.000203""","=""""",
O I,"=""2s2.2p3.(4S*).16s""","=""3S*""","=""1""",3.0,"=""""","=""13.55656""","=""""","=""""",,"=""008001.000204""","=""""",
O I,"=""2s2.2p3.(4S*).15d""","=""3D*""","=""3""",7.0,"=""""","=""13.55754""","=""""","=""""",,"=""008001.000205""","=""""",
O I,"=""2s2.2p3.(4S*).15d""","=""3D*""","=""2""",5.0,"=""""","=""13.55754""","=""""","=""""",,"=""008001.000206""","=""""",
O I,"=""2s2.2p3.(4S*).15d""","=""3D*""","=""1""",3.0,"=""""","=""13.55754""","=""""","=""""",,"=""008001.000207""","=""""",
O I,"=""2s2.2p3.(4S*).17s""","=""3S*""","=""1""",3.0,"=""""","=""13.56417""","=""""","=""""",,"=""008001.000208""","=""""",
O I,"=""2s2.2p3.(4S*).16d""","=""3D*""","=""3""",7.0,"=""""","=""13.56505""","=""""","=""""",,"=""008001.000209""","=""""",
O I,"=""2s2.2p3.(4S*).16d""","=""3D*""","=""2""",5.0,"=""""","=""13.56505""","=""""","=""""",,"=""008001.000210""","=""""",
O I,"=""2s2.2p3.(4S*).16d""","=""3D*""","=""1""",3.0,"=""""","=""13.56505""","=""""","=""""",,"=""008001.000211""","=""""",
O I,"=""2s2.2p3.(4S*).18s""","=""3S*""","=""1""",3.0,"=""""","=""13.57065""","=""""","=""""",,"=""008001.000212""","=""""",
O I,"=""2s2.2p3.(4S*).17d""","=""3D*""","=""3""",7.0,"=""""","=""13.57101""","=""""","=""""",,"=""008001.000213""","=""""",
O I,"=""2s2.2p3.(4S*).17d""","=""3D*""","=""2""",5.0,"=""""","=""13.57101""","=""""","=""""",,"=""008001.000214""","=""""",
O I,"=""2s2.2p3.(4S*).17d""","=""3D*""","=""1""",3.0,"=""""","=""13.57101""","=""""","=""""",,"=""008001.000215""","=""""",
O I,"=""2s2.2p3.(4S*).18d""","=""3D*""","=""1""",3.0,"=""""","=""13.57539""","=""""","=""""",,"=""008001.000216""","=""""",
O I,"=""2s2.2p3.(4S*).18d""","=""3D*""","=""2""",5.0,"=""""","=""13.57602""","=""""","=""""",,"=""008001.000217""","=""""",
O I,"=""2s2.2p3.(4S*).18d""","=""3D*""","=""3""",7.0,"=""""","=""13.57615""","=""""","=""""",,"=""008001.000218""","=""""",
O I,"=""2s2.2p3.(4S*).19s""","=""3S*""","=""1""",3.0,"=""""","=""13.57615""","=""""","=""""",,"=""008001.000219""","=""""",
O I,"=""2s2.2p3.(4S*).19d""","=""3D*""","=""3""",7.0,"=""""","=""13.58039""","=""""","=""""",,"=""008001.000220""","=""""",
O I,"=""2s2.2p3.(4S*).19d""","=""3D*""","=""2""",5.0,"=""""","=""13.58039""","=""""","=""""",,"=""008001.000221""","=""""",
O I,"=""2s2.2p3.(4S*).19d""","=""3D*""","=""1""",3.0,"=""""","=""13.58039""","=""""","=""""",,"=""008001.000222""","=""""",
O I,"=""2s2.2p3.(4S*).20s""","=""3S*""","=""1""",3.0,"=""""","=""13.58040""","=""""","=""""",,"=""008001.000223""","=""""",
O I,"=""2s2.2p3.(4S*).20d""","=""3D*""","=""3""",7.0,"=""""","=""13.58389""","=""""","=""""",,"=""008001.000224""","=""""",
O I,"=""2s2.2p3.(4S*).20d""","=""3D*""","=""2""",5.0,"=""""","=""13.58389""","=""""","=""""",,"=""008001.000225""","=""""",
O I,"=""2s2.2p3.(4S*).20d""","=""3D*""","=""1""",3.0,"=""""","=""13.58389""","=""""","=""""",,"=""008001.000226""","=""""",
O I,"=""2s2.2p3.(4S*).21s""","=""3S*""","=""1""",3.0,"=""""","=""13.58399""","=""""","=""""",,"=""008001.000227""","=""""",
O I,"=""2s2.2p3.(4S*).22s""","=""3S*""","=""1""",3.0,"=""""","=""13.58730""","=""""","=""""",,"=""008001.000228""","=""""",
O I,"=""2s2.2p3.(4S*).21d""","=""3D*""","=""3""",7.0,"=""""","=""13.58734""","=""""","=""""",,"=""008001.000229""","=""""",
O I,"=""2s2.2p3.(4S*).21d""","=""3D*""","=""2""",5.0,"=""""","=""13.58734""","=""""","=""""",,"=""008001.000230""","=""""",
O I,"=""2s2.2p3.(4S*).21d""","=""3D*""","=""1""",3.0,"=""""","=""13.58734""","=""""","=""""",,"=""008001.000231""","=""""",
O I,"=""2s2.2p3.(4S*).23s""","=""3S*""","=""1""",3.0,"=""""","=""13.58997""","=""""","=""""",,"=""008001.000232""","=""""",
O I,"=""2s2.2p3.(4S*).22d""","=""3D*""","=""3""",7.0,"=""""","=""13.58997""","=""""","=""""",,"=""008001.000233""","=""""",
O I,"=""2s2.2p3.(4S*).22d""","=""3D*""","=""2""",5.0,"=""""","=""13.58997""","=""""","=""""",,"=""008001.000234""","=""""",
O I,"=""2s2.2p3.(4S*).22d""","=""3D*""","=""1""",3.0,"=""""","=""13.58997""","=""""","=""""",,"=""008001.000235""","=""""",
O I,"=""2s2.2p3.(4S*).24s""","=""3S*""","=""1""",3.0,"=""""","=""13.59239""","=""""","=""""",,"=""008001.000236""","=""""",
O I,"=""2s2.2p3.(4S*).23d""","=""3D*""","=""3""",7.0,"=""""","=""13.59239""","=""""","=""""",,"=""008001.000237""","=""""",
O I,"=""2s2.2p3.(4S*).23d""","=""3D*""","=""2""",5.0,"=""""","=""13.59239""","=""""","=""""",,"=""008001.000238""","=""""",
O I,"=""2s2.2p3.(4S*).23d""","=""3D*""","=""1""",3.0,"=""""","=""13.59239""","=""""","=""""",,"=""008001.000239""","=""""",
O I,"=""2s2.2p3.(4S*).25s""","=""3S*""","=""1""",3.0,"=""""","=""13.59458""","=""""","=""""",,"=""008001.000240""","=""""",
O I,"=""2s2.2p3.(4S*).24d""","=""3D*""","=""3""",7.0,"=""""","=""13.59458""","=""""","=""""",,"=""008001.000241""","=""""",
O I,"=""2s2.2p3.(4S*).24d""","=""3D*""","=""2""",5.0,"=""""","=""13.59458""","=""""","=""""",,"=""008001.000242""","=""""",
O I,"=""2s2.2p3.(4S*).24d""","=""3D*""","=""1""",3.0,"=""""","=""13.59458""","=""""","=""""",,"=""008001.000243""","=""""",
O I,"=""2s2.2p3.(4S*).26s""","=""3S*""","=""1""",3.0,"=""""","=""13.59628""","=""""","=""""",,"=""008001.000244""","=""""",
O I,"=""2s2.2p3.(4S*).25d""","=""3D*""","=""3""",7.0,"=""""","=""13.59628""","=""""","=""""",,"=""008001.000245""","=""""",
O I,"=""2s2.2p3.(4S*).25d""","=""3D*""","=""2""",5.0,"=""""","=""13.59628""","=""""","=""""",,"=""008001.000246""","=""""",
O I,"=""2s2.2p3.(4S*).25d""","=""3D*""","=""1""",3.0,"=""""","=""13.59628""","=""""","=""""",,"=""008001.000247""","=""""",
O I,"=""2s2.2p3.(4S*).27s""","=""3S*""","=""1""",3.0,"=""""","=""13.59778""","=""""","=""""",,"=""008001.000248""","=""""",
O I,"=""2s2.2p3.(4S*).26d""","=""3D*""","=""3""",7.0,"=""""","=""13.59778""","=""""","=""""",,"=""008001.000249""","=""""",
O I,"=""2s2.2p3.(4S*).26d""","=""3D*""","=""2""",5.0,"=""""","=""13.59778""","=""""","=""""",,"=""008001.000250""","=""""",
O I,"=""2s2.2p3.(4S*).26d""","=""3D*""","=""1""",3.0,"=""""","=""13.59778""","=""""","=""""",,"=""008001.000251""","=""""",
O I,"=""2s2.2p3.(4S*).28s""","=""3S*""","=""1""",3.0,"=""""","=""13.59936""","=""""","=""""",,"=""008001.000252""","=""""",
O I,"=""2s2.2p3.(4S*).27d""","=""3D*""","=""3""",7.0,"=""""","=""13.59936""","=""""","=""""",,"=""008001.000253""","=""""",
O I,"=""2s2.2p3.(4S*).27d""","=""3D*""","=""2""",5.0,"=""""","=""13.59936""","=""""","=""""",,"=""008001.000254""","=""""",
O I,"=""2s2.2p3.(4S*).27d""","=""3D*""","=""1""",3.0,"=""""","=""13.59936""","=""""","=""""",,"=""008001.000255""","=""""",
O I,"=""2s2.2p3.(4S*).29s""","=""3S*""","=""1""",3.0,"=""""","=""13.60056""","=""""","=""""",,"=""008001.000256""","=""""",
O I,"=""2s2.2p3.(4S*).28d""","=""3D*""","=""3""",7.0,"=""""","=""13.60056""","=""""","=""""",,"=""008001.000257""","=""""",
O I,"=""2s2.2p3.(4S*).28d""","=""3D*""","=""2""",5.0,"=""""","=""13.60056""","=""""","=""""",,"=""008001.000258""","=""""",
O I,"=""2s2.2p3.(4S*).28d""","=""3D*""","=""1""",3.0,"=""""","=""13.60056""","=""""","=""""",,"=""008001.000259""","=""""",
O I,"=""2s2.2p3.(4S*).30s""","=""3S*""","=""1""",3.0,"=""""","=""13.60174""","=""""","=""""",,"=""008001.000260""","=""""",
O I,"=""2s2.2p3.(4S*).29d""","=""3D*""","=""3""",7.0,"=""""","=""13.60174""","=""""","=""""",,"=""008001.000261""","=""""",
O I,"=""2s2.2p3.(4S*).29d""","=""3D*""","=""2""",5.0,"=""""","=""13.60174""","=""""","=""""",,"=""008001.000262""","=""""",
O I,"=""2s2.2p3.(4S*).29d""","=""3D*""","=""1""",3.0,"=""""","=""13.60174""","=""""","=""""",,"=""008001.000263""","=""""",
O I,"=""2s2.2p3.(4S*).31s""","=""3S*""","=""1""",3.0,"=""""","=""13.60277""","=""""","=""""",,"=""008001.000264""","=""""",
O I,"=""2s2.2p3.(4S*).30d""","=""3D*""","=""3""",7.0,"=""""","=""13.60277""","=""""","=""""",,"=""008001.000265""","=""""",
O I,"=""2s2.2p3.(4S*).30d""","=""3D*""","=""2""",5.0,"=""""","=""13.60277""","=""""","=""""",,"=""008001.000266""","=""""",
O I,"=""2s2.2p3.(4S*).30d""","=""3D*""","=""1""",3.0,"=""""","=""13.60277""","=""""","=""""",,"=""008001.000267""","=""""",
O I,"=""O II (2p3 4S*<3/2>)""","=""Limit""","=""---""",,"=""""","=""13.618055""","=""""","=""0.000007""",,"=""008001.Lim001""","=""L74,L3760""",
O I,"=""2s2.2p3.(2D*).3p""","=""1P""","=""1""",3.0,"=""""","=""14.0355624""","=""""","=""""",,"=""008001.000269""","=""""",
O I,"=""2s2.2p3.(2D*).3p""","=""3D""","=""3""",7.0,"=""""","=""14.0467669""","=""""","=""""",,"=""008001.000270""","=""""",
O I,"=""2s2.2p3.(2D*).3p""","=""3D""","=""2""",5.0,"=""""","=""14.0467717""","=""""","=""""",,"=""008001.000271""","=""""",
O I,"=""2s2.2p3.(2D*).3p""","=""3D""","=""1""",3.0,"=""""","=""14.0472014""","=""""","=""""",,"=""008001.000272""","=""""",
O I,"=""2s2.2p3.(2D*).3p""","=""3F""","=""4""",9.0,"=""""","=""14.0987942""","=""""","=""""",,"=""008001.000273""","=""""",
O I,"=""2s2.2p3.(2D*).3p""","=""3F""","=""3""",7.0,"=""""","=""14.0996582""","=""""","=""""",,"=""008001.000274""","=""""",
O I,"=""2s2.2p3.(2D*).3p""","=""3F""","=""2""",5.0,"=""""","=""14.1003714""","=""""","=""""",,"=""008001.000275""","=""""",
O I,"=""2s2.2p3.(2P*).3s""","=""3P*""","=""2""",5.0,"=""""","=""14.1231587""","=""""","=""""",,"=""008001.000276""","=""""",
O I,"=""2s2.2p3.(2P*).3s""","=""3P*""","=""1""",3.0,"=""""","=""14.1244523""","=""""","=""""",,"=""008001.000277""","=""""",
O I,"=""2s2.2p3.(2P*).3s""","=""3P*""","=""0""",1.0,"=""""","=""14.1252140""","=""""","=""""",,"=""008001.000278""","=""""",
O I,"=""2s2.2p3.(2D*).3p""","=""1F""","=""3""",7.0,"=""""","=""14.1337323""","=""""","=""""",,"=""008001.000279""","=""""",
O I,"=""2s2.2p3.(2P*).3s""","=""1P*""","=""1""",3.0,"=""""","=""14.3720180""","=""""","=""""",,"=""008001.000280""","=""""",
O I,"=""2s2.2p3.(2D*).3p""","=""1D""","=""2""",5.0,"=""""","=""14.4604127""","=""""","=""""",,"=""008001.000281""","=""""",
O I,"=""2s2.2p3.(2D*).4s""","=""3D*""","=""3""",7.0,"=""""","=""15.17811""","=""""","=""""",,"=""008001.000282""","=""""",
O I,"=""2s2.2p3.(2D*).4s""","=""3D*""","=""2""",5.0,"=""""","=""15.17978""","=""""","=""""",,"=""008001.000283""","=""""",
O I,"=""2s2.2p3.(2D*).4s""","=""3D*""","=""1""",3.0,"=""""","=""15.18075""","=""""","=""""",,"=""008001.000284""","=""""",
O I,"=""2s2.2p3.(2D*<3/2>).4s""","=""1D*""","=""2""",5.0,"=""""","=""15.2249696""","=""""","=""""",,"=""008001.000285""","=""""",
O I,"=""2s2.2p3.(2D*<3/2>).3d""","=""3P*""","=""2""",5.0,"=""""","=""15.2868521""","=""""","=""""",,"=""008001.000286""","=""""",
O I,"=""2s2.2p3.(2D*<3/2>).3d""","=""3P*""","=""1""",3.0,"=""""","=""15.2941343""","=""""","=""""",,"=""008001.000287""","=""""",
O I,"=""2s2.2p3.(2D*<3/2>).3d""","=""3P*""","=""0""",1.0,"=""""","=""15.2980803""","=""""","=""""",,"=""008001.000288""","=""""",
O I,"=""2s2.2p3.(2D*<5/2>).3d""","=""3F*""","=""4""",9.0,"=""""","=""15.4005245""","=""""","=""""",,"=""008001.000289""","=""""",
O I,"=""2s2.2p3.(2D*<5/2>).3d""","=""3F*""","=""3""",7.0,"=""""","=""15.4011962""","=""""","=""""",,"=""008001.000290""","=""""",
O I,"=""2s2.2p3.(2D*<5/2>).3d""","=""3F*""","=""2""",5.0,"=""""","=""15.4018277""","=""""","=""""",,"=""008001.000291""","=""""",
O I,"=""2s2.2p3.(2D*).3d""","=""3G*""","=""4""",9.0,"=""""","=""15.4036294""","=""""","=""""",,"=""008001.000292""","=""""",
O I,"=""2s2.2p3.(2D*).3d""","=""3G*""","=""5""",11.0,"=""""","=""15.4038114""","=""""","=""""",,"=""008001.000293""","=""""",
O I,"=""2s2.2p3.(2D*).3d""","=""3G*""","=""3""",7.0,"=""""","=""15.4053994""","=""""","=""""",,"=""008001.000296""","=""""",
O I,"=""2s2.2p3.(2D*<5/2>).3d""","=""1S*""","=""0""",1.0,"=""""","=""15.4041162""","=""""","=""""",,"=""008001.000294""","=""""",
O I,"=""2s2.2p3.(2D*<5/2>).3d""","=""3D*""","=""3""",7.0,"=""""","=""15.40468""","=""""","=""""",,"=""008001.000295""","=""""",
O I,"=""2s2.2p3.(2D*<5/2>).3d""","=""3D*""","=""2""",5.0,"=""""","=""15.40599""","=""""","=""""",,"=""008001.000297""","=""""",
O I,"=""2s2.2p3.(2D*<5/2>).3d""","=""3D*""","=""1""",3.0,"=""""","=""15.40677""","=""""","=""""",,"=""008001.000299""","=""""",
O I,"=""2s2.2p3.(2D*<3/2>).3d""","=""1G*""","=""4""",9.0,"=""""","=""15.4061252""","=""""","=""""",,"=""008001.000298""","=""""",
O I,"=""2s2.2p3.(2D*<5/2>).3d""","=""1P*""","=""1""",3.0,"=""""","=""15.4080""","=""""","=""""",,"=""008001.000300""","=""""",
O I,"=""2s2.2p3.(2D*<3/2>).3d""","=""1D*""","=""2""",5.0,"=""""","=""15.4136133""","=""""","=""""",,"=""008001.000301""","=""""",
O I,"=""2s2.2p3.(2D*<3/2>).3d""","=""1F*""","=""3""",7.0,"=""""","=""15.4145560""","=""""","=""""",,"=""008001.000302""","=""""",
O I,"=""2s2.2p3.(2D*<3/2>).3d""","=""3S*""","=""1""",3.0,"=""""","=""15.41574""","=""""","=""""",,"=""008001.000303""","=""""",
O I,"=""2s2.2p3.(2D*).4p""","=""3D""","=""3""",7.0,"=""""","=""15.5941737""","=""""","=""""",,"=""008001.000304""","=""""",
O I,"=""2s2.2p3.(2D*).4p""","=""3D""","=""2""",5.0,"=""""","=""15.5950907""","=""""","=""""",,"=""008001.000306""","=""""",
O I,"=""2s2.2p3.(2D*).4p""","=""3D""","=""1""",3.0,"=""""","=""15.5957253""","=""""","=""""",,"=""008001.000305""","=""""",
O I,"=""2s.2p5""","=""3P*""","=""2""",5.0,"=""""","=""15.6550999""","=""""","=""""",,"=""008001.000307""","=""""",
O I,"=""2s.2p5""","=""3P*""","=""1""",3.0,"=""""","=""15.6641915""","=""""","=""""",,"=""008001.000308""","=""""",
O I,"=""2s.2p5""","=""3P*""","=""0""",1.0,"=""""","=""15.6695881""","=""""","=""""",,"=""008001.000309""","=""""",
O I,"=""2s2.2p3.(2P*).3p""","=""3D""","=""3""",7.0,"=""""","=""15.7810344""","=""""","=""""",,"=""008001.000310""","=""""",
O I,"=""2s2.2p3.(2P*).3p""","=""3D""","=""2""",5.0,"=""""","=""15.7817439""","=""""","=""""",,"=""008001.000311""","=""""",
O I,"=""2s2.2p3.(2P*).3p""","=""3D""","=""1""",3.0,"=""""","=""15.7821517""","=""""","=""""",,"=""008001.000312""","=""""",
O I,"=""2s2.2p3.(2P*).3p""","=""1P""","=""1""",3.0,"=""""","=""15.8287841""","=""""","=""""",,"=""008001.000313""","=""""",
O I,"=""2s2.2p3.(2P*).3p""","=""1D""","=""2""",5.0,"=""""","=""15.9437376""","=""""","=""""",,"=""008001.000314""","=""""",
O I,"=""2s2.2p3.(2D*).5s""","=""3D*""","=""3""",7.0,"=""""","=""15.99133""","=""""","=""""",,"=""008001.000315""","=""""",
O I,"=""2s2.2p3.(2D*).5s""","=""3D*""","=""2""",5.0,"=""""","=""15.99275""","=""""","=""""",,"=""008001.000316""","=""""",
O I,"=""2s2.2p3.(2D*).5s""","=""3D*""","=""1""",3.0,"=""""","=""15.99374""","=""""","=""""",,"=""008001.000317""","=""""",
O I,"=""2s2.2p3.(2D*<3/2>).5s""","=""1D*""","=""2""",5.0,"=""""","=""16.0103676""","=""""","=""""",,"=""008001.000318""","=""""",
O I,"=""2s2.2p3.(2D*<5/2>).4d""","=""3F*""","=""3""",7.0,"=""""","=""""","=""""","=""""",,"=""008001.000002""","=""""",
O I,"=""2s2.2p3.(2D*<5/2>).4d""","=""3F*""","=""2""",5.0,"=""""","=""""","=""""","=""""",,"=""008001.000003""","=""""",
O I,"=""2s2.2p3.(2D*<5/2>).4d""","=""3F*""","=""4""",9.0,"=""""","=""16.0766475""","=""""","=""""",,"=""008001.000319""","=""""",
O I,"=""2s2.2p3.(2D*).4d""","=""3G*""","=""4""",9.0,"=""""","=""16.0782511""","=""""","=""""",,"=""008001.000320""","=""""",
O I,"=""2s2.2p3.(2D*).4d""","=""3G*""","=""5""",11.0,"=""""","=""16.0783356""","=""""","=""""",,"=""008001.000321""","=""""",
O I,"=""2s2.2p3.(2D*).4d""","=""3G*""","=""3""",7.0,"=""""","=""16.0799432""","=""""","=""""",,"=""008001.000325""","=""""",
O I,"=""2s2.2p3.(2D*<5/2>).4d""","=""1S*""","=""0""",1.0,"=""""","=""16.0785843""","=""""","=""""",,"=""008001.000322""","=""""",
O I,"=""2s2.2p3.(2D*<5/2>).4d""","=""1P*""","=""1""",3.0,"=""""","=""16.0786""","=""""","=""""",,"=""008001.000323""","=""""",
O I,"=""2s2.2p3.(2D*<5/2>).4d""","=""3D*""","=""3""",7.0,"=""""","=""16.07980""","=""""","=""""",,"=""008001.000324""","=""""",
O I,"=""2s2.2p3.(2D*<5/2>).4d""","=""3D*""","=""2""",5.0,"=""""","=""16.08044""","=""""","=""""",,"=""008001.000326""","=""""",
O I,"=""2s2.2p3.(2D*<5/2>).4d""","=""3D*""","=""1""",3.0,"=""""","=""16.08112""","=""""","=""""",,"=""008001.000328""","=""""",
O I,"=""2s2.2p3.(2D*<3/2>).4d""","=""1G*""","=""4""",9.0,"=""""","=""16.0806911""","=""""","=""""",,"=""008001.000327""","=""""",
O I,"=""2s2.2p3.(2D*<3/2>).4d""","=""1D*""","=""2""",5.0,"=""""","=""16.0846""","=""""","=""""",,"=""008001.000329""","=""""",
O I,"=""2s2.2p3.(2D*<3/2>).4d""","=""3S*""","=""1""",3.0,"=""""","=""16.08529""","=""""","=""""",,"=""008001.000330""","=""""",
O I,"=""2s2.2p3.(2D*<3/2>).4d""","=""1F*""","=""3""",7.0,"=""""","=""16.0853444""","=""""","=""""",,"=""008001.000331""","=""""",
O I,"=""2s2.2p3.(2D*).4f""","=""3G""","=""4""",9.0,"=""""","=""""","=""""","=""""",,"=""008001.000004""","=""""",
O I,"=""2s2.2p3.(2D*).4f""","=""3G""","=""3""",7.0,"=""""","=""""","=""""","=""""",,"=""008001.000005""","=""""",
O I,"=""2s2.2p3.(2D*).4f""","=""3G""","=""5""",11.0,"=""""","=""16.0904139""","=""""","=""""",,"=""008001.000332""","=""""",
O I,"=""2s2.2p3.(2D*).4f""","=""3H""","=""4""",9.0,"=""""","=""""","=""""","=""""",,"=""008001.000006""","=""""",
O I,"=""2s2.2p3.(2D*).4f""","=""3H""","=""5""",11.0,"=""""","=""16.0906592""","=""""","=""""",,"=""008001.000333""","=""""",
O I,"=""2s2.2p3.(2D*).4f""","=""3H""","=""6""",13.0,"=""""","=""16.0906605""","=""""","=""""",,"=""008001.000334""","=""""",
O I,"=""2s2.2p3.(2D*).4f""","=""1H""","=""5""",11.0,"=""""","=""16.0931280""","=""""","=""""",,"=""008001.000335""","=""""",
O I,"=""2s2.2p3.(2D*<3/2>).4d""","=""3P*""","=""2""",5.0,"=""""","=""16.1142263""","=""""","=""""",,"=""008001.000336""","=""""",
O I,"=""2s2.2p3.(2D*<3/2>).4d""","=""3P*""","=""1""",3.0,"=""""","=""16.1153897""","=""""","=""""",,"=""008001.000337""","=""""",
O I,"=""2s2.2p3.(2D*<3/2>).4d""","=""3P*""","=""0""",1.0,"=""""","=""16.1160306""","=""""","=""""",,"=""008001.000338""","=""""",
O I,"=""2s2.2p3.(2P*).3p""","=""1S""","=""0""",1.0,"=""""","=""16.2348533""","=""""","=""""",,"=""008001.000339""","=""""",
O I,"=""2s2.2p3.(2D*).6s""","=""3D*""","=""3""",7.0,"=""""","=""16.34787""","=""""","=""""",,"=""008001.000340""","=""""",
O I,"=""2s2.2p3.(2D*).6s""","=""3D*""","=""2""",5.0,"=""""","=""16.34924""","=""""","=""""",,"=""008001.000341""","=""""",
O I,"=""2s2.2p3.(2D*).6s""","=""3D*""","=""1""",3.0,"=""""","=""16.35055""","=""""","=""""",,"=""008001.000342""","=""""",
O I,"=""2s2.2p3.(2D*<3/2>).6s""","=""1D*""","=""2""",5.0,"=""""","=""16.3580""","=""""","=""""",,"=""008001.000343""","=""""",
O I,"=""2s2.2p3.(2D*<5/2>).5d""","=""3F*""","=""3""",7.0,"=""""","=""""","=""""","=""""",,"=""008001.000007""","=""""",
O I,"=""2s2.2p3.(2D*<5/2>).5d""","=""3F*""","=""2""",5.0,"=""""","=""""","=""""","=""""",,"=""008001.000008""","=""""",
O I,"=""2s2.2p3.(2D*<5/2>).5d""","=""3F*""","=""4""",9.0,"=""""","=""16.3895544""","=""""","=""""",,"=""008001.000344""","=""""",
O I,"=""2s2.2p3.(2D*).5d""","=""3G*""","=""3""",7.0,"=""""","=""""","=""""","=""""",,"=""008001.000009""","=""""",
O I,"=""2s2.2p3.(2D*).5d""","=""3G*""","=""4""",9.0,"=""""","=""16.3904688""","=""""","=""""",,"=""008001.000345""","=""""",
O I,"=""2s2.2p3.(2D*).5d""","=""3G*""","=""5""",11.0,"=""""","=""16.3905122""","=""""","=""""",,"=""008001.000346""","=""""",
O I,"=""2s2.2p3.(2D*<5/2>).5d""","=""1P*""","=""1""",3.0,"=""""","=""16.3911""","=""""","=""""",,"=""008001.000347""","=""""",
O I,"=""2s2.2p3.(2D*<5/2>).5d""","=""3D*""","=""3""",7.0,"=""""","=""16.39113""","=""""","=""""",,"=""008001.000348""","=""""",
O I,"=""2s2.2p3.(2D*<5/2>).5d""","=""3D*""","=""2""",5.0,"=""""","=""16.39242""","=""""","=""""",,"=""008001.000349""","=""""",
O I,"=""2s2.2p3.(2D*<5/2>).5d""","=""3D*""","=""1""",3.0,"=""""","=""16.39296""","=""""","=""""",,"=""008001.000351""","=""""",
O I,"=""2s2.2p3.(2D*<3/2>).5d""","=""1G*""","=""4""",9.0,"=""""","=""16.3929029""","=""""","=""""",,"=""008001.000350""","=""""",
O I,"=""2s2.2p3.(2D*<3/2>).5d""","=""3S*""","=""1""",3.0,"=""""","=""16.39475""","=""""","=""""",,"=""008001.000352""","=""""",
O I,"=""2s2.2p3.(2D*<3/2>).5d""","=""1D*""","=""2""",5.0,"=""""","=""16.3951""","=""""","=""""",,"=""008001.000353""","=""""",
O I,"=""2s2.2p3.(2D*<3/2>).5d""","=""1F*""","=""3""",7.0,"=""""","=""16.396""","=""""","=""""",,"=""008001.000354""","=""""",
O I,"=""2s2.2p3.(2D*<3/2>).5d""","=""3P*""","=""0""",1.0,"=""""","=""""","=""""","=""""",,"=""008001.000010""","=""""",
O I,"=""2s2.2p3.(2D*<3/2>).5d""","=""3P*""","=""2""",5.0,"=""""","=""16.40449""","=""""","=""""",,"=""008001.000355""","=""""",
O I,"=""2s2.2p3.(2D*<3/2>).5d""","=""3P*""","=""1""",3.0,"=""""","=""16.40512""","=""""","=""""",,"=""008001.000356""","=""""",
O I,"=""2s2.2p3.(2D*).7s""","=""3D*""","=""3""",7.0,"=""""","=""16.53575""","=""""","=""""",,"=""008001.000357""","=""""",
O I,"=""2s2.2p3.(2D*).7s""","=""3D*""","=""2""",5.0,"=""""","=""16.53686""","=""""","=""""",,"=""008001.000358""","=""""",
O I,"=""2s2.2p3.(2D*).7s""","=""3D*""","=""1""",3.0,"=""""","=""16.53828""","=""""","=""""",,"=""008001.000359""","=""""",
O I,"=""2s2.2p3.(2D*<3/2>).7s""","=""1D*""","=""2""",5.0,"=""""","=""16.5421""","=""""","=""""",,"=""008001.000360""","=""""",
O I,"=""2s2.2p3.(2D*<5/2>).6d""","=""3D*""","=""3""",7.0,"=""""","=""16.56017""","=""""","=""""",,"=""008001.000361""","=""""",
O I,"=""2s2.2p3.(2D*<5/2>).6d""","=""3D*""","=""2""",5.0,"=""""","=""16.56017""","=""""","=""""",,"=""008001.000362""","=""""",
O I,"=""2s2.2p3.(2D*<5/2>).6d""","=""3D*""","=""1""",3.0,"=""""","=""16.56017""","=""""","=""""",,"=""008001.000363""","=""""",
O I,"=""2s2.2p3.(2D*<5/2>).6d""","=""1P*""","=""1""",3.0,"=""""","=""16.5604""","=""""","=""""",,"=""008001.000364""","=""""",
O I,"=""2s2.2p3.(2D*<3/2>).6d""","=""3S*""","=""1""",3.0,"=""""","=""16.56155""","=""""","=""""",,"=""008001.000365""","=""""",
O I,"=""2s2.2p3.(2D*<3/2>).6d""","=""1D*""","=""2""",5.0,"=""""","=""16.5627""","=""""","=""""",,"=""008001.000366""","=""""",
O I,"=""2s2.2p3.(2D*<3/2>).6d""","=""1F*""","=""3""",7.0,"=""""","=""16.5632""","=""""","=""""",,"=""008001.000367""","=""""",
O I,"=""2s2.2p3.(2D*<3/2>).6d""","=""3P*""","=""0""",1.0,"=""""","=""""","=""""","=""""",,"=""008001.000011""","=""""",
O I,"=""2s2.2p3.(2D*<3/2>).6d""","=""3P*""","=""2""",5.0,"=""""","=""16.56702""","=""""","=""""",,"=""008001.000368""","=""""",
O I,"=""2s2.2p3.(2D*<3/2>).6d""","=""3P*""","=""1""",3.0,"=""""","=""16.56757""","=""""","=""""",,"=""008001.000369""","=""""",
O I,"=""2s2.2p3.(2D*).8s""","=""3D*""","=""3""",7.0,"=""""","=""16.64678""","=""""","=""""",,"=""008001.000370""","=""""",
O I,"=""2s2.2p3.(2D*).8s""","=""3D*""","=""2""",5.0,"=""""","=""16.64778""","=""""","=""""",,"=""008001.000371""","=""""",
O I,"=""2s2.2p3.(2D*).8s""","=""3D*""","=""1""",3.0,"=""""","=""16.64923""","=""""","=""""",,"=""008001.000372""","=""""",
O I,"=""2s2.2p3.(2D*<3/2>).8s""","=""1D*""","=""2""",5.0,"=""""","=""16.6517""","=""""","=""""",,"=""008001.000373""","=""""",
O I,"=""2s2.2p3.(2D*<5/2>).7d""","=""3D*""","=""3""",7.0,"=""""","=""16.66162""","=""""","=""""",,"=""008001.000374""","=""""",
O I,"=""2s2.2p3.(2D*<5/2>).7d""","=""3D*""","=""2""",5.0,"=""""","=""16.66162""","=""""","=""""",,"=""008001.000375""","=""""",
O I,"=""2s2.2p3.(2D*<5/2>).7d""","=""3D*""","=""1""",3.0,"=""""","=""16.66162""","=""""","=""""",,"=""008001.000376""","=""""",
O I,"=""2s2.2p3.(2D*<5/2>).7d""","=""1P*""","=""1""",3.0,"=""""","=""16.6619""","=""""","=""""",,"=""008001.000377""","=""""",
O I,"=""2s2.2p3.(2D*<3/2>).7d""","=""3S*""","=""1""",3.0,"=""""","=""16.66379""","=""""","=""""",,"=""008001.000378""","=""""",
O I,"=""2s2.2p3.(2D*<3/2>).7d""","=""1D*""","=""2""",5.0,"=""""","=""16.6646""","=""""","=""""",,"=""008001.000379""","=""""",
O I,"=""2s2.2p3.(2D*<3/2>).7d""","=""1F*""","=""3""",7.0,"=""""","=""16.6646""","=""""","=""""",,"=""008001.000380""","=""""",
O I,"=""2s2.2p3.(2D*<3/2>).7d""","=""3P*""","=""0""",1.0,"=""""","=""""","=""""","=""""",,"=""008001.000012""","=""""",
O I,"=""2s2.2p3.(2D*<3/2>).7d""","=""3P*""","=""2""",5.0,"=""""","=""16.66613""","=""""","=""""",,"=""008001.000381""","=""""",
O I,"=""2s2.2p3.(2D*<3/2>).7d""","=""3P*""","=""1""",3.0,"=""""","=""16.66676""","=""""","=""""",,"=""008001.000382""","=""""",
O I,"=""2s2.2p3.(2D*).9s""","=""3D*""","=""1""",3.0,"=""""","=""""","=""""","=""""",,"=""008001.000013""","=""""",
O I,"=""2s2.2p3.(2D*).9s""","=""3D*""","=""3""",7.0,"=""""","=""16.71791""","=""""","=""""",,"=""008001.000383""","=""""",
O I,"=""2s2.2p3.(2D*).9s""","=""3D*""","=""2""",5.0,"=""""","=""16.71849""","=""""","=""""",,"=""008001.000384""","=""""",
O I,"=""2s2.2p3.(2D*<3/2>).9s""","=""1D*""","=""2""",5.0,"=""""","=""16.7216""","=""""","=""""",,"=""008001.000385""","=""""",
O I,"=""2s2.2p3.(2D*<5/2>).8d""","=""3D*""","=""3""",7.0,"=""""","=""16.72785""","=""""","=""""",,"=""008001.000386""","=""""",
O I,"=""2s2.2p3.(2D*<5/2>).8d""","=""3D*""","=""2""",5.0,"=""""","=""16.72785""","=""""","=""""",,"=""008001.000388""","=""""",
O I,"=""2s2.2p3.(2D*<5/2>).8d""","=""3D*""","=""1""",3.0,"=""""","=""16.72785""","=""""","=""""",,"=""008001.000389""","=""""",
O I,"=""2s2.2p3.(2D*<3/2>).8d""","=""3S*""","=""1""",3.0,"=""""","=""16.72785""","=""""","=""""",,"=""008001.000387""","=""""",
O I,"=""2s2.2p3.(2D*<5/2>).8d""","=""1P*""","=""1""",3.0,"=""""","=""16.7281""","=""""","=""""",,"=""008001.000390""","=""""",
O I,"=""2s2.2p3.(2D*<3/2>).8d""","=""1D*""","=""2""",5.0,"=""""","=""16.730""","=""""","=""""",,"=""008001.000391""","=""""",
O I,"=""2s2.2p3.(2D*<3/2>).8d""","=""1F*""","=""3""",7.0,"=""""","=""16.730""","=""""","=""""",,"=""008001.000392""","=""""",
O I,"=""2s2.2p3.(2D*<3/2>).8d""","=""3P*""","=""0""",1.0,"=""""","=""""","=""""","=""""",,"=""008001.000014""","=""""",
O I,"=""2s2.2p3.(2D*<3/2>).8d""","=""3P*""","=""2""",5.0,"=""""","=""16.73090""","=""""","=""""",,"=""008001.000393""","=""""",
O I,"=""2s2.2p3.(2D*<3/2>).8d""","=""3P*""","=""1""",3.0,"=""""","=""16.73131""","=""""","=""""",,"=""008001.000394""","=""""",
O I,"=""2s2.2p3.(2D*).10s""","=""3D*""","=""1""",3.0,"=""""","=""""","=""""","=""""",,"=""008001.000015""","=""""",
O I,"=""2s2.2p3.(2D*).10s""","=""3D*""","=""3""",7.0,"=""""","=""16.76597""","=""""","=""""",,"=""008001.000395""","=""""",
O I,"=""2s2.2p3.(2D*).10s""","=""3D*""","=""2""",5.0,"=""""","=""16.76597""","=""""","=""""",,"=""008001.000396""","=""""",
O I,"=""2s2.2p3.(2D*<3/2>).10s""","=""1D*""","=""2""",5.0,"=""""","=""16.7691""","=""""","=""""",,"=""008001.000397""","=""""",
O I,"=""2s2.2p3.(2D*<5/2>).9d""","=""3D*""","=""3""",7.0,"=""""","=""16.77304""","=""""","=""""",,"=""008001.000398""","=""""",
O I,"=""2s2.2p3.(2D*<5/2>).9d""","=""3D*""","=""2""",5.0,"=""""","=""16.77304""","=""""","=""""",,"=""008001.000400""","=""""",
O I,"=""2s2.2p3.(2D*<5/2>).9d""","=""3D*""","=""1""",3.0,"=""""","=""16.77304""","=""""","=""""",,"=""008001.000401""","=""""",
O I,"=""2s2.2p3.(2D*<3/2>).9d""","=""3S*""","=""1""",3.0,"=""""","=""16.77304""","=""""","=""""",,"=""008001.000399""","=""""",
O I,"=""2s2.2p3.(2D*<5/2>).9d""","=""1P*""","=""1""",3.0,"=""""","=""16.7732""","=""""","=""""",,"=""008001.000402""","=""""",
O I,"=""2s2.2p3.(2D*<3/2>).9d""","=""3P*""","=""0""",1.0,"=""""","=""""","=""""","=""""",,"=""008001.000016""","=""""",
O I,"=""2s2.2p3.(2D*<3/2>).9d""","=""3P*""","=""2""",5.0,"=""""","=""16.77550""","=""""","=""""",,"=""008001.000403""","=""""",
O I,"=""2s2.2p3.(2D*<3/2>).9d""","=""3P*""","=""1""",3.0,"=""""","=""16.77568""","=""""","=""""",,"=""008001.000406""","=""""",
O I,"=""2s2.2p3.(2D*<3/2>).9d""","=""1D*""","=""2""",5.0,"=""""","=""16.7756""","=""""","=""""",,"=""008001.000404""","=""""",
O I,"=""2s2.2p3.(2D*<3/2>).9d""","=""1F*""","=""3""",7.0,"=""""","=""16.7756""","=""""","=""""",,"=""008001.000405""","=""""",
O I,"=""2s2.2p3.(2D*).11s""","=""3D*""","=""2""",5.0,"=""""","=""""","=""""","=""""",,"=""008001.000017""","=""""",
O I,"=""2s2.2p3.(2D*).11s""","=""3D*""","=""1""",3.0,"=""""","=""""","=""""","=""""",,"=""008001.000018""","=""""",
O I,"=""2s2.2p3.(2D*).11s""","=""3D*""","=""3""",7.0,"=""""","=""16.80014""","=""""","=""""",,"=""008001.000407""","=""""",
O I,"=""2s2.2p3.(2D*<5/2>).10d""","=""3D*""","=""3""",7.0,"=""""","=""16.80503""","=""""","=""""",,"=""008001.000408""","=""""",
O I,"=""2s2.2p3.(2D*<5/2>).10d""","=""3D*""","=""2""",5.0,"=""""","=""16.80503""","=""""","=""""",,"=""008001.000410""","=""""",
O I,"=""2s2.2p3.(2D*<5/2>).10d""","=""3D*""","=""1""",3.0,"=""""","=""16.80503""","=""""","=""""",,"=""008001.000411""","=""""",
O I,"=""2s2.2p3.(2D*<3/2>).10d""","=""3S*""","=""1""",3.0,"=""""","=""16.80503""","=""""","=""""",,"=""008001.000409""","=""""",
O I,"=""2s2.2p3.(2D*<5/2>).10d""","=""1P*""","=""1""",3.0,"=""""","=""16.8051""","=""""","=""""",,"=""008001.000412""","=""""",
O I,"=""2s2.2p3.(2D*<3/2>).10d""","=""3P*""","=""2""",5.0,"=""""","=""16.80734""","=""""","=""""",,"=""008001.000413""","=""""",
O I,"=""2s2.2p3.(2D*<3/2>).10d""","=""3P*""","=""1""",3.0,"=""""","=""16.80757""","=""""","=""""",,"=""008001.000414""","=""""",
O I,"=""2s2.2p3.(2D*<3/2>).10d""","=""1D*""","=""2""",5.0,"=""""","=""16.8079""","=""""","=""""",,"=""008001.000415""","=""""",
O I,"=""2s2.2p3.(2D*<3/2>).10d""","=""1F*""","=""3""",7.0,"=""""","=""16.8079""","=""""","=""""",,"=""008001.000416""","=""""",
O I,"=""2s2.2p3.(2P*).4s""","=""3P*""","=""2""",5.0,"=""[""","=""16.82239""","=""]""","=""""",,"=""008001.000019""","=""""",
O I,"=""2s2.2p3.(2P*).4s""","=""3P*""","=""1""",3.0,"=""[""","=""16.82239""","=""]""","=""""",,"=""008001.000033""","=""""",
O I,"=""2s2.2p3.(2P*).4s""","=""3P*""","=""0""",1.0,"=""[""","=""16.82239""","=""]""","=""""",,"=""008001.000034""","=""""",
O I,"=""2s2.2p3.(2D*).12s""","=""3D*""","=""2""",5.0,"=""""","=""""","=""""","=""""",,"=""008001.000020""","=""""",
O I,"=""2s2.2p3.(2D*).12s""","=""3D*""","=""1""",3.0,"=""""","=""""","=""""","=""""",,"=""008001.000021""","=""""",
O I,"=""2s2.2p3.(2D*).12s""","=""3D*""","=""3""",7.0,"=""""","=""16.82488""","=""""","=""""",,"=""008001.000417""","=""""",
O I,"=""2s2.2p3.(2D*<3/2>).12s""","=""1D*""","=""2""",5.0,"=""""","=""16.8275""","=""""","=""""",,"=""008001.000418""","=""""",
O I,"=""2s2.2p3.(2D*<5/2>).11d""","=""3D*""","=""3""",7.0,"=""""","=""16.82867""","=""""","=""""",,"=""008001.000419""","=""""",
O I,"=""2s2.2p3.(2D*<5/2>).11d""","=""3D*""","=""2""",5.0,"=""""","=""16.82867""","=""""","=""""",,"=""008001.000421""","=""""",
O I,"=""2s2.2p3.(2D*<5/2>).11d""","=""3D*""","=""1""",3.0,"=""""","=""16.82867""","=""""","=""""",,"=""008001.000422""","=""""",
O I,"=""2s2.2p3.(2D*<3/2>).11d""","=""3S*""","=""1""",3.0,"=""""","=""16.82867""","=""""","=""""",,"=""008001.000420""","=""""",
O I,"=""2s2.2p3.(2D*<5/2>).11d""","=""1P*""","=""1""",3.0,"=""""","=""16.8291""","=""""","=""""",,"=""008001.000423""","=""""",
O I,"=""2s2.2p3.(2D*<3/2>).11d""","=""3P*""","=""0""",1.0,"=""""","=""""","=""""","=""""",,"=""008001.000022""","=""""",
O I,"=""2s2.2p3.(2D*<3/2>).11d""","=""3P*""","=""1""",3.0,"=""""","=""16.83107""","=""""","=""""",,"=""008001.000424""","=""""",
O I,"=""2s2.2p3.(2D*<3/2>).11d""","=""3P*""","=""2""",5.0,"=""""","=""16.83121""","=""""","=""""",,"=""008001.000425""","=""""",
O I,"=""2s2.2p3.(2D*<3/2>).11d""","=""1D*""","=""2""",5.0,"=""""","=""16.8315""","=""""","=""""",,"=""008001.000426""","=""""",
O I,"=""2s2.2p3.(2D*<3/2>).11d""","=""1F*""","=""3""",7.0,"=""""","=""16.8315""","=""""","=""""",,"=""008001.000427""","=""""",
O I,"=""2s2.2p3.(2D*).13d""","=""3D*""","=""2""",5.0,"=""""","=""""","=""""","=""""",,"=""008001.000023""","=""""",
O I,"=""2s2.2p3.(2D*).13d""","=""3D*""","=""1""",3.0,"=""""","=""""","=""""","=""""",,"=""008001.000024""","=""""",
O I,"=""2s2.2p3.(2D*).13d""","=""3D*""","=""3""",7.0,"=""""","=""16.84358""","=""""","=""""",,"=""008001.000428""","=""""",
O I,"=""2s2.2p3.(2D*<5/2>).12d""","=""3D*""","=""3""",7.0,"=""""","=""16.84653""","=""""","=""""",,"=""008001.000429""","=""""",
O I,"=""2s2.2p3.(2D*<5/2>).12d""","=""3D*""","=""2""",5.0,"=""""","=""16.84653""","=""""","=""""",,"=""008001.000431""","=""""",
O I,"=""2s2.2p3.(2D*<5/2>).12d""","=""3D*""","=""1""",3.0,"=""""","=""16.84653""","=""""","=""""",,"=""008001.000432""","=""""",
O I,"=""2s2.2p3.(2D*<3/2>).12d""","=""3S*""","=""1""",3.0,"=""""","=""16.84653""","=""""","=""""",,"=""008001.000430""","=""""",
O I,"=""2s2.2p3.(2D*<5/2>).12d""","=""1P*""","=""1""",3.0,"=""""","=""16.8478""","=""""","=""""",,"=""008001.000433""","=""""",
O I,"=""2s2.2p3.(2D*<3/2>).12d""","=""3P*""","=""0""",1.0,"=""""","=""""","=""""","=""""",,"=""008001.000025""","=""""",
O I,"=""2s2.2p3.(2D*<3/2>).12d""","=""3P*""","=""1""",3.0,"=""""","=""16.84907""","=""""","=""""",,"=""008001.000434""","=""""",
O I,"=""2s2.2p3.(2D*<3/2>).12d""","=""3P*""","=""2""",5.0,"=""""","=""16.84934""","=""""","=""""",,"=""008001.000435""","=""""",
O I,"=""2s2.2p3.(2D*<3/2>).12d""","=""1D*""","=""2""",5.0,"=""""","=""16.8497""","=""""","=""""",,"=""008001.000436""","=""""",
O I,"=""2s2.2p3.(2D*<3/2>).12d""","=""1F*""","=""3""",7.0,"=""""","=""16.8497""","=""""","=""""",,"=""008001.000437""","=""""",
O I,"=""2s2.2p3.(2D*<5/2>).13d""","=""3D*""","=""3""",7.0,"=""""","=""16.86016""","=""""","=""""",,"=""008001.000438""","=""""",
O I,"=""2s2.2p3.(2D*<5/2>).13d""","=""3D*""","=""2""",5.0,"=""""","=""16.86016""","=""""","=""""",,"=""008001.000440""","=""""",
O I,"=""2s2.2p3.(2D*<5/2>).13d""","=""3D*""","=""1""",3.0,"=""""","=""16.86016""","=""""","=""""",,"=""008001.000441""","=""""",
O I,"=""2s2.2p3.(2D*<3/2>).13d""","=""3S*""","=""1""",3.0,"=""""","=""16.86016""","=""""","=""""",,"=""008001.000439""","=""""",
O I,"=""2s2.2p3.(2D*<3/2>).13d""","=""3P*""","=""0""",1.0,"=""""","=""""","=""""","=""""",,"=""008001.000026""","=""""",
O I,"=""2s2.2p3.(2D*<3/2>).13d""","=""3P*""","=""2""",5.0,"=""""","=""16.86321""","=""""","=""""",,"=""008001.000444""","=""""",
O I,"=""2s2.2p3.(2D*<3/2>).13d""","=""3P*""","=""1""",3.0,"=""""","=""16.86330""","=""""","=""""",,"=""008001.000445""","=""""",
O I,"=""2s2.2p3.(2D*<5/2>).14d""","=""3D*""","=""3""",7.0,"=""""","=""16.87069""","=""""","=""""",,"=""008001.000446""","=""""",
O I,"=""2s2.2p3.(2D*<5/2>).14d""","=""3D*""","=""2""",5.0,"=""""","=""16.87069""","=""""","=""""",,"=""008001.000448""","=""""",
O I,"=""2s2.2p3.(2D*<5/2>).14d""","=""3D*""","=""1""",3.0,"=""""","=""16.87069""","=""""","=""""",,"=""008001.000449""","=""""",
O I,"=""2s2.2p3.(2D*<3/2>).14d""","=""3S*""","=""1""",3.0,"=""""","=""16.87069""","=""""","=""""",,"=""008001.000447""","=""""",
O I,"=""2s2.2p3.(2D*<5/2>).14d""","=""1P*""","=""1""",3.0,"=""""","=""16.8724""","=""""","=""""",,"=""008001.000450""","=""""",
O I,"=""2s2.2p3.(2D*<3/2>).14d""","=""3P*""","=""1""",3.0,"=""""","=""""","=""""","=""""",,"=""008001.000027""","=""""",
O I,"=""2s2.2p3.(2D*<3/2>).14d""","=""3P*""","=""0""",1.0,"=""""","=""""","=""""","=""""",,"=""008001.000028""","=""""",
O I,"=""2s2.2p3.(2D*<3/2>).14d""","=""3P*""","=""2""",5.0,"=""""","=""16.87426""","=""""","=""""",,"=""008001.000451""","=""""",
O I,"=""2s2.2p3.(2D*<5/2>).15d""","=""3D*""","=""3""",7.0,"=""""","=""16.87907""","=""""","=""""",,"=""008001.000452""","=""""",
O I,"=""2s2.2p3.(2D*<5/2>).15d""","=""3D*""","=""2""",5.0,"=""""","=""16.87907""","=""""","=""""",,"=""008001.000454""","=""""",
O I,"=""2s2.2p3.(2D*<5/2>).15d""","=""3D*""","=""1""",3.0,"=""""","=""16.87907""","=""""","=""""",,"=""008001.000455""","=""""",
O I,"=""2s2.2p3.(2D*<3/2>).15d""","=""3S*""","=""1""",3.0,"=""""","=""16.87907""","=""""","=""""",,"=""008001.000453""","=""""",
O I,"=""2s2.2p3.(2D*<3/2>).15d""","=""3P*""","=""1""",3.0,"=""""","=""""","=""""","=""""",,"=""008001.000029""","=""""",
O I,"=""2s2.2p3.(2D*<3/2>).15d""","=""3P*""","=""0""",1.0,"=""""","=""""","=""""","=""""",,"=""008001.000030""","=""""",
O I,"=""2s2.2p3.(2D*<3/2>).15d""","=""3P*""","=""2""",5.0,"=""""","=""16.88311""","=""""","=""""",,"=""008001.000456""","=""""",
O I,"=""2s2.2p3.(2D*<5/2>).16d""","=""3D*""","=""3""",7.0,"=""""","=""16.88595""","=""""","=""""",,"=""008001.000457""","=""""",
O I,"=""2s2.2p3.(2D*<5/2>).16d""","=""3D*""","=""2""",5.0,"=""""","=""16.88595""","=""""","=""""",,"=""008001.000459""","=""""",
O I,"=""2s2.2p3.(2D*<5/2>).16d""","=""3D*""","=""1""",3.0,"=""""","=""16.88595""","=""""","=""""",,"=""008001.000460""","=""""",
O I,"=""2s2.2p3.(2D*<3/2>).16d""","=""3S*""","=""1""",3.0,"=""""","=""16.88595""","=""""","=""""",,"=""008001.000458""","=""""",
O I,"=""2s2.2p3.(2D*<3/2>).16d""","=""3P*""","=""1""",3.0,"=""""","=""""","=""""","=""""",,"=""008001.000031""","=""""",
O I,"=""2s2.2p3.(2D*<3/2>).16d""","=""3P*""","=""0""",1.0,"=""""","=""""","=""""","=""""",,"=""008001.000032""","=""""",
O I,"=""2s2.2p3.(2D*<3/2>).16d""","=""3P*""","=""2""",5.0,"=""""","=""16.89188""","=""""","=""""",,"=""008001.000461""","=""""",
O I,"=""2s2.2p3.(2D*<3/2>).14s""","=""1D*""","=""2""",5.0,"=""""","=""16.9""","=""""","=""""",,"=""008001.000442""","=""""",
O I,"=""2s2.2p3.(2D*<5/2>).13d""","=""1P*""","=""1""",3.0,"=""""","=""16.9""","=""""","=""""",,"=""008001.000443""","=""""",
O I,"=""2s2.2p3.(2P*).4s""","=""1P*""","=""1""",3.0,"=""""","=""16.9056""","=""""","=""""",,"=""008001.000462""","=""""",
O I,"=""O II (2p3 2D*<5/2>)""","=""Limit""","=""---""",,"=""""","=""16.942152""","=""""","=""""",,"=""008001.Lim002""","=""""",
O I,"=""O II (2p3 2D*<3/2>)""","=""Limit""","=""---""",,"=""""","=""16.944605""","=""""","=""""",,"=""008001.Lim003""","=""""",
O I,"=""2s2.2p3.(2P*).3d""","=""1D*""","=""2""",5.0,"=""""","=""17.1009""","=""""","=""""",,"=""008001.000465""","=""""",
O I,"=""2s2.2p3.(2P*).3d""","=""3P*""","=""2""",5.0,"=""""","=""17.10319""","=""""","=""""",,"=""008001.000466""","=""""",
O I,"=""2s2.2p3.(2P*).3d""","=""3P*""","=""1""",3.0,"=""""","=""17.10319""","=""""","=""""",,"=""008001.000467""","=""""",
O I,"=""2s2.2p3.(2P*).3d""","=""3P*""","=""0""",1.0,"=""""","=""17.10319""","=""""","=""""",,"=""008001.000468""","=""""",
O I,"=""2s2.2p3.(2P*).3d""","=""3D*""","=""3""",7.0,"=""""","=""17.10517""","=""""","=""""",,"=""008001.000469""","=""""",
O I,"=""2s2.2p3.(2P*).3d""","=""3D*""","=""2""",5.0,"=""""","=""17.10517""","=""""","=""""",,"=""008001.000470""","=""""",
O I,"=""2s2.2p3.(2P*).3d""","=""3D*""","=""1""",3.0,"=""""","=""17.10517""","=""""","=""""",,"=""008001.000471""","=""""",
O I,"=""2s2.2p3.(2P*).3d""","=""1P*""","=""1""",3.0,"=""""","=""17.1075""","=""""","=""""",,"=""008001.000472""","=""""",
O I,"=""2s2.2p3.(2P*).5s""","=""3P*""","=""2""",5.0,"=""""","=""17.68641""","=""""","=""""",,"=""008001.000473""","=""""",
O I,"=""2s2.2p3.(2P*).5s""","=""3P*""","=""1""",3.0,"=""""","=""17.68641""","=""""","=""""",,"=""008001.000474""","=""""",
O I,"=""2s2.2p3.(2P*).5s""","=""3P*""","=""0""",1.0,"=""""","=""17.68641""","=""""","=""""",,"=""008001.000475""","=""""",
O I,"=""2s2.2p3.(2P*).5s""","=""1P*""","=""1""",3.0,"=""""","=""17.6979""","=""""","=""""",,"=""008001.000476""","=""""",
O I,"=""2s2.2p3.(2P*).4d""","=""1D*""","=""2""",5.0,"=""""","=""17.7743""","=""""","=""""",,"=""008001.000477""","=""""",
O I,"=""2s2.2p3.(2P*).4d""","=""3P*""","=""2""",5.0,"=""""","=""17.77480""","=""""","=""""",,"=""008001.000478""","=""""",
O I,"=""2s2.2p3.(2P*).4d""","=""3P*""","=""1""",3.0,"=""""","=""17.77480""","=""""","=""""",,"=""008001.000480""","=""""",
O I,"=""2s2.2p3.(2P*).4d""","=""3P*""","=""0""",1.0,"=""""","=""17.77480""","=""""","=""""",,"=""008001.000481""","=""""",
O I,"=""2s2.2p3.(2P*).4d""","=""3D*""","=""3""",7.0,"=""""","=""17.77480""","=""""","=""""",,"=""008001.000479""","=""""",
O I,"=""2s2.2p3.(2P*).4d""","=""3D*""","=""2""",5.0,"=""""","=""17.77480""","=""""","=""""",,"=""008001.000482""","=""""",
O I,"=""2s2.2p3.(2P*).4d""","=""3D*""","=""1""",3.0,"=""""","=""17.77480""","=""""","=""""",,"=""008001.000483""","=""""",
O I,"=""2s2.2p3.(2P*).4d""","=""1P*""","=""1""",3.0,"=""""","=""17.7774""","=""""","=""""",,"=""008001.000484""","=""""",
O I,"=""2s2.2p3.(2P*).6s""","=""3P*""","=""2""",5.0,"=""""","=""18.04175""","=""""","=""""",,"=""008001.000485""","=""""",
O I,"=""2s2.2p3.(2P*).6s""","=""3P*""","=""1""",3.0,"=""""","=""18.04175""","=""""","=""""",,"=""008001.000486""","=""""",
O I,"=""2s2.2p3.(2P*).6s""","=""3P*""","=""0""",1.0,"=""""","=""18.04175""","=""""","=""""",,"=""008001.000487""","=""""",
O I,"=""2s2.2p3.(2P*).6s""","=""1P*""","=""1""",3.0,"=""""","=""18.055""","=""""","=""""",,"=""008001.000488""","=""""",
O I,"=""2s2.2p3.(2P*).5d""","=""1D*""","=""2""",5.0,"=""""","=""18.0853""","=""""","=""""",,"=""008001.000489""","=""""",
O I,"=""2s2.2p3.(2P*).5d""","=""3P*""","=""2""",5.0,"=""""","=""18.08564""","=""""","=""""",,"=""008001.000490""","=""""",
O I,"=""2s2.2p3.(2P*).5d""","=""3P*""","=""1""",3.0,"=""""","=""18.08564""","=""""","=""""",,"=""008001.000492""","=""""",
O I,"=""2s2.2p3.(2P*).5d""","=""3P*""","=""0""",1.0,"=""""","=""18.08564""","=""""","=""""",,"=""008001.000493""","=""""",
O I,"=""2s2.2p3.(2P*).5d""","=""3D*""","=""3""",7.0,"=""""","=""18.08564""","=""""","=""""",,"=""008001.000491""","=""""",
O I,"=""2s2.2p3.(2P*).5d""","=""3D*""","=""2""",5.0,"=""""","=""18.08564""","=""""","=""""",,"=""008001.000494""","=""""",
O I,"=""2s2.2p3.(2P*).5d""","=""3D*""","=""1""",3.0,"=""""","=""18.08564""","=""""","=""""",,"=""008001.000495""","=""""",
O I,"=""2s2.2p3.(2P*).5d""","=""1P*""","=""1""",3.0,"=""""","=""18.0877""","=""""","=""""",,"=""008001.000496""","=""""",
O I,"=""2s2.2p3.(2P*).7s""","=""3P*""","=""2""",5.0,"=""""","=""18.22924""","=""""","=""""",,"=""008001.000497""","=""""",
O I,"=""2s2.2p3.(2P*).7s""","=""3P*""","=""1""",3.0,"=""""","=""18.22924""","=""""","=""""",,"=""008001.000498""","=""""",
O I,"=""2s2.2p3.(2P*).7s""","=""3P*""","=""0""",1.0,"=""""","=""18.22924""","=""""","=""""",,"=""008001.000499""","=""""",
O I,"=""2s2.2p3.(2P*).7s""","=""1P*""","=""1""",3.0,"=""""","=""18.2327""","=""""","=""""",,"=""008001.000500""","=""""",
O I,"=""2s2.2p3.(2P*).6d""","=""1D*""","=""2""",5.0,"=""""","=""18.2541""","=""""","=""""",,"=""008001.000501""","=""""",
O I,"=""2s2.2p3.(2P*).6d""","=""3P*""","=""2""",5.0,"=""""","=""18.25421""","=""""","=""""",,"=""008001.000502""","=""""",
O I,"=""2s2.2p3.(2P*).6d""","=""3P*""","=""1""",3.0,"=""""","=""18.25421""","=""""","=""""",,"=""008001.000504""","=""""",
O I,"=""2s2.2p3.(2P*).6d""","=""3P*""","=""0""",1.0,"=""""","=""18.25421""","=""""","=""""",,"=""008001.000505""","=""""",
O I,"=""2s2.2p3.(2P*).6d""","=""3D*""","=""3""",7.0,"=""""","=""18.25421""","=""""","=""""",,"=""008001.000503""","=""""",
O I,"=""2s2.2p3.(2P*).6d""","=""3D*""","=""2""",5.0,"=""""","=""18.25421""","=""""","=""""",,"=""008001.000506""","=""""",
O I,"=""2s2.2p3.(2P*).6d""","=""3D*""","=""1""",3.0,"=""""","=""18.25421""","=""""","=""""",,"=""008001.000507""","=""""",
O I,"=""2s2.2p3.(2P*).6d""","=""1P*""","=""1""",3.0,"=""""","=""18.255""","=""""","=""""",,"=""008001.000508""","=""""",
O I,"=""2s2.2p3.(2P*).8s""","=""3P*""","=""2""",5.0,"=""""","=""18.33988""","=""""","=""""",,"=""008001.000509""","=""""",
O I,"=""2s2.2p3.(2P*).8s""","=""3P*""","=""1""",3.0,"=""""","=""18.33988""","=""""","=""""",,"=""008001.000510""","=""""",
O I,"=""2s2.2p3.(2P*).8s""","=""3P*""","=""0""",1.0,"=""""","=""18.33988""","=""""","=""""",,"=""008001.000511""","=""""",
O I,"=""2s2.2p3.(2P*).8s""","=""1P*""","=""1""",3.0,"=""""","=""18.3425""","=""""","=""""",,"=""008001.000512""","=""""",
O I,"=""2s2.2p3.(2P*).7d""","=""1D*""","=""2""",5.0,"=""""","=""18.3552""","=""""","=""""",,"=""008001.000513""","=""""",
O I,"=""2s2.2p3.(2P*).7d""","=""3P*""","=""2""",5.0,"=""""","=""18.35558""","=""""","=""""",,"=""008001.000514""","=""""",
O I,"=""2s2.2p3.(2P*).7d""","=""3P*""","=""1""",3.0,"=""""","=""18.35558""","=""""","=""""",,"=""008001.000516""","=""""",
O I,"=""2s2.2p3.(2P*).7d""","=""3P*""","=""0""",1.0,"=""""","=""18.35558""","=""""","=""""",,"=""008001.000517""","=""""",
O I,"=""2s2.2p3.(2P*).7d""","=""3D*""","=""3""",7.0,"=""""","=""18.35558""","=""""","=""""",,"=""008001.000515""","=""""",
O I,"=""2s2.2p3.(2P*).7d""","=""3D*""","=""2""",5.0,"=""""","=""18.35558""","=""""","=""""",,"=""008001.000518""","=""""",
O I,"=""2s2.2p3.(2P*).7d""","=""3D*""","=""1""",3.0,"=""""","=""18.35558""","=""""","=""""",,"=""008001.000519""","=""""",
O I,"=""2s2.2p3.(2P*).7d""","=""1P*""","=""1""",3.0,"=""""","=""18.3569""","=""""","=""""",,"=""008001.000520""","=""""",
O I,"=""2s2.2p3.(2P*).9s""","=""3P*""","=""2""",5.0,"=""""","=""18.41110""","=""""","=""""",,"=""008001.000521""","=""""",
O I,"=""2s2.2p3.(2P*).9s""","=""3P*""","=""1""",3.0,"=""""","=""18.41110""","=""""","=""""",,"=""008001.000522""","=""""",
O I,"=""2s2.2p3.(2P*).9s""","=""3P*""","=""0""",1.0,"=""""","=""18.41110""","=""""","=""""",,"=""008001.000523""","=""""",
O I,"=""2s2.2p3.(2P*).9s""","=""1P*""","=""1""",3.0,"=""""","=""18.4123""","=""""","=""""",,"=""008001.000524""","=""""",
O I,"=""2s2.2p3.(2P*).8d""","=""3P*""","=""2""",5.0,"=""""","=""18.42119""","=""""","=""""",,"=""008001.000525""","=""""",
O I,"=""2s2.2p3.(2P*).8d""","=""3P*""","=""1""",3.0,"=""""","=""18.42119""","=""""","=""""",,"=""008001.000527""","=""""",
O I,"=""2s2.2p3.(2P*).8d""","=""3P*""","=""0""",1.0,"=""""","=""18.42119""","=""""","=""""",,"=""008001.000528""","=""""",
O I,"=""2s2.2p3.(2P*).8d""","=""3D*""","=""3""",7.0,"=""""","=""18.42119""","=""""","=""""",,"=""008001.000526""","=""""",
O I,"=""2s2.2p3.(2P*).8d""","=""3D*""","=""2""",5.0,"=""""","=""18.42119""","=""""","=""""",,"=""008001.000529""","=""""",
O I,"=""2s2.2p3.(2P*).8d""","=""3D*""","=""1""",3.0,"=""""","=""18.42119""","=""""","=""""",,"=""008001.000530""","=""""",
O I,"=""2s2.2p3.(2P*).8d""","=""1D*""","=""2""",5.0,"=""""","=""18.4213""","=""""","=""""",,"=""008001.000531""","=""""",
O I,"=""2s2.2p3.(2P*).8d""","=""1P*""","=""1""",3.0,"=""""","=""18.4218""","=""""","=""""",,"=""008001.000532""","=""""",
O I,"=""2s2.2p3.(2P*).10s""","=""3P*""","=""2""",5.0,"=""""","=""18.45913""","=""""","=""""",,"=""008001.000533""","=""""",
O I,"=""2s2.2p3.(2P*).10s""","=""3P*""","=""1""",3.0,"=""""","=""18.45913""","=""""","=""""",,"=""008001.000534""","=""""",
O I,"=""2s2.2p3.(2P*).10s""","=""3P*""","=""0""",1.0,"=""""","=""18.45913""","=""""","=""""",,"=""008001.000535""","=""""",
O I,"=""2s2.2p3.(2P*).10s""","=""1P*""","=""1""",3.0,"=""""","=""18.4601""","=""""","=""""",,"=""008001.000536""","=""""",
O I,"=""2s2.2p3.(2P*).9d""","=""1D*""","=""2""",5.0,"=""""","=""18.4663""","=""""","=""""",,"=""008001.000537""","=""""",
O I,"=""2s2.2p3.(2P*).9d""","=""3P*""","=""2""",5.0,"=""""","=""18.46688""","=""""","=""""",,"=""008001.000538""","=""""",
O I,"=""2s2.2p3.(2P*).9d""","=""3P*""","=""1""",3.0,"=""""","=""18.46688""","=""""","=""""",,"=""008001.000540""","=""""",
O I,"=""2s2.2p3.(2P*).9d""","=""3P*""","=""0""",1.0,"=""""","=""18.46688""","=""""","=""""",,"=""008001.000541""","=""""",
O I,"=""2s2.2p3.(2P*).9d""","=""3D*""","=""3""",7.0,"=""""","=""18.46688""","=""""","=""""",,"=""008001.000539""","=""""",
O I,"=""2s2.2p3.(2P*).9d""","=""3D*""","=""2""",5.0,"=""""","=""18.46688""","=""""","=""""",,"=""008001.000542""","=""""",
O I,"=""2s2.2p3.(2P*).9d""","=""3D*""","=""1""",3.0,"=""""","=""18.46688""","=""""","=""""",,"=""008001.000543""","=""""",
O I,"=""2s2.2p3.(2P*).9d""","=""1P*""","=""1""",3.0,"=""""","=""18.4670""","=""""","=""""",,"=""008001.000544""","=""""",
O I,"=""2s2.2p3.(2P*).11s""","=""3P*""","=""2""",5.0,"=""""","=""18.49337""","=""""","=""""",,"=""008001.000545""","=""""",
O I,"=""2s2.2p3.(2P*).11s""","=""3P*""","=""1""",3.0,"=""""","=""18.49337""","=""""","=""""",,"=""008001.000546""","=""""",
O I,"=""2s2.2p3.(2P*).11s""","=""3P*""","=""0""",1.0,"=""""","=""18.49337""","=""""","=""""",,"=""008001.000547""","=""""",
O I,"=""2s2.2p3.(2P*).11s""","=""1P*""","=""1""",3.0,"=""""","=""18.4945""","=""""","=""""",,"=""008001.000548""","=""""",
O I,"=""2s2.2p3.(2P*).10d""","=""3P*""","=""2""",5.0,"=""""","=""18.49852""","=""""","=""""",,"=""008001.000549""","=""""",
O I,"=""2s2.2p3.(2P*).10d""","=""3P*""","=""1""",3.0,"=""""","=""18.49852""","=""""","=""""",,"=""008001.000551""","=""""",
O I,"=""2s2.2p3.(2P*).10d""","=""3P*""","=""0""",1.0,"=""""","=""18.49852""","=""""","=""""",,"=""008001.000552""","=""""",
O I,"=""2s2.2p3.(2P*).10d""","=""3D*""","=""3""",7.0,"=""""","=""18.49852""","=""""","=""""",,"=""008001.000550""","=""""",
O I,"=""2s2.2p3.(2P*).10d""","=""3D*""","=""2""",5.0,"=""""","=""18.49852""","=""""","=""""",,"=""008001.000553""","=""""",
O I,"=""2s2.2p3.(2P*).10d""","=""3D*""","=""1""",3.0,"=""""","=""18.49852""","=""""","=""""",,"=""008001.000554""","=""""",
O I,"=""2s2.2p3.(2P*).10d""","=""1D*""","=""2""",5.0,"=""""","=""18.4988""","=""""","=""""",,"=""008001.000555""","=""""",
O I,"=""2s2.2p3.(2P*).12s""","=""3P*""","=""2""",5.0,"=""""","=""18.51821""","=""""","=""""",,"=""008001.000556""","=""""",
O I,"=""2s2.2p3.(2P*).12s""","=""3P*""","=""1""",3.0,"=""""","=""18.51821""","=""""","=""""",,"=""008001.000557""","=""""",
O I,"=""2s2.2p3.(2P*).12s""","=""3P*""","=""0""",1.0,"=""""","=""18.51821""","=""""","=""""",,"=""008001.000558""","=""""",
O I,"=""2s2.2p3.(2P*).11d""","=""3P*""","=""2""",5.0,"=""""","=""18.52207""","=""""","=""""",,"=""008001.000559""","=""""",
O I,"=""2s2.2p3.(2P*).11d""","=""3P*""","=""1""",3.0,"=""""","=""18.52207""","=""""","=""""",,"=""008001.000561""","=""""",
O I,"=""2s2.2p3.(2P*).11d""","=""3P*""","=""0""",1.0,"=""""","=""18.52207""","=""""","=""""",,"=""008001.000562""","=""""",
O I,"=""2s2.2p3.(2P*).11d""","=""3D*""","=""3""",7.0,"=""""","=""18.52207""","=""""","=""""",,"=""008001.000560""","=""""",
O I,"=""2s2.2p3.(2P*).11d""","=""3D*""","=""2""",5.0,"=""""","=""18.52207""","=""""","=""""",,"=""008001.000563""","=""""",
O I,"=""2s2.2p3.(2P*).11d""","=""3D*""","=""1""",3.0,"=""""","=""18.52207""","=""""","=""""",,"=""008001.000564""","=""""",
O I,"=""2s2.2p3.(2P*).11d""","=""1D*""","=""2""",5.0,"=""""","=""18.5222""","=""""","=""""",,"=""008001.000565""","=""""",
O I,"=""2s2.2p3.(2P*).13s""","=""3P*""","=""2""",5.0,"=""""","=""18.53742""","=""""","=""""",,"=""008001.000566""","=""""",
O I,"=""2s2.2p3.(2P*).13s""","=""3P*""","=""1""",3.0,"=""""","=""18.53742""","=""""","=""""",,"=""008001.000567""","=""""",
O I,"=""2s2.2p3.(2P*).13s""","=""3P*""","=""0""",1.0,"=""""","=""18.53742""","=""""","=""""",,"=""008001.000568""","=""""",
O I,"=""2s2.2p3.(2P*).12d""","=""3P*""","=""2""",5.0,"=""""","=""18.54052""","=""""","=""""",,"=""008001.000569""","=""""",
O I,"=""2s2.2p3.(2P*).12d""","=""3P*""","=""1""",3.0,"=""""","=""18.54052""","=""""","=""""",,"=""008001.000571""","=""""",
O I,"=""2s2.2p3.(2P*).12d""","=""3P*""","=""0""",1.0,"=""""","=""18.54052""","=""""","=""""",,"=""008001.000572""","=""""",
O I,"=""2s2.2p3.(2P*).12d""","=""3D*""","=""3""",7.0,"=""""","=""18.54052""","=""""","=""""",,"=""008001.000570""","=""""",
O I,"=""2s2.2p3.(2P*).12d""","=""3D*""","=""2""",5.0,"=""""","=""18.54052""","=""""","=""""",,"=""008001.000573""","=""""",
O I,"=""2s2.2p3.(2P*).12d""","=""3D*""","=""1""",3.0,"=""""","=""18.54052""","=""""","=""""",,"=""008001.000574""","=""""",
O I,"=""2s2.2p3.(2P*).14s""","=""3P*""","=""2""",5.0,"=""""","=""18.55198""","=""""","=""""",,"=""008001.000575""","=""""",
O I,"=""2s2.2p3.(2P*).14s""","=""3P*""","=""1""",3.0,"=""""","=""18.55198""","=""""","=""""",,"=""008001.000576""","=""""",
O I,"=""2s2.2p3.(2P*).14s""","=""3P*""","=""0""",1.0,"=""""","=""18.55198""","=""""","=""""",,"=""008001.000577""","=""""",
O I,"=""2s2.2p3.(2P*).13d""","=""3P*""","=""2""",5.0,"=""""","=""18.55451""","=""""","=""""",,"=""008001.000578""","=""""",
O I,"=""2s2.2p3.(2P*).13d""","=""3P*""","=""1""",3.0,"=""""","=""18.55451""","=""""","=""""",,"=""008001.000580""","=""""",
O I,"=""2s2.2p3.(2P*).13d""","=""3P*""","=""0""",1.0,"=""""","=""18.55451""","=""""","=""""",,"=""008001.000581""","=""""",
O I,"=""2s2.2p3.(2P*).13d""","=""3D*""","=""3""",7.0,"=""""","=""18.55451""","=""""","=""""",,"=""008001.000579""","=""""",
O I,"=""2s2.2p3.(2P*).13d""","=""3D*""","=""2""",5.0,"=""""","=""18.55451""","=""""","=""""",,"=""008001.000582""","=""""",
O I,"=""2s2.2p3.(2P*).13d""","=""3D*""","=""1""",3.0,"=""""","=""18.55451""","=""""","=""""",,"=""008001.000583""","=""""",
O I,"=""2s2.2p3.(2P*).14d""","=""3P*""","=""2""",5.0,"=""""","=""18.56600""","=""""","=""""",,"=""008001.000584""","=""""",
O I,"=""2s2.2p3.(2P*).14d""","=""3P*""","=""1""",3.0,"=""""","=""18.56600""","=""""","=""""",,"=""008001.000586""","=""""",
O I,"=""2s2.2p3.(2P*).14d""","=""3P*""","=""0""",1.0,"=""""","=""18.56600""","=""""","=""""",,"=""008001.000587""","=""""",
O I,"=""2s2.2p3.(2P*).14d""","=""3D*""","=""3""",7.0,"=""""","=""18.56600""","=""""","=""""",,"=""008001.000585""","=""""",
O I,"=""2s2.2p3.(2P*).14d""","=""3D*""","=""2""",5.0,"=""""","=""18.56600""","=""""","=""""",,"=""008001.000588""","=""""",
O I,"=""2s2.2p3.(2P*).14d""","=""3D*""","=""1""",3.0,"=""""","=""18.56600""","=""""","=""""",,"=""008001.000589""","=""""",
O I,"=""2s2.2p3.(2P*).15d""","=""3P*""","=""2""",5.0,"=""""","=""18.57477""","=""""","=""""",,"=""008001.000590""","=""""",
O I,"=""2s2.2p3.(2P*).15d""","=""3P*""","=""1""",3.0,"=""""","=""18.57477""","=""""","=""""",,"=""008001.000592""","=""""",
O I,"=""2s2.2p3.(2P*).15d""","=""3P*""","=""0""",1.0,"=""""","=""18.57477""","=""""","=""""",,"=""008001.000593""","=""""",
O I,"=""2s2.2p3.(2P*).15d""","=""3D*""","=""3""",7.0,"=""""","=""18.57477""","=""""","=""""",,"=""008001.000591""","=""""",
O I,"=""2s2.2p3.(2P*).15d""","=""3D*""","=""2""",5.0,"=""""","=""18.57477""","=""""","=""""",,"=""008001.000594""","=""""",
O I,"=""2s2.2p3.(2P*).15d""","=""3D*""","=""1""",3.0,"=""""","=""18.57477""","=""""","=""""",,"=""008001.000595""","=""""",
O I,"=""2s2.2p3.(2P*).17d""","=""3P*""","=""2""",5.0,"=""""","=""18.58817""","=""""","=""""",,"=""008001.000596""","=""""",
O I,"=""2s2.2p3.(2P*).17d""","=""3P*""","=""1""",3.0,"=""""","=""18.58817""","=""""","=""""",,"=""008001.000598""","=""""",
O I,"=""2s2.2p3.(2P*).17d""","=""3P*""","=""0""",1.0,"=""""","=""18.58817""","=""""","=""""",,"=""008001.000599""","=""""",
O I,"=""2s2.2p3.(2P*).17d""","=""3D*""","=""3""",7.0,"=""""","=""18.58817""","=""""","=""""",,"=""008001.000597""","=""""",
O I,"=""2s2.2p3.(2P*).17d""","=""3D*""","=""2""",5.0,"=""""","=""18.58817""","=""""","=""""",,"=""008001.000600""","=""""",
O I,"=""2s2.2p3.(2P*).17d""","=""3D*""","=""1""",3.0,"=""""","=""18.58817""","=""""","=""""",,"=""008001.000601""","=""""",
O I,"=""2s2.2p3.(2P*).18d""","=""3P*""","=""2""",5.0,"=""""","=""18.59286""","=""""","=""""",,"=""008001.000602""","=""""",
O I,"=""2s2.2p3.(2P*).18d""","=""3P*""","=""1""",3.0,"=""""","=""18.59286""","=""""","=""""",,"=""008001.000604""","=""""",
O I,"=""2s2.2p3.(2P*).18d""","=""3P*""","=""0""",1.0,"=""""","=""18.59286""","=""""","=""""",,"=""008001.000605""","=""""",
O I,"=""2s2.2p3.(2P*).18d""","=""3D*""","=""3""",7.0,"=""""","=""18.59286""","=""""","=""""",,"=""008001.000603""","=""""",
O I,"=""2s2.2p3.(2P*).18d""","=""3D*""","=""2""",5.0,"=""""","=""18.59286""","=""""","=""""",,"=""008001.000606""","=""""",
O I,"=""2s2.2p3.(2P*).18d""","=""3D*""","=""1""",3.0,"=""""","=""18.59286""","=""""","=""""",,"=""008001.000607""","=""""",
O I,"=""2s2.2p3.(2P*).19d""","=""3P*""","=""2""",5.0,"=""""","=""18.59773""","=""""","=""""",,"=""008001.000608""","=""""",
O I,"=""2s2.2p3.(2P*).19d""","=""3P*""","=""1""",3.0,"=""""","=""18.59773""","=""""","=""""",,"=""008001.000610""","=""""",
O I,"=""2s2.2p3.(2P*).19d""","=""3P*""","=""0""",1.0,"=""""","=""18.59773""","=""""","=""""",,"=""008001.000611""","=""""",
O I,"=""2s2.2p3.(2P*).19d""","=""3D*""","=""3""",7.0,"=""""","=""18.59773""","=""""","=""""",,"=""008001.000609""","=""""",
O I,"=""2s2.2p3.(2P*).19d""","=""3D*""","=""2""",5.0,"=""""","=""18.59773""","=""""","=""""",,"=""008001.000612""","=""""",
O I,"=""2s2.2p3.(2P*).19d""","=""3D*""","=""1""",3.0,"=""""","=""18.59773""","=""""","=""""",,"=""008001.000613""","=""""",
O I,"=""O II (2p3 2P*)""","=""Limit""","=""---""",,"=""""","=""18.63552""","=""""","=""""",,"=""008001.Lim004""","=""""",
O II,"=""2s2.2p3""","=""4S*""","=""3/2""",4.0,"=""""","=""0.000000""","=""""","=""0""",,"=""008002.000001""","=""L11267""",
O II,"=""2s2.2p3""","=""2D*""","=""5/2""",6.0,"=""""","=""3.324085""","=""""","=""""",,"=""008002.000009""","=""""",
O II,"=""2s2.2p3""","=""2D*""","=""3/2""",4.0,"=""""","=""3.326567""","=""""","=""""",,"=""008002.000010""","=""""",
O II,"=""2s2.2p3""","=""2P*""","=""3/2""",4.0,"=""""","=""5.017394""","=""""","=""""",,"=""008002.000011""","=""""",
O II,"=""2s2.2p3""","=""2P*""","=""1/2""",2.0,"=""""","=""5.017641""","=""""","=""""",,"=""008002.000012""","=""""",
O II,"=""2s.2p4""","=""4P""","=""5/2""",6.0,"=""""","=""14.857920""","=""""","=""""",,"=""008002.000013""","=""""",
O II,"=""2s.2p4""","=""4P""","=""3/2""",4.0,"=""""","=""14.878157""","=""""","=""""",,"=""008002.000014""","=""""",
O II,"=""2s.2p4""","=""4P""","=""1/2""",2.0,"=""""","=""14.888377""","=""""","=""""",,"=""008002.000015""","=""""",
O II,"=""2s.2p4""","=""2D""","=""5/2""",6.0,"=""""","=""20.579946""","=""""","=""""",,"=""008002.000016""","=""""",
O II,"=""2s.2p4""","=""2D""","=""3/2""",4.0,"=""""","=""20.580943""","=""""","=""""",,"=""008002.000017""","=""""",
O II,"=""2s2.2p2.(3P).3s""","=""4P""","=""1/2""",2.0,"=""""","=""22.9662478""","=""""","=""""",,"=""008002.000018""","=""""",
O II,"=""2s2.2p2.(3P).3s""","=""4P""","=""3/2""",4.0,"=""""","=""22.9793029""","=""""","=""""",,"=""008002.000019""","=""""",
O II,"=""2s2.2p2.(3P).3s""","=""4P""","=""5/2""",6.0,"=""""","=""22.9989602""","=""""","=""""",,"=""008002.000020""","=""""",
O II,"=""2s2.2p2.(3P).3s""","=""2P""","=""1/2""",2.0,"=""""","=""23.4191946""","=""""","=""""",,"=""008002.000021""","=""""",
O II,"=""2s2.2p2.(3P).3s""","=""2P""","=""3/2""",4.0,"=""""","=""23.4415082""","=""""","=""""",,"=""008002.000022""","=""""",
O II,"=""2s.2p4""","=""2S""","=""1/2""",2.0,"=""""","=""24.265006""","=""""","=""""",,"=""008002.000023""","=""""",
O II,"=""2s2.2p2.(3P).3p""","=""2S*""","=""1/2""",2.0,"=""""","=""25.2856211""","=""""","=""""",,"=""008002.000024""","=""""",
O II,"=""2s2.2p2.(3P).3p""","=""4D*""","=""1/2""",2.0,"=""""","=""25.6313478""","=""""","=""""",,"=""008002.000025""","=""""",
O II,"=""2s2.2p2.(3P).3p""","=""4D*""","=""3/2""",4.0,"=""""","=""25.6382319""","=""""","=""""",,"=""008002.000026""","=""""",
O II,"=""2s2.2p2.(3P).3p""","=""4D*""","=""5/2""",6.0,"=""""","=""25.6495863""","=""""","=""""",,"=""008002.000027""","=""""",
O II,"=""2s2.2p2.(3P).3p""","=""4D*""","=""7/2""",8.0,"=""""","=""25.6650368""","=""""","=""""",,"=""008002.000030""","=""""",
O II,"=""2s2.2p2.(1D).3s""","=""2D""","=""5/2""",6.0,"=""""","=""25.661218""","=""""","=""""",,"=""008002.000028""","=""""",
O II,"=""2s2.2p2.(1D).3s""","=""2D""","=""3/2""",4.0,"=""""","=""25.661347""","=""""","=""""",,"=""008002.000029""","=""""",
O II,"=""2s2.2p2.(3P).3p""","=""4P*""","=""1/2""",2.0,"=""""","=""25.8316247""","=""""","=""""",,"=""008002.000031""","=""""",
O II,"=""2s2.2p2.(3P).3p""","=""4P*""","=""3/2""",4.0,"=""""","=""25.8373471""","=""""","=""""",,"=""008002.000032""","=""""",
O II,"=""2s2.2p2.(3P).3p""","=""4P*""","=""5/2""",6.0,"=""""","=""25.8487467""","=""""","=""""",,"=""008002.000033""","=""""",
O II,"=""2s2.2p2.(3P).3p""","=""2D*""","=""3/2""",4.0,"=""""","=""26.2254001""","=""""","=""""",,"=""008002.000034""","=""""",
O II,"=""2s2.2p2.(3P).3p""","=""2D*""","=""5/2""",6.0,"=""""","=""26.2490334""","=""""","=""""",,"=""008002.000035""","=""""",
O II,"=""2s2.2p2.(3P).3p""","=""4S*""","=""3/2""",4.0,"=""""","=""26.3047208""","=""""","=""""",,"=""008002.000036""","=""""",
O II,"=""2s.2p4""","=""2P""","=""3/2""",4.0,"=""""","=""26.358274""","=""""","=""""",,"=""008002.000037""","=""""",
O II,"=""2s.2p4""","=""2P""","=""1/2""",2.0,"=""""","=""26.379157""","=""""","=""""",,"=""008002.000038""","=""""",
O II,"=""2s2.2p2.(3P).3p""","=""2P*""","=""1/2""",2.0,"=""""","=""26.5536859""","=""""","=""""",,"=""008002.000039""","=""""",
O II,"=""2s2.2p2.(3P).3p""","=""2P*""","=""3/2""",4.0,"=""""","=""26.5610940""","=""""","=""""",,"=""008002.000040""","=""""",
O II,"=""2s2.2p2.(1D).3p""","=""2F*""","=""5/2""",6.0,"=""""","=""28.358142""","=""""","=""""",,"=""008002.000041""","=""""",
O II,"=""2s2.2p2.(1D).3p""","=""2F*""","=""7/2""",8.0,"=""""","=""28.361069""","=""""","=""""",,"=""008002.000042""","=""""",
O II,"=""2s2.2p2.(1D).3p""","=""2D*""","=""5/2""",6.0,"=""""","=""28.509803""","=""""","=""""",,"=""008002.000043""","=""""",
O II,"=""2s2.2p2.(1D).3p""","=""2D*""","=""3/2""",4.0,"=""""","=""28.512453""","=""""","=""""",,"=""008002.000044""","=""""",
O II,"=""2s2.2p2.(1S).3s""","=""2S""","=""1/2""",2.0,"=""""","=""28.591928""","=""""","=""""",,"=""008002.000045""","=""""",
O II,"=""2s2.2p2.(3P).3d""","=""4F""","=""3/2""",4.0,"=""""","=""28.6770648""","=""""","=""""",,"=""008002.000046""","=""""",
O II,"=""2s2.2p2.(3P).3d""","=""4F""","=""5/2""",6.0,"=""""","=""28.6837551""","=""""","=""""",,"=""008002.000047""","=""""",
O II,"=""2s2.2p2.(3P).3d""","=""4F""","=""7/2""",8.0,"=""""","=""28.6934114""","=""""","=""""",,"=""008002.000048""","=""""",
O II,"=""2s2.2p2.(3P).3d""","=""4F""","=""9/2""",10.0,"=""""","=""28.7060920""","=""""","=""""",,"=""008002.000049""","=""""",
O II,"=""2s2.2p2.(3P).3d""","=""4P""","=""5/2""",6.0,"=""""","=""28.8217045""","=""""","=""""",,"=""008002.000050""","=""""",
O II,"=""2s2.2p2.(3P).3d""","=""4P""","=""3/2""",4.0,"=""""","=""28.8307832""","=""""","=""""",,"=""008002.000053""","=""""",
O II,"=""2s2.2p2.(3P).3d""","=""4P""","=""1/2""",2.0,"=""""","=""28.8390335""","=""""","=""""",,"=""008002.000054""","=""""",
O II,"=""2s2.2p2.(1D).3p""","=""2P*""","=""1/2""",2.0,"=""""","=""28.823901""","=""""","=""""",,"=""008002.000051""","=""""",
O II,"=""2s2.2p2.(1D).3p""","=""2P*""","=""3/2""",4.0,"=""""","=""28.829685""","=""""","=""""",,"=""008002.000052""","=""""",
O II,"=""2s2.2p2.(3P).3d""","=""4D""","=""1/2""",2.0,"=""""","=""28.8525664""","=""""","=""""",,"=""008002.000055""","=""""",
O II,"=""2s2.2p2.(3P).3d""","=""4D""","=""3/2""",4.0,"=""""","=""28.8568239""","=""""","=""""",,"=""008002.000056""","=""""",
O II,"=""2s2.2p2.(3P).3d""","=""4D""","=""5/2""",6.0,"=""""","=""28.8570199""","=""""","=""""",,"=""008002.000057""","=""""",
O II,"=""2s2.2p2.(3P).3d""","=""4D""","=""7/2""",8.0,"=""""","=""28.8577953""","=""""","=""""",,"=""008002.000058""","=""""",
O II,"=""2s2.2p2.(3P).3d""","=""2F""","=""5/2""",6.0,"=""""","=""28.8630624""","=""""","=""""",,"=""008002.000059""","=""""",
O II,"=""2s2.2p2.(3P).3d""","=""2F""","=""7/2""",8.0,"=""""","=""28.8832609""","=""""","=""""",,"=""008002.000060""","=""""",
O II,"=""2s2.2p2.(3P).3d""","=""2P""","=""3/2""",4.0,"=""""","=""28.941697""","=""""","=""""",,"=""008002.000061""","=""""",
O II,"=""2s2.2p2.(3P).3d""","=""2P""","=""1/2""",2.0,"=""""","=""28.955839""","=""""","=""""",,"=""008002.000062""","=""""",
O II,"=""2s2.2p2.(3P).3d""","=""2D""","=""3/2""",4.0,"=""""","=""29.0622429""","=""""","=""""",,"=""008002.000063""","=""""",
O II,"=""2s2.2p2.(3P).3d""","=""2D""","=""5/2""",6.0,"=""""","=""29.0686699""","=""""","=""""",,"=""008002.000064""","=""""",
O II,"=""2s2.2p2.(3P).4s""","=""4P""","=""1/2""",2.0,"=""""","=""29.586034""","=""""","=""""",,"=""008002.000065""","=""""",
O II,"=""2s2.2p2.(3P).4s""","=""4P""","=""3/2""",4.0,"=""""","=""29.599076""","=""""","=""""",,"=""008002.000066""","=""""",
O II,"=""2s2.2p2.(3P).4s""","=""4P""","=""5/2""",6.0,"=""""","=""29.619076""","=""""","=""""",,"=""008002.000067""","=""""",
O II,"=""2s2.2p2.(3P).4s""","=""2P""","=""1/2""",2.0,"=""""","=""29.797124""","=""""","=""""",,"=""008002.000068""","=""""",
O II,"=""2s2.2p2.(3P).4s""","=""2P""","=""3/2""",4.0,"=""""","=""29.820351""","=""""","=""""",,"=""008002.000069""","=""""",
O II,"=""2s2.2p2.(3P).4p""","=""2S*""","=""1/2""",2.0,"=""""","=""30.380752""","=""""","=""""",,"=""008002.000070""","=""""",
O II,"=""2s.2p3.(5S*).3s""","=""6S*""","=""5/2""",6.0,"=""""","=""30.425722""","=""+x""","=""""",,"=""008002.000071""","=""""",
O II,"=""2s2.2p2.(3P).4p""","=""4D*""","=""1/2""",2.0,"=""""","=""30.471394""","=""""","=""""",,"=""008002.000072""","=""""",
O II,"=""2s2.2p2.(3P).4p""","=""4D*""","=""3/2""",4.0,"=""""","=""30.477387""","=""""","=""""",,"=""008002.000073""","=""""",
O II,"=""2s2.2p2.(3P).4p""","=""4D*""","=""5/2""",6.0,"=""""","=""30.4881141""","=""""","=""""",,"=""008002.000074""","=""""",
O II,"=""2s2.2p2.(3P).4p""","=""4D*""","=""7/2""",8.0,"=""""","=""30.5037449""","=""""","=""""",,"=""008002.000075""","=""""",
O II,"=""2s2.2p2.(3P).4p""","=""4S*""","=""3/2""",4.0,"=""""","=""30.5362941""","=""""","=""""",,"=""008002.000076""","=""""",
O II,"=""2s2.2p2.(3P).4p""","=""4P*""","=""1/2""",2.0,"=""""","=""30.5397984""","=""""","=""""",,"=""008002.000077""","=""""",
O II,"=""2s2.2p2.(3P).4p""","=""4P*""","=""5/2""",6.0,"=""""","=""30.5566036""","=""""","=""""",,"=""008002.000078""","=""""",
O II,"=""2s2.2p2.(3P).4p""","=""4P*""","=""3/2""",4.0,"=""""","=""30.5600365""","=""""","=""""",,"=""008002.000079""","=""""",
O II,"=""2s2.2p2.(3P).4p""","=""2D*""","=""3/2""",4.0,"=""""","=""30.749350""","=""""","=""""",,"=""008002.000080""","=""""",
O II,"=""2s2.2p2.(3P).4p""","=""2D*""","=""5/2""",6.0,"=""""","=""30.771222""","=""""","=""""",,"=""008002.000081""","=""""",
O II,"=""2s2.2p2.(3P).4p""","=""2P*""","=""1/2""",2.0,"=""""","=""30.800949""","=""""","=""""",,"=""008002.000082""","=""""",
O II,"=""2s2.2p2.(3P).4p""","=""2P*""","=""3/2""",4.0,"=""""","=""30.811970""","=""""","=""""",,"=""008002.000083""","=""""",
O II,"=""2s2.2p2.(1D).3d""","=""2F""","=""7/2""",8.0,"=""""","=""31.147582""","=""""","=""""",,"=""008002.000084""","=""""",
O II,"=""2s2.2p2.(1D).3d""","=""2F""","=""5/2""",6.0,"=""""","=""31.147904""","=""""","=""""",,"=""008002.000085""","=""""",
O II,"=""2s2.2p2.(1D).3d""","=""2G""","=""9/2""",10.0,"=""""","=""31.319435""","=""""","=""""",,"=""008002.000086""","=""""",
O II,"=""2s2.2p2.(1D).3d""","=""2G""","=""7/2""",8.0,"=""""","=""31.319581""","=""""","=""""",,"=""008002.000087""","=""""",
O II,"=""2s2.2p2.(1S).3p""","=""2P*""","=""1/2""",2.0,"=""""","=""31.366419""","=""""","=""""",,"=""008002.000088""","=""""",
O II,"=""2s2.2p2.(1S).3p""","=""2P*""","=""3/2""",4.0,"=""""","=""31.367183""","=""""","=""""",,"=""008002.000089""","=""""",
O II,"=""2s2.2p2.(1D).3d""","=""2D""","=""3/2""",4.0,"=""""","=""31.373797""","=""""","=""""",,"=""008002.000090""","=""""",
O II,"=""2s2.2p2.(1D).3d""","=""2D""","=""5/2""",6.0,"=""""","=""31.374055""","=""""","=""""",,"=""008002.000091""","=""""",
O II,"=""2s2.2p2.(1D).3d""","=""2P""","=""1/2""",2.0,"=""""","=""31.465948""","=""""","=""""",,"=""008002.000092""","=""""",
O II,"=""2s2.2p2.(1D).3d""","=""2P""","=""3/2""",4.0,"=""""","=""31.466247""","=""""","=""""",,"=""008002.000093""","=""""",
O II,"=""2s2.2p2.(3P).4d""","=""4F""","=""3/2""",4.0,"=""""","=""31.533845""","=""""","=""""",,"=""008002.000094""","=""""",
O II,"=""2s2.2p2.(3P).4d""","=""4F""","=""5/2""",6.0,"=""""","=""31.540144""","=""""","=""""",,"=""008002.000095""","=""""",
O II,"=""2s2.2p2.(3P).4d""","=""4F""","=""7/2""",8.0,"=""""","=""31.551524""","=""""","=""""",,"=""008002.000096""","=""""",
O II,"=""2s2.2p2.(3P).4d""","=""4F""","=""9/2""",10.0,"=""""","=""31.565137""","=""""","=""""",,"=""008002.000097""","=""""",
O II,"=""2s2.2p2.(3P).4d""","=""4D""","=""1/2""",2.0,"=""""","=""31.596961""","=""""","=""""",,"=""008002.000098""","=""""",
O II,"=""2s2.2p2.(3P).4d""","=""4D""","=""3/2""",4.0,"=""""","=""31.601262""","=""""","=""""",,"=""008002.000099""","=""""",
O II,"=""2s2.2p2.(3P).4d""","=""4D""","=""5/2""",6.0,"=""""","=""31.603128""","=""""","=""""",,"=""008002.000100""","=""""",
O II,"=""2s2.2p2.(3P).4d""","=""4D""","=""7/2""",8.0,"=""""","=""31.618417""","=""""","=""""",,"=""008002.000102""","=""""",
O II,"=""2s.2p3.(5S*).3s""","=""4S*""","=""3/2""",4.0,"=""""","=""31.613683""","=""""","=""""",,"=""008002.000101""","=""""",
O II,"=""2s2.2p2.(3P).4d""","=""4P""","=""5/2""",6.0,"=""""","=""31.628990""","=""""","=""""",,"=""008002.000103""","=""""",
O II,"=""2s2.2p2.(3P).4d""","=""4P""","=""3/2""",4.0,"=""""","=""31.633627""","=""""","=""""",,"=""008002.000104""","=""""",
O II,"=""2s2.2p2.(3P).4d""","=""4P""","=""1/2""",2.0,"=""""","=""31.636190""","=""""","=""""",,"=""008002.000105""","=""""",
O II,"=""2s2.2p2.(3P).4d""","=""2P""","=""3/2""",4.0,"=""""","=""31.637492""","=""""","=""""",,"=""008002.000106""","=""""",
O II,"=""2s2.2p2.(3P).4d""","=""2P""","=""1/2""",2.0,"=""""","=""31.650925""","=""""","=""""",,"=""008002.000107""","=""""",
O II,"=""2s2.2p2.(3P).4d""","=""2F""","=""5/2""",6.0,"=""""","=""31.653427""","=""""","=""""",,"=""008002.000108""","=""""",
O II,"=""2s2.2p2.(3P).4d""","=""2F""","=""7/2""",8.0,"=""""","=""31.673760""","=""""","=""""",,"=""008002.000109""","=""""",
O II,"=""2s2.2p2.(1D).3d""","=""2S""","=""1/2""",2.0,"=""""","=""31.693188""","=""""","=""""",,"=""008002.000110""","=""""",
O II,"=""2s2.2p2.(3P).4f D""","=""2[3]*""","=""5/2""",6.0,"=""""","=""31.7015121""","=""""","=""""",,"=""008002.000111""","=""""",
O II,"=""2s2.2p2.(3P).4f D""","=""2[3]*""","=""7/2""",8.0,"=""""","=""31.7016866""","=""""","=""""",,"=""008002.000112""","=""""",
O II,"=""2s2.2p2.(3P).4f G""","=""2[3]*""","=""5/2""",6.0,"=""""","=""31.7097189""","=""""","=""""",,"=""008002.000113""","=""""",
O II,"=""2s2.2p2.(3P).4f G""","=""2[3]*""","=""7/2""",8.0,"=""""","=""31.7101222""","=""""","=""""",,"=""008002.000114""","=""""",
O II,"=""2s2.2p2.(3P).4f D""","=""2[2]*""","=""3/2""",4.0,"=""""","=""31.7167360""","=""""","=""""",,"=""008002.000115""","=""""",
O II,"=""2s2.2p2.(3P).4f D""","=""2[2]*""","=""5/2""",6.0,"=""""","=""31.7168283""","=""""","=""""",,"=""008002.000116""","=""""",
O II,"=""2s2.2p2.(3P).4f G""","=""2[4]*""","=""9/2""",10.0,"=""""","=""31.7185870""","=""""","=""""",,"=""008002.000117""","=""""",
O II,"=""2s2.2p2.(3P).4f G""","=""2[4]*""","=""7/2""",8.0,"=""""","=""31.718825""","=""""","=""""",,"=""008002.000118""","=""""",
O II,"=""2s2.2p2.(3P).4d""","=""2D""","=""3/2""",4.0,"=""""","=""31.720478""","=""""","=""""",,"=""008002.000119""","=""""",
O II,"=""2s2.2p2.(3P).4d""","=""2D""","=""5/2""",6.0,"=""""","=""31.727258""","=""""","=""""",,"=""008002.000120""","=""""",
O II,"=""2s2.2p2.(3P).4f D""","=""2[1]*""","=""3/2""",4.0,"=""""","=""31.729084""","=""""","=""""",,"=""008002.000121""","=""""",
O II,"=""2s2.2p2.(3P).4f D""","=""2[1]*""","=""1/2""",2.0,"=""""","=""31.729090""","=""""","=""""",,"=""008002.000122""","=""""",
O II,"=""2s2.2p2.(3P).4f G""","=""2[5]*""","=""11/2""",12.0,"=""""","=""31.7371628""","=""""","=""""",,"=""008002.000123""","=""""",
O II,"=""2s2.2p2.(3P).4f G""","=""2[5]*""","=""9/2""",10.0,"=""""","=""31.7379195""","=""""","=""""",,"=""008002.000124""","=""""",
O II,"=""2s2.2p2.(3P).4f F""","=""2[2]*""","=""3/2""",4.0,"=""""","=""31.7503204""","=""""","=""""",,"=""008002.000125""","=""""",
O II,"=""2s2.2p2.(3P).4f F""","=""2[2]*""","=""5/2""",6.0,"=""""","=""31.7508339""","=""""","=""""",,"=""008002.000126""","=""""",
O II,"=""2s2.2p2.(3P).4f F""","=""2[3]*""","=""7/2""",8.0,"=""""","=""31.7552335""","=""""","=""""",,"=""008002.000127""","=""""",
O II,"=""2s2.2p2.(3P).4f F""","=""2[3]*""","=""5/2""",6.0,"=""""","=""31.7555502""","=""""","=""""",,"=""008002.000128""","=""""",
O II,"=""2s2.2p2.(3P).4f F""","=""2[4]*""","=""9/2""",10.0,"=""""","=""31.7568211""","=""""","=""""",,"=""008002.000129""","=""""",
O II,"=""2s2.2p2.(3P).4f F""","=""2[4]*""","=""7/2""",8.0,"=""""","=""31.7577077""","=""""","=""""",,"=""008002.000130""","=""""",
O II,"=""2s2.2p2.(3P).5s""","=""4P""","=""1/2""",2.0,"=""""","=""31.950200""","=""""","=""""",,"=""008002.000131""","=""""",
O II,"=""2s2.2p2.(3P).5s""","=""4P""","=""3/2""",4.0,"=""""","=""31.963118""","=""""","=""""",,"=""008002.000132""","=""""",
O II,"=""2s2.2p2.(3P).5s""","=""4P""","=""5/2""",6.0,"=""""","=""31.983597""","=""""","=""""",,"=""008002.000133""","=""""",
O II,"=""2s2.2p2.(3P).5s""","=""2P""","=""1/2""",2.0,"=""""","=""32.038913""","=""""","=""""",,"=""008002.000134""","=""""",
O II,"=""2s2.2p2.(3P).5s""","=""2P""","=""3/2""",4.0,"=""""","=""32.063101""","=""""","=""""",,"=""008002.000135""","=""""",
O II,"=""2s2.2p2.(1D).4s""","=""2D""","=""5/2""",6.0,"=""""","=""32.147566""","=""""","=""""",,"=""008002.000136""","=""""",
O II,"=""2s2.2p2.(1D).4s""","=""2D""","=""3/2""",4.0,"=""""","=""32.147624""","=""""","=""""",,"=""008002.000137""","=""""",
O II,"=""2s2.2p2.(3P).5p""","=""2S*""","=""1/2""",2.0,"=""""","=""32.320978""","=""""","=""""",,"=""008002.000138""","=""""",
O II,"=""2s2.2p2.(3P).5p""","=""4D*""","=""1/2""",2.0,"=""""","=""32.348960""","=""""","=""""",,"=""008002.000139""","=""""",
O II,"=""2s2.2p2.(3P).5p""","=""4D*""","=""3/2""",4.0,"=""""","=""32.354745""","=""""","=""""",,"=""008002.000140""","=""""",
O II,"=""2s2.2p2.(3P).5p""","=""4D*""","=""5/2""",6.0,"=""""","=""32.365335""","=""""","=""""",,"=""008002.000141""","=""""",
O II,"=""2s2.2p2.(3P).5p""","=""4D*""","=""7/2""",8.0,"=""""","=""32.382266""","=""""","=""""",,"=""008002.000142""","=""""",
O II,"=""2s2.2p2.(3P).5p""","=""4P*""","=""1/2""",2.0,"=""""","=""32.386467""","=""""","=""""",,"=""008002.000143""","=""""",
O II,"=""2s2.2p2.(3P).5p""","=""4P*""","=""3/2""",4.0,"=""""","=""32.392272""","=""""","=""""",,"=""008002.000144""","=""""",
O II,"=""2s2.2p2.(3P).5p""","=""4P*""","=""5/2""",6.0,"=""""","=""32.404017""","=""""","=""""",,"=""008002.000145""","=""""",
O II,"=""2s2.2p2.(3P).5p""","=""4S*""","=""3/2""",4.0,"=""""","=""32.436939""","=""""","=""""",,"=""008002.000146""","=""""",
O II,"=""2s2.2p2.(3P).5p""","=""2D*""","=""3/2""",4.0,"=""""","=""32.446510""","=""""","=""""",,"=""008002.000147""","=""""",
O II,"=""2s2.2p2.(3P).5p""","=""2D*""","=""5/2""",6.0,"=""""","=""32.467735""","=""""","=""""",,"=""008002.000148""","=""""",
O II,"=""2s2.2p2.(3P).5p""","=""2P*""","=""1/2""",2.0,"=""""","=""32.519421""","=""""","=""""",,"=""008002.000149""","=""""",
O II,"=""2s2.2p2.(3P).5p""","=""2P*""","=""3/2""",4.0,"=""""","=""32.529492""","=""""","=""""",,"=""008002.000150""","=""""",
O II,"=""2s2.2p2.(3P).5d""","=""4D""","=""5/2""",6.0,"=""""","=""32.88313""","=""""","=""""",,"=""008002.000151""","=""""",
O II,"=""2s2.2p2.(3P).5d""","=""4D""","=""3/2""",4.0,"=""""","=""32.88313""","=""""","=""""",,"=""008002.000152""","=""""",
O II,"=""2s2.2p2.(3P).5d""","=""4P""","=""5/2""",6.0,"=""""","=""32.90931""","=""""","=""""",,"=""008002.000153""","=""""",
O II,"=""2s2.2p2.(3P).5d""","=""4P""","=""3/2""",4.0,"=""""","=""32.91386""","=""""","=""""",,"=""008002.000154""","=""""",
O II,"=""2s2.2p2.(3P).5d""","=""2F""","=""7/2""",8.0,"=""""","=""32.92787""","=""?""","=""""",,"=""008002.000155""","=""""",
O II,"=""2s2.2p2.(3P).5f D""","=""2[3]*""","=""5/2""",6.0,"=""""","=""32.934803""","=""""","=""""",,"=""008002.000156""","=""""",
O II,"=""2s2.2p2.(3P).5f D""","=""2[3]*""","=""7/2""",8.0,"=""""","=""32.934988""","=""""","=""""",,"=""008002.000157""","=""""",
O II,"=""2s2.2p2.(3P<0>).5g""","=""2[4]""","=""9/2""",10.0,"=""""","=""32.942246""","=""""","=""""",,"=""008002.000158""","=""""",
O II,"=""2s2.2p2.(3P<0>).5g""","=""2[4]""","=""7/2""",8.0,"=""""","=""32.942246""","=""""","=""""",,"=""008002.000159""","=""""",
O II,"=""2s2.2p2.(3P).5f G""","=""2[3]*""","=""5/2""",6.0,"=""""","=""32.944893""","=""""","=""""",,"=""008002.000160""","=""""",
O II,"=""2s2.2p2.(3P).5f G""","=""2[3]*""","=""7/2""",8.0,"=""""","=""32.945128""","=""""","=""""",,"=""008002.000161""","=""""",
O II,"=""2s2.2p2.(3P).5f G""","=""2[4]*""","=""9/2""",10.0,"=""""","=""32.950201""","=""""","=""""",,"=""008002.000162""","=""""",
O II,"=""2s2.2p2.(3P).5f G""","=""2[4]*""","=""7/2""",8.0,"=""""","=""32.950457""","=""""","=""""",,"=""008002.000163""","=""""",
O II,"=""2s2.2p2.(3P).5f D""","=""2[2]*""","=""3/2""",4.0,"=""""","=""32.950819""","=""""","=""""",,"=""008002.000164""","=""""",
O II,"=""2s2.2p2.(3P).5f D""","=""2[2]*""","=""5/2""",6.0,"=""""","=""32.950977""","=""""","=""""",,"=""008002.000165""","=""""",
O II,"=""2s2.2p2.(3P<1>).5g""","=""2[4]""","=""7/2""",8.0,"=""""","=""32.954266""","=""""","=""""",,"=""008002.000166""","=""""",
O II,"=""2s2.2p2.(3P<1>).5g""","=""2[4]""","=""9/2""",10.0,"=""""","=""32.954273""","=""""","=""""",,"=""008002.000167""","=""""",
O II,"=""2s2.2p2.(3P<1>).5g""","=""2[5]""","=""9/2""",10.0,"=""""","=""32.956981""","=""""","=""""",,"=""008002.000168""","=""""",
O II,"=""2s2.2p2.(3P<1>).5g""","=""2[5]""","=""11/2""",12.0,"=""""","=""32.956991""","=""""","=""""",,"=""008002.000169""","=""""",
O II,"=""2s2.2p2.(3P<1>).5g""","=""2[3]""","=""5/2""",6.0,"=""""","=""32.957513""","=""""","=""""",,"=""008002.000170""","=""""",
O II,"=""2s2.2p2.(3P<1>).5g""","=""2[3]""","=""7/2""",8.0,"=""""","=""32.957537""","=""""","=""""",,"=""008002.000171""","=""""",
O II,"=""2s2.2p2.(3P).5d""","=""2D""","=""5/2""",6.0,"=""""","=""32.96184""","=""""","=""""",,"=""008002.000172""","=""""",
O II,"=""2s2.2p2.(3P).5f D""","=""2[1]*""","=""1/2""",2.0,"=""""","=""32.966538""","=""""","=""""",,"=""008002.000173""","=""""",
O II,"=""2s2.2p2.(3P).5f D""","=""2[1]*""","=""3/2""",4.0,"=""""","=""32.966607""","=""""","=""""",,"=""008002.000174""","=""""",
O II,"=""2s2.2p2.(3P).5f G""","=""2[5]*""","=""11/2""",12.0,"=""""","=""32.970522""","=""""","=""""",,"=""008002.000175""","=""""",
O II,"=""2s2.2p2.(3P).5f G""","=""2[5]*""","=""9/2""",10.0,"=""""","=""32.971156""","=""""","=""""",,"=""008002.000176""","=""""",
O II,"=""2s2.2p2.(3P).5f F""","=""2[2]*""","=""3/2""",4.0,"=""""","=""32.974511""","=""""","=""""",,"=""008002.000177""","=""""",
O II,"=""2s2.2p2.(3P).5f F""","=""2[2]*""","=""5/2""",6.0,"=""""","=""32.975276""","=""""","=""""",,"=""008002.000178""","=""""",
O II,"=""2s2.2p2.(3P<2>).5g""","=""2[2]""","=""5/2""",6.0,"=""""","=""32.977331""","=""""","=""""",,"=""008002.000179""","=""""",
O II,"=""2s2.2p2.(3P<2>).5g""","=""2[2]""","=""3/2""",4.0,"=""""","=""32.977331""","=""""","=""""",,"=""008002.000180""","=""""",
O II,"=""2s2.2p2.(3P).5f F""","=""2[3]*""","=""7/2""",8.0,"=""""","=""32.978843""","=""""","=""""",,"=""008002.000181""","=""""",
O II,"=""2s2.2p2.(3P).5f F""","=""2[3]*""","=""5/2""",6.0,"=""""","=""32.978851""","=""""","=""""",,"=""008002.000184""","=""""",
O II,"=""2s2.2p2.(3P<2>).5g""","=""2[6]""","=""11/2""",12.0,"=""""","=""32.978843""","=""""","=""""",,"=""008002.000182""","=""""",
O II,"=""2s2.2p2.(3P<2>).5g""","=""2[6]""","=""13/2""",14.0,"=""""","=""32.978847""","=""""","=""""",,"=""008002.000183""","=""""",
O II,"=""2s2.2p2.(3P).5f F""","=""2[4]*""","=""9/2""",10.0,"=""""","=""32.979766""","=""""","=""""",,"=""008002.000185""","=""""",
O II,"=""2s2.2p2.(3P).5f F""","=""2[4]*""","=""7/2""",8.0,"=""""","=""32.980404""","=""""","=""""",,"=""008002.000186""","=""""",
O II,"=""2s2.2p2.(3P<2>).5g""","=""2[3]""","=""5/2""",6.0,"=""""","=""32.980739""","=""""","=""""",,"=""008002.000187""","=""""",
O II,"=""2s2.2p2.(3P<2>).5g""","=""2[3]""","=""7/2""",8.0,"=""""","=""32.980754""","=""""","=""""",,"=""008002.000188""","=""""",
O II,"=""2s2.2p2.(3P<2>).5g""","=""2[4]""","=""9/2""",10.0,"=""""","=""32.982636""","=""""","=""""",,"=""008002.000189""","=""""",
O II,"=""2s2.2p2.(3P<2>).5g""","=""2[4]""","=""7/2""",8.0,"=""""","=""32.982636""","=""""","=""""",,"=""008002.000190""","=""""",
O II,"=""2s2.2p2.(3P<2>).5g""","=""2[5]""","=""11/2""",12.0,"=""""","=""32.982792""","=""""","=""""",,"=""008002.000191""","=""""",
O II,"=""2s2.2p2.(3P<2>).5g""","=""2[5]""","=""9/2""",10.0,"=""""","=""32.982792""","=""""","=""""",,"=""008002.000192""","=""""",
O II,"=""2s2.2p2.(1D).4p""","=""2F*""","=""5/2""",6.0,"=""""","=""33.051674""","=""""","=""""",,"=""008002.000193""","=""""",
O II,"=""2s2.2p2.(1D).4p""","=""2F*""","=""7/2""",8.0,"=""""","=""33.052740""","=""""","=""""",,"=""008002.000194""","=""""",
O II,"=""2s2.2p2.(1D).4p""","=""2D*""","=""3/2""",4.0,"=""""","=""33.057203""","=""""","=""""",,"=""008002.000195""","=""""",
O II,"=""2s2.2p2.(1D).4p""","=""2D*""","=""5/2""",6.0,"=""""","=""33.059219""","=""""","=""""",,"=""008002.000196""","=""""",
O II,"=""2s2.2p2.(3P).6s""","=""4P""","=""1/2""",2.0,"=""""","=""33.06634""","=""""","=""""",,"=""008002.000197""","=""""",
O II,"=""2s2.2p2.(3P).6s""","=""4P""","=""3/2""",4.0,"=""""","=""33.07923""","=""""","=""""",,"=""008002.000198""","=""""",
O II,"=""2s2.2p2.(3P).6s""","=""4P""","=""5/2""",6.0,"=""""","=""33.100214""","=""""","=""""",,"=""008002.000199""","=""""",
O II,"=""2s2.2p2.(3P).6s""","=""2P""","=""1/2""",2.0,"=""""","=""33.11632""","=""?""","=""""",,"=""008002.000200""","=""""",
O II,"=""2s2.2p2.(3P).6s""","=""2P""","=""3/2""",4.0,"=""""","=""33.140757""","=""""","=""""",,"=""008002.000201""","=""""",
O II,"=""2s2.2p2.(1D).4p""","=""2P*""","=""1/2""",2.0,"=""""","=""33.160848""","=""""","=""""",,"=""008002.000202""","=""""",
O II,"=""2s2.2p2.(1D).4p""","=""2P*""","=""3/2""",4.0,"=""""","=""33.164631""","=""""","=""""",,"=""008002.000203""","=""""",
O II,"=""2s.2p3.(5S*).3p""","=""6P""","=""3/2""",4.0,"=""""","=""33.199026""","=""+x""","=""""",,"=""008002.000204""","=""""",
O II,"=""2s.2p3.(5S*).3p""","=""6P""","=""5/2""",6.0,"=""""","=""33.199928""","=""+x""","=""""",,"=""008002.000205""","=""""",
O II,"=""2s.2p3.(5S*).3p""","=""6P""","=""7/2""",8.0,"=""""","=""33.201492""","=""+x""","=""""",,"=""008002.000206""","=""""",
O II,"=""2s2.2p2.(3P).6p""","=""2S*""","=""1/2""",2.0,"=""""","=""33.27361""","=""""","=""""",,"=""008002.000207""","=""""",
O II,"=""2s2.2p2.(3P).6p""","=""4D*""","=""1/2""",2.0,"=""""","=""""","=""""","=""""",,"=""008002.000002""","=""""",
O II,"=""2s2.2p2.(3P).6p""","=""4D*""","=""3/2""",4.0,"=""""","=""33.28549""","=""""","=""""",,"=""008002.000208""","=""""",
O II,"=""2s2.2p2.(3P).6p""","=""4D*""","=""5/2""",6.0,"=""""","=""33.295647""","=""""","=""""",,"=""008002.000209""","=""""",
O II,"=""2s2.2p2.(3P).6p""","=""4D*""","=""7/2""",8.0,"=""""","=""33.31357""","=""""","=""""",,"=""008002.000210""","=""""",
O II,"=""2s2.2p2.(3P).6p""","=""4P*""","=""1/2""",2.0,"=""""","=""""","=""""","=""""",,"=""008002.000003""","=""""",
O II,"=""2s2.2p2.(3P).6p""","=""4P*""","=""3/2""",4.0,"=""""","=""""","=""""","=""""",,"=""008002.000004""","=""""",
O II,"=""2s2.2p2.(3P).6p""","=""4P*""","=""5/2""",6.0,"=""""","=""33.32478""","=""?""","=""""",,"=""008002.000211""","=""""",
O II,"=""2s2.2p2.(3P<0>).6g""","=""2[4]""","=""7/2""",8.0,"=""""","=""33.608192""","=""""","=""""",,"=""008002.000212""","=""""",
O II,"=""2s2.2p2.(3P<0>).6g""","=""2[4]""","=""9/2""",10.0,"=""""","=""33.608197""","=""""","=""""",,"=""008002.000213""","=""""",
O II,"=""2s2.2p2.(3P<1>).6g""","=""2[4]""","=""9/2""",10.0,"=""""","=""33.621024""","=""""","=""""",,"=""008002.000214""","=""""",
O II,"=""2s2.2p2.(3P<1>).6g""","=""2[4]""","=""7/2""",8.0,"=""""","=""33.621024""","=""""","=""""",,"=""008002.000215""","=""""",
O II,"=""2s2.2p2.(3P<1>).6g""","=""2[5]""","=""9/2""",10.0,"=""""","=""33.622639""","=""""","=""""",,"=""008002.000216""","=""""",
O II,"=""2s2.2p2.(3P<1>).6g""","=""2[5]""","=""11/2""",12.0,"=""""","=""33.622665""","=""""","=""""",,"=""008002.000217""","=""""",
O II,"=""2s2.2p2.(3P<1>).6g""","=""2[3]""","=""5/2""",6.0,"=""""","=""33.623017""","=""""","=""""",,"=""008002.000218""","=""""",
O II,"=""2s2.2p2.(3P<1>).6g""","=""2[3]""","=""7/2""",8.0,"=""""","=""33.623032""","=""""","=""""",,"=""008002.000219""","=""""",
O II,"=""2s2.2p2.(3P<2>).6g""","=""2[2]""","=""5/2""",6.0,"=""""","=""33.644428""","=""""","=""""",,"=""008002.000220""","=""""",
O II,"=""2s2.2p2.(3P<2>).6g""","=""2[2]""","=""3/2""",4.0,"=""""","=""33.644428""","=""""","=""""",,"=""008002.000221""","=""""",
O II,"=""2s2.2p2.(3P<2>).6g""","=""2[6]""","=""11/2""",12.0,"=""""","=""33.645307""","=""""","=""""",,"=""008002.000222""","=""""",
O II,"=""2s2.2p2.(3P<2>).6g""","=""2[6]""","=""13/2""",14.0,"=""""","=""33.645318""","=""""","=""""",,"=""008002.000223""","=""""",
O II,"=""2s2.2p2.(3P<2>).6g""","=""2[3]""","=""7/2""",8.0,"=""""","=""33.646271""","=""""","=""""",,"=""008002.000224""","=""""",
O II,"=""2s2.2p2.(3P<2>).6g""","=""2[3]""","=""5/2""",6.0,"=""""","=""33.646287""","=""""","=""""",,"=""008002.000225""","=""""",
O II,"=""2s2.2p2.(3P<2>).6g""","=""2[4]""","=""7/2""",8.0,"=""""","=""33.647408""","=""""","=""""",,"=""008002.000226""","=""""",
O II,"=""2s2.2p2.(3P<2>).6g""","=""2[4]""","=""9/2""",10.0,"=""""","=""33.647427""","=""""","=""""",,"=""008002.000227""","=""""",
O II,"=""2s2.2p2.(3P<2>).6g""","=""2[5]""","=""9/2""",10.0,"=""""","=""33.647459""","=""""","=""""",,"=""008002.000228""","=""""",
O II,"=""2s2.2p2.(3P<2>).6g""","=""2[5]""","=""11/2""",12.0,"=""""","=""33.647500""","=""""","=""""",,"=""008002.000229""","=""""",
O II,"=""2s2.2p2.(3P).7p""","=""4D*""","=""1/2""",2.0,"=""""","=""""","=""""","=""""",,"=""008002.000005""","=""""",
O II,"=""2s2.2p2.(3P).7p""","=""4D*""","=""3/2""",4.0,"=""""","=""33.81401""","=""""","=""""",,"=""008002.000230""","=""""",
O II,"=""2s2.2p2.(3P).7p""","=""4D*""","=""5/2""",6.0,"=""""","=""33.82136""","=""""","=""""",,"=""008002.000231""","=""""",
O II,"=""2s2.2p2.(3P).7p""","=""4D*""","=""7/2""",8.0,"=""""","=""33.84377""","=""""","=""""",,"=""008002.000232""","=""""",
O II,"=""2s2.2p2.(3P).7p""","=""4P*""","=""1/2""",2.0,"=""""","=""""","=""""","=""""",,"=""008002.000006""","=""""",
O II,"=""2s2.2p2.(3P).7p""","=""4P*""","=""3/2""",4.0,"=""""","=""""","=""""","=""""",,"=""008002.000007""","=""""",
O II,"=""2s2.2p2.(3P).7p""","=""4P*""","=""5/2""",6.0,"=""""","=""33.85000""","=""""","=""""",,"=""008002.000233""","=""""",
O II,"=""2s2.2p2.(1D).4d""","=""2F""","=""5/2""",6.0,"=""""","=""34.06351""","=""""","=""""",,"=""008002.000234""","=""""",
O II,"=""2s2.2p2.(1D).4d""","=""2F""","=""7/2""",8.0,"=""""","=""34.06856""","=""""","=""""",,"=""008002.000235""","=""""",
O II,"=""2s2.2p2.(1D).4d""","=""2D""","=""3/2""",4.0,"=""""","=""34.08524""","=""""","=""""",,"=""008002.000236""","=""""",
O II,"=""2s2.2p2.(1D).4d""","=""2D""","=""5/2""",6.0,"=""""","=""34.08673""","=""""","=""""",,"=""008002.000237""","=""""",
O II,"=""2s2.2p2.(1D).4d""","=""2P""","=""1/2""",2.0,"=""""","=""""","=""""","=""""",,"=""008002.000008""","=""""",
O II,"=""2s2.2p2.(1D).4d""","=""2P""","=""3/2""",4.0,"=""""","=""34.17142""","=""?""","=""""",,"=""008002.000238""","=""""",
O II,"=""2s2.2p2.(1D).4f G""","=""2[4]*""","=""9/2""",10.0,"=""""","=""34.200067""","=""""","=""""",,"=""008002.000239""","=""""",
O II,"=""2s2.2p2.(1D).4f G""","=""2[4]*""","=""7/2""",8.0,"=""""","=""34.200067""","=""""","=""""",,"=""008002.000240""","=""""",
O II,"=""2s2.2p2.(1D).4f F""","=""2[3]*""","=""7/2""",8.0,"=""""","=""34.204965""","=""""","=""""",,"=""008002.000241""","=""""",
O II,"=""2s2.2p2.(1D).4f F""","=""2[3]*""","=""5/2""",6.0,"=""""","=""34.204965""","=""""","=""""",,"=""008002.000242""","=""""",
O II,"=""2s2.2p2.(1S).3d""","=""2D""","=""3/2""",4.0,"=""""","=""34.217649""","=""""","=""""",,"=""008002.000243""","=""""",
O II,"=""2s2.2p2.(1S).3d""","=""2D""","=""5/2""",6.0,"=""""","=""34.228977""","=""""","=""""",,"=""008002.000247""","=""""",
O II,"=""2s2.2p2.(1D).4d""","=""2S""","=""1/2""",2.0,"=""""","=""34.21920""","=""?""","=""""",,"=""008002.000244""","=""""",
O II,"=""2s2.2p2.(1D).4f D""","=""2[2]*""","=""3/2""",4.0,"=""""","=""34.227922""","=""""","=""""",,"=""008002.000245""","=""""",
O II,"=""2s2.2p2.(1D).4f D""","=""2[2]*""","=""5/2""",6.0,"=""""","=""34.227931""","=""""","=""""",,"=""008002.000246""","=""""",
O II,"=""2s2.2p2.(1D).4f H""","=""2[5]*""","=""9/2""",10.0,"=""""","=""34.233210""","=""""","=""""",,"=""008002.000248""","=""""",
O II,"=""2s2.2p2.(1D).4f H""","=""2[5]*""","=""11/2""",12.0,"=""""","=""34.233220""","=""""","=""""",,"=""008002.000249""","=""""",
O II,"=""2s2.2p2.(1D).4f P""","=""2[1]*""","=""3/2""",4.0,"=""""","=""34.252347""","=""""","=""""",,"=""008002.000250""","=""""",
O II,"=""2s2.2p2.(1D).4f P""","=""2[1]*""","=""1/2""",2.0,"=""""","=""34.252347""","=""""","=""""",,"=""008002.000251""","=""""",
O II,"=""2s2.2p2.(1D).5s""","=""2D""","=""3/2""",4.0,"=""""","=""34.485502""","=""?""","=""""",,"=""008002.000252""","=""""",
O II,"=""2s2.2p2.(1D).5s""","=""2D""","=""5/2""",6.0,"=""""","=""34.485538""","=""""","=""""",,"=""008002.000253""","=""""",
O II,"=""2s2.2p2.(1S).4s""","=""2S""","=""1/2""",2.0,"=""""","=""34.990808""","=""""","=""""",,"=""008002.000254""","=""""",
O II,"=""O III (2p2 3P<0>)""","=""Limit""","=""---""",,"=""""","=""35.12112""","=""""","=""0.00006""",,"=""008002.Lim001""","=""L11267,L10621""",
O II,"=""O III (2p2 3P<1>)""","=""Limit""","=""---""",,"=""""","=""35.13515""","=""""","=""""",,"=""008002.Lim002""","=""""",
O II,"=""O III (2p2 3P<2>)""","=""Limit""","=""---""",,"=""""","=""35.15908""","=""""","=""""",,"=""008002.Lim003""","=""""",
O II,"=""2s2.2p2.(1D).5f G""","=""2[4]*""","=""9/2""",10.0,"=""""","=""35.439459""","=""?""","=""""",,"=""008002.000258""","=""""",
O II,"=""2s2.2p2.(1D).5f F""","=""2[3]*""","=""7/2""",8.0,"=""""","=""35.442339""","=""?""","=""""",,"=""008002.000259""","=""""",
O II,"=""2s2.2p2.(1D<2>).5g""","=""2[5]""","=""11/2""",12.0,"=""""","=""35.451924""","=""""","=""""",,"=""008002.000260""","=""""",
O II,"=""2s2.2p2.(1D<2>).5g""","=""2[5]""","=""9/2""",10.0,"=""""","=""35.451924""","=""""","=""""",,"=""008002.000261""","=""""",
O II,"=""2s2.2p2.(1D<2>).5g""","=""2[4]""","=""9/2""",10.0,"=""""","=""35.452208""","=""""","=""""",,"=""008002.000262""","=""""",
O II,"=""2s2.2p2.(1D<2>).5g""","=""2[4]""","=""7/2""",8.0,"=""""","=""35.452208""","=""""","=""""",,"=""008002.000263""","=""""",
O II,"=""2s2.2p2.(1D).5f D""","=""2[2]*""","=""5/2""",6.0,"=""""","=""35.454483""","=""?""","=""""",,"=""008002.000264""","=""""",
O II,"=""2s2.2p2.(1D).5f H""","=""2[5]*""","=""11/2""",12.0,"=""""","=""35.45682""","=""?""","=""""",,"=""008002.000265""","=""""",
O II,"=""2s2.2p2.(1D).5f H""","=""2[5]*""","=""9/2""",10.0,"=""""","=""35.45682""","=""?""","=""""",,"=""008002.000266""","=""""",
O II,"=""2s2.2p2.(1D<2>).5g""","=""2[6]""","=""13/2""",14.0,"=""""","=""35.459519""","=""""","=""""",,"=""008002.000267""","=""""",
O II,"=""2s2.2p2.(1D<2>).5g""","=""2[6]""","=""11/2""",12.0,"=""""","=""35.459519""","=""""","=""""",,"=""008002.000268""","=""""",
O II,"=""2s2.2p2.(1D).5f P""","=""2[1]*""","=""3/2""",4.0,"=""""","=""35.466335""","=""?""","=""""",,"=""008002.000269""","=""""",
O II,"=""2s2.2p2.(1D).6s""","=""2D""","=""3/2""",4.0,"=""""","=""35.58912""","=""""","=""""",,"=""008002.000270""","=""""",
O II,"=""2s2.2p2.(1D).6s""","=""2D""","=""5/2""",6.0,"=""""","=""35.58930""","=""""","=""""",,"=""008002.000271""","=""""",
O II,"=""2s2.2p2.(1S).4p""","=""2P*""","=""1/2""",2.0,"=""""","=""35.95426""","=""?""","=""""",,"=""008002.000272""","=""""",
O II,"=""2s2.2p2.(1S).4p""","=""2P*""","=""3/2""",4.0,"=""""","=""35.95545""","=""?""","=""""",,"=""008002.000273""","=""""",
O II,"=""2s2.2p2.(1D<2>).6g""","=""2[5]""","=""11/2""",12.0,"=""""","=""36.119449""","=""""","=""""",,"=""008002.000274""","=""""",
O II,"=""2s2.2p2.(1D<2>).6g""","=""2[5]""","=""9/2""",10.0,"=""""","=""36.119449""","=""""","=""""",,"=""008002.000275""","=""""",
O II,"=""2s2.2p2.(1D<2>).6g""","=""2[4]""","=""9/2""",10.0,"=""""","=""36.119578""","=""?""","=""""",,"=""008002.000276""","=""""",
O II,"=""2s2.2p2.(1D<2>).6g""","=""2[4]""","=""7/2""",8.0,"=""""","=""36.119578""","=""?""","=""""",,"=""008002.000277""","=""""",
O II,"=""2s2.2p2.(1D<2>).6g""","=""2[6]""","=""13/2""",14.0,"=""""","=""36.123830""","=""""","=""""",,"=""008002.000278""","=""""",
O II,"=""2s2.2p2.(1D<2>).6g""","=""2[6]""","=""11/2""",12.0,"=""""","=""36.123830""","=""""","=""""",,"=""008002.000279""","=""""",
O II,"=""2s.2p3.(5S*).3d""","=""6D*""","=""9/2""",10.0,"=""""","=""36.191047""","=""+x""","=""""",,"=""008002.000280""","=""""",
O II,"=""2s.2p3.(5S*).3d""","=""6D*""","=""7/2""",8.0,"=""""","=""36.191170""","=""+x""","=""""",,"=""008002.000281""","=""""",
O II,"=""2s.2p3.(5S*).3d""","=""6D*""","=""5/2""",6.0,"=""""","=""36.191326""","=""+x""","=""""",,"=""008002.000282""","=""""",
O II,"=""2s.2p3.(5S*).3d""","=""6D*""","=""3/2""",4.0,"=""""","=""36.191472""","=""+x""","=""""",,"=""008002.000283""","=""""",
O II,"=""2s.2p3.(5S*).3d""","=""6D*""","=""1/2""",2.0,"=""""","=""36.191571""","=""+x""","=""""",,"=""008002.000284""","=""""",
O II,"=""2s.2p3.(5S*).4s""","=""6S*""","=""5/2""",6.0,"=""""","=""37.053303""","=""+x""","=""""",,"=""008002.000285""","=""""",
O II,"=""O III (2p2 1D<2>)""","=""Limit""","=""---""",,"=""""","=""37.63468""","=""""","=""""",,"=""008002.Lim004""","=""""",
O II,"=""O III (2p2 1S<0>)""","=""Limit""","=""---""",,"=""""","=""40.47546""","=""""","=""""",,"=""008002.Lim005""","=""""",
F I,"=""2s2.2p5""","=""2P*""","=""3/2""",4.0,"=""""","=""0.0000000""","=""""","=""0""",,"=""009001.000001""","=""L3462""",
F I,"=""2s2.2p5""","=""2P*""","=""1/2""",2.0,"=""""","=""0.05010710""","=""""","=""0.00000025""",,"=""009001.000002""","=""L5746""",
F I,"=""2s2.2p4.(3P).3s""","=""4P""","=""5/2""",6.0,"=""""","=""12.696690""","=""""","=""""",,"=""009001.000003""","=""""",
F I,"=""2s2.2p4.(3P).3s""","=""4P""","=""3/2""",4.0,"=""""","=""12.730752""","=""""","=""""",,"=""009001.000004""","=""""",
F I,"=""2s2.2p4.(3P).3s""","=""4P""","=""1/2""",2.0,"=""""","=""12.750582""","=""""","=""""",,"=""009001.000005""","=""""",
F I,"=""2s2.2p4.(3P).3s""","=""2P""","=""3/2""",4.0,"=""""","=""12.984995""","=""""","=""""",,"=""009001.000006""","=""""",
F I,"=""2s2.2p4.(3P).3s""","=""2P""","=""1/2""",2.0,"=""""","=""13.025319""","=""""","=""""",,"=""009001.000007""","=""""",
F I,"=""2s2.2p4.(3P).3p""","=""4P*""","=""5/2""",6.0,"=""""","=""14.371989""","=""""","=""""",,"=""009001.000008""","=""""",
F I,"=""2s2.2p4.(3P).3p""","=""4P*""","=""3/2""",4.0,"=""""","=""14.387235""","=""""","=""""",,"=""009001.000009""","=""""",
F I,"=""2s2.2p4.(3P).3p""","=""4P*""","=""1/2""",2.0,"=""""","=""14.399969""","=""""","=""""",,"=""009001.000010""","=""""",
F I,"=""2s2.2p4.(3P).3p""","=""4D*""","=""7/2""",8.0,"=""""","=""14.504588""","=""""","=""""",,"=""009001.000011""","=""""",
F I,"=""2s2.2p4.(3P).3p""","=""4D*""","=""5/2""",6.0,"=""""","=""14.526486""","=""""","=""""",,"=""009001.000012""","=""""",
F I,"=""2s2.2p4.(3P).3p""","=""4D*""","=""3/2""",4.0,"=""""","=""14.544408""","=""""","=""""",,"=""009001.000013""","=""""",
F I,"=""2s2.2p4.(3P).3p""","=""4D*""","=""1/2""",2.0,"=""""","=""14.554747""","=""""","=""""",,"=""009001.000014""","=""""",
F I,"=""2s2.2p4.(3P).3p""","=""2D*""","=""5/2""",6.0,"=""""","=""14.583383""","=""""","=""""",,"=""009001.000015""","=""""",
F I,"=""2s2.2p4.(3P).3p""","=""2D*""","=""3/2""",4.0,"=""""","=""14.614380""","=""""","=""""",,"=""009001.000016""","=""""",
F I,"=""2s2.2p4.(3P).3p""","=""2S*""","=""1/2""",2.0,"=""""","=""14.680382""","=""""","=""""",,"=""009001.000017""","=""""",
F I,"=""2s2.2p4.(3P).3p""","=""4S*""","=""3/2""",4.0,"=""""","=""14.683178""","=""""","=""""",,"=""009001.000018""","=""""",
F I,"=""2s2.2p4.(3P).3p""","=""2P*""","=""3/2""",4.0,"=""""","=""14.746284""","=""""","=""""",,"=""009001.000019""","=""""",
F I,"=""2s2.2p4.(3P).3p""","=""2P*""","=""1/2""",2.0,"=""""","=""14.764264""","=""""","=""""",,"=""009001.000020""","=""""",
F I,"=""2s2.2p4.(1D).3s""","=""2D""","=""5/2""",6.0,"=""""","=""15.3641547""","=""""","=""""",,"=""009001.000021""","=""L484,L7481,L15138""",
F I,"=""2s2.2p4.(1D).3s""","=""2D""","=""3/2""",4.0,"=""""","=""15.3642647""","=""""","=""""",,"=""009001.000022""","=""L484,L7481,L477,L15138""",
F I,"=""2s2.2p4.(3P).4s""","=""4P""","=""5/2""",6.0,"=""""","=""15.577088""","=""""","=""""",,"=""009001.000023""","=""""",
F I,"=""2s2.2p4.(3P).4s""","=""4P""","=""3/2""",4.0,"=""""","=""15.606794""","=""""","=""""",,"=""009001.000024""","=""""",
F I,"=""2s2.2p4.(3P).4s""","=""4P""","=""1/2""",2.0,"=""""","=""15.630344""","=""""","=""""",,"=""009001.000025""","=""""",
F I,"=""2s2.2p4.(3P).4s""","=""2P""","=""3/2""",4.0,"=""""","=""15.657044""","=""""","=""""",,"=""009001.000026""","=""""",
F I,"=""2s2.2p4.(3P).4s""","=""2P""","=""1/2""",2.0,"=""""","=""15.694066""","=""""","=""""",,"=""009001.000027""","=""""",
F I,"=""2s2.2p4.(3P).3d""","=""4D""","=""7/2""",8.0,"=""""","=""15.877925""","=""""","=""""",,"=""009001.000028""","=""""",
F I,"=""2s2.2p4.(3P).3d""","=""4D""","=""5/2""",6.0,"=""""","=""15.880867""","=""""","=""""",,"=""009001.000029""","=""""",
F I,"=""2s2.2p4.(3P).3d""","=""4D""","=""3/2""",4.0,"=""""","=""15.885193""","=""""","=""""",,"=""009001.000030""","=""""",
F I,"=""2s2.2p4.(3P).3d""","=""4D""","=""1/2""",2.0,"=""""","=""15.892913""","=""""","=""""",,"=""009001.000032""","=""""",
F I,"=""2s2.2p4.(3P).3d""","=""2D""","=""5/2""",6.0,"=""""","=""15.887395""","=""""","=""""",,"=""009001.000031""","=""""",
F I,"=""2s2.2p4.(3P).3d""","=""2D""","=""3/2""",4.0,"=""""","=""15.897233""","=""""","=""""",,"=""009001.000034""","=""""",
F I,"=""2s2.2p4.(3P).3d""","=""4F""","=""9/2""",10.0,"=""""","=""15.897146""","=""""","=""""",,"=""009001.000033""","=""""",
F I,"=""2s2.2p4.(3P).3d""","=""4F""","=""7/2""",8.0,"=""""","=""15.933798""","=""""","=""""",,"=""009001.000037""","=""""",
F I,"=""2s2.2p4.(3P).3d""","=""4F""","=""5/2""",6.0,"=""""","=""15.935112""","=""""","=""""",,"=""009001.000040""","=""""",
F I,"=""2s2.2p4.(3P).3d""","=""4F""","=""3/2""",4.0,"=""""","=""15.945846""","=""""","=""""",,"=""009001.000042""","=""""",
F I,"=""2s2.2p4.(3P).3d""","=""2F""","=""7/2""",8.0,"=""""","=""15.897299""","=""""","=""""",,"=""009001.000035""","=""""",
F I,"=""2s2.2p4.(3P).3d""","=""2F""","=""5/2""",6.0,"=""""","=""15.956505""","=""""","=""""",,"=""009001.000043""","=""""",
F I,"=""2s2.2p4.(3P).3d""","=""4P""","=""1/2""",2.0,"=""""","=""15.911973""","=""""","=""""",,"=""009001.000036""","=""""",
F I,"=""2s2.2p4.(3P).3d""","=""4P""","=""3/2""",4.0,"=""""","=""15.934856""","=""""","=""""",,"=""009001.000039""","=""""",
F I,"=""2s2.2p4.(3P).3d""","=""4P""","=""5/2""",6.0,"=""""","=""15.945123""","=""""","=""""",,"=""009001.000041""","=""""",
F I,"=""2s2.2p4.(3P).3d""","=""2P""","=""1/2""",2.0,"=""""","=""15.934476""","=""""","=""""",,"=""009001.000038""","=""""",
F I,"=""2s2.2p4.(3P).3d""","=""2P""","=""3/2""",4.0,"=""""","=""15.958291""","=""""","=""""",,"=""009001.000044""","=""""",
F I,"=""2s2.2p4.(3P).4p""","=""4P*""","=""5/2""",6.0,"=""""","=""16.041306""","=""""","=""""",,"=""009001.000045""","=""""",
F I,"=""2s2.2p4.(3P).4p""","=""4P*""","=""3/2""",4.0,"=""""","=""16.054052""","=""""","=""""",,"=""009001.000046""","=""""",
F I,"=""2s2.2p4.(3P).4p""","=""4P*""","=""1/2""",2.0,"=""""","=""16.069229""","=""""","=""""",,"=""009001.000047""","=""""",
F I,"=""2s2.2p4.(3P).4p""","=""4D*""","=""7/2""",8.0,"=""""","=""16.075729""","=""""","=""""",,"=""009001.000048""","=""""",
F I,"=""2s2.2p4.(3P).4p""","=""4D*""","=""5/2""",6.0,"=""""","=""16.089780""","=""""","=""""",,"=""009001.000049""","=""""",
F I,"=""2s2.2p4.(3P).4p""","=""4D*""","=""3/2""",4.0,"=""""","=""16.110176""","=""""","=""""",,"=""009001.000050""","=""""",
F I,"=""2s2.2p4.(3P).4p""","=""4D*""","=""1/2""",2.0,"=""""","=""16.125310""","=""""","=""""",,"=""009001.000052""","=""""",
F I,"=""2s2.2p4.(3P).4p""","=""2D*""","=""5/2""",6.0,"=""""","=""16.119942""","=""""","=""""",,"=""009001.000051""","=""""",
F I,"=""2s2.2p4.(3P).4p""","=""2D*""","=""3/2""",4.0,"=""""","=""16.135508""","=""""","=""""",,"=""009001.000053""","=""""",
F I,"=""2s2.2p4.(3P).4p""","=""2S*""","=""1/2""",2.0,"=""""","=""16.136428""","=""""","=""""",,"=""009001.000054""","=""""",
F I,"=""2s2.2p4.(3P).4p""","=""4S*""","=""3/2""",4.0,"=""""","=""16.145361""","=""""","=""""",,"=""009001.000055""","=""""",
F I,"=""2s2.2p4.(3P).4p""","=""2P*""","=""3/2""",4.0,"=""""","=""16.164423""","=""""","=""""",,"=""009001.000056""","=""""",
F I,"=""2s2.2p4.(3P).4p""","=""2P*""","=""1/2""",2.0,"=""""","=""16.178689""","=""""","=""""",,"=""009001.000057""","=""""",
F I,"=""2s2.2p4.(3P).5s""","=""4P""","=""5/2""",6.0,"=""""","=""16.439747""","=""""","=""""",,"=""009001.000058""","=""""",
F I,"=""2s2.2p4.(3P).5s""","=""4P""","=""3/2""",4.0,"=""""","=""16.458279""","=""""","=""""",,"=""009001.000059""","=""""",
F I,"=""2s2.2p4.(3P).5s""","=""4P""","=""1/2""",2.0,"=""""","=""16.491030""","=""""","=""""",,"=""009001.000061""","=""""",
F I,"=""2s2.2p4.(3P).5s""","=""2P""","=""3/2""",4.0,"=""""","=""16.489698""","=""""","=""""",,"=""009001.000060""","=""""",
F I,"=""2s2.2p4.(3P).5s""","=""2P""","=""1/2""",2.0,"=""""","=""16.517578""","=""""","=""""",,"=""009001.000062""","=""""",
F I,"=""2s2.2p4.(3P).4d""","=""4D""","=""7/2""",8.0,"=""""","=""16.557413""","=""""","=""""",,"=""009001.000063""","=""""",
F I,"=""2s2.2p4.(3P).4d""","=""4D""","=""5/2""",6.0,"=""""","=""16.559011""","=""""","=""""",,"=""009001.000064""","=""""",
F I,"=""2s2.2p4.(3P).4d""","=""4D""","=""3/2""",4.0,"=""""","=""16.561487""","=""""","=""""",,"=""009001.000065""","=""""",
F I,"=""2s2.2p4.(3P).4d""","=""4D""","=""1/2""",2.0,"=""""","=""16.565952""","=""""","=""""",,"=""009001.000069""","=""""",
F I,"=""2s2.2p4.(3P).4d""","=""2D""","=""5/2""",6.0,"=""""","=""16.562252""","=""""","=""""",,"=""009001.000066""","=""""",
F I,"=""2s2.2p4.(3P).4d""","=""2D""","=""3/2""",4.0,"=""""","=""16.567246""","=""""","=""""",,"=""009001.000070""","=""""",
F I,"=""2s2.2p4.(3P).4d""","=""4F""","=""9/2""",10.0,"=""""","=""16.564984""","=""""","=""""",,"=""009001.000067""","=""""",
F I,"=""2s2.2p4.(3P).4d""","=""4F""","=""7/2""",8.0,"=""""","=""16.604344""","=""""","=""""",,"=""009001.000074""","=""""",
F I,"=""2s2.2p4.(3P).4d""","=""4F""","=""5/2""",6.0,"=""""","=""16.605428""","=""""","=""""",,"=""009001.000075""","=""""",
F I,"=""2s2.2p4.(3P).4d""","=""4F""","=""3/2""",4.0,"=""""","=""16.610334""","=""""","=""""",,"=""009001.000077""","=""""",
F I,"=""2s2.2p4.(3P).4d""","=""2F""","=""7/2""",8.0,"=""""","=""16.565096""","=""""","=""""",,"=""009001.000068""","=""""",
F I,"=""2s2.2p4.(3P).4d""","=""2F""","=""5/2""",6.0,"=""""","=""16.624390""","=""""","=""""",,"=""009001.000078""","=""""",
F I,"=""2s2.2p4.(3P).4d""","=""4P""","=""1/2""",2.0,"=""""","=""16.571619""","=""""","=""""",,"=""009001.000071""","=""""",
F I,"=""2s2.2p4.(3P).4d""","=""4P""","=""3/2""",4.0,"=""""","=""16.603901""","=""""","=""""",,"=""009001.000073""","=""""",
F I,"=""2s2.2p4.(3P).4d""","=""4P""","=""5/2""",6.0,"=""""","=""16.609627""","=""""","=""""",,"=""009001.000076""","=""""",
F I,"=""2s2.2p4.(3P).4d""","=""2P""","=""1/2""",2.0,"=""""","=""16.602772""","=""""","=""""",,"=""009001.000072""","=""""",
F I,"=""2s2.2p4.(3P).4d""","=""2P""","=""3/2""",4.0,"=""""","=""16.625200""","=""""","=""""",,"=""009001.000079""","=""""",
F I,"=""2s2.2p4.(3P).5p""","=""4D*""","=""7/2""",8.0,"=""""","=""16.645708""","=""""","=""""",,"=""009001.000080""","=""""",
F I,"=""2s2.2p4.(3P).6s""","=""4P""","=""5/2""",6.0,"=""""","=""16.812735""","=""""","=""""",,"=""009001.000081""","=""""",
F I,"=""2s2.2p4.(3P).6s""","=""4P""","=""3/2""",4.0,"=""""","=""16.822829""","=""""","=""""",,"=""009001.000082""","=""""",
F I,"=""2s2.2p4.(3P).6s""","=""4P""","=""1/2""",2.0,"=""""","=""16.861265""","=""""","=""""",,"=""009001.000084""","=""""",
F I,"=""2s2.2p4.(3P).6s""","=""2P""","=""3/2""",4.0,"=""""","=""16.857684""","=""""","=""""",,"=""009001.000083""","=""""",
F I,"=""2s2.2p4.(3P).6s""","=""2P""","=""1/2""",2.0,"=""""","=""16.880599""","=""""","=""""",,"=""009001.000094""","=""""",
F I,"=""2s2.2p4.(3P).5d""","=""4D""","=""7/2""",8.0,"=""""","=""16.870639""","=""""","=""""",,"=""009001.000085""","=""""",
F I,"=""2s2.2p4.(3P).5d""","=""4D""","=""5/2""",6.0,"=""""","=""16.871552""","=""""","=""""",,"=""009001.000086""","=""""",
F I,"=""2s2.2p4.(3P).5d""","=""4D""","=""3/2""",4.0,"=""""","=""16.872990""","=""""","=""""",,"=""009001.000087""","=""""",
F I,"=""2s2.2p4.(3P).5d""","=""4D""","=""1/2""",2.0,"=""""","=""16.875419""","=""""","=""""",,"=""009001.000091""","=""""",
F I,"=""2s2.2p4.(3P).5d""","=""2D""","=""5/2""",6.0,"=""""","=""16.873287""","=""""","=""""",,"=""009001.000088""","=""""",
F I,"=""2s2.2p4.(3P).5d""","=""2D""","=""3/2""",4.0,"=""""","=""16.875962""","=""""","=""""",,"=""009001.000092""","=""""",
F I,"=""2s2.2p4.(3P).5d""","=""4F""","=""9/2""",10.0,"=""""","=""16.874381""","=""""","=""""",,"=""009001.000089""","=""""",
F I,"=""2s2.2p4.(3P).5d""","=""4F""","=""7/2""",8.0,"=""""","=""16.915056""","=""""","=""""",,"=""009001.000097""","=""""",
F I,"=""2s2.2p4.(3P).5d""","=""4F""","=""5/2""",6.0,"=""""","=""16.915766""","=""""","=""""",,"=""009001.000098""","=""""",
F I,"=""2s2.2p4.(3P).5d""","=""4F""","=""3/2""",4.0,"=""""","=""16.918274""","=""""","=""""",,"=""009001.000100""","=""""",
F I,"=""2s2.2p4.(3P).5d""","=""2F""","=""7/2""",8.0,"=""""","=""16.874454""","=""""","=""""",,"=""009001.000090""","=""""",
F I,"=""2s2.2p4.(3P).5d""","=""2F""","=""5/2""",6.0,"=""""","=""16.934314""","=""""","=""""",,"=""009001.000101""","=""""",
F I,"=""2s2.2p4.(3P).5d""","=""4P""","=""1/2""",2.0,"=""""","=""16.877262""","=""""","=""""",,"=""009001.000093""","=""""",
F I,"=""2s2.2p4.(3P).5d""","=""4P""","=""3/2""",4.0,"=""""","=""16.914767""","=""""","=""""",,"=""009001.000096""","=""""",
F I,"=""2s2.2p4.(3P).5d""","=""4P""","=""5/2""",6.0,"=""""","=""16.917829""","=""""","=""""",,"=""009001.000099""","=""""",
F I,"=""2s2.2p4.(3P).5d""","=""2P""","=""1/2""",2.0,"=""""","=""16.913932""","=""""","=""""",,"=""009001.000095""","=""""",
F I,"=""2s2.2p4.(3P).5d""","=""2P""","=""3/2""",4.0,"=""""","=""16.934752""","=""""","=""""",,"=""009001.000102""","=""""",
F I,"=""2s2.2p4.(3P).7s""","=""4P""","=""5/2""",6.0,"=""""","=""17.007508""","=""""","=""""",,"=""009001.000103""","=""""",
F I,"=""2s2.2p4.(3P).7s""","=""4P""","=""3/2""",4.0,"=""""","=""17.013383""","=""""","=""""",,"=""009001.000104""","=""""",
F I,"=""2s2.2p4.(3P).6d""","=""4D""","=""7/2""",8.0,"=""""","=""17.040199""","=""""","=""""",,"=""009001.000105""","=""""",
F I,"=""2s2.2p4.(3P).6d""","=""4D""","=""5/2""",6.0,"=""""","=""17.040765""","=""""","=""""",,"=""009001.000106""","=""""",
F I,"=""2s2.2p4.(3P).6d""","=""4D""","=""3/2""",4.0,"=""""","=""17.041623""","=""""","=""""",,"=""009001.000107""","=""""",
F I,"=""2s2.2p4.(3P).6d""","=""2D""","=""5/2""",6.0,"=""""","=""17.041794""","=""""","=""""",,"=""009001.000108""","=""""",
F I,"=""2s2.2p4.(3P).6d""","=""2D""","=""3/2""",4.0,"=""""","=""17.043204""","=""""","=""""",,"=""009001.000111""","=""""",
F I,"=""2s2.2p4.(3P).6d""","=""4F""","=""9/2""",10.0,"=""""","=""17.042332""","=""""","=""""",,"=""009001.000109""","=""""",
F I,"=""2s2.2p4.(3P).6d""","=""4F""","=""7/2""",8.0,"=""""","=""17.083667""","=""""","=""""",,"=""009001.000120""","=""""",
F I,"=""2s2.2p4.(3P).6d""","=""4F""","=""5/2""",6.0,"=""""","=""17.084120""","=""""","=""""",,"=""009001.000121""","=""""",
F I,"=""2s2.2p4.(3P).6d""","=""2F""","=""7/2""",8.0,"=""""","=""17.042374""","=""""","=""""",,"=""009001.000110""","=""""",
F I,"=""2s2.2p4.(3P).6d""","=""2F""","=""5/2""",6.0,"=""""","=""17.102559""","=""""","=""""",,"=""009001.000123""","=""""",
F I,"=""2s2.2p4.(3P<1>).7s""","=""2[1]""","=""3/2""",4.0,"=""""","=""17.05129""","=""""","=""""",,"=""009001.000112""","=""""",
F I,"=""2s2.2p4.(3P<1>).7s""","=""2[1]""","=""1/2""",2.0,"=""""","=""17.05359""","=""""","=""""",,"=""009001.000113""","=""""",
F I,"=""2s2.2p4.(1D).3p""","=""2P*""","=""1/2""",2.0,"=""""","=""17.058685""","=""""","=""""",,"=""009001.000114""","=""""",
F I,"=""2s2.2p4.(1D).3p""","=""2P*""","=""3/2""",4.0,"=""""","=""17.060879""","=""""","=""""",,"=""009001.000117""","=""""",
F I,"=""2s2.2p4.(1D).3p""","=""2F*""","=""5/2""",6.0,"=""""","=""17.0588903""","=""""","=""""",,"=""009001.000115""","=""L484,L7481,L15138""",
F I,"=""2s2.2p4.(1D).3p""","=""2F*""","=""7/2""",8.0,"=""""","=""17.0600023""","=""""","=""""",,"=""009001.000116""","=""L484,L7481,L15138""",
F I,"=""2s2.2p4.(3P<0>).7s""","=""2[0]""","=""1/2""",2.0,"=""""","=""17.07148""","=""""","=""""",,"=""009001.000118""","=""""",
F I,"=""2s2.2p4.(3P).6d""","=""4P""","=""3/2""",4.0,"=""""","=""17.083498""","=""""","=""""",,"=""009001.000119""","=""""",
F I,"=""2s2.2p4.(3P).6d""","=""4P""","=""5/2""",6.0,"=""""","=""17.085283""","=""""","=""""",,"=""009001.000122""","=""""",
F I,"=""2s2.2p4.(3P).8s""","=""4P""","=""5/2""",6.0,"=""""","=""17.121938""","=""""","=""""",,"=""009001.000124""","=""""",
F I,"=""2s2.2p4.(3P<2>).8s""","=""2[2]""","=""3/2""",4.0,"=""""","=""17.12591""","=""""","=""""",,"=""009001.000125""","=""""",
F I,"=""2s2.2p4.(3P).7d""","=""4F""","=""9/2""",10.0,"=""""","=""17.143498""","=""""","=""""",,"=""009001.000126""","=""""",
F I,"=""2s2.2p4.(3P<2>).7d""","=""2[2]""","=""3/2""",4.0,"=""""","=""17.14354""","=""""","=""""",,"=""009001.000128""","=""""",
F I,"=""2s2.2p4.(3P<2>).7d""","=""2[2]""","=""5/2""",6.0,"=""""","=""17.14354""","=""""","=""""",,"=""009001.000129""","=""""",
F I,"=""2s2.2p4.(3P).7d""","=""2F""","=""7/2""",8.0,"=""""","=""17.143543""","=""""","=""""",,"=""009001.000127""","=""""",
F I,"=""2s2.2p4.(3P<2>).7d""","=""2[0]""","=""1/2""",2.0,"=""""","=""17.14452""","=""""","=""""",,"=""009001.000130""","=""""",
F I,"=""2s2.2p4.(3P<1>).8s""","=""2[1]""","=""3/2""",4.0,"=""""","=""17.16513""","=""""","=""""",,"=""009001.000131""","=""""",
F I,"=""2s2.2p4.(3P<1>).8s""","=""2[1]""","=""1/2""",2.0,"=""""","=""17.16722""","=""""","=""""",,"=""009001.000132""","=""""",
F I,"=""2s2.2p4.(3P<0>).8s""","=""2[0]""","=""1/2""",2.0,"=""""","=""17.18442""","=""""","=""""",,"=""009001.000133""","=""""",
F I,"=""2s2.2p4.(3P<1>).7d""","=""2[2]""","=""3/2""",4.0,"=""""","=""17.18575""","=""""","=""""",,"=""009001.000134""","=""""",
F I,"=""2s2.2p4.(3P<1>).7d""","=""2[2]""","=""5/2""",6.0,"=""""","=""17.18575""","=""""","=""""",,"=""009001.000135""","=""""",
F I,"=""2s2.2p4.(1D).3p""","=""2D*""","=""3/2""",4.0,"=""""","=""17.196058""","=""""","=""""",,"=""009001.000136""","=""""",
F I,"=""2s2.2p4.(1D).3p""","=""2D*""","=""5/2""",6.0,"=""""","=""17.197045""","=""""","=""""",,"=""009001.000137""","=""""",
F I,"=""2s2.2p4.(3P<2>).9s""","=""2[2]""","=""3/2""",4.0,"=""""","=""17.19750""","=""""","=""""",,"=""009001.000138""","=""""",
F I,"=""2s2.2p4.(3P<0>).7d""","=""2[2]""","=""3/2""",4.0,"=""""","=""17.20425""","=""""","=""""",,"=""009001.000139""","=""""",
F I,"=""2s2.2p4.(3P<0>).7d""","=""2[2]""","=""5/2""",6.0,"=""""","=""17.20425""","=""""","=""""",,"=""009001.000140""","=""""",
F I,"=""2s2.2p4.(3P).8d""","=""4F""","=""9/2""",10.0,"=""""","=""17.209125""","=""""","=""""",,"=""009001.000141""","=""""",
F I,"=""2s2.2p4.(3P<2>).8d""","=""2[2]""","=""3/2""",4.0,"=""""","=""17.20934""","=""""","=""""",,"=""009001.000142""","=""""",
F I,"=""2s2.2p4.(3P<2>).8d""","=""2[2]""","=""5/2""",6.0,"=""""","=""17.20934""","=""""","=""""",,"=""009001.000143""","=""""",
F I,"=""2s2.2p4.(3P<2>).8d""","=""2[0]""","=""1/2""",2.0,"=""""","=""17.21041""","=""""","=""""",,"=""009001.000144""","=""""",
F I,"=""2s2.2p4.(3P<1>).9s""","=""2[1]""","=""3/2""",4.0,"=""""","=""17.23762""","=""""","=""""",,"=""009001.000145""","=""""",
F I,"=""2s2.2p4.(3P<2>).10s""","=""2[2]""","=""3/2""",4.0,"=""""","=""17.24621""","=""""","=""""",,"=""009001.000146""","=""""",
F I,"=""2s2.2p4.(3P<1>).8d""","=""2[2]""","=""3/2""",4.0,"=""""","=""17.25145""","=""""","=""""",,"=""009001.000147""","=""""",
F I,"=""2s2.2p4.(3P<1>).8d""","=""2[2]""","=""5/2""",6.0,"=""""","=""17.25145""","=""""","=""""",,"=""009001.000148""","=""""",
F I,"=""2s2.2p4.(3P<2>).9d""","=""2[2]""","=""3/2""",4.0,"=""""","=""17.2543""","=""""","=""""",,"=""009001.000149""","=""""",
F I,"=""2s2.2p4.(3P<2>).9d""","=""2[2]""","=""5/2""",6.0,"=""""","=""17.2543""","=""""","=""""",,"=""009001.000150""","=""""",
F I,"=""2s2.2p4.(3P<2>).9d""","=""2[0]""","=""1/2""",2.0,"=""""","=""17.25528""","=""""","=""""",,"=""009001.000151""","=""""",
F I,"=""2s2.2p4.(3P<0>).9s""","=""2[0]""","=""1/2""",2.0,"=""""","=""17.25663""","=""""","=""""",,"=""009001.000152""","=""""",
F I,"=""2s2.2p4.(3P<0>).8d""","=""2[2]""","=""3/2""",4.0,"=""""","=""17.26986""","=""""","=""""",,"=""009001.000153""","=""""",
F I,"=""2s2.2p4.(3P<0>).8d""","=""2[2]""","=""5/2""",6.0,"=""""","=""17.26986""","=""""","=""""",,"=""009001.000154""","=""""",
F I,"=""2s2.2p4.(3P<2>).11s""","=""2[2]""","=""3/2""",4.0,"=""""","=""17.28020""","=""""","=""""",,"=""009001.000155""","=""""",
F I,"=""2s2.2p4.(3P<2>).10d""","=""2[2]""","=""3/2""",4.0,"=""""","=""17.28639""","=""""","=""""",,"=""009001.000156""","=""""",
F I,"=""2s2.2p4.(3P<2>).10d""","=""2[2]""","=""5/2""",6.0,"=""""","=""17.28639""","=""""","=""""",,"=""009001.000157""","=""""",
F I,"=""2s2.2p4.(3P<2>).10d""","=""2[0]""","=""1/2""",2.0,"=""""","=""17.28653""","=""""","=""""",,"=""009001.000158""","=""""",
F I,"=""2s2.2p4.(3P<1>).9d""","=""2[2]""","=""3/2""",4.0,"=""""","=""17.29647""","=""""","=""""",,"=""009001.000159""","=""""",
F I,"=""2s2.2p4.(3P<1>).9d""","=""2[2]""","=""5/2""",6.0,"=""""","=""17.29647""","=""""","=""""",,"=""009001.000160""","=""""",
F I,"=""2s2.2p4.(3P<2>).12s""","=""2[2]""","=""3/2""",4.0,"=""""","=""17.30492""","=""""","=""""",,"=""009001.000161""","=""""",
F I,"=""2s2.2p4.(3P<0>).10s""","=""2[0]""","=""1/2""",2.0,"=""""","=""17.30554""","=""""","=""""",,"=""009001.000162""","=""""",
F I,"=""2s2.2p4.(3P<2>).11d""","=""2[2]""","=""3/2""",4.0,"=""""","=""17.31017""","=""""","=""""",,"=""009001.000163""","=""""",
F I,"=""2s2.2p4.(3P<2>).11d""","=""2[2]""","=""5/2""",6.0,"=""""","=""17.31017""","=""""","=""""",,"=""009001.000164""","=""""",
F I,"=""2s2.2p4.(3P<0>).9d""","=""2[2]""","=""3/2""",4.0,"=""""","=""17.31474""","=""""","=""""",,"=""009001.000165""","=""""",
F I,"=""2s2.2p4.(3P<0>).9d""","=""2[2]""","=""5/2""",6.0,"=""""","=""17.31474""","=""""","=""""",,"=""009001.000166""","=""""",
F I,"=""2s2.2p4.(3P<2>).13s""","=""2[2]""","=""3/2""",4.0,"=""""","=""17.32465""","=""""","=""""",,"=""009001.000167""","=""""",
F I,"=""2s2.2p4.(3P<2>).12d""","=""2[2]""","=""3/2""",4.0,"=""""","=""17.32825""","=""""","=""""",,"=""009001.000168""","=""""",
F I,"=""2s2.2p4.(3P<2>).12d""","=""2[2]""","=""5/2""",6.0,"=""""","=""17.32825""","=""""","=""""",,"=""009001.000169""","=""""",
F I,"=""2s2.2p4.(3P<1>).10d""","=""2[2]""","=""3/2""",4.0,"=""""","=""17.32835""","=""""","=""""",,"=""009001.000170""","=""""",
F I,"=""2s2.2p4.(3P<1>).10d""","=""2[2]""","=""5/2""",6.0,"=""""","=""17.32835""","=""""","=""""",,"=""009001.000171""","=""""",
F I,"=""2s2.2p4.(3P<2>).14s""","=""2[2]""","=""3/2""",4.0,"=""""","=""17.33943""","=""""","=""""",,"=""009001.000172""","=""""",
F I,"=""2s2.2p4.(3P<0>).11s""","=""2[0]""","=""1/2""",2.0,"=""""","=""17.33943""","=""""","=""""",,"=""009001.000173""","=""""",
F I,"=""2s2.2p4.(3P<2>).13d""","=""2[2]""","=""3/2""",4.0,"=""""","=""17.34219""","=""""","=""""",,"=""009001.000174""","=""""",
F I,"=""2s2.2p4.(3P<2>).13d""","=""2[2]""","=""5/2""",6.0,"=""""","=""17.34219""","=""""","=""""",,"=""009001.000175""","=""""",
F I,"=""2s2.2p4.(3P<0>).10d""","=""2[2]""","=""3/2""",4.0,"=""""","=""17.34683""","=""""","=""""",,"=""009001.000176""","=""""",
F I,"=""2s2.2p4.(3P<0>).10d""","=""2[2]""","=""5/2""",6.0,"=""""","=""17.34683""","=""""","=""""",,"=""009001.000177""","=""""",
F I,"=""2s2.2p4.(3P<2>).15s""","=""2[2]""","=""3/2""",4.0,"=""""","=""17.35124""","=""""","=""""",,"=""009001.000178""","=""""",
F I,"=""2s2.2p4.(3P<1>).11d""","=""2[2]""","=""3/2""",4.0,"=""""","=""17.35215""","=""""","=""""",,"=""009001.000179""","=""""",
F I,"=""2s2.2p4.(3P<1>).11d""","=""2[2]""","=""5/2""",6.0,"=""""","=""17.35215""","=""""","=""""",,"=""009001.000180""","=""""",
F I,"=""2s2.2p4.(3P<2>).14d""","=""2[2]""","=""3/2""",4.0,"=""""","=""17.35321""","=""""","=""""",,"=""009001.000181""","=""""",
F I,"=""2s2.2p4.(3P<2>).14d""","=""2[2]""","=""5/2""",6.0,"=""""","=""17.35321""","=""""","=""""",,"=""009001.000182""","=""""",
F I,"=""2s2.2p4.(3P<2>).16s""","=""2[2]""","=""3/2""",4.0,"=""""","=""17.36070""","=""""","=""""",,"=""009001.000183""","=""""",
F I,"=""2s2.2p4.(3P<2>).15d""","=""2[2]""","=""3/2""",4.0,"=""""","=""17.36220""","=""""","=""""",,"=""009001.000184""","=""""",
F I,"=""2s2.2p4.(3P<2>).15d""","=""2[2]""","=""5/2""",6.0,"=""""","=""17.36220""","=""""","=""""",,"=""009001.000185""","=""""",
F I,"=""2s2.2p4.(3P<0>).12s""","=""2[0]""","=""1/2""",2.0,"=""""","=""17.36551""","=""""","=""""",,"=""009001.000186""","=""""",
F I,"=""2s2.2p4.(3P<2>).17s""","=""2[2]""","=""3/2""",4.0,"=""""","=""17.36839""","=""""","=""""",,"=""009001.000187""","=""""",
F I,"=""2s2.2p4.(3P<2>).16d""","=""2[2]""","=""3/2""",4.0,"=""""","=""17.36953""","=""""","=""""",,"=""009001.000188""","=""""",
F I,"=""2s2.2p4.(3P<2>).16d""","=""2[2]""","=""5/2""",6.0,"=""""","=""17.36953""","=""""","=""""",,"=""009001.000189""","=""""",
F I,"=""2s2.2p4.(3P<1>).12d""","=""2[2]""","=""3/2""",4.0,"=""""","=""17.37031""","=""""","=""""",,"=""009001.000190""","=""""",
F I,"=""2s2.2p4.(3P<1>).12d""","=""2[2]""","=""5/2""",6.0,"=""""","=""17.37031""","=""""","=""""",,"=""009001.000191""","=""""",
F I,"=""2s2.2p4.(3P<0>).11d""","=""2[2]""","=""5/2""",6.0,"=""""","=""17.37067""","=""""","=""""",,"=""009001.000193""","=""""",
F I,"=""2s2.2p4.(3P<0>).11d""","=""2[2]""","=""3/2""",4.0,"=""""","=""17.37067""","=""""","=""""",,"=""009001.000192""","=""""",
F I,"=""2s2.2p4.(3P<2>).18s""","=""2[2]""","=""3/2""",4.0,"=""""","=""17.37471""","=""""","=""""",,"=""009001.000194""","=""""",
F I,"=""2s2.2p4.(3P<2>).17d""","=""2[2]""","=""5/2""",6.0,"=""""","=""17.37573""","=""""","=""""",,"=""009001.000196""","=""""",
F I,"=""2s2.2p4.(3P<2>).17d""","=""2[2]""","=""3/2""",4.0,"=""""","=""17.37573""","=""""","=""""",,"=""009001.000195""","=""""",
F I,"=""2s2.2p4.(3P<2>).18d""","=""2[2]""","=""3/2""",4.0,"=""""","=""17.38077""","=""""","=""""",,"=""009001.000197""","=""""",
F I,"=""2s2.2p4.(3P<2>).18d""","=""2[2]""","=""5/2""",6.0,"=""""","=""17.38077""","=""""","=""""",,"=""009001.000198""","=""""",
F I,"=""2s2.2p4.(3P<1>).13d""","=""2[2]""","=""3/2""",4.0,"=""""","=""17.38447""","=""""","=""""",,"=""009001.000199""","=""""",
F I,"=""2s2.2p4.(3P<1>).13d""","=""2[2]""","=""5/2""",6.0,"=""""","=""17.38447""","=""""","=""""",,"=""009001.000200""","=""""",
F I,"=""2s2.2p4.(3P<2>).19d""","=""2[2]""","=""3/2""",4.0,"=""""","=""17.38509""","=""""","=""""",,"=""009001.000202""","=""""",
F I,"=""2s2.2p4.(3P<2>).19d""","=""2[2]""","=""5/2""",6.0,"=""""","=""17.38509""","=""""","=""""",,"=""009001.000203""","=""""",
F I,"=""2s2.2p4.(3P<0>).13s""","=""2[0]""","=""1/2""",2.0,"=""""","=""17.38509""","=""""","=""""",,"=""009001.000201""","=""""",
F I,"=""2s2.2p4.(3P<2>).20d""","=""2[2]""","=""5/2""",6.0,"=""""","=""17.38892""","=""""","=""""",,"=""009001.000205""","=""""",
F I,"=""2s2.2p4.(3P<2>).20d""","=""2[2]""","=""3/2""",4.0,"=""""","=""17.38892""","=""""","=""""",,"=""009001.000204""","=""""",
F I,"=""2s2.2p4.(3P<0>).12d""","=""2[2]""","=""3/2""",4.0,"=""""","=""17.38892""","=""""","=""""",,"=""009001.000206""","=""""",
F I,"=""2s2.2p4.(3P<0>).12d""","=""2[2]""","=""5/2""",6.0,"=""""","=""17.38892""","=""""","=""""",,"=""009001.000207""","=""""",
F I,"=""2s2.2p4.(3P<2>).21d""","=""2[2]""","=""3/2""",4.0,"=""""","=""17.39209""","=""""","=""""",,"=""009001.000208""","=""""",
F I,"=""2s2.2p4.(3P<2>).21d""","=""2[2]""","=""5/2""",6.0,"=""""","=""17.39209""","=""""","=""""",,"=""009001.000209""","=""""",
F I,"=""2s2.2p4.(3P<2>).22d""","=""2[2]""","=""3/2""",4.0,"=""""","=""17.39475""","=""""","=""""",,"=""009001.000210""","=""""",
F I,"=""2s2.2p4.(3P<2>).22d""","=""2[2]""","=""5/2""",6.0,"=""""","=""17.39475""","=""""","=""""",,"=""009001.000211""","=""""",
F I,"=""2s2.2p4.(3P<1>).14d""","=""2[2]""","=""3/2""",4.0,"=""""","=""17.39545""","=""""","=""""",,"=""009001.000212""","=""""",
F I,"=""2s2.2p4.(3P<1>).14d""","=""2[2]""","=""5/2""",6.0,"=""""","=""17.39545""","=""""","=""""",,"=""009001.000213""","=""""",
F I,"=""2s2.2p4.(3P<0>).14s""","=""2[0]""","=""1/2""",2.0,"=""""","=""17.39948""","=""""","=""""",,"=""009001.000214""","=""""",
F I,"=""2s2.2p4.(3P<0>).13d""","=""2[2]""","=""3/2""",4.0,"=""""","=""17.40298""","=""""","=""""",,"=""009001.000215""","=""""",
F I,"=""2s2.2p4.(3P<0>).13d""","=""2[2]""","=""5/2""",6.0,"=""""","=""17.40298""","=""""","=""""",,"=""009001.000216""","=""""",
F I,"=""2s2.2p4.(3P<1>).15d""","=""2[2]""","=""5/2""",6.0,"=""""","=""17.40458""","=""""","=""""",,"=""009001.000218""","=""""",
F I,"=""2s2.2p4.(3P<1>).15d""","=""2[2]""","=""3/2""",4.0,"=""""","=""17.40458""","=""""","=""""",,"=""009001.000217""","=""""",
F I,"=""2s2.2p4.(3P<0>).15s""","=""2[0]""","=""1/2""",2.0,"=""""","=""17.41149""","=""""","=""""",,"=""009001.000219""","=""""",
F I,"=""2s2.2p4.(3P<1>).16d""","=""2[2]""","=""5/2""",6.0,"=""""","=""17.41157""","=""""","=""""",,"=""009001.000221""","=""""",
F I,"=""2s2.2p4.(3P<1>).16d""","=""2[2]""","=""3/2""",4.0,"=""""","=""17.41157""","=""""","=""""",,"=""009001.000220""","=""""",
F I,"=""2s2.2p4.(3P<0>).14d""","=""2[2]""","=""3/2""",4.0,"=""""","=""17.41457""","=""""","=""""",,"=""009001.000222""","=""""",
F I,"=""2s2.2p4.(3P<0>).14d""","=""2[2]""","=""5/2""",6.0,"=""""","=""17.41457""","=""""","=""""",,"=""009001.000223""","=""""",
F I,"=""2s2.2p4.(3P<1>).17d""","=""2[2]""","=""3/2""",4.0,"=""""","=""17.41801""","=""""","=""""",,"=""009001.000224""","=""""",
F I,"=""2s2.2p4.(3P<1>).17d""","=""2[2]""","=""5/2""",6.0,"=""""","=""17.41801""","=""""","=""""",,"=""009001.000225""","=""""",
F I,"=""F II (2p4 3P<2>)""","=""Limit""","=""---""",,"=""""","=""17.42282""","=""""","=""0.00005""",,"=""009001.Lim001""","=""L7481,L526""",
F I,"=""2s2.2p4.(3P<0>).15d""","=""2[2]""","=""3/2""",4.0,"=""""","=""17.42340""","=""""","=""""",,"=""009001.000227""","=""""",
F I,"=""2s2.2p4.(3P<0>).15d""","=""2[2]""","=""5/2""",6.0,"=""""","=""17.42340""","=""""","=""""",,"=""009001.000228""","=""""",
F I,"=""2s2.2p4.(3P<0>).16d""","=""2[2]""","=""5/2""",6.0,"=""""","=""17.43059""","=""""","=""""",,"=""009001.000230""","=""""",
F I,"=""2s2.2p4.(3P<0>).16d""","=""2[2]""","=""3/2""",4.0,"=""""","=""17.43059""","=""""","=""""",,"=""009001.000229""","=""""",
F I,"=""2s2.2p4.(1D<2>).4s""","=""2[2]""","=""3/2""",4.0,"=""""","=""18.18398""","=""""","=""""",,"=""009001.000231""","=""""",
F I,"=""2s2.2p4.(1D<2>).4s""","=""2[2]""","=""5/2""",6.0,"=""""","=""18.18398""","=""""","=""""",,"=""009001.000232""","=""""",
F I,"=""2s2.2p4.(1S).3s""","=""2S""","=""1/2""",2.0,"=""""","=""18.21427""","=""""","=""""",,"=""009001.000233""","=""""",
F I,"=""2s2.2p4.(1D<2>).3d""","=""2[1]""","=""1/2""",2.0,"=""""","=""18.46617""","=""""","=""""",,"=""009001.000234""","=""""",
F I,"=""2s2.2p4.(1D<2>).3d""","=""2[1]""","=""3/2""",4.0,"=""""","=""18.46617""","=""""","=""""",,"=""009001.000235""","=""""",
F I,"=""2s2.2p4.(1D<2>).3d""","=""2[4]""","=""7/2""",8.0,"=""""","=""18.469704""","=""""","=""""",,"=""009001.000236""","=""""",
F I,"=""2s2.2p4.(1D<2>).3d""","=""2[4]""","=""9/2""",10.0,"=""""","=""18.469705""","=""""","=""""",,"=""009001.000237""","=""""",
F I,"=""2s2.2p4.(1D<2>).3d""","=""2[2]""","=""5/2""",6.0,"=""""","=""18.48935""","=""""","=""""",,"=""009001.000239""","=""""",
F I,"=""2s2.2p4.(1D<2>).3d""","=""2[2]""","=""3/2""",4.0,"=""""","=""18.48935""","=""""","=""""",,"=""009001.000238""","=""""",
F I,"=""2s2.2p4.(1D<2>).3d""","=""2[0]""","=""1/2""",2.0,"=""""","=""18.49641""","=""""","=""""",,"=""009001.000240""","=""""",
F I,"=""2s2.2p4.(1D<2>).3d""","=""2[3]""","=""5/2""",6.0,"=""""","=""18.499267""","=""""","=""""",,"=""009001.000241""","=""""",
F I,"=""2s2.2p4.(1D<2>).3d""","=""2[3]""","=""7/2""",8.0,"=""""","=""18.499283""","=""""","=""""",,"=""009001.000242""","=""""",
F I,"=""2s2.2p4.(1D<2>).5s""","=""2[2]""","=""3/2""",4.0,"=""""","=""19.03512""","=""""","=""""",,"=""009001.000243""","=""""",
F I,"=""2s2.2p4.(1D<2>).5s""","=""2[2]""","=""5/2""",6.0,"=""""","=""19.03512""","=""""","=""""",,"=""009001.000244""","=""""",
F I,"=""2s2.2p4.(1D<2>).4d""","=""2[0]""","=""1/2""",2.0,"=""""","=""19.12710""","=""""","=""""",,"=""009001.000245""","=""""",
F I,"=""2s2.2p4.(1D<2>).4d""","=""2[1]""","=""1/2""",2.0,"=""""","=""19.14552""","=""""","=""""",,"=""009001.000246""","=""""",
F I,"=""2s2.2p4.(1D<2>).4d""","=""2[1]""","=""3/2""",4.0,"=""""","=""19.14552""","=""""","=""""",,"=""009001.000247""","=""""",
F I,"=""2s2.2p4.(1D<2>).4d""","=""2[4]""","=""7/2""",8.0,"=""""","=""19.146432""","=""""","=""""",,"=""009001.000248""","=""""",
F I,"=""2s2.2p4.(1D<2>).4d""","=""2[4]""","=""9/2""",10.0,"=""""","=""19.146433""","=""""","=""""",,"=""009001.000249""","=""""",
F I,"=""2s2.2p4.(1D<2>).4d""","=""2[2]""","=""5/2""",6.0,"=""""","=""19.15514""","=""""","=""""",,"=""009001.000251""","=""""",
F I,"=""2s2.2p4.(1D<2>).4d""","=""2[2]""","=""3/2""",4.0,"=""""","=""19.15514""","=""""","=""""",,"=""009001.000250""","=""""",
F I,"=""2s2.2p4.(1D<2>).4d""","=""2[3]""","=""5/2""",6.0,"=""""","=""19.159557""","=""""","=""""",,"=""009001.000252""","=""""",
F I,"=""2s2.2p4.(1D<2>).4d""","=""2[3]""","=""7/2""",8.0,"=""""","=""19.159578""","=""""","=""""",,"=""009001.000253""","=""""",
F I,"=""2s2.2p4.(1D<2>).6s""","=""2[2]""","=""3/2""",4.0,"=""""","=""19.40433""","=""""","=""""",,"=""009001.000254""","=""""",
F I,"=""2s2.2p4.(1D<2>).6s""","=""2[2]""","=""5/2""",6.0,"=""""","=""19.40433""","=""""","=""""",,"=""009001.000255""","=""""",
F I,"=""2s2.2p4.(1D<2>).5d""","=""2[0]""","=""1/2""",2.0,"=""""","=""19.44682""","=""""","=""""",,"=""009001.000256""","=""""",
F I,"=""2s2.2p4.(1D<2>).5d""","=""2[1]""","=""1/2""",2.0,"=""""","=""19.45885""","=""""","=""""",,"=""009001.000257""","=""""",
F I,"=""2s2.2p4.(1D<2>).5d""","=""2[1]""","=""3/2""",4.0,"=""""","=""19.45885""","=""""","=""""",,"=""009001.000258""","=""""",
F I,"=""2s2.2p4.(1D<2>).5d""","=""2[4]""","=""9/2""",10.0,"=""""","=""19.459119""","=""""","=""""",,"=""009001.000259""","=""""",
F I,"=""2s2.2p4.(1D<2>).5d""","=""2[2]""","=""5/2""",6.0,"=""""","=""19.46370""","=""""","=""""",,"=""009001.000261""","=""""",
F I,"=""2s2.2p4.(1D<2>).5d""","=""2[2]""","=""3/2""",4.0,"=""""","=""19.46370""","=""""","=""""",,"=""009001.000260""","=""""",
F I,"=""2s2.2p4.(1D<2>).7s""","=""2[2]""","=""3/2""",4.0,"=""""","=""19.59755""","=""""","=""""",,"=""009001.000262""","=""""",
F I,"=""2s2.2p4.(1D<2>).7s""","=""2[2]""","=""5/2""",6.0,"=""""","=""19.59755""","=""""","=""""",,"=""009001.000263""","=""""",
F I,"=""2s2.2p4.(1D<2>).6d""","=""2[0]""","=""1/2""",2.0,"=""""","=""19.61583""","=""""","=""""",,"=""009001.000264""","=""""",
F I,"=""2s2.2p4.(1D<2>).6d""","=""2[1]""","=""1/2""",2.0,"=""""","=""19.62838""","=""""","=""""",,"=""009001.000265""","=""""",
F I,"=""2s2.2p4.(1D<2>).6d""","=""2[1]""","=""3/2""",4.0,"=""""","=""19.62838""","=""""","=""""",,"=""009001.000266""","=""""",
F I,"=""2s2.2p4.(1D<2>).6d""","=""2[2]""","=""5/2""",6.0,"=""""","=""19.63106""","=""""","=""""",,"=""009001.000268""","=""""",
F I,"=""2s2.2p4.(1D<2>).6d""","=""2[2]""","=""3/2""",4.0,"=""""","=""19.63106""","=""""","=""""",,"=""009001.000267""","=""""",
F I,"=""2s2.2p4.(1D<2>).8s""","=""2[2]""","=""3/2""",4.0,"=""""","=""19.71122""","=""""","=""""",,"=""009001.000269""","=""""",
F I,"=""2s2.2p4.(1D<2>).8s""","=""2[2]""","=""5/2""",6.0,"=""""","=""19.71122""","=""""","=""""",,"=""009001.000270""","=""""",
F I,"=""2s2.2p4.(1D<2>).7d""","=""2[1]""","=""1/2""",2.0,"=""""","=""19.73036""","=""""","=""""",,"=""009001.000271""","=""""",
F I,"=""2s2.2p4.(1D<2>).7d""","=""2[1]""","=""3/2""",4.0,"=""""","=""19.73036""","=""""","=""""",,"=""009001.000272""","=""""",
F I,"=""2s2.2p4.(1D<2>).7d""","=""2[2]""","=""5/2""",6.0,"=""""","=""19.73209""","=""""","=""""",,"=""009001.000274""","=""""",
F I,"=""2s2.2p4.(1D<2>).7d""","=""2[2]""","=""3/2""",4.0,"=""""","=""19.73209""","=""""","=""""",,"=""009001.000273""","=""""",
F I,"=""2s2.2p4.(1D<2>).9s""","=""2[2]""","=""3/2""",4.0,"=""""","=""19.78348""","=""""","=""""",,"=""009001.000275""","=""""",
F I,"=""2s2.2p4.(1D<2>).9s""","=""2[2]""","=""5/2""",6.0,"=""""","=""19.78348""","=""""","=""""",,"=""009001.000276""","=""""",
F I,"=""2s2.2p4.(1D<2>).8d""","=""2[1]""","=""1/2""",2.0,"=""""","=""19.79673""","=""""","=""""",,"=""009001.000277""","=""""",
F I,"=""2s2.2p4.(1D<2>).8d""","=""2[1]""","=""3/2""",4.0,"=""""","=""19.79673""","=""""","=""""",,"=""009001.000278""","=""""",
F I,"=""2s2.2p4.(1D<2>).8d""","=""2[2]""","=""5/2""",6.0,"=""""","=""19.79766""","=""""","=""""",,"=""009001.000280""","=""""",
F I,"=""2s2.2p4.(1D<2>).8d""","=""2[2]""","=""3/2""",4.0,"=""""","=""19.79766""","=""""","=""""",,"=""009001.000279""","=""""",
F I,"=""2s2.2p4.(1D<2>).10s""","=""2[2]""","=""3/2""",4.0,"=""""","=""19.83252""","=""""","=""""",,"=""009001.000281""","=""""",
F I,"=""2s2.2p4.(1D<2>).10s""","=""2[2]""","=""5/2""",6.0,"=""""","=""19.83252""","=""""","=""""",,"=""009001.000282""","=""""",
F I,"=""2s2.2p4.(1D<2>).9d""","=""2[1]""","=""1/2""",2.0,"=""""","=""19.84203""","=""""","=""""",,"=""009001.000283""","=""""",
F I,"=""2s2.2p4.(1D<2>).9d""","=""2[1]""","=""3/2""",4.0,"=""""","=""19.84203""","=""""","=""""",,"=""009001.000284""","=""""",
F I,"=""2s2.2p4.(1D<2>).11s""","=""2[2]""","=""5/2""",6.0,"=""""","=""19.86748""","=""""","=""""",,"=""009001.000286""","=""""",
F I,"=""2s2.2p4.(1D<2>).11s""","=""2[2]""","=""3/2""",4.0,"=""""","=""19.86748""","=""""","=""""",,"=""009001.000285""","=""""",
F I,"=""2s2.2p4.(1D<2>).10d""","=""2[1]""","=""1/2""",2.0,"=""""","=""19.87399""","=""""","=""""",,"=""009001.000287""","=""""",
F I,"=""2s2.2p4.(1D<2>).10d""","=""2[1]""","=""3/2""",4.0,"=""""","=""19.87399""","=""""","=""""",,"=""009001.000288""","=""""",
F I,"=""2s2.2p4.(1D<2>).12s""","=""2[2]""","=""3/2""",4.0,"=""""","=""19.89298""","=""""","=""""",,"=""009001.000289""","=""""",
F I,"=""2s2.2p4.(1D<2>).12s""","=""2[2]""","=""5/2""",6.0,"=""""","=""19.89298""","=""""","=""""",,"=""009001.000290""","=""""",
F I,"=""2s2.2p4.(1D<2>).11d""","=""2[1]""","=""1/2""",2.0,"=""""","=""19.89790""","=""""","=""""",,"=""009001.000291""","=""""",
F I,"=""2s2.2p4.(1D<2>).11d""","=""2[1]""","=""3/2""",4.0,"=""""","=""19.89790""","=""""","=""""",,"=""009001.000292""","=""""",
F I,"=""2s2.2p4.(1D<2>).13s""","=""2[2]""","=""3/2""",4.0,"=""""","=""19.91220""","=""""","=""""",,"=""009001.000293""","=""""",
F I,"=""2s2.2p4.(1D<2>).13s""","=""2[2]""","=""5/2""",6.0,"=""""","=""19.91220""","=""""","=""""",,"=""009001.000294""","=""""",
F I,"=""2s2.2p4.(1D<2>).12d""","=""2[1]""","=""3/2""",4.0,"=""""","=""19.91599""","=""""","=""""",,"=""009001.000296""","=""""",
F I,"=""2s2.2p4.(1D<2>).12d""","=""2[1]""","=""1/2""",2.0,"=""""","=""19.91599""","=""""","=""""",,"=""009001.000295""","=""""",
F I,"=""2s2.2p4.(1D<2>).14s""","=""2[2]""","=""3/2""",4.0,"=""""","=""19.92704""","=""""","=""""",,"=""009001.000297""","=""""",
F I,"=""2s2.2p4.(1D<2>).14s""","=""2[2]""","=""5/2""",6.0,"=""""","=""19.92704""","=""""","=""""",,"=""009001.000298""","=""""",
F I,"=""2s2.2p4.(1D<2>).13d""","=""2[1]""","=""3/2""",4.0,"=""""","=""19.92973""","=""""","=""""",,"=""009001.000299""","=""""",
F I,"=""2s.2p6""","=""2S""","=""1/2""",2.0,"=""""","=""21.055555""","=""""","=""""",,"=""009001.000300""","=""""",
F I,"=""2s2.2p4.(1S).3d""","=""2D""","=""3/2""",4.0,"=""""","=""21.2013""","=""""","=""""",,"=""009001.000301""","=""""",
F I,"=""2s2.2p4.(1S).3d""","=""2D""","=""5/2""",6.0,"=""""","=""21.2013""","=""""","=""""",,"=""009001.000302""","=""""",
F I,"=""2s.2p5.3s""","=""2P*""","=""3/2""",4.0,"=""""","=""32.3599""","=""""","=""""",,"=""009001.000303""","=""""",
F II,"=""2s2.2p4""","=""3P""","=""2""",5.0,"=""""","=""0.00000""","=""""","=""0""",,"=""009002.000001""","=""L3462""",
F II,"=""2s2.2p4""","=""3P""","=""1""",3.0,"=""""","=""0.04228""","=""""","=""""",,"=""009002.000002""","=""""",
F II,"=""2s2.2p4""","=""3P""","=""0""",1.0,"=""""","=""0.06074""","=""""","=""""",,"=""009002.000003""","=""""",
F II,"=""2s2.2p4""","=""1D""","=""2""",5.0,"=""""","=""2.58797""","=""""","=""""",,"=""009002.000004""","=""""",
F II,"=""2s2.2p4""","=""1S""","=""0""",1.0,"=""""","=""5.56913""","=""""","=""""",,"=""009002.000005""","=""""",
F II,"=""2s.2p5""","=""3P*""","=""2""",5.0,"=""""","=""20.432333""","=""""","=""""",,"=""009002.000006""","=""""",
F II,"=""2s.2p5""","=""3P*""","=""1""",3.0,"=""""","=""20.470617""","=""""","=""""",,"=""009002.000007""","=""""",
F II,"=""2s.2p5""","=""3P*""","=""0""",1.0,"=""""","=""20.492008""","=""""","=""""",,"=""009002.000008""","=""""",
F II,"=""2s2.2p3.(4S*).3s""","=""5S*""","=""2""",5.0,"=""""","=""21.882458""","=""""","=""""",,"=""009002.000009""","=""""",
F II,"=""2s2.2p3.(4S*).3s""","=""3S*""","=""1""",3.0,"=""""","=""22.672296""","=""""","=""""",,"=""009002.000010""","=""""",
F II,"=""2s2.2p3.(4S*).3p""","=""5P""","=""1""",3.0,"=""""","=""25.100520""","=""""","=""""",,"=""009002.000011""","=""""",
F II,"=""2s2.2p3.(4S*).3p""","=""5P""","=""2""",5.0,"=""""","=""25.101926""","=""""","=""""",,"=""009002.000012""","=""""",
F II,"=""2s2.2p3.(4S*).3p""","=""5P""","=""3""",7.0,"=""""","=""25.104353""","=""""","=""""",,"=""009002.000013""","=""""",
F II,"=""2s2.2p3.(4S*).3p""","=""3P""","=""1""",3.0,"=""""","=""25.751403""","=""""","=""""",,"=""009002.000014""","=""""",
F II,"=""2s2.2p3.(4S*).3p""","=""3P""","=""0""",1.0,"=""""","=""25.751771""","=""""","=""""",,"=""009002.000015""","=""""",
F II,"=""2s2.2p3.(4S*).3p""","=""3P""","=""2""",5.0,"=""""","=""25.751988""","=""""","=""""",,"=""009002.000016""","=""""",
F II,"=""2s2.2p3.(2D*).3s""","=""3D*""","=""3""",7.0,"=""""","=""26.268052""","=""""","=""""",,"=""009002.000017""","=""""",
F II,"=""2s2.2p3.(2D*).3s""","=""3D*""","=""2""",5.0,"=""""","=""26.270663""","=""""","=""""",,"=""009002.000018""","=""""",
F II,"=""2s2.2p3.(2D*).3s""","=""3D*""","=""1""",3.0,"=""""","=""26.272284""","=""""","=""""",,"=""009002.000019""","=""""",
F II,"=""2s2.2p3.(2D*).3s""","=""1D*""","=""2""",5.0,"=""""","=""26.665231""","=""""","=""""",,"=""009002.000020""","=""""",
F II,"=""2s2.2p3.(2P*).3s""","=""1P*""","=""1""",3.0,"=""""","=""28.172734""","=""""","=""""",,"=""009002.000021""","=""""",
F II,"=""2s2.2p3.(2P*).3s""","=""3P*""","=""2""",5.0,"=""""","=""28.460586""","=""""","=""""",,"=""009002.000022""","=""""",
F II,"=""2s2.2p3.(2P*).3s""","=""3P*""","=""1""",3.0,"=""""","=""28.460795""","=""""","=""""",,"=""009002.000023""","=""""",
F II,"=""2s2.2p3.(2P*).3s""","=""3P*""","=""0""",1.0,"=""""","=""28.461124""","=""""","=""""",,"=""009002.000024""","=""""",
F II,"=""2s2.2p3.(4S*).3d""","=""5D*""","=""4""",9.0,"=""""","=""28.640060""","=""""","=""""",,"=""009002.000025""","=""""",
F II,"=""2s2.2p3.(4S*).3d""","=""5D*""","=""3""",7.0,"=""""","=""28.640176""","=""""","=""""",,"=""009002.000026""","=""""",
F II,"=""2s2.2p3.(4S*).3d""","=""5D*""","=""2""",5.0,"=""""","=""28.640323""","=""""","=""""",,"=""009002.000027""","=""""",
F II,"=""2s2.2p3.(4S*).3d""","=""5D*""","=""1""",3.0,"=""""","=""28.640448""","=""""","=""""",,"=""009002.000028""","=""""",
F II,"=""2s2.2p3.(4S*).3d""","=""5D*""","=""0""",1.0,"=""""","=""28.640507""","=""""","=""""",,"=""009002.000029""","=""""",
F II,"=""2s2.2p3.(4S*).3d""","=""3D*""","=""1""",3.0,"=""""","=""28.772187""","=""""","=""""",,"=""009002.000030""","=""""",
F II,"=""2s2.2p3.(4S*).3d""","=""3D*""","=""2""",5.0,"=""""","=""28.772289""","=""""","=""""",,"=""009002.000031""","=""""",
F II,"=""2s2.2p3.(4S*).3d""","=""3D*""","=""3""",7.0,"=""""","=""28.772557""","=""""","=""""",,"=""009002.000032""","=""""",
F II,"=""2s2.2p3.(4S*).4s""","=""5S*""","=""2""",5.0,"=""""","=""29.154956""","=""""","=""""",,"=""009002.000033""","=""""",
F II,"=""2s2.2p3.(2D*).3p""","=""1P""","=""1""",3.0,"=""""","=""29.215944""","=""""","=""""",,"=""009002.000034""","=""""",
F II,"=""2s2.2p3.(2D*).3p""","=""3D""","=""1""",3.0,"=""""","=""29.281339""","=""""","=""""",,"=""009002.000035""","=""""",
F II,"=""2s2.2p3.(2D*).3p""","=""3D""","=""2""",5.0,"=""""","=""29.281672""","=""""","=""""",,"=""009002.000036""","=""""",
F II,"=""2s2.2p3.(2D*).3p""","=""3D""","=""3""",7.0,"=""""","=""29.284465""","=""""","=""""",,"=""009002.000037""","=""""",
F II,"=""2s2.2p3.(4S*).4s""","=""3S*""","=""1""",3.0,"=""""","=""29.379399""","=""""","=""""",,"=""009002.000038""","=""""",
F II,"=""2s2.2p3.(2D*).3p""","=""3F""","=""4""",9.0,"=""""","=""29.447196""","=""""","=""""",,"=""009002.000039""","=""""",
F II,"=""2s2.2p3.(2D*).3p""","=""3F""","=""3""",7.0,"=""""","=""29.447268""","=""""","=""""",,"=""009002.000040""","=""""",
F II,"=""2s2.2p3.(2D*).3p""","=""3F""","=""2""",5.0,"=""""","=""29.447353""","=""""","=""""",,"=""009002.000041""","=""""",
F II,"=""2s2.2p3.(2D*).3p""","=""1F""","=""3""",7.0,"=""""","=""29.548333""","=""""","=""""",,"=""009002.000042""","=""""",
F II,"=""2s.2p5""","=""1P*""","=""1""",3.0,"=""""","=""29.707270""","=""""","=""""",,"=""009002.000043""","=""""",
F II,"=""2s2.2p3.(2D*).3p""","=""3P""","=""2""",5.0,"=""""","=""29.767682""","=""""","=""""",,"=""009002.000044""","=""""",
F II,"=""2s2.2p3.(2D*).3p""","=""3P""","=""1""",3.0,"=""""","=""29.775141""","=""""","=""""",,"=""009002.000045""","=""""",
F II,"=""2s2.2p3.(2D*).3p""","=""3P""","=""0""",1.0,"=""""","=""29.778428""","=""""","=""""",,"=""009002.000046""","=""""",
F II,"=""2s2.2p3.(4S*).4p""","=""5P""","=""1""",3.0,"=""""","=""30.185057""","=""""","=""""",,"=""009002.000047""","=""""",
F II,"=""2s2.2p3.(4S*).4p""","=""5P""","=""2""",5.0,"=""""","=""30.185538""","=""""","=""""",,"=""009002.000048""","=""""",
F II,"=""2s2.2p3.(4S*).4p""","=""5P""","=""3""",7.0,"=""""","=""30.186342""","=""""","=""""",,"=""009002.000049""","=""""",
F II,"=""2s2.2p3.(2D*).3p""","=""1D""","=""2""",5.0,"=""""","=""30.535278""","=""""","=""""",,"=""009002.000050""","=""""",
F II,"=""2s2.2p3.(4S*).4p""","=""3P""","=""0""",1.0,"=""""","=""30.581290""","=""""","=""""",,"=""009002.000051""","=""""",
F II,"=""2s2.2p3.(4S*).4p""","=""3P""","=""1""",3.0,"=""""","=""30.582192""","=""""","=""""",,"=""009002.000052""","=""""",
F II,"=""2s2.2p3.(4S*).4p""","=""3P""","=""2""",5.0,"=""""","=""30.584682""","=""""","=""""",,"=""009002.000053""","=""""",
F II,"=""2s2.2p3.(2P*).3p""","=""3S""","=""1""",3.0,"=""""","=""31.406745""","=""""","=""""",,"=""009002.000054""","=""""",
F II,"=""2s2.2p3.(4S*).4d""","=""5D*""","=""4""",9.0,"=""""","=""31.426853""","=""""","=""""",,"=""009002.000055""","=""""",
F II,"=""2s2.2p3.(4S*).4d""","=""5D*""","=""3""",7.0,"=""""","=""31.426929""","=""""","=""""",,"=""009002.000056""","=""""",
F II,"=""2s2.2p3.(4S*).4d""","=""5D*""","=""2""",5.0,"=""""","=""31.427014""","=""""","=""""",,"=""009002.000057""","=""""",
F II,"=""2s2.2p3.(4S*).4d""","=""5D*""","=""1""",3.0,"=""""","=""31.427014""","=""""","=""""",,"=""009002.000058""","=""""",
F II,"=""2s2.2p3.(4S*).4d""","=""5D*""","=""0""",1.0,"=""""","=""31.427014""","=""""","=""""",,"=""009002.000059""","=""""",
F II,"=""2s2.2p3.(4S*).4d""","=""3D*""","=""1""",3.0,"=""""","=""31.493825""","=""""","=""""",,"=""009002.000060""","=""""",
F II,"=""2s2.2p3.(4S*).4d""","=""3D*""","=""2""",5.0,"=""""","=""31.493896""","=""""","=""""",,"=""009002.000061""","=""""",
F II,"=""2s2.2p3.(4S*).4d""","=""3D*""","=""3""",7.0,"=""""","=""31.494030""","=""""","=""""",,"=""009002.000062""","=""""",
F II,"=""2s2.2p3.(4S*).4f""","=""5F""","=""5""",11.0,"=""""","=""31.559105""","=""""","=""""",,"=""009002.000063""","=""""",
F II,"=""2s2.2p3.(4S*).4f""","=""5F""","=""4""",9.0,"=""""","=""31.559113""","=""""","=""""",,"=""009002.000064""","=""""",
F II,"=""2s2.2p3.(4S*).4f""","=""5F""","=""2""",5.0,"=""""","=""31.559118""","=""""","=""""",,"=""009002.000065""","=""""",
F II,"=""2s2.2p3.(4S*).4f""","=""5F""","=""3""",7.0,"=""""","=""31.559119""","=""""","=""""",,"=""009002.000066""","=""""",
F II,"=""2s2.2p3.(4S*).4f""","=""5F""","=""1""",3.0,"=""""","=""31.559129""","=""""","=""""",,"=""009002.000067""","=""""",
F II,"=""2s2.2p3.(4S*).4f""","=""3F""","=""4""",9.0,"=""""","=""31.559698""","=""""","=""""",,"=""009002.000068""","=""""",
F II,"=""2s2.2p3.(4S*).4f""","=""3F""","=""3""",7.0,"=""""","=""31.559723""","=""""","=""""",,"=""009002.000069""","=""""",
F II,"=""2s2.2p3.(4S*).4f""","=""3F""","=""2""",5.0,"=""""","=""31.559743""","=""""","=""""",,"=""009002.000070""","=""""",
F II,"=""2s2.2p3.(2P*).3p""","=""3D""","=""3""",7.0,"=""""","=""31.578976""","=""""","=""""",,"=""009002.000071""","=""""",
F II,"=""2s2.2p3.(2P*).3p""","=""3D""","=""2""",5.0,"=""""","=""31.580843""","=""""","=""""",,"=""009002.000072""","=""""",
F II,"=""2s2.2p3.(2P*).3p""","=""3D""","=""1""",3.0,"=""""","=""31.581662""","=""""","=""""",,"=""009002.000073""","=""""",
F II,"=""2s2.2p3.(4S*).5s""","=""5S*""","=""2""",5.0,"=""""","=""31.677789""","=""""","=""""",,"=""009002.000074""","=""""",
F II,"=""2s2.2p3.(2P*).3p""","=""1P""","=""1""",3.0,"=""""","=""31.691135""","=""""","=""""",,"=""009002.000075""","=""""",
F II,"=""2s2.2p3.(4S*).5s""","=""3S*""","=""1""",3.0,"=""""","=""31.772496""","=""""","=""""",,"=""009002.000076""","=""""",
F II,"=""2s2.2p3.(2P*).3p""","=""3P""","=""0""",1.0,"=""""","=""31.895287""","=""""","=""""",,"=""009002.000077""","=""""",
F II,"=""2s2.2p3.(2P*).3p""","=""3P""","=""1""",3.0,"=""""","=""31.897080""","=""""","=""""",,"=""009002.000078""","=""""",
F II,"=""2s2.2p3.(2P*).3p""","=""3P""","=""2""",5.0,"=""""","=""31.899999""","=""""","=""""",,"=""009002.000079""","=""""",
F II,"=""2s2.2p3.(2P*).3p""","=""1D""","=""2""",5.0,"=""""","=""32.103242""","=""""","=""""",,"=""009002.000080""","=""""",
F II,"=""2s2.2p3.(4S*).5p""","=""5P""","=""1""",3.0,"=""""","=""32.134179""","=""""","=""""",,"=""009002.000081""","=""""",
F II,"=""2s2.2p3.(4S*).5p""","=""5P""","=""2""",5.0,"=""""","=""32.134406""","=""""","=""""",,"=""009002.000082""","=""""",
F II,"=""2s2.2p3.(4S*).5p""","=""5P""","=""3""",7.0,"=""""","=""32.134771""","=""""","=""""",,"=""009002.000083""","=""""",
F II,"=""2s2.2p3.(4S*).5p""","=""3P""","=""2""",5.0,"=""""","=""32.297483""","=""""","=""""",,"=""009002.000084""","=""""",
F II,"=""2s2.2p3.(4S*).5p""","=""3P""","=""1""",3.0,"=""""","=""32.299391""","=""""","=""""",,"=""009002.000085""","=""""",
F II,"=""2s2.2p3.(4S*).5p""","=""3P""","=""0""",1.0,"=""""","=""32.300438""","=""""","=""""",,"=""009002.000086""","=""""",
F II,"=""2s2.2p3.(4S*).5d""","=""5D*""","=""4""",9.0,"=""""","=""32.716247""","=""""","=""""",,"=""009002.000087""","=""""",
F II,"=""2s2.2p3.(4S*).5d""","=""5D*""","=""3""",7.0,"=""""","=""32.716289""","=""""","=""""",,"=""009002.000088""","=""""",
F II,"=""2s2.2p3.(4S*).5d""","=""5D*""","=""2""",5.0,"=""""","=""32.716289""","=""""","=""""",,"=""009002.000089""","=""""",
F II,"=""2s2.2p3.(4S*).5d""","=""5D*""","=""1""",3.0,"=""""","=""32.71632""","=""""","=""""",,"=""009002.000090""","=""""",
F II,"=""2s2.2p3.(4S*).5d""","=""5D*""","=""0""",1.0,"=""""","=""32.71632""","=""""","=""""",,"=""009002.000091""","=""""",
F II,"=""2s2.2p3.(4S*).5d""","=""3D*""","=""3""",7.0,"=""""","=""32.740832""","=""""","=""""",,"=""009002.000092""","=""""",
F II,"=""2s2.2p3.(4S*).5d""","=""3D*""","=""2""",5.0,"=""""","=""32.741171""","=""""","=""""",,"=""009002.000093""","=""""",
F II,"=""2s2.2p3.(4S*).5d""","=""3D*""","=""1""",3.0,"=""""","=""32.741457""","=""""","=""""",,"=""009002.000094""","=""""",
F II,"=""2s2.2p3.(4S*).5f""","=""5F""","=""5""",11.0,"=""""","=""32.787745""","=""""","=""""",,"=""009002.000095""","=""""",
F II,"=""2s2.2p3.(4S*).5f""","=""5F""","=""4""",9.0,"=""""","=""32.787745""","=""""","=""""",,"=""009002.000096""","=""""",
F II,"=""2s2.2p3.(4S*).5f""","=""5F""","=""3""",7.0,"=""""","=""32.787758""","=""""","=""""",,"=""009002.000097""","=""""",
F II,"=""2s2.2p3.(4S*).5f""","=""5F""","=""2""",5.0,"=""""","=""32.787758""","=""""","=""""",,"=""009002.000098""","=""""",
F II,"=""2s2.2p3.(4S*).5f""","=""5F""","=""1""",3.0,"=""""","=""32.787758""","=""""","=""""",,"=""009002.000099""","=""""",
F II,"=""2s2.2p3.(4S*).5f""","=""3F""","=""4""",9.0,"=""""","=""32.788360""","=""""","=""""",,"=""009002.000100""","=""""",
F II,"=""2s2.2p3.(4S*).5f""","=""3F""","=""3""",7.0,"=""""","=""32.788389""","=""""","=""""",,"=""009002.000101""","=""""",
F II,"=""2s2.2p3.(4S*).5f""","=""3F""","=""2""",5.0,"=""""","=""32.788389""","=""""","=""""",,"=""009002.000102""","=""""",
F II,"=""2s2.2p3.(4S*).5g""","=""5G*""","=""2""",5.0,"=""""","=""32.792697""","=""""","=""""",,"=""009002.000103""","=""""",
F II,"=""2s2.2p3.(4S*).5g""","=""5G*""","=""3""",7.0,"=""""","=""32.792697""","=""""","=""""",,"=""009002.000104""","=""""",
F II,"=""2s2.2p3.(4S*).5g""","=""5G*""","=""4""",9.0,"=""""","=""32.792697""","=""""","=""""",,"=""009002.000105""","=""""",
F II,"=""2s2.2p3.(4S*).5g""","=""5G*""","=""5""",11.0,"=""""","=""32.792697""","=""""","=""""",,"=""009002.000106""","=""""",
F II,"=""2s2.2p3.(4S*).5g""","=""5G*""","=""6""",13.0,"=""""","=""32.792697""","=""""","=""""",,"=""009002.000107""","=""""",
F II,"=""2s2.2p3.(4S*).5g""","=""3G*""","=""3""",7.0,"=""""","=""32.792706""","=""""","=""""",,"=""009002.000108""","=""""",
F II,"=""2s2.2p3.(4S*).5g""","=""3G*""","=""4""",9.0,"=""""","=""32.792706""","=""""","=""""",,"=""009002.000109""","=""""",
F II,"=""2s2.2p3.(4S*).5g""","=""3G*""","=""5""",11.0,"=""""","=""32.792706""","=""""","=""""",,"=""009002.000110""","=""""",
F II,"=""2s2.2p3.(2D*).3d""","=""3F*""","=""2""",5.0,"=""""","=""32.849947""","=""""","=""""",,"=""009002.000111""","=""""",
F II,"=""2s2.2p3.(2D*).3d""","=""3F*""","=""3""",7.0,"=""""","=""32.850641""","=""""","=""""",,"=""009002.000112""","=""""",
F II,"=""2s2.2p3.(2D*).3d""","=""3F*""","=""4""",9.0,"=""""","=""32.851557""","=""""","=""""",,"=""009002.000113""","=""""",
F II,"=""2s2.2p3.(4S*).6s""","=""5S*""","=""2""",5.0,"=""""","=""32.852003""","=""""","=""""",,"=""009002.000114""","=""""",
F II,"=""2s2.2p3.(2D*).3d""","=""1S*""","=""0""",1.0,"=""""","=""32.855101""","=""""","=""""",,"=""009002.000115""","=""""",
F II,"=""2s2.2p3.(2D*).3d""","=""3G*""","=""5""",11.0,"=""""","=""32.887508""","=""""","=""""",,"=""009002.000116""","=""""",
F II,"=""2s2.2p3.(2D*).3d""","=""3G*""","=""4""",9.0,"=""""","=""32.888962""","=""""","=""""",,"=""009002.000117""","=""""",
F II,"=""2s2.2p3.(2D*).3d""","=""3G*""","=""3""",7.0,"=""""","=""32.891628""","=""""","=""""",,"=""009002.000118""","=""""",
F II,"=""2s2.2p3.(2D*).3d""","=""1G*""","=""4""",9.0,"=""""","=""32.894215""","=""""","=""""",,"=""009002.000119""","=""""",
F II,"=""2s2.2p3.(4S*).6s""","=""3S*""","=""1""",3.0,"=""""","=""32.900144""","=""""","=""""",,"=""009002.000120""","=""""",
F II,"=""2s2.2p3.(2D*).3d""","=""3D*""","=""3""",7.0,"=""""","=""32.914372""","=""""","=""""",,"=""009002.000121""","=""""",
F II,"=""2s2.2p3.(2D*).3d""","=""3D*""","=""2""",5.0,"=""""","=""32.917608""","=""""","=""""",,"=""009002.000122""","=""""",
F II,"=""2s2.2p3.(2D*).3d""","=""3D*""","=""1""",3.0,"=""""","=""32.919859""","=""""","=""""",,"=""009002.000123""","=""""",
F II,"=""2s2.2p3.(2D*).3d""","=""1D*""","=""2""",5.0,"=""""","=""33.013286""","=""""","=""""",,"=""009002.000124""","=""""",
F II,"=""2s2.2p3.(2P*).3p""","=""1S""","=""0""",1.0,"=""""","=""33.021790""","=""""","=""""",,"=""009002.000125""","=""""",
F II,"=""2s2.2p3.(2D*).3d""","=""3S*""","=""1""",3.0,"=""""","=""33.024505""","=""""","=""""",,"=""009002.000126""","=""""",
F II,"=""2s2.2p3.(2D*).3d""","=""3P*""","=""2""",5.0,"=""""","=""33.036071""","=""""","=""""",,"=""009002.000127""","=""""",
F II,"=""2s2.2p3.(2D*).3d""","=""3P*""","=""1""",3.0,"=""""","=""33.041633""","=""""","=""""",,"=""009002.000128""","=""""",
F II,"=""2s2.2p3.(2D*).3d""","=""3P*""","=""0""",1.0,"=""""","=""33.043826""","=""""","=""""",,"=""009002.000129""","=""""",
F II,"=""2s2.2p3.(2D*).3d""","=""1F*""","=""3""",7.0,"=""""","=""33.047800""","=""""","=""""",,"=""009002.000130""","=""""",
F II,"=""2s2.2p3.(4S*).6p""","=""5P""","=""1""",3.0,"=""""","=""33.092916""","=""""","=""""",,"=""009002.000131""","=""""",
F II,"=""2s2.2p3.(4S*).6p""","=""5P""","=""2""",5.0,"=""""","=""33.093038""","=""""","=""""",,"=""009002.000132""","=""""",
F II,"=""2s2.2p3.(4S*).6p""","=""5P""","=""3""",7.0,"=""""","=""33.093234""","=""""","=""""",,"=""009002.000133""","=""""",
F II,"=""2s2.2p3.(2D*).3d""","=""1P*""","=""1""",3.0,"=""""","=""33.153367""","=""""","=""""",,"=""009002.000134""","=""""",
F II,"=""2s2.2p3.(4S*).6p""","=""3P""","=""2""",5.0,"=""""","=""33.172029""","=""""","=""""",,"=""009002.000135""","=""""",
F II,"=""2s2.2p3.(4S*).6p""","=""3P""","=""1""",3.0,"=""""","=""33.172462""","=""""","=""""",,"=""009002.000136""","=""""",
F II,"=""2s2.2p3.(4S*).6d""","=""5D*""","=""4""",9.0,"=""""","=""33.41315""","=""""","=""""",,"=""009002.000137""","=""""",
F II,"=""2s2.2p3.(4S*).6d""","=""5D*""","=""3""",7.0,"=""""","=""33.41315""","=""""","=""""",,"=""009002.000138""","=""""",
F II,"=""2s2.2p3.(4S*).6d""","=""5D*""","=""2""",5.0,"=""""","=""33.41315""","=""""","=""""",,"=""009002.000139""","=""""",
F II,"=""2s2.2p3.(2D*).4s""","=""3D*""","=""3""",7.0,"=""""","=""33.419813""","=""""","=""""",,"=""009002.000140""","=""""",
F II,"=""2s2.2p3.(2D*).4s""","=""3D*""","=""2""",5.0,"=""""","=""33.421668""","=""""","=""""",,"=""009002.000141""","=""""",
F II,"=""2s2.2p3.(2D*).4s""","=""3D*""","=""1""",3.0,"=""""","=""33.422872""","=""""","=""""",,"=""009002.000142""","=""""",
F II,"=""2s2.2p3.(4S*).6d""","=""3D*""","=""3""",7.0,"=""""","=""33.442717""","=""""","=""""",,"=""009002.000143""","=""""",
F II,"=""2s2.2p3.(4S*).6d""","=""3D*""","=""2""",5.0,"=""""","=""33.442988""","=""""","=""""",,"=""009002.000144""","=""""",
F II,"=""2s2.2p3.(4S*).6d""","=""3D*""","=""1""",3.0,"=""""","=""33.443100""","=""""","=""""",,"=""009002.000145""","=""""",
F II,"=""2s2.2p3.(4S*).6f""","=""5F""","=""1""",3.0,"=""""","=""33.455237""","=""""","=""""",,"=""009002.000146""","=""""",
F II,"=""2s2.2p3.(4S*).6f""","=""5F""","=""2""",5.0,"=""""","=""33.455237""","=""""","=""""",,"=""009002.000147""","=""""",
F II,"=""2s2.2p3.(4S*).6f""","=""5F""","=""3""",7.0,"=""""","=""33.455237""","=""""","=""""",,"=""009002.000148""","=""""",
F II,"=""2s2.2p3.(4S*).6f""","=""5F""","=""4""",9.0,"=""""","=""33.455237""","=""""","=""""",,"=""009002.000149""","=""""",
F II,"=""2s2.2p3.(4S*).6f""","=""5F""","=""5""",11.0,"=""""","=""33.455237""","=""""","=""""",,"=""009002.000150""","=""""",
F II,"=""2s2.2p3.(4S*).6f""","=""3F""","=""2""",5.0,"=""""","=""33.455597""","=""""","=""""",,"=""009002.000151""","=""""",
F II,"=""2s2.2p3.(4S*).6f""","=""3F""","=""3""",7.0,"=""""","=""33.455597""","=""""","=""""",,"=""009002.000152""","=""""",
F II,"=""2s2.2p3.(4S*).6f""","=""3F""","=""4""",9.0,"=""""","=""33.455597""","=""""","=""""",,"=""009002.000153""","=""""",
F II,"=""2s2.2p3.(4S*).6g""","=""5G*""","=""2""",5.0,"=""""","=""33.458284""","=""""","=""""",,"=""009002.000154""","=""""",
F II,"=""2s2.2p3.(4S*).6g""","=""5G*""","=""3""",7.0,"=""""","=""33.458284""","=""""","=""""",,"=""009002.000155""","=""""",
F II,"=""2s2.2p3.(4S*).6g""","=""5G*""","=""4""",9.0,"=""""","=""33.458284""","=""""","=""""",,"=""009002.000156""","=""""",
F II,"=""2s2.2p3.(4S*).6g""","=""5G*""","=""5""",11.0,"=""""","=""33.458284""","=""""","=""""",,"=""009002.000157""","=""""",
F II,"=""2s2.2p3.(4S*).6g""","=""5G*""","=""6""",13.0,"=""""","=""33.458284""","=""""","=""""",,"=""009002.000158""","=""""",
F II,"=""2s2.2p3.(4S*).6g""","=""3G*""","=""3""",7.0,"=""""","=""33.458285""","=""""","=""""",,"=""009002.000159""","=""""",
F II,"=""2s2.2p3.(4S*).6g""","=""3G*""","=""4""",9.0,"=""""","=""33.458285""","=""""","=""""",,"=""009002.000160""","=""""",
F II,"=""2s2.2p3.(4S*).6g""","=""3G*""","=""5""",11.0,"=""""","=""33.458285""","=""""","=""""",,"=""009002.000161""","=""""",
F II,"=""2s2.2p3.(4S*).7s""","=""5S*""","=""2""",5.0,"=""""","=""33.493520""","=""""","=""""",,"=""009002.000162""","=""""",
F II,"=""2s2.2p3.(4S*).7s""","=""3S*""","=""1""",3.0,"=""""","=""33.522074""","=""""","=""""",,"=""009002.000163""","=""""",
F II,"=""2s2.2p3.(2D*).4s""","=""1D*""","=""2""",5.0,"=""""","=""33.538754""","=""""","=""""",,"=""009002.000164""","=""""",
F II,"=""2s2.2p3.(4S*).7p""","=""5P""","=""1""",3.0,"=""""","=""33.635828""","=""""","=""""",,"=""009002.000165""","=""""",
F II,"=""2s2.2p3.(4S*).7p""","=""5P""","=""2""",5.0,"=""""","=""33.635901""","=""""","=""""",,"=""009002.000166""","=""""",
F II,"=""2s2.2p3.(4S*).7p""","=""5P""","=""3""",7.0,"=""""","=""33.636019""","=""""","=""""",,"=""009002.000167""","=""""",
F II,"=""2s2.2p3.(4S*).7f""","=""5F""","=""1""",3.0,"=""""","=""33.857631""","=""""","=""""",,"=""009002.000168""","=""""",
F II,"=""2s2.2p3.(4S*).7f""","=""5F""","=""2""",5.0,"=""""","=""33.857631""","=""""","=""""",,"=""009002.000169""","=""""",
F II,"=""2s2.2p3.(4S*).7f""","=""5F""","=""3""",7.0,"=""""","=""33.857631""","=""""","=""""",,"=""009002.000170""","=""""",
F II,"=""2s2.2p3.(4S*).7f""","=""5F""","=""4""",9.0,"=""""","=""33.857631""","=""""","=""""",,"=""009002.000171""","=""""",
F II,"=""2s2.2p3.(4S*).7f""","=""5F""","=""5""",11.0,"=""""","=""33.857631""","=""""","=""""",,"=""009002.000172""","=""""",
F II,"=""2s2.2p3.(4S*).7f""","=""3F""","=""2""",5.0,"=""""","=""33.857766""","=""""","=""""",,"=""009002.000173""","=""""",
F II,"=""2s2.2p3.(4S*).7f""","=""3F""","=""3""",7.0,"=""""","=""33.857766""","=""""","=""""",,"=""009002.000174""","=""""",
F II,"=""2s2.2p3.(4S*).7f""","=""3F""","=""4""",9.0,"=""""","=""33.857766""","=""""","=""""",,"=""009002.000175""","=""""",
F II,"=""2s2.2p3.(4S*).7g""","=""3G*""","=""3""",7.0,"=""""","=""33.859573""","=""""","=""""",,"=""009002.000176""","=""""",
F II,"=""2s2.2p3.(4S*).7g""","=""3G*""","=""4""",9.0,"=""""","=""33.859573""","=""""","=""""",,"=""009002.000177""","=""""",
F II,"=""2s2.2p3.(4S*).7g""","=""3G*""","=""5""",11.0,"=""""","=""33.859573""","=""""","=""""",,"=""009002.000178""","=""""",
F II,"=""2s2.2p3.(4S*).7g""","=""5G*""","=""2""",5.0,"=""""","=""33.859620""","=""""","=""""",,"=""009002.000179""","=""""",
F II,"=""2s2.2p3.(4S*).7g""","=""5G*""","=""3""",7.0,"=""""","=""33.859620""","=""""","=""""",,"=""009002.000180""","=""""",
F II,"=""2s2.2p3.(4S*).7g""","=""5G*""","=""4""",9.0,"=""""","=""33.859620""","=""""","=""""",,"=""009002.000181""","=""""",
F II,"=""2s2.2p3.(4S*).7g""","=""5G*""","=""5""",11.0,"=""""","=""33.859620""","=""""","=""""",,"=""009002.000182""","=""""",
F II,"=""2s2.2p3.(4S*).7g""","=""5G*""","=""6""",13.0,"=""""","=""33.859620""","=""""","=""""",,"=""009002.000183""","=""""",
F II,"=""2s2.2p3.(4S*).8f""","=""5F""","=""1""",3.0,"=""""","=""34.118727""","=""""","=""""",,"=""009002.000184""","=""""",
F II,"=""2s2.2p3.(4S*).8f""","=""5F""","=""2""",5.0,"=""""","=""34.118727""","=""""","=""""",,"=""009002.000185""","=""""",
F II,"=""2s2.2p3.(4S*).8f""","=""5F""","=""3""",7.0,"=""""","=""34.118727""","=""""","=""""",,"=""009002.000186""","=""""",
F II,"=""2s2.2p3.(4S*).8f""","=""5F""","=""4""",9.0,"=""""","=""34.118727""","=""""","=""""",,"=""009002.000187""","=""""",
F II,"=""2s2.2p3.(4S*).8f""","=""5F""","=""5""",11.0,"=""""","=""34.118727""","=""""","=""""",,"=""009002.000188""","=""""",
F II,"=""2s2.2p3.(4S*).8g""","=""5G*""","=""2""",5.0,"=""""","=""34.120092""","=""""","=""""",,"=""009002.000189""","=""""",
F II,"=""2s2.2p3.(4S*).8g""","=""5G*""","=""3""",7.0,"=""""","=""34.120092""","=""""","=""""",,"=""009002.000190""","=""""",
F II,"=""2s2.2p3.(4S*).8g""","=""5G*""","=""4""",9.0,"=""""","=""34.120092""","=""""","=""""",,"=""009002.000191""","=""""",
F II,"=""2s2.2p3.(4S*).8g""","=""5G*""","=""5""",11.0,"=""""","=""34.120092""","=""""","=""""",,"=""009002.000192""","=""""",
F II,"=""2s2.2p3.(4S*).8g""","=""5G*""","=""6""",13.0,"=""""","=""34.120092""","=""""","=""""",,"=""009002.000193""","=""""",
F II,"=""2s2.2p3.(2D*).4p""","=""1P""","=""1""",3.0,"=""""","=""34.367039""","=""""","=""""",,"=""009002.000194""","=""""",
F II,"=""2s2.2p3.(2D*).4p""","=""3D""","=""3""",7.0,"=""""","=""34.407822""","=""""","=""""",,"=""009002.000195""","=""""",
F II,"=""2s2.2p3.(2D*).4p""","=""3D""","=""1""",3.0,"=""""","=""34.408142""","=""""","=""""",,"=""009002.000196""","=""""",
F II,"=""2s2.2p3.(2D*).4p""","=""3D""","=""2""",5.0,"=""""","=""34.408315""","=""""","=""""",,"=""009002.000197""","=""""",
F II,"=""2s2.2p3.(2D*).4p""","=""3F""","=""4""",9.0,"=""""","=""34.452934""","=""""","=""""",,"=""009002.000198""","=""""",
F II,"=""2s2.2p3.(2D*).4p""","=""3F""","=""3""",7.0,"=""""","=""34.454293""","=""""","=""""",,"=""009002.000199""","=""""",
F II,"=""2s2.2p3.(2D*).4p""","=""3F""","=""2""",5.0,"=""""","=""34.455555""","=""""","=""""",,"=""009002.000200""","=""""",
F II,"=""2s2.2p3.(2D*).4p""","=""1F""","=""3""",7.0,"=""""","=""34.487347""","=""""","=""""",,"=""009002.000201""","=""""",
F II,"=""2s2.2p3.(2D*).4p""","=""3P""","=""2""",5.0,"=""""","=""34.513235""","=""""","=""""",,"=""009002.000202""","=""""",
F II,"=""2s2.2p3.(2D*).4p""","=""3P""","=""1""",3.0,"=""""","=""34.516844""","=""""","=""""",,"=""009002.000203""","=""""",
F II,"=""2s2.2p3.(2D*).4p""","=""3P""","=""0""",1.0,"=""""","=""34.519206""","=""""","=""""",,"=""009002.000204""","=""""",
F II,"=""2s2.2p3.(2D*).4p""","=""1D""","=""2""",5.0,"=""""","=""34.746598""","=""""","=""""",,"=""009002.000205""","=""""",
F II,"=""F III (2p3 4S*<3/2>)""","=""Limit""","=""---""",,"=""""","=""34.97081""","=""""","=""0.00012""",,"=""009002.Lim001""","=""L369""",
F II,"=""2s2.2p3.(2P*).3d""","=""3F*""","=""4""",9.0,"=""""","=""35.031084""","=""""","=""""",,"=""009002.000207""","=""""",
F II,"=""2s2.2p3.(2P*).3d""","=""3F*""","=""3""",7.0,"=""""","=""35.034102""","=""""","=""""",,"=""009002.000208""","=""""",
F II,"=""2s2.2p3.(2P*).3d""","=""3F*""","=""2""",5.0,"=""""","=""35.036262""","=""""","=""""",,"=""009002.000209""","=""""",
F II,"=""2s2.2p3.(2P*).3d""","=""1D*""","=""2""",5.0,"=""""","=""35.059630""","=""""","=""""",,"=""009002.000210""","=""""",
F II,"=""2s2.2p3.(2P*).3d""","=""3P*""","=""0""",1.0,"=""""","=""35.074667""","=""""","=""""",,"=""009002.000211""","=""""",
F II,"=""2s2.2p3.(2P*).3d""","=""3P*""","=""1""",3.0,"=""""","=""35.076684""","=""""","=""""",,"=""009002.000212""","=""""",
F II,"=""2s2.2p3.(2P*).3d""","=""3P*""","=""2""",5.0,"=""""","=""35.080953""","=""""","=""""",,"=""009002.000213""","=""""",
F II,"=""2s2.2p3.(2P*).3d""","=""3D*""","=""1""",3.0,"=""""","=""35.131391""","=""""","=""""",,"=""009002.000214""","=""""",
F II,"=""2s2.2p3.(2P*).3d""","=""3D*""","=""2""",5.0,"=""""","=""35.131877""","=""""","=""""",,"=""009002.000215""","=""""",
F II,"=""2s2.2p3.(2P*).3d""","=""3D*""","=""3""",7.0,"=""""","=""35.133961""","=""""","=""""",,"=""009002.000216""","=""""",
F II,"=""2s2.2p3.(2P*).3d""","=""1F*""","=""3""",7.0,"=""""","=""35.138318""","=""""","=""""",,"=""009002.000217""","=""""",
F II,"=""2s2.2p3.(2P*).3d""","=""1P*""","=""1""",3.0,"=""""","=""35.239432""","=""""","=""""",,"=""009002.000218""","=""""",
F II,"=""2s2.2p3.(2P*).4s""","=""3P*""","=""2""",5.0,"=""""","=""35.546428""","=""""","=""""",,"=""009002.000219""","=""""",
F II,"=""2s2.2p3.(2P*).4s""","=""3P*""","=""1""",3.0,"=""""","=""35.547031""","=""""","=""""",,"=""009002.000220""","=""""",
F II,"=""2s2.2p3.(2P*).4s""","=""3P*""","=""0""",1.0,"=""""","=""35.547377""","=""""","=""""",,"=""009002.000221""","=""""",
F II,"=""2s2.2p3.(2D*).4d""","=""3G*""","=""5""",11.0,"=""""","=""35.663968""","=""""","=""""",,"=""009002.000222""","=""""",
F II,"=""2s2.2p3.(2D*).4d""","=""3G*""","=""4""",9.0,"=""""","=""35.665145""","=""""","=""""",,"=""009002.000223""","=""""",
F II,"=""2s2.2p3.(2D*).4d""","=""3G*""","=""3""",7.0,"=""""","=""35.665309""","=""""","=""""",,"=""009002.000224""","=""""",
F II,"=""2s2.2p3.(2D*).4d""","=""1G*""","=""4""",9.0,"=""""","=""35.669904""","=""""","=""""",,"=""009002.000225""","=""""",
F II,"=""2s2.2p3.(2D*).4f""","=""2[9/2]""","=""5""",11.0,"=""""","=""35.785146""","=""""","=""""",,"=""009002.000226""","=""""",
F II,"=""2s2.2p3.(2D*).4f""","=""2[9/2]""","=""4""",9.0,"=""""","=""35.785603""","=""""","=""""",,"=""009002.000230""","=""""",
F II,"=""2s2.2p3.(2D*).4f""","=""2[7/2]""","=""4""",9.0,"=""""","=""35.785228""","=""""","=""""",,"=""009002.000227""","=""""",
F II,"=""2s2.2p3.(2D*).4f""","=""2[7/2]""","=""3""",7.0,"=""""","=""35.785450""","=""""","=""""",,"=""009002.000229""","=""""",
F II,"=""2s2.2p3.(2D*).4f""","=""2[3/2]""","=""2""",5.0,"=""""","=""35.785383""","=""""","=""""",,"=""009002.000228""","=""""",
F II,"=""2s2.2p3.(2D*).4f""","=""2[3/2]""","=""1""",3.0,"=""""","=""35.785692""","=""""","=""""",,"=""009002.000231""","=""""",
F II,"=""2s2.2p3.(2D*).4f""","=""2[5/2]""","=""2""",5.0,"=""""","=""35.786064""","=""""","=""""",,"=""009002.000232""","=""""",
F II,"=""2s2.2p3.(2D*).4f""","=""2[5/2]""","=""3""",7.0,"=""""","=""35.786132""","=""""","=""""",,"=""009002.000233""","=""""",
F II,"=""2s2.2p3.(2D*).4f""","=""2[11/2]""","=""5""",11.0,"=""""","=""35.786648""","=""""","=""""",,"=""009002.000234""","=""""",
F II,"=""2s2.2p3.(2D*).4f""","=""2[11/2]""","=""6""",13.0,"=""""","=""35.786664""","=""""","=""""",,"=""009002.000235""","=""""",
F II,"=""2s2.2p3.(2D*).4f""","=""2[1/2]""","=""1""",3.0,"=""""","=""35.786904""","=""""","=""""",,"=""009002.000236""","=""""",
F II,"=""2s2.2p3.(2D*).4f""","=""2[1/2]""","=""0""",1.0,"=""""","=""35.787045""","=""""","=""""",,"=""009002.000237""","=""""",
F II,"=""2s2.2p3.(2D*).4f""","=""2[7/2]""","=""3""",7.0,"=""""","=""35.788534""","=""""","=""""",,"=""009002.000238""","=""""",
F II,"=""2s2.2p3.(2D*).4f""","=""2[7/2]""","=""4""",9.0,"=""""","=""35.788748""","=""""","=""""",,"=""009002.000239""","=""""",
F II,"=""2s2.2p3.(2D*).4f""","=""2[5/2]""","=""2""",5.0,"=""""","=""35.789723""","=""""","=""""",,"=""009002.000240""","=""""",
F II,"=""2s2.2p3.(2D*).4f""","=""2[5/2]""","=""3""",7.0,"=""""","=""35.789868""","=""""","=""""",,"=""009002.000241""","=""""",
F II,"=""2s2.2p3.(2D*).4f""","=""2[9/2]""","=""5""",11.0,"=""""","=""35.790949""","=""""","=""""",,"=""009002.000242""","=""""",
F II,"=""2s2.2p3.(2D*).4f""","=""2[9/2]""","=""4""",9.0,"=""""","=""35.790961""","=""""","=""""",,"=""009002.000243""","=""""",
F II,"=""2s2.2p3.(2D*).4f""","=""2[3/2]""","=""1""",3.0,"=""""","=""35.792080""","=""""","=""""",,"=""009002.000244""","=""""",
F II,"=""2s2.2p3.(2D*).4f""","=""2[3/2]""","=""2""",5.0,"=""""","=""35.792285""","=""""","=""""",,"=""009002.000245""","=""""",
F II,"=""2s2.2p3.(2P*).4s""","=""1P*""","=""1""",3.0,"=""""","=""35.859172""","=""""","=""""",,"=""009002.000246""","=""""",
F II,"=""2s2.2p3.(2D*).5s""","=""3D*""","=""3""",7.0,"=""""","=""35.919007""","=""""","=""""",,"=""009002.000247""","=""""",
F II,"=""2s2.2p3.(2D*).5s""","=""3D*""","=""2""",5.0,"=""""","=""35.91949""","=""""","=""""",,"=""009002.000248""","=""""",
F II,"=""2s2.2p3.(2D*).5s""","=""1D*""","=""2""",5.0,"=""""","=""35.973080""","=""""","=""""",,"=""009002.000249""","=""""",
F II,"=""2s2.2p3.(2P*).4p""","=""3D""","=""3""",7.0,"=""""","=""36.608920""","=""""","=""""",,"=""009002.000250""","=""""",
F II,"=""2s2.2p3.(2P*).4p""","=""3D""","=""2""",5.0,"=""""","=""36.609568""","=""""","=""""",,"=""009002.000251""","=""""",
F II,"=""2s2.2p3.(2P*).4p""","=""3D""","=""1""",3.0,"=""""","=""36.609816""","=""""","=""""",,"=""009002.000252""","=""""",
F II,"=""2s2.2p3.(2P*).4p""","=""1P""","=""1""",3.0,"=""""","=""36.648317""","=""""","=""""",,"=""009002.000253""","=""""",
F II,"=""2s2.2p3.(2P*).4p""","=""1D""","=""2""",5.0,"=""""","=""36.795689""","=""""","=""""",,"=""009002.000254""","=""""",
F II,"=""2s2.2p3.(2D*).5f""","=""2[9/2]""","=""5""",11.0,"=""""","=""37.01391""","=""""","=""""",,"=""009002.000255""","=""""",
F II,"=""2s2.2p3.(2D*).5f""","=""2[9/2]""","=""4""",9.0,"=""""","=""37.01398""","=""""","=""""",,"=""009002.000256""","=""""",
F II,"=""2s2.2p3.(2D*).5f""","=""2[3/2]""","=""2""",5.0,"=""""","=""37.01404""","=""""","=""""",,"=""009002.000257""","=""""",
F II,"=""2s2.2p3.(2D*).5f""","=""2[3/2]""","=""1""",3.0,"=""""","=""37.01429""","=""""","=""""",,"=""009002.000259""","=""""",
F II,"=""2s2.2p3.(2D*).5f""","=""2[7/2]""","=""3""",7.0,"=""""","=""37.01409""","=""""","=""""",,"=""009002.000258""","=""""",
F II,"=""2s2.2p3.(2D*).5f""","=""2[7/2]""","=""4""",9.0,"=""""","=""37.01465""","=""""","=""""",,"=""009002.000260""","=""""",
F II,"=""2s2.2p3.(2D*).5f""","=""2[11/2]""","=""5""",11.0,"=""""","=""37.01499""","=""""","=""""",,"=""009002.000261""","=""""",
F II,"=""2s2.2p3.(2D*).5f""","=""2[11/2]""","=""6""",13.0,"=""""","=""37.01501""","=""""","=""""",,"=""009002.000262""","=""""",
F II,"=""2s2.2p3.(2D*).5f""","=""2[5/2]""","=""3""",7.0,"=""""","=""37.01504""","=""""","=""""",,"=""009002.000263""","=""""",
F II,"=""2s2.2p3.(2D*).5f""","=""2[5/2]""","=""2""",5.0,"=""""","=""37.01506""","=""""","=""""",,"=""009002.000264""","=""""",
F II,"=""2s2.2p3.(2D*).5f""","=""2[1/2]""","=""1""",3.0,"=""""","=""37.01532""","=""""","=""""",,"=""009002.000265""","=""""",
F II,"=""2s2.2p3.(2D*).5f""","=""2[1/2]""","=""0""",1.0,"=""""","=""37.01537""","=""""","=""""",,"=""009002.000266""","=""""",
F II,"=""2s2.2p3.(2D*).5f""","=""2[7/2]""","=""3""",7.0,"=""""","=""37.01763""","=""""","=""""",,"=""009002.000267""","=""""",
F II,"=""2s2.2p3.(2D*).5f""","=""2[7/2]""","=""4""",9.0,"=""""","=""37.01778""","=""""","=""""",,"=""009002.000268""","=""""",
F II,"=""2s2.2p3.(2D*).5f""","=""2[5/2]""","=""2""",5.0,"=""""","=""37.01863""","=""""","=""""",,"=""009002.000269""","=""""",
F II,"=""2s2.2p3.(2D*).5f""","=""2[5/2]""","=""3""",7.0,"=""""","=""37.01873""","=""""","=""""",,"=""009002.000270""","=""""",
F II,"=""2s2.2p3.(2D*).5f""","=""2[9/2]""","=""5""",11.0,"=""""","=""37.01916""","=""""","=""""",,"=""009002.000271""","=""""",
F II,"=""2s2.2p3.(2D*).5f""","=""2[9/2]""","=""4""",9.0,"=""""","=""37.01918""","=""""","=""""",,"=""009002.000272""","=""""",
F II,"=""2s2.2p3.(2D*).5g""","=""2[13/2]*""","=""7""",15.0,"=""""","=""37.01926""","=""""","=""""",,"=""009002.000273""","=""""",
F II,"=""2s2.2p3.(2D*).5g""","=""2[13/2]*""","=""6""",13.0,"=""""","=""37.01926""","=""""","=""""",,"=""009002.000274""","=""""",
F II,"=""2s2.2p3.(2D*).5f""","=""2[3/2]""","=""1""",3.0,"=""""","=""37.02050""","=""""","=""""",,"=""009002.000275""","=""""",
F II,"=""2s2.2p3.(2D*).5f""","=""2[3/2]""","=""2""",5.0,"=""""","=""37.02059""","=""""","=""""",,"=""009002.000276""","=""""",
F II,"=""2s2.2p3.(2D*).5g""","=""2[11/2]*""","=""6""",13.0,"=""""","=""37.02355""","=""""","=""""",,"=""009002.000277""","=""""",
F II,"=""2s2.2p3.(2D*).5g""","=""2[11/2]*""","=""5""",11.0,"=""""","=""37.02355""","=""""","=""""",,"=""009002.000278""","=""""",
F II,"=""2s2.2p3.(2P*).4f""","=""a""","=""3""",7.0,"=""""","=""37.951302""","=""""","=""""",,"=""009002.000279""","=""""",
F II,"=""2s2.2p3.(2P*).4f""","=""a""","=""5""",11.0,"=""""","=""37.951577""","=""""","=""""",,"=""009002.000280""","=""""",
F II,"=""2s2.2p3.(2P*).4f""","=""a""","=""4""",9.0,"=""""","=""37.951776""","=""""","=""""",,"=""009002.000281""","=""""",
F II,"=""2s2.2p3.(2P*).4f""","=""a""","=""2""",5.0,"=""""","=""37.952416""","=""""","=""""",,"=""009002.000282""","=""""",
F II,"=""2s2.2p3.(2P*).4f""","=""a""","=""1""",3.0,"=""""","=""37.953908""","=""""","=""""",,"=""009002.000287""","=""""",
F II,"=""2s2.2p3.(2P*).4f""","=""b""","=""3""",7.0,"=""""","=""37.952518""","=""""","=""""",,"=""009002.000283""","=""""",
F II,"=""2s2.2p3.(2P*).4f""","=""b""","=""4""",9.0,"=""""","=""37.952774""","=""""","=""""",,"=""009002.000284""","=""""",
F II,"=""2s2.2p3.(2P*).4f""","=""b""","=""2""",5.0,"=""""","=""37.953484""","=""""","=""""",,"=""009002.000285""","=""""",
F II,"=""2s2.2p3.(2P*).4f""","=""c""","=""2""",5.0,"=""""","=""37.953632""","=""""","=""""",,"=""009002.000286""","=""""",
F II,"=""2s2.2p3.(2P*).4f""","=""c""","=""3""",7.0,"=""""","=""37.954296""","=""""","=""""",,"=""009002.000288""","=""""",
F II,"=""2s2.2p3.(2P*).4f""","=""c""","=""4""",9.0,"=""""","=""37.954936""","=""""","=""""",,"=""009002.000290""","=""""",
F II,"=""2s2.2p3.(2P*).4f""","=""d""","=""3""",7.0,"=""""","=""37.954742""","=""""","=""""",,"=""009002.000289""","=""""",
F II,"=""2p6""","=""1S""","=""0""",1.0,"=""""","=""48.1059""","=""""","=""""",,"=""009002.000291""","=""""",
Ne I,"=""2s2.2p6""","=""1S""","=""0""",1.0,"=""""","=""0.0000000""","=""""","=""0.000005""",,"=""010001.000001""","=""L8826""",
Ne I,"=""2s2.2p5.(2P*<3/2>).3s""","=""2[3/2]*""","=""2""",5.0,"=""""","=""16.61907009""","=""""","=""0.00000012""",,"=""010001.000002""","=""L8826c189""",
Ne I,"=""2s2.2p5.(2P*<3/2>).3s""","=""2[3/2]*""","=""1""",3.0,"=""""","=""16.67082693""","=""""","=""0.00000012""",,"=""010001.000003""","=""L8826c189""",
Ne I,"=""2s2.2p5.(2P*<1/2>).3s""","=""2[1/2]*""","=""0""",1.0,"=""""","=""16.71538108""","=""""","=""0.00000012""",,"=""010001.000004""","=""L8826c189""",
Ne I,"=""2s2.2p5.(2P*<1/2>).3s""","=""2[1/2]*""","=""1""",3.0,"=""""","=""16.84805369""","=""""","=""0.00000012""",,"=""010001.000005""","=""L8826c189""",
Ne I,"=""2s2.2p5.(2P*<3/2>).3p""","=""2[1/2]""","=""1""",3.0,"=""""","=""18.38162323""","=""""","=""0.00000012""",,"=""010001.000006""","=""L8826c189""",
Ne I,"=""2s2.2p5.(2P*<3/2>).3p""","=""2[1/2]""","=""0""",1.0,"=""""","=""18.71137667""","=""""","=""0.00000012""",,"=""010001.000013""","=""L8826c189""",
Ne I,"=""2s2.2p5.(2P*<3/2>).3p""","=""2[5/2]""","=""3""",7.0,"=""""","=""18.55510805""","=""""","=""0.00000012""",,"=""010001.000007""","=""L8826""",
Ne I,"=""2s2.2p5.(2P*<3/2>).3p""","=""2[5/2]""","=""2""",5.0,"=""""","=""18.57583601""","=""""","=""0.00000012""",,"=""010001.000008""","=""L8826c189""",
Ne I,"=""2s2.2p5.(2P*<3/2>).3p""","=""2[3/2]""","=""1""",3.0,"=""""","=""18.61270528""","=""""","=""0.00000012""",,"=""010001.000009""","=""L8826c189""",
Ne I,"=""2s2.2p5.(2P*<3/2>).3p""","=""2[3/2]""","=""2""",5.0,"=""""","=""18.63679156""","=""""","=""0.00000012""",,"=""010001.000010""","=""L8826c189""",
Ne I,"=""2s2.2p5.(2P*<1/2>).3p""","=""2[3/2]""","=""1""",3.0,"=""""","=""18.69335943""","=""""","=""0.00000012""",,"=""010001.000011""","=""L8826c189""",
Ne I,"=""2s2.2p5.(2P*<1/2>).3p""","=""2[3/2]""","=""2""",5.0,"=""""","=""18.70407118""","=""""","=""0.00000012""",,"=""010001.000012""","=""L8826c189""",
Ne I,"=""2s2.2p5.(2P*<1/2>).3p""","=""2[1/2]""","=""1""",3.0,"=""""","=""18.72638145""","=""""","=""0.00000012""",,"=""010001.000014""","=""L8826c189""",
Ne I,"=""2s2.2p5.(2P*<1/2>).3p""","=""2[1/2]""","=""0""",1.0,"=""""","=""18.96595369""","=""""","=""0.00000012""",,"=""010001.000015""","=""L8826c189""",
Ne I,"=""2s2.2p5.(2P*<3/2>).4s""","=""2[3/2]*""","=""2""",5.0,"=""""","=""19.66403214""","=""""","=""0.00000012""",,"=""010001.000016""","=""L8826c189""",
Ne I,"=""2s2.2p5.(2P*<3/2>).4s""","=""2[3/2]*""","=""1""",3.0,"=""""","=""19.68819383""","=""""","=""0.00000012""",,"=""010001.000017""","=""L8826c189""",
Ne I,"=""2s2.2p5.(2P*<1/2>).4s""","=""2[1/2]*""","=""0""",1.0,"=""""","=""19.76060074""","=""""","=""0.00000012""",,"=""010001.000018""","=""L8826c189""",
Ne I,"=""2s2.2p5.(2P*<1/2>).4s""","=""2[1/2]*""","=""1""",3.0,"=""""","=""19.77977193""","=""""","=""0.00000012""",,"=""010001.000019""","=""L8826c189""",
Ne I,"=""2s2.2p5.(2P*<3/2>).3d""","=""2[1/2]*""","=""0""",1.0,"=""""","=""20.02464208""","=""""","=""0.00000012""",,"=""010001.000020""","=""L8826c189""",
Ne I,"=""2s2.2p5.(2P*<3/2>).3d""","=""2[1/2]*""","=""1""",3.0,"=""""","=""20.02644523""","=""""","=""0.00000012""",,"=""010001.000021""","=""L8826c189""",
Ne I,"=""2s2.2p5.(2P*<3/2>).3d""","=""2[7/2]*""","=""4""",9.0,"=""""","=""20.03464893""","=""""","=""0.00000012""",,"=""010001.000022""","=""L8826""",
Ne I,"=""2s2.2p5.(2P*<3/2>).3d""","=""2[7/2]*""","=""3""",7.0,"=""""","=""20.03486947""","=""""","=""0.00000012""",,"=""010001.000023""","=""L8826c189""",
Ne I,"=""2s2.2p5.(2P*<3/2>).3d""","=""2[3/2]*""","=""2""",5.0,"=""""","=""20.03674670""","=""""","=""0.00000012""",,"=""010001.000024""","=""L8826c189""",
Ne I,"=""2s2.2p5.(2P*<3/2>).3d""","=""2[3/2]*""","=""1""",3.0,"=""""","=""20.04038646""","=""""","=""0.00000012""",,"=""010001.000025""","=""L8826c189""",
Ne I,"=""2s2.2p5.(2P*<3/2>).3d""","=""2[5/2]*""","=""2""",5.0,"=""""","=""20.04820289""","=""""","=""0.00000012""",,"=""010001.000026""","=""L8826c189""",
Ne I,"=""2s2.2p5.(2P*<3/2>).3d""","=""2[5/2]*""","=""3""",7.0,"=""""","=""20.04842449""","=""""","=""0.00000012""",,"=""010001.000027""","=""L8826""",
Ne I,"=""2s2.2p5.(2P*<1/2>).3d""","=""2[5/2]*""","=""2""",5.0,"=""""","=""20.13610672""","=""""","=""0.00000012""",,"=""010001.000028""","=""L8826""",
Ne I,"=""2s2.2p5.(2P*<1/2>).3d""","=""2[5/2]*""","=""3""",7.0,"=""""","=""20.13629519""","=""""","=""0.00000012""",,"=""010001.000029""","=""L8826c189""",
Ne I,"=""2s2.2p5.(2P*<1/2>).3d""","=""2[3/2]*""","=""2""",5.0,"=""""","=""20.13751125""","=""""","=""0.00000012""",,"=""010001.000030""","=""L8826c189""",
Ne I,"=""2s2.2p5.(2P*<1/2>).3d""","=""2[3/2]*""","=""1""",3.0,"=""""","=""20.13945733""","=""""","=""0.00000012""",,"=""010001.000031""","=""L8826c189""",
Ne I,"=""2s2.2p5.(2P*<3/2>).4p""","=""2[1/2]""","=""1""",3.0,"=""""","=""20.14964852""","=""""","=""0.00000012""",,"=""010001.000032""","=""L8826""",
Ne I,"=""2s2.2p5.(2P*<3/2>).4p""","=""2[1/2]""","=""0""",1.0,"=""""","=""20.25917996""","=""""","=""0.00000012""",,"=""010001.000037""","=""L8826""",
Ne I,"=""2s2.2p5.(2P*<3/2>).4p""","=""2[5/2]""","=""3""",7.0,"=""""","=""20.18843472""","=""""","=""0.00000012""",,"=""010001.000033""","=""L8826""",
Ne I,"=""2s2.2p5.(2P*<3/2>).4p""","=""2[5/2]""","=""2""",5.0,"=""""","=""20.19691643""","=""""","=""0.00000012""",,"=""010001.000034""","=""L8826""",
Ne I,"=""2s2.2p5.(2P*<3/2>).4p""","=""2[3/2]""","=""1""",3.0,"=""""","=""20.21098961""","=""""","=""0.00000012""",,"=""010001.000035""","=""L8826""",
Ne I,"=""2s2.2p5.(2P*<3/2>).4p""","=""2[3/2]""","=""2""",5.0,"=""""","=""20.21417968""","=""""","=""0.00000012""",,"=""010001.000036""","=""L8826""",
Ne I,"=""2s2.2p5.(2P*<1/2>).4p""","=""2[3/2]""","=""1""",3.0,"=""""","=""20.29091576""","=""""","=""0.00000012""",,"=""010001.000038""","=""L8826""",
Ne I,"=""2s2.2p5.(2P*<1/2>).4p""","=""2[3/2]""","=""2""",5.0,"=""""","=""20.29727991""","=""""","=""0.00000012""",,"=""010001.000040""","=""L8826""",
Ne I,"=""2s2.2p5.(2P*<1/2>).4p""","=""2[1/2]""","=""1""",3.0,"=""""","=""20.29717120""","=""""","=""0.00000012""",,"=""010001.000039""","=""L8826""",
Ne I,"=""2s2.2p5.(2P*<1/2>).4p""","=""2[1/2]""","=""0""",1.0,"=""""","=""20.36885404""","=""""","=""0.00000012""",,"=""010001.000041""","=""L8826""",
Ne I,"=""2s2.2p5.(2P*<3/2>).5s""","=""2[3/2]*""","=""2""",5.0,"=""""","=""20.56007355""","=""""","=""0.00000012""",,"=""010001.000042""","=""L8826""",
Ne I,"=""2s2.2p5.(2P*<3/2>).5s""","=""2[3/2]*""","=""1""",3.0,"=""""","=""20.57056379""","=""""","=""0.00000012""",,"=""010001.000043""","=""L8826""",
Ne I,"=""2s2.2p5.(2P*<1/2>).5s""","=""2[1/2]*""","=""0""",1.0,"=""""","=""20.65655315""","=""""","=""0.00000012""",,"=""010001.000044""","=""L8826""",
Ne I,"=""2s2.2p5.(2P*<1/2>).5s""","=""2[1/2]*""","=""1""",3.0,"=""""","=""20.66277398""","=""""","=""0.00000012""",,"=""010001.000045""","=""L8826""",
Ne I,"=""2s2.2p5.(2P*<3/2>).4d""","=""2[1/2]*""","=""0""",1.0,"=""""","=""20.70135337""","=""""","=""0.00000012""",,"=""010001.000046""","=""L8826""",
Ne I,"=""2s2.2p5.(2P*<3/2>).4d""","=""2[1/2]*""","=""1""",3.0,"=""""","=""20.70230399""","=""""","=""0.00000012""",,"=""010001.000047""","=""L8826""",
Ne I,"=""2s2.2p5.(2P*<3/2>).4d""","=""2[7/2]*""","=""4""",9.0,"=""""","=""20.70536507""","=""""","=""0.00000012""",,"=""010001.000048""","=""L8826""",
Ne I,"=""2s2.2p5.(2P*<3/2>).4d""","=""2[7/2]*""","=""3""",7.0,"=""""","=""20.70550158""","=""""","=""0.00000012""",,"=""010001.000049""","=""L8826""",
Ne I,"=""2s2.2p5.(2P*<3/2>).4d""","=""2[3/2]*""","=""2""",5.0,"=""""","=""20.70679493""","=""""","=""0.00000012""",,"=""010001.000050""","=""L8826""",
Ne I,"=""2s2.2p5.(2P*<3/2>).4d""","=""2[3/2]*""","=""1""",3.0,"=""""","=""20.70870776""","=""""","=""0.00000012""",,"=""010001.000051""","=""L8826""",
Ne I,"=""2s2.2p5.(2P*<3/2>).4d""","=""2[5/2]*""","=""2""",5.0,"=""""","=""20.71126380""","=""""","=""0.00000012""",,"=""010001.000052""","=""L8826""",
Ne I,"=""2s2.2p5.(2P*<3/2>).4d""","=""2[5/2]*""","=""3""",7.0,"=""""","=""20.71139537""","=""""","=""0.00000012""",,"=""010001.000053""","=""L8826""",
Ne I,"=""2s2.2p5.(2P*<3/2>).4f""","=""2[3/2]""","=""1""",3.0,"=""""","=""20.71188785""","=""""","=""0.00000012""",,"=""010001.000054""","=""L8826""",
Ne I,"=""2s2.2p5.(2P*<3/2>).4f""","=""2[3/2]""","=""2""",5.0,"=""""","=""20.71189082""","=""""","=""0.00000012""",,"=""010001.000055""","=""L8826""",
Ne I,"=""2s2.2p5.(2P*<3/2>).4f""","=""2[9/2]""","=""4""",9.0,"=""""","=""20.71283793""","=""""","=""0.00000012""",,"=""010001.000056""","=""L8826""",
Ne I,"=""2s2.2p5.(2P*<3/2>).4f""","=""2[9/2]""","=""5""",11.0,"=""""","=""20.71283881""","=""""","=""0.00000012""",,"=""010001.000057""","=""L8826""",
Ne I,"=""2s2.2p5.(2P*<3/2>).4f""","=""2[5/2]""","=""3""",7.0,"=""""","=""20.71392409""","=""""","=""0.00000012""",,"=""010001.000058""","=""L8826""",
Ne I,"=""2s2.2p5.(2P*<3/2>).4f""","=""2[5/2]""","=""2""",5.0,"=""""","=""20.71392586""","=""""","=""0.00000012""",,"=""010001.000059""","=""L8826""",
Ne I,"=""2s2.2p5.(2P*<3/2>).4f""","=""2[7/2]""","=""3""",7.0,"=""""","=""20.71490590""","=""""","=""0.00000012""",,"=""010001.000060""","=""L8826""",
Ne I,"=""2s2.2p5.(2P*<3/2>).4f""","=""2[7/2]""","=""4""",9.0,"=""""","=""20.71490663""","=""""","=""0.00000012""",,"=""010001.000061""","=""L8826""",
Ne I,"=""2s2.2p5.(2P*<3/2>).5p""","=""2[1/2]""","=""1""",3.0,"=""""","=""20.76108829""","=""""","=""0.00000012""",,"=""010001.000062""","=""L8826""",
Ne I,"=""2s2.2p5.(2P*<3/2>).5p""","=""2[1/2]""","=""0""",1.0,"=""""","=""20.81287950""","=""""","=""0.00000012""",,"=""010001.000075""","=""L8826""",
Ne I,"=""2s2.2p5.(2P*<3/2>).5p""","=""2[5/2]""","=""3""",7.0,"=""""","=""20.77467615""","=""""","=""0.00000012""",,"=""010001.000063""","=""L8826""",
Ne I,"=""2s2.2p5.(2P*<3/2>).5p""","=""2[5/2]""","=""2""",5.0,"=""""","=""20.77866475""","=""""","=""0.00000012""",,"=""010001.000064""","=""L8826""",
Ne I,"=""2s2.2p5.(2P*<3/2>).5p""","=""2[3/2]""","=""1""",3.0,"=""""","=""20.78465767""","=""""","=""0.00000012""",,"=""010001.000065""","=""L8826""",
Ne I,"=""2s2.2p5.(2P*<3/2>).5p""","=""2[3/2]""","=""2""",5.0,"=""""","=""20.78578203""","=""""","=""0.00000012""",,"=""010001.000066""","=""L8826""",
Ne I,"=""2s2.2p5.(2P*<1/2>).4d""","=""2[5/2]*""","=""2""",5.0,"=""""","=""20.80392497""","=""""","=""0.00000012""",,"=""010001.000067""","=""L8826""",
Ne I,"=""2s2.2p5.(2P*<1/2>).4d""","=""2[5/2]*""","=""3""",7.0,"=""""","=""20.80403974""","=""""","=""0.00000012""",,"=""010001.000068""","=""L8826""",
Ne I,"=""2s2.2p5.(2P*<1/2>).4d""","=""2[3/2]*""","=""2""",5.0,"=""""","=""20.80417004""","=""""","=""0.00000012""",,"=""010001.000069""","=""L8826""",
Ne I,"=""2s2.2p5.(2P*<1/2>).4d""","=""2[3/2]*""","=""1""",3.0,"=""""","=""20.80551122""","=""""","=""0.00000012""",,"=""010001.000070""","=""L8826""",
Ne I,"=""2s2.2p5.(2P*<1/2>).4f""","=""2[7/2]""","=""3""",7.0,"=""""","=""20.81030596""","=""""","=""0.00000012""",,"=""010001.000071""","=""L8826""",
Ne I,"=""2s2.2p5.(2P*<1/2>).4f""","=""2[7/2]""","=""4""",9.0,"=""""","=""20.81030702""","=""""","=""0.00000012""",,"=""010001.000072""","=""L8826""",
Ne I,"=""2s2.2p5.(2P*<1/2>).4f""","=""2[5/2]""","=""3""",7.0,"=""""","=""20.81033531""","=""""","=""0.00000012""",,"=""010001.000073""","=""L8826""",
Ne I,"=""2s2.2p5.(2P*<1/2>).4f""","=""2[5/2]""","=""2""",5.0,"=""""","=""20.81033675""","=""""","=""0.00000012""",,"=""010001.000074""","=""L8826""",
Ne I,"=""2s2.2p5.(2P*<1/2>).5p""","=""2[3/2]""","=""1""",3.0,"=""""","=""20.87341655""","=""""","=""0.00000012""",,"=""010001.000076""","=""L8826""",
Ne I,"=""2s2.2p5.(2P*<1/2>).5p""","=""2[3/2]""","=""2""",5.0,"=""""","=""20.87629955""","=""""","=""0.00000012""",,"=""010001.000078""","=""L8826""",
Ne I,"=""2s2.2p5.(2P*<1/2>).5p""","=""2[1/2]""","=""1""",3.0,"=""""","=""20.87380857""","=""""","=""0.00000012""",,"=""010001.000077""","=""L8826""",
Ne I,"=""2s2.2p5.(2P*<1/2>).5p""","=""2[1/2]""","=""0""",1.0,"=""""","=""20.90210303""","=""""","=""0.00000012""",,"=""010001.000079""","=""L8826""",
Ne I,"=""2s2.2p5.(2P*<3/2>).6s""","=""2[3/2]*""","=""2""",5.0,"=""""","=""20.94398733""","=""""","=""0.00000012""",,"=""010001.000080""","=""L8826""",
Ne I,"=""2s2.2p5.(2P*<3/2>).6s""","=""2[3/2]*""","=""1""",3.0,"=""""","=""20.94928177""","=""""","=""0.00000012""",,"=""010001.000081""","=""L8826""",
Ne I,"=""2s2.2p5.(2P*<3/2>).5d""","=""2[1/2]*""","=""0""",1.0,"=""""","=""21.01321219""","=""""","=""0.00000012""",,"=""010001.000082""","=""L8826""",
Ne I,"=""2s2.2p5.(2P*<3/2>).5d""","=""2[1/2]*""","=""1""",3.0,"=""""","=""21.01388581""","=""""","=""0.00000012""",,"=""010001.000083""","=""L8826""",
Ne I,"=""2s2.2p5.(2P*<3/2>).5d""","=""2[7/2]*""","=""4""",9.0,"=""""","=""21.01552439""","=""""","=""0.00000014""",,"=""010001.000084""","=""L8826""",
Ne I,"=""2s2.2p5.(2P*<3/2>).5d""","=""2[7/2]*""","=""3""",7.0,"=""""","=""21.01560547""","=""""","=""0.00000012""",,"=""010001.000085""","=""L8826""",
Ne I,"=""2s2.2p5.(2P*<3/2>).5d""","=""2[3/2]*""","=""2""",5.0,"=""""","=""21.01638327""","=""""","=""0.00000012""",,"=""010001.000086""","=""L8826""",
Ne I,"=""2s2.2p5.(2P*<3/2>).5d""","=""2[3/2]*""","=""1""",3.0,"=""""","=""21.01742872""","=""""","=""0.00000012""",,"=""010001.000087""","=""L8826""",
Ne I,"=""2s2.2p5.(2P*<3/2>).5d""","=""2[5/2]*""","=""2""",5.0,"=""""","=""21.01857880""","=""""","=""0.00000012""",,"=""010001.000088""","=""L8826""",
Ne I,"=""2s2.2p5.(2P*<3/2>).5d""","=""2[5/2]*""","=""3""",7.0,"=""""","=""21.01865519""","=""""","=""0.00000012""",,"=""010001.000089""","=""L8826""",
Ne I,"=""2s2.2p5.(2P*<3/2>).5f""","=""2[3/2]""","=""1""",3.0,"=""""","=""21.01909910""","=""""","=""0.00000012""",,"=""010001.000090""","=""L8826""",
Ne I,"=""2s2.2p5.(2P*<3/2>).5f""","=""2[3/2]""","=""2""",5.0,"=""""","=""21.01910144""","=""""","=""0.00000012""",,"=""010001.000091""","=""L8826""",
Ne I,"=""2s2.2p5.(2P*<3/2>).5f""","=""2[9/2]""","=""4""",9.0,"=""""","=""21.01958453""","=""""","=""0.00000012""",,"=""010001.000092""","=""L8826""",
Ne I,"=""2s2.2p5.(2P*<3/2>).5f""","=""2[9/2]""","=""5""",11.0,"=""""","=""21.01958502""","=""""","=""0.00000012""",,"=""010001.000093""","=""L8826""",
Ne I,"=""2s2.2p5.(2P*<3/2>).5g""","=""2[5/2]*""","=""2""",5.0,"=""""","=""21.01988918""","=""""","=""0.00000012""",,"=""010001.000094""","=""L8826""",
Ne I,"=""2s2.2p5.(2P*<3/2>).5g""","=""2[5/2]*""","=""3""",7.0,"=""""","=""21.01988951""","=""""","=""0.00000012""",,"=""010001.000095""","=""L8826""",
Ne I,"=""2s2.2p5.(2P*<3/2>).5g""","=""2[11/2]*""","=""5""",11.0,"=""""","=""21.02005903""","=""""","=""0.00000012""",,"=""010001.000096""","=""L8826""",
Ne I,"=""2s2.2p5.(2P*<3/2>).5g""","=""2[11/2]*""","=""6""",13.0,"=""""","=""21.02005991""","=""""","=""0.00000012""",,"=""010001.000097""","=""L8826""",
Ne I,"=""2s2.2p5.(2P*<3/2>).5f""","=""2[5/2]""","=""3""",7.0,"=""""","=""21.02015290""","=""""","=""0.00000012""",,"=""010001.000098""","=""L8826""",
Ne I,"=""2s2.2p5.(2P*<3/2>).5f""","=""2[5/2]""","=""2""",5.0,"=""""","=""21.02015446""","=""""","=""0.00000012""",,"=""010001.000099""","=""L8826""",
Ne I,"=""2s2.2p5.(2P*<3/2>).5g""","=""2[7/2]*""","=""3""",7.0,"=""""","=""21.02038133""","=""""","=""0.00000012""",,"=""010001.000100""","=""L8826""",
Ne I,"=""2s2.2p5.(2P*<3/2>).5g""","=""2[7/2]*""","=""4""",9.0,"=""""","=""21.02038185""","=""""","=""0.00000012""",,"=""010001.000101""","=""L8826""",
Ne I,"=""2s2.2p5.(2P*<3/2>).5g""","=""2[9/2]*""","=""4""",9.0,"=""""","=""21.02055343""","=""""","=""0.00000012""",,"=""010001.000102""","=""L8826""",
Ne I,"=""2s2.2p5.(2P*<3/2>).5g""","=""2[9/2]*""","=""5""",11.0,"=""""","=""21.02055425""","=""""","=""0.00000012""",,"=""010001.000103""","=""L8826""",
Ne I,"=""2s2.2p5.(2P*<3/2>).5f""","=""2[7/2]""","=""3""",7.0,"=""""","=""21.02064976""","=""""","=""0.00000012""",,"=""010001.000104""","=""L8826""",
Ne I,"=""2s2.2p5.(2P*<3/2>).5f""","=""2[7/2]""","=""4""",9.0,"=""""","=""21.02065013""","=""""","=""0.00000012""",,"=""010001.000105""","=""L8826""",
Ne I,"=""2s2.2p5.(2P*<1/2>).6s""","=""2[1/2]*""","=""0""",1.0,"=""""","=""21.04085339""","=""""","=""0.00000012""",,"=""010001.000106""","=""L8826""",
Ne I,"=""2s2.2p5.(2P*<1/2>).6s""","=""2[1/2]*""","=""1""",3.0,"=""""","=""21.04354431""","=""""","=""0.00000012""",,"=""010001.000107""","=""L8826""",
Ne I,"=""2s2.2p5.(2P*<3/2>).6p""","=""2[1/2]""","=""1""",3.0,"=""""","=""21.04608736""","=""""","=""0.00000016""",,"=""010001.000108""","=""L8826""",
Ne I,"=""2s2.2p5.(2P*<3/2>).6p""","=""2[1/2]""","=""0""",1.0,"=""""","=""21.07442614""","=""""","=""0.00000014""",,"=""010001.000113""","=""L8826""",
Ne I,"=""2s2.2p5.(2P*<3/2>).6p""","=""2[5/2]""","=""3""",7.0,"=""""","=""21.05216837""","=""""","=""0.00000012""",,"=""010001.000109""","=""L8826""",
Ne I,"=""2s2.2p5.(2P*<3/2>).6p""","=""2[5/2]""","=""2""",5.0,"=""""","=""21.05433227""","=""""","=""0.00000025""",,"=""010001.000110""","=""L8826""",
Ne I,"=""2s2.2p5.(2P*<3/2>).6p""","=""2[3/2]""","=""1""",3.0,"=""""","=""21.05740907""","=""""","=""0.00000012""",,"=""010001.000111""","=""L8826""",
Ne I,"=""2s2.2p5.(2P*<3/2>).6p""","=""2[3/2]""","=""2""",5.0,"=""""","=""21.05794707""","=""""","=""0.00000012""",,"=""010001.000112""","=""L8826""",
Ne I,"=""2s2.2p5.(2P*<1/2>).5d""","=""2[3/2]*""","=""2""",5.0,"=""""","=""21.11313791""","=""""","=""0.00000012""",,"=""010001.000114""","=""L8826""",
Ne I,"=""2s2.2p5.(2P*<1/2>).5d""","=""2[3/2]*""","=""1""",3.0,"=""""","=""21.11401428""","=""""","=""0.00000012""",,"=""010001.000117""","=""L8826""",
Ne I,"=""2s2.2p5.(2P*<1/2>).5d""","=""2[5/2]*""","=""2""",5.0,"=""""","=""21.11318538""","=""""","=""0.00000015""",,"=""010001.000115""","=""L8826""",
Ne I,"=""2s2.2p5.(2P*<1/2>).5d""","=""2[5/2]*""","=""3""",7.0,"=""""","=""21.11322925""","=""""","=""0.00000015""",,"=""010001.000116""","=""L8826""",
Ne I,"=""2s2.2p5.(2P*<1/2>).5f""","=""2[7/2]""","=""3""",7.0,"=""""","=""21.11670139""","=""""","=""0.00000012""",,"=""010001.000118""","=""L8826""",
Ne I,"=""2s2.2p5.(2P*<1/2>).5f""","=""2[7/2]""","=""4""",9.0,"=""""","=""21.11670208""","=""""","=""0.00000012""",,"=""010001.000119""","=""L8826""",
Ne I,"=""2s2.2p5.(2P*<1/2>).5f""","=""2[5/2]""","=""3""",7.0,"=""""","=""21.11670928""","=""""","=""0.00000012""",,"=""010001.000120""","=""L8826""",
Ne I,"=""2s2.2p5.(2P*<1/2>).5f""","=""2[5/2]""","=""2""",5.0,"=""""","=""21.11671088""","=""""","=""0.00000012""",,"=""010001.000121""","=""L8826""",
Ne I,"=""2s2.2p5.(2P*<1/2>).5g""","=""2[9/2]*""","=""5""",11.0,"=""""","=""21.11700150""","=""""","=""0.00000012""",,"=""010001.000122""","=""L8826""",
Ne I,"=""2s2.2p5.(2P*<1/2>).5g""","=""2[9/2]*""","=""4""",9.0,"=""""","=""21.11700158""","=""""","=""0.00000014""",,"=""010001.000123""","=""L8826""",
Ne I,"=""2s2.2p5.(2P*<1/2>).5g""","=""2[7/2]*""","=""4""",9.0,"=""""","=""21.11700337""","=""""","=""0.00000014""",,"=""010001.000124""","=""L8826""",
Ne I,"=""2s2.2p5.(2P*<1/2>).5g""","=""2[7/2]*""","=""3""",7.0,"=""""","=""21.11700481""","=""""","=""0.00000014""",,"=""010001.000125""","=""L8826""",
Ne I,"=""2s2.2p5.(2P*<3/2>).7s""","=""2[3/2]*""","=""2""",5.0,"=""""","=""21.14336221""","=""""","=""0.00000012""",,"=""010001.000126""","=""L8826""",
Ne I,"=""2s2.2p5.(2P*<3/2>).7s""","=""2[3/2]*""","=""1""",3.0,"=""""","=""21.14637893""","=""""","=""0.00000012""",,"=""010001.000127""","=""L8826""",
Ne I,"=""2s2.2p5.(2P*<1/2>).6p""","=""2[1/2]""","=""1""",3.0,"=""""","=""21.14902003""","=""""","=""0.00000012""",,"=""010001.000128""","=""L8826""",
Ne I,"=""2s2.2p5.(2P*<1/2>).6p""","=""2[1/2]""","=""0""",1.0,"=""""","=""21.16278517""","=""""","=""0.00000019""",,"=""010001.000131""","=""L8826""",
Ne I,"=""2s2.2p5.(2P*<1/2>).6p""","=""2[3/2]""","=""1""",3.0,"=""""","=""21.149857""","=""""","=""0.000004""",,"=""010001.000129""","=""L8826""",
Ne I,"=""2s2.2p5.(2P*<1/2>).6p""","=""2[3/2]""","=""2""",5.0,"=""""","=""21.15135738""","=""""","=""0.00000014""",,"=""010001.000130""","=""L8826""",
Ne I,"=""2s2.2p5.(2P*<3/2>).6d""","=""2[1/2]*""","=""0""",1.0,"=""""","=""21.1824863""","=""""","=""0.0000006""",,"=""010001.000132""","=""L8826""",
Ne I,"=""2s2.2p5.(2P*<3/2>).6d""","=""2[1/2]*""","=""1""",3.0,"=""""","=""21.18286278""","=""""","=""0.00000015""",,"=""010001.000133""","=""L8826""",
Ne I,"=""2s2.2p5.(2P*<3/2>).6d""","=""2[7/2]*""","=""4""",9.0,"=""""","=""21.18375011""","=""""","=""0.00000012""",,"=""010001.000134""","=""L8826""",
Ne I,"=""2s2.2p5.(2P*<3/2>).6d""","=""2[7/2]*""","=""3""",7.0,"=""""","=""21.18380040""","=""""","=""0.00000016""",,"=""010001.000135""","=""L8826""",
Ne I,"=""2s2.2p5.(2P*<3/2>).6d""","=""2[3/2]*""","=""2""",5.0,"=""""","=""21.18431077""","=""""","=""0.00000014""",,"=""010001.000136""","=""L8826""",
Ne I,"=""2s2.2p5.(2P*<3/2>).6d""","=""2[3/2]*""","=""1""",3.0,"=""""","=""21.18492247""","=""""","=""0.00000025""",,"=""010001.000137""","=""L8826""",
Ne I,"=""2s2.2p5.(2P*<3/2>).6d""","=""2[5/2]*""","=""2""",5.0,"=""""","=""21.18553364""","=""""","=""0.00000012""",,"=""010001.000138""","=""L8826""",
Ne I,"=""2s2.2p5.(2P*<3/2>).6d""","=""2[5/2]*""","=""3""",7.0,"=""""","=""21.18558079""","=""""","=""0.00000012""",,"=""010001.000139""","=""L8826""",
Ne I,"=""2s2.2p5.(2P*<3/2>).6f""","=""2[3/2]""","=""1""",3.0,"=""""","=""21.18589162""","=""""","=""0.00000017""",,"=""010001.000140""","=""L8826""",
Ne I,"=""2s2.2p5.(2P*<3/2>).6f""","=""2[3/2]""","=""2""",5.0,"=""""","=""21.18589309""","=""""","=""0.00000012""",,"=""010001.000141""","=""L8826""",
Ne I,"=""2s2.2p5.(2P*<3/2>).6f""","=""2[9/2]""","=""4""",9.0,"=""""","=""21.18617212""","=""""","=""0.00000012""",,"=""010001.000142""","=""L8826""",
Ne I,"=""2s2.2p5.(2P*<3/2>).6f""","=""2[9/2]""","=""5""",11.0,"=""""","=""21.18617244""","=""""","=""0.00000016""",,"=""010001.000143""","=""L8826""",
Ne I,"=""2s2.2p5.(2P*<3/2>).6g""","=""2[5/2]*""","=""2""",5.0,"=""""","=""21.18635432""","=""""","=""0.00000014""",,"=""010001.000144""","=""L8826""",
Ne I,"=""2s2.2p5.(2P*<3/2>).6g""","=""2[5/2]*""","=""3""",7.0,"=""""","=""21.1863566""","=""""","=""0.0000006""",,"=""010001.000145""","=""L8826""",
Ne I,"=""2s2.2p5.(2P*<3/2>).6g""","=""2[11/2]*""","=""5""",11.0,"=""""","=""21.18645404""","=""""","=""0.00000016""",,"=""010001.000146""","=""L8826""",
Ne I,"=""2s2.2p5.(2P*<3/2>).6g""","=""2[11/2]*""","=""6""",13.0,"=""""","=""21.18645492""","=""""","=""0.00000016""",,"=""010001.000147""","=""L8826""",
Ne I,"=""2s2.2p5.(2P*<3/2>).6f""","=""2[5/2]""","=""3""",7.0,"=""""","=""21.18650689""","=""""","=""0.00000012""",,"=""010001.000148""","=""L8826""",
Ne I,"=""2s2.2p5.(2P*<3/2>).6f""","=""2[5/2]""","=""2""",5.0,"=""""","=""21.18650803""","=""""","=""0.00000012""",,"=""010001.000149""","=""L8826""",
Ne I,"=""2s2.2p5.(2P*<3/2>).6g""","=""2[7/2]*""","=""4""",9.0,"=""""","=""21.18663789""","=""""","=""0.00000015""",,"=""010001.000150""","=""L8826""",
Ne I,"=""2s2.2p5.(2P*<3/2>).6g""","=""2[7/2]*""","=""3""",7.0,"=""""","=""21.18663968""","=""""","=""0.00000014""",,"=""010001.000151""","=""L8826""",
Ne I,"=""2s2.2p5.(2P*<3/2>).6g""","=""2[9/2]*""","=""4""",9.0,"=""""","=""21.18674169""","=""""","=""0.00000012""",,"=""010001.000152""","=""L8826""",
Ne I,"=""2s2.2p5.(2P*<3/2>).6g""","=""2[9/2]*""","=""5""",11.0,"=""""","=""21.18674247""","=""""","=""0.00000012""",,"=""010001.000153""","=""L8826""",
Ne I,"=""2s2.2p5.(2P*<3/2>).6f""","=""2[7/2]""","=""3""",7.0,"=""""","=""21.18679426""","=""""","=""0.00000015""",,"=""010001.000154""","=""L8826""",
Ne I,"=""2s2.2p5.(2P*<3/2>).6f""","=""2[7/2]""","=""4""",9.0,"=""""","=""21.18679463""","=""""","=""0.00000016""",,"=""010001.000155""","=""L8826""",
Ne I,"=""2s2.2p5.(2P*<3/2>).7p""","=""2[1/2]""","=""1""",3.0,"=""""","=""21.202440""","=""""","=""0.000022""",,"=""010001.000156""","=""L8826""",
Ne I,"=""2s2.2p5.(2P*<3/2>).7p""","=""2[1/2]""","=""0""",1.0,"=""""","=""21.2197406""","=""""","=""0.0000015""",,"=""010001.000161""","=""L8826""",
Ne I,"=""2s2.2p5.(2P*<3/2>).7p""","=""2[5/2]""","=""3""",7.0,"=""""","=""21.2053672""","=""""","=""0.0000017""",,"=""010001.000157""","=""L8826""",
Ne I,"=""2s2.2p5.(2P*<3/2>).7p""","=""2[5/2]""","=""2""",5.0,"=""""","=""21.206715""","=""""","=""0.000021""",,"=""010001.000158""","=""L8826""",
Ne I,"=""2s2.2p5.(2P*<3/2>).7p""","=""2[3/2]""","=""1""",3.0,"=""""","=""21.208489""","=""""","=""0.000025""",,"=""010001.000159""","=""L8826""",
Ne I,"=""2s2.2p5.(2P*<3/2>).7p""","=""2[3/2]""","=""2""",5.0,"=""""","=""21.208761""","=""""","=""0.000016""",,"=""010001.000160""","=""L8826""",
Ne I,"=""2s2.2p5.(2P*<1/2>).7s""","=""2[1/2]*""","=""0""",1.0,"=""""","=""21.24008531""","=""""","=""0.00000012""",,"=""010001.000162""","=""L8826""",
Ne I,"=""2s2.2p5.(2P*<1/2>).7s""","=""2[1/2]*""","=""1""",3.0,"=""""","=""21.24147014""","=""""","=""0.00000012""",,"=""010001.000163""","=""L8826""",
Ne I,"=""2s2.2p5.(2P*<3/2>).8s""","=""2[3/2]*""","=""2""",5.0,"=""""","=""21.2599810""","=""""","=""0.0000005""",,"=""010001.000164""","=""L8826""",
Ne I,"=""2s2.2p5.(2P*<3/2>).8s""","=""2[3/2]*""","=""1""",3.0,"=""""","=""21.2619865""","=""""","=""0.0000006""",,"=""010001.000165""","=""L8826""",
Ne I,"=""2s2.2p5.(2P*<1/2>).6d""","=""2[3/2]*""","=""2""",5.0,"=""""","=""21.28064461""","=""""","=""0.00000012""",,"=""010001.000166""","=""L8826""",
Ne I,"=""2s2.2p5.(2P*<1/2>).6d""","=""2[3/2]*""","=""1""",3.0,"=""""","=""21.2812531""","=""""","=""0.0000004""",,"=""010001.000169""","=""L8826""",
Ne I,"=""2s2.2p5.(2P*<1/2>).6d""","=""2[5/2]*""","=""2""",5.0,"=""""","=""21.28091538""","=""""","=""0.00000016""",,"=""010001.000167""","=""L8826""",
Ne I,"=""2s2.2p5.(2P*<1/2>).6d""","=""2[5/2]*""","=""3""",7.0,"=""""","=""21.28095151""","=""""","=""0.00000019""",,"=""010001.000168""","=""L8826""",
Ne I,"=""2s2.2p5.(2P*<1/2>).6f""","=""2[5/2]""","=""3""",7.0,"=""""","=""21.28309635""","=""""","=""0.00000014""",,"=""010001.000170""","=""L8826""",
Ne I,"=""2s2.2p5.(2P*<1/2>).6f""","=""2[5/2]""","=""2""",5.0,"=""""","=""21.28309768""","=""""","=""0.00000015""",,"=""010001.000171""","=""L8826""",
Ne I,"=""2s2.2p5.(2P*<1/2>).6f""","=""2[7/2]""","=""3""",7.0,"=""""","=""21.28311928""","=""""","=""0.00000014""",,"=""010001.000172""","=""L8826""",
Ne I,"=""2s2.2p5.(2P*<1/2>).6f""","=""2[7/2]""","=""4""",9.0,"=""""","=""21.28311977""","=""""","=""0.00000014""",,"=""010001.000173""","=""L8826""",
Ne I,"=""2s2.2p5.(2P*<1/2>).6g""","=""2[7/2]*""","=""4""",9.0,"=""""","=""21.28331166""","=""""","=""0.00000014""",,"=""010001.000174""","=""L8826""",
Ne I,"=""2s2.2p5.(2P*<1/2>).6g""","=""2[7/2]*""","=""3""",7.0,"=""""","=""21.28331309""","=""""","=""0.00000014""",,"=""010001.000175""","=""L8826""",
Ne I,"=""2s2.2p5.(2P*<1/2>).6g""","=""2[9/2]*""","=""4""",9.0,"=""""","=""21.28331405""","=""""","=""0.00000014""",,"=""010001.000176""","=""L8826""",
Ne I,"=""2s2.2p5.(2P*<1/2>).6g""","=""2[9/2]*""","=""5""",11.0,"=""""","=""21.28331510""","=""""","=""0.00000014""",,"=""010001.000177""","=""L8826""",
Ne I,"=""2s2.2p5.(2P*<3/2>).7d""","=""2[1/2]*""","=""0""",1.0,"=""""","=""21.2842647""","=""""","=""0.0000014""",,"=""010001.000178""","=""L8826""",
Ne I,"=""2s2.2p5.(2P*<3/2>).7d""","=""2[1/2]*""","=""1""",3.0,"=""""","=""21.2846064""","=""""","=""0.0000014""",,"=""010001.000179""","=""L8826""",
Ne I,"=""2s2.2p5.(2P*<3/2>).7d""","=""2[7/2]*""","=""4""",9.0,"=""""","=""21.2850442""","=""""","=""0.0000005""",,"=""010001.000180""","=""L8826""",
Ne I,"=""2s2.2p5.(2P*<3/2>).7d""","=""2[7/2]*""","=""3""",7.0,"=""""","=""21.2850775""","=""""","=""0.0000004""",,"=""010001.000181""","=""L8826""",
Ne I,"=""2s2.2p5.(2P*<3/2>).7d""","=""2[3/2]*""","=""2""",5.0,"=""""","=""21.2857743""","=""""","=""0.0000007""",,"=""010001.000182""","=""L8826""",
Ne I,"=""2s2.2p5.(2P*<3/2>).7d""","=""2[3/2]*""","=""1""",3.0,"=""""","=""21.2859685""","=""""","=""0.0000011""",,"=""010001.000183""","=""L8826""",
Ne I,"=""2s2.2p5.(2P*<3/2>).7d""","=""2[5/2]*""","=""2""",5.0,"=""""","=""21.2862629""","=""""","=""0.0000004""",,"=""010001.000184""","=""L8826""",
Ne I,"=""2s2.2p5.(2P*<3/2>).7d""","=""2[5/2]*""","=""3""",7.0,"=""""","=""21.2862943""","=""""","=""0.0000005""",,"=""010001.000185""","=""L8826""",
Ne I,"=""2s2.2p5.(2P*<3/2>).7f""","=""2[3/2]""","=""2""",5.0,"=""""","=""21.2864214""","=""""","=""0.0000005""",,"=""010001.000186""","=""L8826""",
Ne I,"=""2s2.2p5.(2P*<3/2>).7f""","=""2[3/2]""","=""1""",3.0,"=""""","=""21.2864225""","=""""","=""0.0000005""",,"=""010001.000187""","=""L8826""",
Ne I,"=""2s2.2p5.(2P*<3/2>).7f""","=""2[9/2]""","=""5""",11.0,"=""""","=""21.2865968""","=""""","=""0.0000004""",,"=""010001.000188""","=""L8826""",
Ne I,"=""2s2.2p5.(2P*<3/2>).7f""","=""2[9/2]""","=""4""",9.0,"=""""","=""21.2865973""","=""""","=""0.0000004""",,"=""010001.000189""","=""L8826""",
Ne I,"=""2s2.2p5.(2P*<3/2>).7g""","=""2[5/2]*""","=""2""",5.0,"=""""","=""21.2867159""","=""""","=""0.0000014""",,"=""010001.000190""","=""L8826""",
Ne I,"=""2s2.2p5.(2P*<3/2>).7g""","=""2[5/2]*""","=""3""",7.0,"=""""","=""21.2867162""","=""""","=""0.0000004""",,"=""010001.000191""","=""L8826""",
Ne I,"=""2s2.2p5.(2P*<3/2>).7g""","=""2[11/2]*""","=""5""",11.0,"=""""","=""21.2867765""","=""""","=""0.0000004""",,"=""010001.000192""","=""L8826""",
Ne I,"=""2s2.2p5.(2P*<3/2>).7g""","=""2[11/2]*""","=""6""",13.0,"=""""","=""21.2867773""","=""""","=""0.0000004""",,"=""010001.000193""","=""L8826""",
Ne I,"=""2s2.2p5.(2P*<3/2>).7f""","=""2[5/2]""","=""3""",7.0,"=""""","=""21.2868505""","=""""","=""0.0000006""",,"=""010001.000194""","=""L8826""",
Ne I,"=""2s2.2p5.(2P*<3/2>).7f""","=""2[5/2]""","=""2""",5.0,"=""""","=""21.2868514""","=""""","=""0.0000009""",,"=""010001.000195""","=""L8826""",
Ne I,"=""2s2.2p5.(2P*<3/2>).7g""","=""2[7/2]*""","=""4""",9.0,"=""""","=""21.2869046""","=""""","=""0.0000004""",,"=""010001.000196""","=""L8826""",
Ne I,"=""2s2.2p5.(2P*<3/2>).7g""","=""2[7/2]*""","=""3""",7.0,"=""""","=""21.2869063""","=""""","=""0.0000004""",,"=""010001.000197""","=""L8826""",
Ne I,"=""2s2.2p5.(2P*<3/2>).7g""","=""2[9/2]*""","=""4""",9.0,"=""""","=""21.2869664""","=""""","=""0.0000004""",,"=""010001.000198""","=""L8826""",
Ne I,"=""2s2.2p5.(2P*<3/2>).7g""","=""2[9/2]*""","=""5""",11.0,"=""""","=""21.2869672""","=""""","=""0.0000004""",,"=""010001.000199""","=""L8826""",
Ne I,"=""2s2.2p5.(2P*<3/2>).7f""","=""2[7/2]""","=""3""",7.0,"=""""","=""21.2870099""","=""""","=""0.0000007""",,"=""010001.000200""","=""L8826""",
Ne I,"=""2s2.2p5.(2P*<3/2>).7f""","=""2[7/2]""","=""4""",9.0,"=""""","=""21.2870121""","=""""","=""0.0000005""",,"=""010001.000201""","=""L8826""",
Ne I,"=""2s2.2p5.(2P*<3/2>).8p""","=""2[1/2]""","=""1""",3.0,"=""""","=""21.294564""","=""""","=""0.000025""",,"=""010001.000202""","=""L8826""",
Ne I,"=""2s2.2p5.(2P*<3/2>).8p""","=""2[1/2]""","=""0""",1.0,"=""""","=""21.30433""","=""""","=""0.00004""",,"=""010001.000210""","=""L8826""",
Ne I,"=""2s2.2p5.(2P*<3/2>).8p""","=""2[5/2]""","=""3""",7.0,"=""""","=""21.29887""","=""""","=""0.00004""",,"=""010001.000203""","=""L8826""",
Ne I,"=""2s2.2p5.(2P*<3/2>).8p""","=""2[5/2]""","=""2""",5.0,"=""""","=""21.29944""","=""""","=""0.00004""",,"=""010001.000204""","=""L8826""",
Ne I,"=""2s2.2p5.(2P*<3/2>).8p""","=""2[3/2]""","=""1""",3.0,"=""""","=""21.3002391""","=""""","=""0.0000017""",,"=""010001.000205""","=""L8826""",
Ne I,"=""2s2.2p5.(2P*<3/2>).8p""","=""2[3/2]""","=""2""",5.0,"=""""","=""21.300882""","=""""","=""0.000025""",,"=""010001.000206""","=""L8826""",
Ne I,"=""2s2.2p5.(2P*<1/2>).7p""","=""2[3/2]""","=""1""",3.0,"=""""","=""21.3032418""","=""""","=""0.0000017""",,"=""010001.000207""","=""L8826""",
Ne I,"=""2s2.2p5.(2P*<1/2>).7p""","=""2[3/2]""","=""2""",5.0,"=""""","=""21.3038970""","=""""","=""0.0000017""",,"=""010001.000208""","=""L8826""",
Ne I,"=""2s2.2p5.(2P*<1/2>).7p""","=""2[1/2]""","=""1""",3.0,"=""""","=""21.30427""","=""""","=""0.00004""",,"=""010001.000209""","=""L8826""",
Ne I,"=""2s2.2p5.(2P*<1/2>).7p""","=""2[1/2]""","=""0""",1.0,"=""""","=""21.3145513""","=""""","=""0.0000025""",,"=""010001.000211""","=""L8826""",
Ne I,"=""2s2.2p5.(2P*<3/2>).9s""","=""2[3/2]*""","=""2""",5.0,"=""""","=""21.3341332""","=""""","=""0.0000009""",,"=""010001.000212""","=""L8826""",
Ne I,"=""2s2.2p5.(2P*<3/2>).9s""","=""2[3/2]*""","=""1""",3.0,"=""""","=""21.3353143""","=""""","=""0.0000006""",,"=""010001.000213""","=""L8826""",
Ne I,"=""2s2.2p5.(2P*<3/2>).8d""","=""2[1/2]*""","=""0""",1.0,"=""""","=""21.350120""","=""""","=""0.000007""",,"=""010001.000214""","=""L8826""",
Ne I,"=""2s2.2p5.(2P*<3/2>).8d""","=""2[1/2]*""","=""1""",3.0,"=""""","=""21.3503118""","=""""","=""0.0000014""",,"=""010001.000215""","=""L8826""",
Ne I,"=""2s2.2p5.(2P*<3/2>).8d""","=""2[7/2]*""","=""4""",9.0,"=""""","=""21.35071290""","=""""","=""0.00000025""",,"=""010001.000216""","=""L8826""",
Ne I,"=""2s2.2p5.(2P*<3/2>).8d""","=""2[7/2]*""","=""3""",7.0,"=""""","=""21.35073261""","=""""","=""0.00000025""",,"=""010001.000217""","=""L8826""",
Ne I,"=""2s2.2p5.(2P*<3/2>).8d""","=""2[3/2]*""","=""2""",5.0,"=""""","=""21.3509183""","=""""","=""0.0000014""",,"=""010001.000218""","=""L8826""",
Ne I,"=""2s2.2p5.(2P*<3/2>).8d""","=""2[3/2]*""","=""1""",3.0,"=""""","=""21.351213""","=""""","=""0.000006""",,"=""010001.000219""","=""L8826""",
Ne I,"=""2s2.2p5.(2P*<3/2>).8d""","=""2[5/2]*""","=""2""",5.0,"=""""","=""21.3514561""","=""""","=""0.0000012""",,"=""010001.000220""","=""L8826""",
Ne I,"=""2s2.2p5.(2P*<3/2>).8d""","=""2[5/2]*""","=""3""",7.0,"=""""","=""21.3514758""","=""""","=""0.0000007""",,"=""010001.000221""","=""L8826""",
Ne I,"=""2s2.2p5.(2P*<3/2>).8f""","=""2[3/2]""","=""2""",5.0,"=""""","=""21.351649""","=""""","=""0.000014""",,"=""010001.000222""","=""L8826""",
Ne I,"=""2s2.2p5.(2P*<3/2>).8f""","=""2[3/2]""","=""1""",3.0,"=""""","=""21.351661""","=""""","=""0.000014""",,"=""010001.000223""","=""L8826""",
Ne I,"=""2s2.2p5.(2P*<3/2>).8f""","=""2[9/2]""","=""5""",11.0,"=""""","=""21.351761""","=""""","=""0.000014""",,"=""010001.000224""","=""L8826""",
Ne I,"=""2s2.2p5.(2P*<3/2>).8f""","=""2[9/2]""","=""4""",9.0,"=""""","=""21.351763""","=""""","=""0.000014""",,"=""010001.000225""","=""L8826""",
Ne I,"=""2s2.2p5.(2P*<3/2>).8f""","=""2[7/2]""","=""4""",9.0,"=""""","=""21.352011""","=""""","=""0.000014""",,"=""010001.000226""","=""L8826""",
Ne I,"=""2s2.2p5.(2P*<3/2>).8f""","=""2[7/2]""","=""3""",7.0,"=""""","=""21.352038""","=""""","=""0.000014""",,"=""010001.000227""","=""L8826""",
Ne I,"=""2s2.2p5.(2P*<1/2>).8s""","=""2[1/2]*""","=""0""",1.0,"=""""","=""21.3568107""","=""""","=""0.0000011""",,"=""010001.000228""","=""L8826""",
Ne I,"=""2s2.2p5.(2P*<1/2>).8s""","=""2[1/2]*""","=""1""",3.0,"=""""","=""21.3577339""","=""""","=""0.0000005""",,"=""010001.000229""","=""L8826""",
Ne I,"=""2s2.2p5.(2P*<3/2>).9p""","=""2[5/2]""","=""3""",7.0,"=""""","=""21.36027""","=""""","=""0.00004""",,"=""010001.000230""","=""L8826""",
Ne I,"=""2s2.2p5.(2P*<3/2>).9p""","=""2[5/2]""","=""2""",5.0,"=""""","=""21.3608738""","=""""","=""0.0000019""",,"=""010001.000231""","=""L8826""",
Ne I,"=""2s2.2p5.(2P*<3/2>).9p""","=""2[3/2]""","=""1""",3.0,"=""""","=""21.361386""","=""""","=""0.000025""",,"=""010001.000232""","=""L8826""",
Ne I,"=""2s2.2p5.(2P*<3/2>).9p""","=""2[3/2]""","=""2""",5.0,"=""""","=""21.36149""","=""""","=""0.00004""",,"=""010001.000233""","=""L8826""",
Ne I,"=""2s2.2p5.(2P*<3/2>).9p""","=""2[1/2]""","=""0""",1.0,"=""""","=""21.3658693""","=""""","=""0.0000012""",,"=""010001.000234""","=""L8826""",
Ne I,"=""2s2.2p5.(2P*<1/2>).7d""","=""2[3/2]*""","=""2""",5.0,"=""""","=""21.3820449""","=""""","=""0.0000010""",,"=""010001.000235""","=""L8826""",
Ne I,"=""2s2.2p5.(2P*<1/2>).7d""","=""2[3/2]*""","=""1""",3.0,"=""""","=""21.3824346""","=""""","=""0.0000014""",,"=""010001.000238""","=""L8826""",
Ne I,"=""2s2.2p5.(2P*<1/2>).7d""","=""2[5/2]*""","=""2""",5.0,"=""""","=""21.3821198""","=""""","=""0.0000009""",,"=""010001.000236""","=""L8826""",
Ne I,"=""2s2.2p5.(2P*<1/2>).7d""","=""2[5/2]*""","=""3""",7.0,"=""""","=""21.3821429""","=""""","=""0.0000004""",,"=""010001.000237""","=""L8826""",
Ne I,"=""2s2.2p5.(2P*<1/2>).7f""","=""2[7/2]""","=""3""",7.0,"=""""","=""21.3834863""","=""""","=""0.0000005""",,"=""010001.000239""","=""L8826""",
Ne I,"=""2s2.2p5.(2P*<1/2>).7f""","=""2[7/2]""","=""4""",9.0,"=""""","=""21.3834865""","=""""","=""0.0000005""",,"=""010001.000240""","=""L8826""",
Ne I,"=""2s2.2p5.(2P*<1/2>).7f""","=""2[5/2]""","=""3""",7.0,"=""""","=""21.3834868""","=""""","=""0.0000004""",,"=""010001.000241""","=""L8826""",
Ne I,"=""2s2.2p5.(2P*<1/2>).7f""","=""2[5/2]""","=""2""",5.0,"=""""","=""21.3834871""","=""""","=""0.0000007""",,"=""010001.000242""","=""L8826""",
Ne I,"=""2s2.2p5.(2P*<1/2>).7g""","=""2[9/2]*""","=""4""",9.0,"=""""","=""21.3835998""","=""""","=""0.0000004""",,"=""010001.000243""","=""L8826""",
Ne I,"=""2s2.2p5.(2P*<1/2>).7g""","=""2[9/2]*""","=""5""",11.0,"=""""","=""21.3836009""","=""""","=""0.0000004""",,"=""010001.000244""","=""L8826""",
Ne I,"=""2s2.2p5.(2P*<1/2>).7g""","=""2[7/2]*""","=""4""",9.0,"=""""","=""21.3836048""","=""""","=""0.0000004""",,"=""010001.000245""","=""L8826""",
Ne I,"=""2s2.2p5.(2P*<1/2>).7g""","=""2[7/2]*""","=""3""",7.0,"=""""","=""21.3836063""","=""""","=""0.0000004""",,"=""010001.000246""","=""L8826""",
Ne I,"=""2s2.2p5.(2P*<3/2>).10s""","=""2[3/2]*""","=""2""",5.0,"=""""","=""21.3842144""","=""""","=""0.0000006""",,"=""010001.000247""","=""L8826""",
Ne I,"=""2s2.2p5.(2P*<3/2>).10s""","=""2[3/2]*""","=""1""",3.0,"=""""","=""21.38502238""","=""""","=""0.00000024""",,"=""010001.000248""","=""L8826""",
Ne I,"=""2s2.2p5.(2P*<1/2>).8p""","=""2[1/2]""","=""1""",3.0,"=""""","=""21.39506""","=""""","=""0.00004""",,"=""010001.000249""","=""L8826""",
Ne I,"=""2s2.2p5.(2P*<1/2>).8p""","=""2[1/2]""","=""0""",1.0,"=""""","=""21.39965""","=""""","=""0.00004""",,"=""010001.000265""","=""L8826""",
Ne I,"=""2s2.2p5.(2P*<3/2>).9d""","=""2[1/2]*""","=""0""",1.0,"=""""","=""21.395318""","=""""","=""0.000015""",,"=""010001.000250""","=""L8826""",
Ne I,"=""2s2.2p5.(2P*<3/2>).9d""","=""2[1/2]*""","=""1""",3.0,"=""""","=""21.395449""","=""""","=""0.000006""",,"=""010001.000251""","=""L8826""",
Ne I,"=""2s2.2p5.(2P*<3/2>).9d""","=""2[7/2]*""","=""4""",9.0,"=""""","=""21.3956874""","=""""","=""0.0000006""",,"=""010001.000252""","=""L8826""",
Ne I,"=""2s2.2p5.(2P*<3/2>).9d""","=""2[7/2]*""","=""3""",7.0,"=""""","=""21.3957154""","=""""","=""0.0000006""",,"=""010001.000253""","=""L8826""",
Ne I,"=""2s2.2p5.(2P*<3/2>).9d""","=""2[3/2]*""","=""2""",5.0,"=""""","=""21.395879""","=""""","=""0.000005""",,"=""010001.000254""","=""L8826""",
Ne I,"=""2s2.2p5.(2P*<3/2>).9d""","=""2[3/2]*""","=""1""",3.0,"=""""","=""21.396056""","=""""","=""0.000006""",,"=""010001.000255""","=""L8826""",
Ne I,"=""2s2.2p5.(2P*<3/2>).9d""","=""2[5/2]*""","=""2""",5.0,"=""""","=""21.396216""","=""""","=""0.000007""",,"=""010001.000256""","=""L8826""",
Ne I,"=""2s2.2p5.(2P*<3/2>).9d""","=""2[5/2]*""","=""3""",7.0,"=""""","=""21.396228""","=""""","=""0.000007""",,"=""010001.000257""","=""L8826""",
Ne I,"=""2s2.2p5.(2P*<1/2>).8p""","=""2[3/2]""","=""2""",5.0,"=""""","=""21.39634""","=""""","=""0.00006""",,"=""010001.000258""","=""L8826""",
Ne I,"=""2s2.2p5.(2P*<3/2>).9f""","=""2[9/2]""","=""5""",11.0,"=""""","=""21.396424""","=""""","=""0.000015""",,"=""010001.000259""","=""L8826""",
Ne I,"=""2s2.2p5.(2P*<3/2>).9f""","=""2[9/2]""","=""4""",9.0,"=""""","=""21.396432""","=""""","=""0.000015""",,"=""010001.000260""","=""L8826""",
Ne I,"=""2s2.2p5.(2P*<3/2>).9f""","=""2[5/2]""","=""3""",7.0,"=""""","=""21.396551""","=""""","=""0.000015""",,"=""010001.000261""","=""L8826""",
Ne I,"=""2s2.2p5.(2P*<3/2>).9f""","=""2[5/2]""","=""2""",5.0,"=""""","=""21.396551""","=""""","=""0.000015""",,"=""010001.000262""","=""L8826""",
Ne I,"=""2s2.2p5.(2P*<3/2>).9f""","=""2[7/2]""","=""4""",9.0,"=""""","=""21.396618""","=""""","=""0.000015""",,"=""010001.000263""","=""L8826""",
Ne I,"=""2s2.2p5.(2P*<3/2>).9f""","=""2[7/2]""","=""3""",7.0,"=""""","=""21.396618""","=""""","=""0.000015""",,"=""010001.000264""","=""L8826""",
Ne I,"=""2s2.2p5.(2P*<3/2>).10p""","=""2[1/2]""","=""1""",3.0,"=""""","=""21.40205""","=""""","=""0.00004""",,"=""010001.000266""","=""L8826""",
Ne I,"=""2s2.2p5.(2P*<3/2>).10p""","=""2[1/2]""","=""0""",1.0,"=""""","=""21.40774""","=""""","=""0.00004""",,"=""010001.000270""","=""L8826""",
Ne I,"=""2s2.2p5.(2P*<3/2>).10p""","=""2[5/2]""","=""3""",7.0,"=""""","=""21.40255""","=""""","=""0.00004""",,"=""010001.000267""","=""L8826""",
Ne I,"=""2s2.2p5.(2P*<3/2>).10p""","=""2[3/2]""","=""1""",3.0,"=""""","=""21.40340""","=""""","=""0.00004""",,"=""010001.000268""","=""L8826""",
Ne I,"=""2s2.2p5.(2P*<3/2>).10p""","=""2[3/2]""","=""2""",5.0,"=""""","=""21.40344""","=""""","=""0.00004""",,"=""010001.000269""","=""L8826""",
Ne I,"=""2s2.2p5.(2P*<3/2>).11s""","=""2[3/2]*""","=""2""",5.0,"=""""","=""21.419488""","=""""","=""0.000007""",,"=""010001.000271""","=""L8826""",
Ne I,"=""2s2.2p5.(2P*<3/2>).11s""","=""2[3/2]*""","=""1""",3.0,"=""""","=""21.420080""","=""""","=""0.000006""",,"=""010001.000272""","=""L8826""",
Ne I,"=""2s2.2p5.(2P*<3/2>).10d""","=""2[1/2]*""","=""0""",1.0,"=""""","=""21.427516""","=""""","=""0.000015""",,"=""010001.000273""","=""L8826""",
Ne I,"=""2s2.2p5.(2P*<3/2>).10d""","=""2[1/2]*""","=""1""",3.0,"=""""","=""21.427636""","=""""","=""0.000016""",,"=""010001.000274""","=""L8826""",
Ne I,"=""2s2.2p5.(2P*<3/2>).10d""","=""2[7/2]*""","=""4""",9.0,"=""""","=""21.427833""","=""""","=""0.000014""",,"=""010001.000275""","=""L8826""",
Ne I,"=""2s2.2p5.(2P*<3/2>).10d""","=""2[7/2]*""","=""3""",7.0,"=""""","=""21.427860""","=""""","=""0.000012""",,"=""010001.000276""","=""L8826""",
Ne I,"=""2s2.2p5.(2P*<3/2>).10d""","=""2[3/2]*""","=""2""",5.0,"=""""","=""21.427932""","=""""","=""0.000010""",,"=""010001.000277""","=""L8826""",
Ne I,"=""2s2.2p5.(2P*<3/2>).10d""","=""2[3/2]*""","=""1""",3.0,"=""""","=""21.428102""","=""""","=""0.000009""",,"=""010001.000278""","=""L8826""",
Ne I,"=""2s2.2p5.(2P*<3/2>).10d""","=""2[5/2]*""","=""2""",5.0,"=""""","=""21.428214""","=""""","=""0.000010""",,"=""010001.000279""","=""L8826""",
Ne I,"=""2s2.2p5.(2P*<3/2>).10d""","=""2[5/2]*""","=""3""",7.0,"=""""","=""21.428220""","=""""","=""0.000010""",,"=""010001.000280""","=""L8826""",
Ne I,"=""2s2.2p5.(2P*<1/2>).9s""","=""2[1/2]*""","=""0""",1.0,"=""""","=""21.430933""","=""""","=""0.000007""",,"=""010001.000281""","=""L8826""",
Ne I,"=""2s2.2p5.(2P*<1/2>).9s""","=""2[1/2]*""","=""1""",3.0,"=""""","=""21.431537""","=""""","=""0.000006""",,"=""010001.000282""","=""L8826""",
Ne I,"=""2s2.2p5.(2P*<3/2>).11p""","=""2[3/2]""","=""2""",5.0,"=""""","=""21.43338""","=""""","=""0.00004""",,"=""010001.000283""","=""L8826""",
Ne I,"=""2s2.2p5.(2P*<3/2>).11p""","=""2[3/2]""","=""1""",3.0,"=""""","=""21.43338""","=""""","=""0.00004""",,"=""010001.000284""","=""L8826""",
Ne I,"=""2s2.2p5.(2P*<3/2>).12s""","=""2[3/2]*""","=""2""",5.0,"=""""","=""21.445362""","=""""","=""0.000010""",,"=""010001.000285""","=""L8826""",
Ne I,"=""2s2.2p5.(2P*<3/2>).12s""","=""2[3/2]*""","=""1""",3.0,"=""""","=""21.4458306""","=""""","=""0.0000005""",,"=""010001.000286""","=""L8826""",
Ne I,"=""2s2.2p5.(2P*<1/2>).8d""","=""2[3/2]*""","=""2""",5.0,"=""""","=""21.447663""","=""""","=""0.000010""",,"=""010001.000287""","=""L8826""",
Ne I,"=""2s2.2p5.(2P*<1/2>).8d""","=""2[3/2]*""","=""1""",3.0,"=""""","=""21.447901""","=""""","=""0.000009""",,"=""010001.000290""","=""L8826""",
Ne I,"=""2s2.2p5.(2P*<1/2>).8d""","=""2[5/2]*""","=""2""",5.0,"=""""","=""21.4476798""","=""""","=""0.0000006""",,"=""010001.000288""","=""L8826""",
Ne I,"=""2s2.2p5.(2P*<1/2>).8d""","=""2[5/2]*""","=""3""",7.0,"=""""","=""21.4476896""","=""""","=""0.0000006""",,"=""010001.000289""","=""L8826""",
Ne I,"=""2s2.2p5.(2P*<1/2>).8f""","=""2[7/2]""","=""4""",9.0,"=""""","=""21.448596""","=""""","=""0.000014""",,"=""010001.000291""","=""L8826""",
Ne I,"=""2s2.2p5.(2P*<1/2>).8f""","=""2[7/2]""","=""3""",7.0,"=""""","=""21.448610""","=""""","=""0.000014""",,"=""010001.000294""","=""L8826""",
Ne I,"=""2s2.2p5.(2P*<1/2>).8f""","=""2[5/2]""","=""3""",7.0,"=""""","=""21.448598""","=""""","=""0.000014""",,"=""010001.000292""","=""L8826""",
Ne I,"=""2s2.2p5.(2P*<1/2>).8f""","=""2[5/2]""","=""2""",5.0,"=""""","=""21.448598""","=""""","=""0.000014""",,"=""010001.000293""","=""L8826""",
Ne I,"=""2s2.2p5.(2P*<3/2>).11d""","=""2[1/2]*""","=""0""",1.0,"=""""","=""21.451422""","=""""","=""0.000015""",,"=""010001.000295""","=""L8826""",
Ne I,"=""2s2.2p5.(2P*<3/2>).11d""","=""2[1/2]*""","=""1""",3.0,"=""""","=""21.451496""","=""""","=""0.000016""",,"=""010001.000296""","=""L8826""",
Ne I,"=""2s2.2p5.(2P*<3/2>).11d""","=""2[7/2]*""","=""3""",7.0,"=""""","=""21.451603""","=""""","=""0.000014""",,"=""010001.000297""","=""L8826""",
Ne I,"=""2s2.2p5.(2P*<3/2>).11d""","=""2[7/2]*""","=""4""",9.0,"=""""","=""21.451608""","=""""","=""0.000014""",,"=""010001.000298""","=""L8826""",
Ne I,"=""2s2.2p5.(2P*<3/2>).11d""","=""2[3/2]*""","=""2""",5.0,"=""""","=""21.451753""","=""""","=""0.000015""",,"=""010001.000299""","=""L8826""",
Ne I,"=""2s2.2p5.(2P*<3/2>).11d""","=""2[3/2]*""","=""1""",3.0,"=""""","=""21.451856""","=""""","=""0.000022""",,"=""010001.000300""","=""L8826""",
Ne I,"=""2s2.2p5.(2P*<3/2>).11d""","=""2[5/2]*""","=""2""",5.0,"=""""","=""21.451865""","=""""","=""0.000012""",,"=""010001.000301""","=""L8826""",
Ne I,"=""2s2.2p5.(2P*<3/2>).11d""","=""2[5/2]*""","=""3""",7.0,"=""""","=""21.451906""","=""""","=""0.000011""",,"=""010001.000302""","=""L8826""",
Ne I,"=""2s2.2p5.(2P*<1/2>).9p""","=""2[3/2]""","=""2""",5.0,"=""""","=""21.457375""","=""""","=""0.000025""",,"=""010001.000303""","=""L8826""",
Ne I,"=""2s2.2p5.(2P*<1/2>).9p""","=""2[1/2]""","=""0""",1.0,"=""""","=""21.4613508""","=""""","=""0.0000017""",,"=""010001.000304""","=""L8826""",
Ne I,"=""2s2.2p5.(2P*<3/2>).13s""","=""2[3/2]*""","=""2""",5.0,"=""""","=""21.464903""","=""""","=""0.000011""",,"=""010001.000305""","=""L8826""",
Ne I,"=""2s2.2p5.(2P*<3/2>).13s""","=""2[3/2]*""","=""1""",3.0,"=""""","=""21.465242""","=""""","=""0.000015""",,"=""010001.000306""","=""L8826""",
Ne I,"=""2s2.2p5.(2P*<3/2>).12d""","=""2[1/2]*""","=""1""",3.0,"=""""","=""21.469565""","=""""","=""0.000021""",,"=""010001.000307""","=""L8826""",
Ne I,"=""2s2.2p5.(2P*<3/2>).12d""","=""2[7/2]*""","=""3""",7.0,"=""""","=""21.469657""","=""""","=""0.000014""",,"=""010001.000308""","=""L8826""",
Ne I,"=""2s2.2p5.(2P*<3/2>).12d""","=""2[7/2]*""","=""4""",9.0,"=""""","=""21.469659""","=""""","=""0.000014""",,"=""010001.000309""","=""L8826""",
Ne I,"=""2s2.2p5.(2P*<3/2>).12d""","=""2[3/2]*""","=""2""",5.0,"=""""","=""21.469735""","=""""","=""0.000015""",,"=""010001.000310""","=""L8826""",
Ne I,"=""2s2.2p5.(2P*<3/2>).12d""","=""2[3/2]*""","=""1""",3.0,"=""""","=""21.469858""","=""""","=""0.000022""",,"=""010001.000311""","=""L8826""",
Ne I,"=""2s2.2p5.(2P*<3/2>).12d""","=""2[5/2]*""","=""2""",5.0,"=""""","=""21.469866""","=""""","=""0.000014""",,"=""010001.000312""","=""L8826""",
Ne I,"=""2s2.2p5.(2P*<3/2>).12d""","=""2[5/2]*""","=""3""",7.0,"=""""","=""21.469903""","=""""","=""0.000014""",,"=""010001.000313""","=""L8826""",
Ne I,"=""2s2.2p5.(2P*<3/2>).14s""","=""2[3/2]*""","=""1""",3.0,"=""""","=""21.480194""","=""""","=""0.000022""",,"=""010001.000314""","=""L8826""",
Ne I,"=""2s2.2p5.(2P*<1/2>).10s""","=""2[1/2]*""","=""0""",1.0,"=""""","=""21.480912""","=""""","=""0.000007""",,"=""010001.000315""","=""L8826""",
Ne I,"=""2s2.2p5.(2P*<1/2>).10s""","=""2[1/2]*""","=""1""",3.0,"=""""","=""21.481435""","=""""","=""0.000007""",,"=""010001.000316""","=""L8826""",
Ne I,"=""2s2.2p5.(2P*<3/2>).13d""","=""2[1/2]*""","=""1""",3.0,"=""""","=""21.483683""","=""""","=""0.000017""",,"=""010001.000317""","=""L8826""",
Ne I,"=""2s2.2p5.(2P*<3/2>).13d""","=""2[7/2]*""","=""4""",9.0,"=""""","=""21.483743""","=""""","=""0.000014""",,"=""010001.000318""","=""L8826""",
Ne I,"=""2s2.2p5.(2P*<3/2>).13d""","=""2[7/2]*""","=""3""",7.0,"=""""","=""21.483753""","=""""","=""0.000014""",,"=""010001.000319""","=""L8826""",
Ne I,"=""2s2.2p5.(2P*<3/2>).13d""","=""2[3/2]*""","=""1""",3.0,"=""""","=""21.483879""","=""""","=""0.000022""",,"=""010001.000320""","=""L8826""",
Ne I,"=""2s2.2p5.(2P*<3/2>).13d""","=""2[3/2]*""","=""2""",5.0,"=""""","=""21.483999""","=""""","=""0.000016""",,"=""010001.000321""","=""L8826""",
Ne I,"=""2s2.2p5.(2P*<3/2>).15s""","=""2[3/2]*""","=""1""",3.0,"=""""","=""21.492140""","=""""","=""0.000022""",,"=""010001.000322""","=""L8826""",
Ne I,"=""2s2.2p5.(2P*<1/2>).9d""","=""2[5/2]*""","=""2""",5.0,"=""""","=""21.492594""","=""""","=""0.000010""",,"=""010001.000323""","=""L8826""",
Ne I,"=""2s2.2p5.(2P*<1/2>).9d""","=""2[5/2]*""","=""3""",7.0,"=""""","=""21.492601""","=""""","=""0.000007""",,"=""010001.000325""","=""L8826""",
Ne I,"=""2s2.2p5.(2P*<1/2>).9d""","=""2[3/2]*""","=""2""",5.0,"=""""","=""21.492600""","=""""","=""0.000010""",,"=""010001.000324""","=""L8826""",
Ne I,"=""2s2.2p5.(2P*<1/2>).9d""","=""2[3/2]*""","=""1""",3.0,"=""""","=""21.492758""","=""""","=""0.000011""",,"=""010001.000326""","=""L8826""",
Ne I,"=""2s2.2p5.(2P*<3/2>).14d""","=""2[1/2]*""","=""1""",3.0,"=""""","=""21.494870""","=""""","=""0.000022""",,"=""010001.000327""","=""L8826""",
Ne I,"=""2s2.2p5.(2P*<3/2>).14d""","=""2[3/2]*""","=""1""",3.0,"=""""","=""21.495002""","=""""","=""0.000022""",,"=""010001.000328""","=""L8826""",
Ne I,"=""2s2.2p5.(2P*<3/2>).16s""","=""2[3/2]*""","=""1""",3.0,"=""""","=""21.501658""","=""""","=""0.000022""",,"=""010001.000329""","=""L8826""",
Ne I,"=""2s2.2p5.(2P*<3/2>).15d""","=""2[3/2]*""","=""1""",3.0,"=""""","=""21.503911""","=""""","=""0.000022""",,"=""010001.000330""","=""L8826""",
Ne I,"=""2s2.2p5.(2P*<3/2>).15d""","=""2[1/2]*""","=""1""",3.0,"=""""","=""21.503959""","=""""","=""0.000022""",,"=""010001.000331""","=""L8826""",
Ne I,"=""2s2.2p5.(2P*<3/2>).17s""","=""2[3/2]*""","=""1""",3.0,"=""""","=""21.509410""","=""""","=""0.000022""",,"=""010001.000332""","=""L8826""",
Ne I,"=""2s2.2p5.(2P*<3/2>).16d""","=""2[3/2]*""","=""1""",3.0,"=""""","=""21.511272""","=""""","=""0.000022""",,"=""010001.000333""","=""L8826""",
Ne I,"=""2s2.2p5.(2P*<3/2>).18s""","=""2[3/2]*""","=""1""",3.0,"=""""","=""21.515766""","=""""","=""0.000022""",,"=""010001.000334""","=""L8826""",
Ne I,"=""2s2.2p5.(2P*<1/2>).11s""","=""2[1/2]*""","=""1""",3.0,"=""""","=""21.516611""","=""""","=""0.000022""",,"=""010001.000335""","=""L8826""",
Ne I,"=""2s2.2p5.(2P*<3/2>).17d""","=""2[3/2]*""","=""1""",3.0,"=""""","=""21.517383""","=""""","=""0.000022""",,"=""010001.000336""","=""L8826""",
Ne I,"=""2s2.2p5.(2P*<3/2>).19s""","=""2[3/2]*""","=""1""",3.0,"=""""","=""21.521178""","=""""","=""0.000022""",,"=""010001.000337""","=""L8826""",
Ne I,"=""2s2.2p5.(2P*<3/2>).18d""","=""2[3/2]*""","=""1""",3.0,"=""""","=""21.522479""","=""""","=""0.000022""",,"=""010001.000338""","=""L8826""",
Ne I,"=""2s2.2p5.(2P*<1/2>).10d""","=""2[5/2]*""","=""2""",5.0,"=""""","=""21.524712""","=""""","=""0.000006""",,"=""010001.000339""","=""L8826""",
Ne I,"=""2s2.2p5.(2P*<1/2>).10d""","=""2[5/2]*""","=""3""",7.0,"=""""","=""21.524716""","=""""","=""0.000009""",,"=""010001.000341""","=""L8826""",
Ne I,"=""2s2.2p5.(2P*<1/2>).10d""","=""2[3/2]*""","=""2""",5.0,"=""""","=""21.524712""","=""""","=""0.000010""",,"=""010001.000340""","=""L8826""",
Ne I,"=""2s2.2p5.(2P*<1/2>).10d""","=""2[3/2]*""","=""1""",3.0,"=""""","=""21.524846""","=""""","=""0.000014""",,"=""010001.000342""","=""L8826""",
Ne I,"=""2s2.2p5.(2P*<3/2>).20s""","=""2[3/2]*""","=""1""",3.0,"=""""","=""21.525700""","=""""","=""0.000022""",,"=""010001.000343""","=""L8826""",
Ne I,"=""2s2.2p5.(2P*<3/2>).19d""","=""2[3/2]*""","=""1""",3.0,"=""""","=""21.526791""","=""""","=""0.000022""",,"=""010001.000344""","=""L8826""",
Ne I,"=""2s2.2p5.(2P*<3/2>).20d""","=""2[3/2]*""","=""1""",3.0,"=""""","=""21.530477""","=""""","=""0.000022""",,"=""010001.000345""","=""L8826""",
Ne I,"=""2s2.2p5.(2P*<1/2>).12s""","=""2[1/2]*""","=""1""",3.0,"=""""","=""21.542437""","=""""","=""0.000022""",,"=""010001.000346""","=""L8826""",
Ne I,"=""2s2.2p5.(2P*<1/2>).11d""","=""2[3/2]*""","=""1""",3.0,"=""""","=""21.548593""","=""""","=""0.000022""",,"=""010001.000347""","=""L8826""",
Ne I,"=""2s2.2p5.(2P*<1/2>).13s""","=""2[1/2]*""","=""1""",3.0,"=""""","=""21.561876""","=""""","=""0.000022""",,"=""010001.000348""","=""L8826""",
Ne I,"=""Ne II (2p5 2P*<3/2>)""","=""Limit""","=""---""",,"=""""","=""21.564541""","=""""","=""0.000007""",,"=""010001.Lim001""","=""L8826,L1407""",
Ne I,"=""2s2.2p5.(2P*<1/2>).12d""","=""2[3/2]*""","=""1""",3.0,"=""""","=""21.566550""","=""""","=""0.000022""",,"=""010001.000350""","=""L8826""",
Ne I,"=""2s2.2p5.(2P*<1/2>).14s""","=""2[1/2]*""","=""1""",3.0,"=""""","=""21.576939""","=""""","=""0.000022""",,"=""010001.000351""","=""L8826""",
Ne I,"=""2s2.2p5.(2P*<1/2>).13d""","=""2[3/2]*""","=""1""",3.0,"=""""","=""21.580589""","=""""","=""0.000022""",,"=""010001.000352""","=""L8826""",
Ne I,"=""2s2.2p5.(2P*<1/2>).15s""","=""2[1/2]*""","=""1""",3.0,"=""""","=""21.588819""","=""""","=""0.000022""",,"=""010001.000353""","=""L8826""",
Ne I,"=""2s2.2p5.(2P*<1/2>).14d""","=""2[3/2]*""","=""1""",3.0,"=""""","=""21.591729""","=""""","=""0.000022""",,"=""010001.000354""","=""L8826""",
Ne I,"=""2s2.2p5.(2P*<1/2>).16s""","=""2[1/2]*""","=""1""",3.0,"=""""","=""21.598352""","=""""","=""0.000022""",,"=""010001.000355""","=""L8826""",
Ne I,"=""2s2.2p5.(2P*<1/2>).15d""","=""2[3/2]*""","=""1""",3.0,"=""""","=""21.600708""","=""""","=""0.000022""",,"=""010001.000356""","=""L8826""",
Ne I,"=""2s2.2p5.(2P*<1/2>).17s""","=""2[1/2]*""","=""1""",3.0,"=""""","=""21.606121""","=""""","=""0.000022""",,"=""010001.000357""","=""L8826""",
Ne I,"=""2s2.2p5.(2P*<1/2>).16d""","=""2[3/2]*""","=""1""",3.0,"=""""","=""21.608042""","=""""","=""0.000022""",,"=""010001.000358""","=""L8826""",
Ne I,"=""2s2.2p5.(2P*<1/2>).18s""","=""2[1/2]*""","=""1""",3.0,"=""""","=""21.612539""","=""""","=""0.000022""",,"=""010001.000359""","=""L8826""",
Ne I,"=""2s2.2p5.(2P*<1/2>).17d""","=""2[3/2]*""","=""1""",3.0,"=""""","=""21.614148""","=""""","=""0.000022""",,"=""010001.000360""","=""L8826""",
Ne I,"=""2s2.2p5.(2P*<1/2>).19s""","=""2[1/2]*""","=""1""",3.0,"=""""","=""21.617897""","=""""","=""0.000022""",,"=""010001.000361""","=""L8826""",
Ne I,"=""2s2.2p5.(2P*<1/2>).18d""","=""2[3/2]*""","=""1""",3.0,"=""""","=""21.619285""","=""""","=""0.000022""",,"=""010001.000362""","=""L8826""",
Ne I,"=""2s2.2p5.(2P*<1/2>).20s""","=""2[1/2]*""","=""1""",3.0,"=""""","=""21.622425""","=""""","=""0.000022""",,"=""010001.000363""","=""L8826""",
Ne I,"=""2s2.2p5.(2P*<1/2>).19d""","=""2[3/2]*""","=""1""",3.0,"=""""","=""21.623565""","=""""","=""0.000022""",,"=""010001.000364""","=""L8826""",
Ne I,"=""2s2.2p5.(2P*<1/2>).20d""","=""2[3/2]*""","=""1""",3.0,"=""""","=""21.627257""","=""""","=""0.000022""",,"=""010001.000365""","=""L8826""",
Ne I,"=""2s.2p6.3p""","=""1P*""","=""1""",3.0,"=""""","=""45.547""","=""""","=""0.009""",,"=""010001.000366""","=""L8826""",
Ne I,"=""2s.2p6.4p""","=""1P*""","=""1""",3.0,"=""""","=""47.123""","=""""","=""0.005""",,"=""010001.000367""","=""L8826""",
Ne I,"=""2s.2p6.5p""","=""1P*""","=""1""",3.0,"=""""","=""47.693""","=""""","=""0.005""",,"=""010001.000368""","=""L8826""",
Ne I,"=""2s.2p6.6p""","=""1P*""","=""1""",3.0,"=""""","=""47.967""","=""""","=""0.005""",,"=""010001.000369""","=""L8826""",
Ne I,"=""2s.2p6.7p""","=""1P*""","=""1""",3.0,"=""""","=""48.116""","=""""","=""0.006""",,"=""010001.000370""","=""L8826""",
Ne I,"=""2s.2p6.8p""","=""1P*""","=""1""",3.0,"=""""","=""48.208""","=""""","=""0.006""",,"=""010001.000371""","=""L8826""",
Ne I,"=""2s.2p6.9p""","=""1P*""","=""1""",3.0,"=""""","=""48.271""","=""""","=""0.006""",,"=""010001.000372""","=""L8826""",
Ne I,"=""2s.2p6.10p""","=""1P*""","=""1""",3.0,"=""""","=""48.313""","=""""","=""0.006""",,"=""010001.000373""","=""L8826""",
Ne I,"=""2s.2p6.11p""","=""1P*""","=""1""",3.0,"=""""","=""48.344""","=""""","=""0.006""",,"=""010001.000374""","=""L8826""",
Ne I,"=""2s.2p6.12p""","=""1P*""","=""1""",3.0,"=""""","=""48.365""","=""""","=""0.006""",,"=""010001.000375""","=""L8826""",
Ne II,"=""2s2.2p5""","=""2P*""","=""3/2""",4.0,"=""""","=""0.00000000""","=""""","=""0""","="" 100                                                              ""","=""010002.000001""","=""L9088""",
Ne II,"=""2s2.2p5""","=""2P*""","=""1/2""",2.0,"=""""","=""0.09676024""","=""""","=""0.00000025""","="" 100                                                              ""","=""010002.000002""","=""L9088""",
Ne II,"=""2s.2p6""","=""2S""","=""1/2""",2.0,"=""""","=""26.910472""","=""""","=""0.000011""","=""  98                                                              ""","=""010002.000003""","=""L9088""",
Ne II,"=""2s2.2p4.(3P).3s""","=""4P""","=""5/2""",6.0,"=""""","=""27.16875174""","=""""","=""0.00000014""","="" 100                                                              ""","=""010002.000004""","=""L9088""",
Ne II,"=""2s2.2p4.(3P).3s""","=""4P""","=""3/2""",4.0,"=""""","=""27.2329339""","=""""","=""0.0000006""","="" 100                                                              ""","=""010002.000005""","=""L9088""",
Ne II,"=""2s2.2p4.(3P).3s""","=""4P""","=""1/2""",2.0,"=""""","=""27.27000770""","=""""","=""0.00000014""","="" 100                                                              ""","=""010002.000006""","=""L9088""",
Ne II,"=""2s2.2p4.(3P).3s""","=""2P""","=""3/2""",4.0,"=""""","=""27.78324821""","=""""","=""0.00000016""","="" 100                                                              ""","=""010002.000007""","=""L9088""",
Ne II,"=""2s2.2p4.(3P).3s""","=""2P""","=""1/2""",2.0,"=""""","=""27.85915908""","=""""","=""0.00000017""","="" 100                                                              ""","=""010002.000008""","=""L9088""",
Ne II,"=""2s2.2p4.(3P).3p""","=""4P*""","=""5/2""",6.0,"=""""","=""30.52396899""","=""""","=""0.00000017""","=""  99                                                              ""","=""010002.000009""","=""L9088""",
Ne II,"=""2s2.2p4.(3P).3p""","=""4P*""","=""3/2""",4.0,"=""""","=""30.55156804""","=""""","=""0.00000014""","=""  99                                                              ""","=""010002.000012""","=""L9088""",
Ne II,"=""2s2.2p4.(3P).3p""","=""4P*""","=""1/2""",2.0,"=""""","=""30.57421575""","=""""","=""0.00000015""","="" 100                                                              ""","=""010002.000013""","=""L9088""",
Ne II,"=""2s2.2p4.(1D).3s""","=""2D""","=""5/2""",6.0,"=""""","=""30.54897749""","=""""","=""0.00000019""","="" 100                                                              ""","=""010002.000010""","=""L9088""",
Ne II,"=""2s2.2p4.(1D).3s""","=""2D""","=""3/2""",4.0,"=""""","=""30.54939418""","=""""","=""0.00000025""","="" 100                                                              ""","=""010002.000011""","=""L9088""",
Ne II,"=""2s2.2p4.(3P).3p""","=""4D*""","=""7/2""",8.0,"=""""","=""30.88553180""","=""""","=""0.00000017""","="" 100                                                              ""","=""010002.000014""","=""L9088""",
Ne II,"=""2s2.2p4.(3P).3p""","=""4D*""","=""5/2""",6.0,"=""""","=""30.92735780""","=""""","=""0.00000015""","=""  98                                                              ""","=""010002.000015""","=""L9088""",
Ne II,"=""2s2.2p4.(3P).3p""","=""4D*""","=""3/2""",4.0,"=""""","=""30.95829705""","=""""","=""0.00000016""","=""  99                                                              ""","=""010002.000016""","=""L9088""",
Ne II,"=""2s2.2p4.(3P).3p""","=""4D*""","=""1/2""",2.0,"=""""","=""30.97616485""","=""""","=""0.00000017""","="" 100                                                              ""","=""010002.000017""","=""L9088""",
Ne II,"=""2s2.2p4.(3P).3p""","=""2D*""","=""5/2""",6.0,"=""""","=""31.12141637""","=""""","=""0.00000019""","=""  99                                                              ""","=""010002.000018""","=""L9088""",
Ne II,"=""2s2.2p4.(3P).3p""","=""2D*""","=""3/2""",4.0,"=""""","=""31.18476555""","=""""","=""0.00000019""","=""  99                                                              ""","=""010002.000019""","=""L9088""",
Ne II,"=""2s2.2p4.(3P).3p""","=""2S*""","=""1/2""",2.0,"=""""","=""31.34301510""","=""""","=""0.00000025""","=""  93                            :     6  2s2.2p4.(3P).3p    2P*   ""","=""010002.000020""","=""L9088""",
Ne II,"=""2s2.2p4.(3P).3p""","=""4S*""","=""3/2""",4.0,"=""""","=""31.36223939""","=""""","=""0.00000016""","=""  99                                                              ""","=""010002.000021""","=""L9088""",
Ne II,"=""2s2.2p4.(3P).3p""","=""2P*""","=""3/2""",4.0,"=""""","=""31.51244241""","=""""","=""0.00000017""","=""  92                            :     6  2s2.2p4.(1D).3p    2P*   ""","=""010002.000022""","=""L9088""",
Ne II,"=""2s2.2p4.(3P).3p""","=""2P*""","=""1/2""",2.0,"=""""","=""31.52821065""","=""""","=""0.00000019""","=""  86                            :     7  2s2.2p4.(1D).3p    2P*   ""","=""010002.000023""","=""L9088""",
Ne II,"=""2s2.2p4.(1D).3p""","=""2F*""","=""5/2""",6.0,"=""""","=""34.01687000""","=""""","=""0.00000025""","="" 100                                                              ""","=""010002.000024""","=""L9088""",
Ne II,"=""2s2.2p4.(1D).3p""","=""2F*""","=""7/2""",8.0,"=""""","=""34.02239020""","=""""","=""0.00000025""","="" 100                                                              ""","=""010002.000025""","=""L9088""",
Ne II,"=""2s2.2p4.(1D).3p""","=""2P*""","=""3/2""",4.0,"=""""","=""34.25396207""","=""""","=""0.00000025""","=""  89                            :     5  2s2.2p4.(3P).3p    2P*   ""","=""010002.000026""","=""L9088""",
Ne II,"=""2s2.2p4.(1D).3p""","=""2P*""","=""1/2""",2.0,"=""""","=""34.2830939""","=""""","=""0.0000004""","=""  89                            :     6  2s2.2p4.(3P).3p    2P*   ""","=""010002.000027""","=""L9088""",
Ne II,"=""2s2.2p4.(1S).3s""","=""2S""","=""1/2""",2.0,"=""""","=""34.3035902""","=""""","=""0.0000004""","=""  97                                                              ""","=""010002.000028""","=""L9088""",
Ne II,"=""2s2.2p4.(1D).3p""","=""2D*""","=""3/2""",4.0,"=""""","=""34.3839892""","=""""","=""0.0000004""","="" 100                                                              ""","=""010002.000029""","=""L9088""",
Ne II,"=""2s2.2p4.(1D).3p""","=""2D*""","=""5/2""",6.0,"=""""","=""34.38630670""","=""""","=""0.00000025""","="" 100                                                              ""","=""010002.000030""","=""L9088""",
Ne II,"=""2s2.2p4.(3P).3d""","=""4D""","=""7/2""",8.0,"=""""","=""34.6086522""","=""""","=""0.0000004""","=""  96                                                              ""","=""010002.000031""","=""L9088""",
Ne II,"=""2s2.2p4.(3P).3d""","=""4D""","=""5/2""",6.0,"=""""","=""34.61869947""","=""""","=""0.00000025""","=""  94                                                              ""","=""010002.000032""","=""L9088""",
Ne II,"=""2s2.2p4.(3P).3d""","=""4D""","=""3/2""",4.0,"=""""","=""34.63187052""","=""""","=""0.00000025""","=""  95                                                              ""","=""010002.000033""","=""L9088""",
Ne II,"=""2s2.2p4.(3P).3d""","=""4D""","=""1/2""",2.0,"=""""","=""34.6440204""","=""""","=""0.0000004""","=""  97                                                              ""","=""010002.000034""","=""L9088""",
Ne II,"=""2s2.2p4.(3P).3d""","=""4F""","=""9/2""",10.0,"=""""","=""34.7370230""","=""""","=""0.0000004""","="" 100                                                              ""","=""010002.000035""","=""L9088""",
Ne II,"=""2s2.2p4.(3P).3d""","=""4F""","=""7/2""",8.0,"=""""","=""34.80245657""","=""""","=""0.00000025""","=""  52                            :    44  2s2.2p4.(3P).3d    2F    ""","=""010002.000039""","=""L9088""",
Ne II,"=""2s2.2p4.(3P).3d""","=""4F""","=""5/2""",6.0,"=""""","=""34.81442056""","=""""","=""0.00000025""","=""  72                            :    24  2s2.2p4.(3P).3d    2D    ""","=""010002.000041""","=""L9088""",
Ne II,"=""2s2.2p4.(3P).3d""","=""4F""","=""3/2""",4.0,"=""""","=""34.83299812""","=""""","=""0.00000025""","=""  63                            :    27  2s2.2p4.(3P).3d    4P    ""","=""010002.000042""","=""L9088""",
Ne II,"=""2s2.2p4.(3P).3d""","=""2F""","=""7/2""",8.0,"=""""","=""34.7480986""","=""""","=""0.0000004""","=""  55                            :    45  2s2.2p4.(3P).3d    4F    ""","=""010002.000036""","=""L9088""",
Ne II,"=""2s2.2p4.(3P).3d""","=""2F""","=""5/2""",6.0,"=""""","=""34.84277499""","=""""","=""0.00000025""","=""  67                            :    19  2s2.2p4.(3P).3d    4P    ""","=""010002.000044""","=""L9088""",
Ne II,"=""2s2.2p4.(3P).3d""","=""2D""","=""5/2""",6.0,"=""""","=""34.7489205""","=""""","=""0.0000004""","=""  58                            :    21  2s2.2p4.(3P).3d    2F    ""","=""010002.000037""","=""L9088""",
Ne II,"=""2s2.2p4.(3P).3d""","=""2D""","=""3/2""",4.0,"=""""","=""34.77428890""","=""""","=""0.00000025""","=""  68                            :    18  2s2.2p4.(3P).3d    4F    ""","=""010002.000038""","=""L9088""",
Ne II,"=""2s2.2p4.(3P).3d""","=""4P""","=""1/2""",2.0,"=""""","=""34.81085841""","=""""","=""0.00000025""","=""  96                                                              ""","=""010002.000040""","=""L9088""",
Ne II,"=""2s2.2p4.(3P).3d""","=""4P""","=""3/2""",4.0,"=""""","=""34.83826076""","=""""","=""0.00000025""","=""  58                            :    21  2s2.2p4.(3P).3d    2D    ""","=""010002.000043""","=""L9088""",
Ne II,"=""2s2.2p4.(3P).3d""","=""4P""","=""5/2""",6.0,"=""""","=""34.86080527""","=""""","=""0.00000025""","=""  64                            :    12  2s2.2p4.(3P).3d    2D    ""","=""010002.000045""","=""L9088""",
Ne II,"=""2s2.2p4.(3P).3d""","=""2P""","=""1/2""",2.0,"=""""","=""34.8807871""","=""""","=""0.0000004""","=""  96                                                              ""","=""010002.000046""","=""L9088""",
Ne II,"=""2s2.2p4.(3P).3d""","=""2P""","=""3/2""",4.0,"=""""","=""34.92886254""","=""""","=""0.00000025""","=""  88                            :     7  2s2.2p4.(3P).3d    2D    ""","=""010002.000047""","=""L9088""",
Ne II,"=""2s2.2p4.(3P).4s""","=""4P""","=""5/2""",6.0,"=""""","=""34.96332866""","=""""","=""0.00000025""","=""  90                            :    10  2s2.2p4.(3P).3d    4P    ""","=""010002.000048""","=""L9088""",
Ne II,"=""2s2.2p4.(3P).4s""","=""4P""","=""3/2""",4.0,"=""""","=""35.01007584""","=""""","=""0.00000025""","=""  91                            :     5  2s2.2p4.(3P).4s    2P    ""","=""010002.000049""","=""L9088""",
Ne II,"=""2s2.2p4.(3P).4s""","=""4P""","=""1/2""",2.0,"=""""","=""35.04793112""","=""""","=""0.00000025""","=""  97                                                              ""","=""010002.000050""","=""L9088""",
Ne II,"=""2s2.2p4.(3P).4s""","=""2P""","=""3/2""",4.0,"=""""","=""35.12749222""","=""""","=""0.00000025""","=""  93                            :     5  2s2.2p4.(3P).4s    4P    ""","=""010002.000051""","=""L9088""",
Ne II,"=""2s2.2p4.(3P).4s""","=""2P""","=""1/2""",2.0,"=""""","=""35.19841919""","=""""","=""0.00000025""","=""  98                                                              ""","=""010002.000052""","=""L9088""",
Ne II,"=""2s2.2p4.(3P).4p""","=""4P*""","=""5/2""",6.0,"=""""","=""36.00153059""","=""""","=""0.00000025""","=""  95                            :     5  2s2.2p4.(3P).4p    4D*   ""","=""010002.000053""","=""L9088""",
Ne II,"=""2s2.2p4.(3P).4p""","=""4P*""","=""3/2""",4.0,"=""""","=""36.02771897""","=""""","=""0.00000025""","=""  94                                                              ""","=""010002.000054""","=""L9088""",
Ne II,"=""2s2.2p4.(3P).4p""","=""4P*""","=""1/2""",2.0,"=""""","=""36.05507591""","=""""","=""0.00000025""","=""  97                                                              ""","=""010002.000055""","=""L9088""",
Ne II,"=""2s2.2p4.(3P).4p""","=""4D*""","=""7/2""",8.0,"=""""","=""36.1044477""","=""""","=""0.0000004""","="" 100                                                              ""","=""010002.000056""","=""L9088""",
Ne II,"=""2s2.2p4.(3P).4p""","=""4D*""","=""5/2""",6.0,"=""""","=""36.14077610""","=""""","=""0.00000025""","=""  80                            :    17  2s2.2p4.(3P).4p    2D*   ""","=""010002.000057""","=""L9088""",
Ne II,"=""2s2.2p4.(3P).4p""","=""4D*""","=""3/2""",4.0,"=""""","=""36.1788195""","=""""","=""0.0000004""","=""  91                            :     5  2s2.2p4.(3P).4p    2D*   ""","=""010002.000058""","=""L9088""",
Ne II,"=""2s2.2p4.(3P).4p""","=""4D*""","=""1/2""",2.0,"=""""","=""36.1994328""","=""""","=""0.0000004""","=""  98                                                              ""","=""010002.000059""","=""L9088""",
Ne II,"=""2s2.2p4.(3P).4p""","=""2D*""","=""5/2""",6.0,"=""""","=""36.2074931""","=""""","=""0.0000004""","=""  83                            :    15  2s2.2p4.(3P).4p    4D*   ""","=""010002.000060""","=""L9088""",
Ne II,"=""2s2.2p4.(3P).4p""","=""2D*""","=""3/2""",4.0,"=""""","=""36.25939694""","=""""","=""0.00000025""","=""  93                            :     6  2s2.2p4.(3P).4p    4D*   ""","=""010002.000061""","=""L9088""",
Ne II,"=""2s2.2p4.(3P).4p""","=""2S*""","=""1/2""",2.0,"=""""","=""36.2711665""","=""""","=""0.0000004""","=""  95                                                              ""","=""010002.000062""","=""L9088""",
Ne II,"=""2s2.2p4.(3P).4p""","=""4S*""","=""3/2""",4.0,"=""""","=""36.2841366""","=""""","=""0.0000007""","=""  96                                                              ""","=""010002.000063""","=""L9088""",
Ne II,"=""2s2.2p4.(3P).4p""","=""2P*""","=""3/2""",4.0,"=""""","=""36.46207411""","=""""","=""0.00000025""","=""  91                                                              ""","=""010002.000064""","=""L9088""",
Ne II,"=""2s2.2p4.(3P).4p""","=""2P*""","=""1/2""",2.0,"=""""","=""36.4926649""","=""""","=""0.0000004""","=""  90                                                              ""","=""010002.000065""","=""L9088""",
Ne II,"=""2s2.2p4.(3P).4d""","=""4D""","=""7/2""",8.0,"=""""","=""37.4185624""","=""""","=""0.0000004""","=""  87                            :    11  2s2.2p4.(3P).4d    4F    ""","=""010002.000066""","=""L9088""",
Ne II,"=""2s2.2p4.(3P).4d""","=""4D""","=""5/2""",6.0,"=""""","=""37.4253334""","=""""","=""0.0000004""","=""  84                            :     8  2s2.2p4.(3P).4d    4P    ""","=""010002.000067""","=""L9088""",
Ne II,"=""2s2.2p4.(3P).4d""","=""4D""","=""3/2""",4.0,"=""""","=""37.4367781""","=""""","=""0.0000004""","=""  81                            :    13  2s2.2p4.(3P).4d    4P    ""","=""010002.000068""","=""L9088""",
Ne II,"=""2s2.2p4.(3P).4d""","=""4D""","=""1/2""",2.0,"=""""","=""37.4503262""","=""""","=""0.0000004""","=""  83                            :    11  2s2.2p4.(3P).4d    4P    ""","=""010002.000069""","=""L9088""",
Ne II,"=""2s2.2p4.(3P).4d""","=""4F""","=""9/2""",10.0,"=""""","=""37.4671457""","=""""","=""0.0000004""","="" 100                                                              ""","=""010002.000070""","=""L9088""",
Ne II,"=""2s2.2p4.(3P).4d""","=""4F""","=""7/2""",8.0,"=""""","=""37.5363133""","=""""","=""0.0000004""","=""  58                            :    30  2s2.2p4.(3P).4d    2F    ""","=""010002.000075""","=""L9088""",
Ne II,"=""2s2.2p4.(3P).4d""","=""4F""","=""5/2""",6.0,"=""""","=""37.5472841""","=""""","=""0.0000004""","=""  60                            :    24  2s2.2p4.(3P).4d    2D    ""","=""010002.000080""","=""L9088""",
Ne II,"=""2s2.2p4.(3P).4d""","=""4F""","=""3/2""",4.0,"=""""","=""37.5623819""","=""""","=""0.0000004""","=""  78                            :    15  2s2.2p4.(3P).4d    2P    ""","=""010002.000088""","=""L9088""",
Ne II,"=""2s2.2p4.(3P).4d""","=""2F""","=""7/2""",8.0,"=""""","=""37.4739467""","=""""","=""0.0000004""","=""  68                            :    31  2s2.2p4.(3P).4d    4F    ""","=""010002.000071""","=""L9088""",
Ne II,"=""2s2.2p4.(3P).4d""","=""2F""","=""5/2""",6.0,"=""""","=""37.5536404""","=""""","=""0.0000004""","=""  38                            :    25  2s2.2p4.(3P).5s    4P    ""","=""010002.000083""","=""L9088""",
Ne II,"=""2s2.2p4.(3P).4d""","=""2D""","=""5/2""",6.0,"=""""","=""37.4813807""","=""""","=""0.0000004""","=""  54                            :    23  2s2.2p4.(3P).4d    2F    ""","=""010002.000072""","=""L9088""",
Ne II,"=""2s2.2p4.(3P).4d""","=""2D""","=""3/2""",4.0,"=""""","=""37.4960221""","=""""","=""0.0000004""","=""  44                            :    31  2s2.2p4.(3P).4d    4P    ""","=""010002.000073""","=""L9088""",
Ne II,"=""2s2.2p4.(3P).4d""","=""4P""","=""1/2""",2.0,"=""""","=""37.5021924""","=""""","=""0.0000004""","=""  81                            :    13  2s2.2p4.(3P).4d    2P    ""","=""010002.000074""","=""L9088""",
Ne II,"=""2s2.2p4.(3P).4d""","=""4P""","=""3/2""",4.0,"=""""","=""37.5445181""","=""""","=""0.0000004""","=""  52                            :    24  2s2.2p4.(3P).4d    2D    ""","=""010002.000076""","=""L9088""",
Ne II,"=""2s2.2p4.(3P).4d""","=""4P""","=""5/2""",6.0,"=""""","=""37.5761142""","=""""","=""0.0000004""","=""  47                            :    30  2s2.2p4.(3P).4d    2F    ""","=""010002.000091""","=""L9088""",
Ne II,"=""2s2.2p4.(3P<2>).4f""","=""2[4]*""","=""9/2""",10.0,"=""""","=""37.5460164""","=""""","=""0.0000005""","=""  99                                                              ""","=""010002.000077""","=""L9088""",
Ne II,"=""2s2.2p4.(3P<2>).4f""","=""2[4]*""","=""7/2""",8.0,"=""""","=""37.5462806""","=""""","=""0.0000004""","=""  96                                                              ""","=""010002.000078""","=""L9088""",
Ne II,"=""2s2.2p4.(3P).4d""","=""2P""","=""1/2""",2.0,"=""""","=""37.5463535""","=""""","=""0.0000004""","=""  78                            :    12  2s2.2p4.(3P).4d    4D    ""","=""010002.000079""","=""L9088""",
Ne II,"=""2s2.2p4.(3P).4d""","=""2P""","=""3/2""",4.0,"=""""","=""37.5967073""","=""""","=""0.0000004""","=""  57                            :    24  2s2.2p4.(3P).4d    2D    ""","=""010002.000092""","=""L9088""",
Ne II,"=""2s2.2p4.(3P<2>).4f""","=""2[3]*""","=""7/2""",8.0,"=""""","=""37.5478097""","=""""","=""0.0000005""","=""  96                                                              ""","=""010002.000081""","=""L9088""",
Ne II,"=""2s2.2p4.(3P<2>).4f""","=""2[3]*""","=""5/2""",6.0,"=""""","=""37.5478811""","=""""","=""0.0000004""","=""  99                                                              ""","=""010002.000082""","=""L9088""",
Ne II,"=""2s2.2p4.(3P<2>).4f""","=""2[2]*""","=""3/2""",4.0,"=""""","=""37.5551307""","=""""","=""0.0000005""","=""  98                                                              ""","=""010002.000084""","=""L9088""",
Ne II,"=""2s2.2p4.(3P<2>).4f""","=""2[2]*""","=""5/2""",6.0,"=""""","=""37.5552644""","=""""","=""0.0000005""","=""  98                                                              ""","=""010002.000085""","=""L9088""",
Ne II,"=""2s2.2p4.(3P<2>).4f""","=""2[5]*""","=""9/2""",10.0,"=""""","=""37.5591893""","=""""","=""0.0000004""","="" 100                                                              ""","=""010002.000086""","=""L9088""",
Ne II,"=""2s2.2p4.(3P<2>).4f""","=""2[5]*""","=""11/2""",12.0,"=""""","=""37.5591918""","=""""","=""0.0000005""","="" 100                                                              ""","=""010002.000087""","=""L9088""",
Ne II,"=""2s2.2p4.(3P<2>).4f""","=""2[1]*""","=""1/2""",2.0,"=""""","=""37.5658308""","=""""","=""0.0000011""","="" 100                                                              ""","=""010002.000089""","=""L9088""",
Ne II,"=""2s2.2p4.(3P<2>).4f""","=""2[1]*""","=""3/2""",4.0,"=""""","=""37.5659481""","=""""","=""0.0000005""","="" 100                                                              ""","=""010002.000090""","=""L9088""",
Ne II,"=""2s2.2p4.(3P).5s""","=""4P""","=""5/2""",6.0,"=""""","=""37.6019142""","=""""","=""0.0000004""","=""  65                            :    24  2s2.2p4.(3P).4d    4P    ""","=""010002.000093""","=""L9088""",
Ne II,"=""2s2.2p4.(3P).5s""","=""4P""","=""3/2""",4.0,"=""""","=""37.6314588""","=""""","=""0.0000004""","=""  61                            :    29  2s2.2p4.(3P).5s    2P    ""","=""010002.000096""","=""L9088""",
Ne II,"=""2s2.2p4.(3P).5s""","=""4P""","=""1/2""",2.0,"=""""","=""37.6822788""","=""""","=""0.0000004""","=""  92                            :     7  2s2.2p4.(3P).5s    2P    ""","=""010002.000103""","=""L9088""",
Ne II,"=""2s2.2p4.(3P<1>).4f""","=""2[2]*""","=""3/2""",4.0,"=""""","=""37.6302529""","=""""","=""0.0000005""","=""  98                                                              ""","=""010002.000094""","=""L9088""",
Ne II,"=""2s2.2p4.(3P<1>).4f""","=""2[2]*""","=""5/2""",6.0,"=""""","=""37.6303838""","=""""","=""0.0000004""","=""  98                                                              ""","=""010002.000095""","=""L9088""",
Ne II,"=""2s2.2p4.(3P<1>).4f""","=""2[4]*""","=""9/2""",10.0,"=""""","=""37.6326419""","=""""","=""0.0000004""","=""  99                                                              ""","=""010002.000097""","=""L9088""",
Ne II,"=""2s2.2p4.(3P<1>).4f""","=""2[4]*""","=""7/2""",8.0,"=""""","=""37.6327393""","=""""","=""0.0000004""","=""  99                                                              ""","=""010002.000098""","=""L9088""",
Ne II,"=""2s2.2p4.(3P<1>).4f""","=""2[3]*""","=""7/2""",8.0,"=""""","=""37.6415915""","=""""","=""0.0000004""","="" 100                                                              ""","=""010002.000099""","=""L9088""",
Ne II,"=""2s2.2p4.(3P<1>).4f""","=""2[3]*""","=""5/2""",6.0,"=""""","=""37.6416644""","=""""","=""0.0000005""","="" 100                                                              ""","=""010002.000100""","=""L9088""",
Ne II,"=""2s2.2p4.(3P<0>).4f""","=""2[3]*""","=""7/2""",8.0,"=""""","=""37.6694014""","=""""","=""0.0000004""","=""  99                                                              ""","=""010002.000101""","=""L9088""",
Ne II,"=""2s2.2p4.(3P<0>).4f""","=""2[3]*""","=""5/2""",6.0,"=""""","=""37.6694582""","=""""","=""0.0000004""","=""  99                                                              ""","=""010002.000102""","=""L9088""",
Ne II,"=""2s2.2p4.(3P).5s""","=""2P""","=""3/2""",4.0,"=""""","=""37.6880053""","=""""","=""0.0000004""","=""  64                            :    34  2s2.2p4.(3P).5s    4P    ""","=""010002.000104""","=""L9088""",
Ne II,"=""2s2.2p4.(3P).5s""","=""2P""","=""1/2""",2.0,"=""""","=""37.7457753""","=""""","=""0.0000004""","=""  92                            :     7  2s2.2p4.(3P).5s    4P    ""","=""010002.000105""","=""L9088""",
Ne II,"=""2s2.2p4.(1D).3d""","=""2G""","=""9/2""",10.0,"=""""","=""37.8603113""","=""""","=""0.0000004""","="" 100                                                              ""","=""010002.000106""","=""L9088""",
Ne II,"=""2s2.2p4.(1D).3d""","=""2G""","=""7/2""",8.0,"=""""","=""37.8604491""","=""""","=""0.0000005""","="" 100                                                              ""","=""010002.000107""","=""L9088""",
Ne II,"=""2s2.2p4.(1S).3p""","=""2P*""","=""3/2""",4.0,"=""""","=""37.8646002""","=""""","=""0.0000004""","=""  92                            :     5  2s2.2p4.(3P).5p    2P*   ""","=""010002.000108""","=""L9088""",
Ne II,"=""2s2.2p4.(1S).3p""","=""2P*""","=""1/2""",2.0,"=""""","=""37.8658278""","=""""","=""0.0000006""","=""  93                                                              ""","=""010002.000109""","=""L9088""",
Ne II,"=""2s2.2p4.(1D).3d""","=""2P""","=""3/2""",4.0,"=""""","=""37.8854700""","=""""","=""0.0000004""","=""  97                                                              ""","=""010002.000110""","=""L9088""",
Ne II,"=""2s2.2p4.(1D).3d""","=""2P""","=""1/2""",2.0,"=""""","=""37.8873702""","=""""","=""0.0000006""","=""  97                                                              ""","=""010002.000111""","=""L9088""",
Ne II,"=""2s2.2p4.(1D).3d""","=""2S""","=""1/2""",2.0,"=""""","=""37.9405355""","=""""","=""0.0000004""","=""  98                                                              ""","=""010002.000112""","=""L9088""",
Ne II,"=""2s2.2p4.(1D).3d""","=""2D""","=""5/2""",6.0,"=""""","=""37.9693434""","=""""","=""0.0000004""","=""  96                                                              ""","=""010002.000113""","=""L9088""",
Ne II,"=""2s2.2p4.(1D).3d""","=""2D""","=""3/2""",4.0,"=""""","=""37.9717422""","=""""","=""0.0000005""","=""  96                                                              ""","=""010002.000114""","=""L9088""",
Ne II,"=""2s2.2p4.(1D).3d""","=""2F""","=""5/2""",6.0,"=""""","=""38.0243755""","=""""","=""0.0000004""","="" 100                                                              ""","=""010002.000115""","=""L9088""",
Ne II,"=""2s2.2p4.(1D).3d""","=""2F""","=""7/2""",8.0,"=""""","=""38.0244230""","=""""","=""0.0000004""","="" 100                                                              ""","=""010002.000116""","=""L9088""",
Ne II,"=""2s2.2p4.(3P).5p""","=""4P*""","=""5/2""",6.0,"=""""","=""38.0506625""","=""""","=""0.0000004""","=""  88                            :    11  2s2.2p4.(3P).5p    4D*   ""","=""010002.000117""","=""L9088""",
Ne II,"=""2s2.2p4.(3P).5p""","=""4P*""","=""3/2""",4.0,"=""""","=""38.0718040""","=""""","=""0.0000004""","=""  83                            :     9  2s2.2p4.(3P).5p    4S*   ""","=""010002.000118""","=""L9088""",
Ne II,"=""2s2.2p4.(3P).5p""","=""4P*""","=""1/2""",2.0,"=""""","=""38.1015169""","=""""","=""0.0000004""","=""  85                            :    10  2s2.2p4.(3P).5p    2S*   ""","=""010002.000120""","=""L9088""",
Ne II,"=""2s2.2p4.(3P).5p""","=""4D*""","=""7/2""",8.0,"=""""","=""38.0929919""","=""""","=""0.0000004""","="" 100                                                              ""","=""010002.000119""","=""L9088""",
Ne II,"=""2s2.2p4.(3P).5p""","=""4D*""","=""3/2""",4.0,"=""""","=""38.1591977""","=""""","=""0.0000004""","=""  63                            :    21  2s2.2p4.(3P).5p    2D*   ""","=""010002.000122""","=""L9088""",
Ne II,"=""2s2.2p4.(3P).5p""","=""4D*""","=""5/2""",6.0,"=""""","=""38.1740924""","=""""","=""0.0000004""","=""  46  2D*                       :    45  2s2.2p4.(3P).5p    4D*   ""","=""010002.000123""","=""L9088""",
Ne II,"=""2s2.2p4.(3P).5p""","=""4D*""","=""1/2""",2.0,"=""""","=""38.1899796""","=""""","=""0.0000004""","=""  94                                                              ""","=""010002.000125""","=""L9088""",
Ne II,"=""2s2.2p4.(3P).5p""","=""2D*""","=""5/2""",6.0,"=""""","=""38.1153245""","=""""","=""0.0000004""","=""  53                            :    44  2s2.2p4.(3P).5p    4D*   ""","=""010002.000121""","=""L9088""",
Ne II,"=""2s2.2p4.(3P).5p""","=""2D*""","=""3/2""",4.0,"=""""","=""38.2091012""","=""""","=""0.0000004""","=""  65                            :    26  2s2.2p4.(3P).5p    4D*   ""","=""010002.000129""","=""L9088""",
Ne II,"=""2s2.2p4.(3P).5p""","=""2S*""","=""1/2""",2.0,"=""""","=""38.1879819""","=""""","=""0.0000004""","=""  82                            :    11  2s2.2p4.(3P).5p    4P*   ""","=""010002.000124""","=""L9088""",
Ne II,"=""2s2.2p4.(1D).4s""","=""2D""","=""5/2""",6.0,"=""""","=""38.1996861""","=""""","=""0.0000004""","=""  97                                                              ""","=""010002.000126""","=""L9088""",
Ne II,"=""2s2.2p4.(1D).4s""","=""2D""","=""3/2""",4.0,"=""""","=""38.1997309""","=""""","=""0.0000004""","=""  97                                                              ""","=""010002.000127""","=""L9088""",
Ne II,"=""2s2.2p4.(3P).5p""","=""4S*""","=""3/2""",4.0,"=""""","=""38.2041026""","=""""","=""0.0000004""","=""  78                            :    12  2s2.2p4.(3P).5p    4P*   ""","=""010002.000128""","=""L9088""",
Ne II,"=""2s2.2p4.(3P).5p""","=""2P*""","=""3/2""",4.0,"=""""","=""38.2786348""","=""""","=""0.0000004""","=""  75                            :    11  2s2.2p4.(3P).5p    2D*   ""","=""010002.000130""","=""L9088""",
Ne II,"=""2s2.2p4.(3P).5p""","=""2P*""","=""1/2""",2.0,"=""""","=""38.3082452""","=""""","=""0.0000004""","=""  82                            :     8  2s2.2p4.(3P).5p    2S*   ""","=""010002.000131""","=""L9088""",
Ne II,"=""2s2.2p4.(3P).5d""","=""4D""","=""7/2""",8.0,"=""""","=""38.7107823""","=""""","=""0.0000004""","=""  79                            :    17  2s2.2p4.(3P).5d    4F    ""","=""010002.000132""","=""L9088""",
Ne II,"=""2s2.2p4.(3P).5d""","=""4D""","=""5/2""",6.0,"=""""","=""38.7150642""","=""""","=""0.0000004""","=""  75                            :    14  2s2.2p4.(3P).5d    4P    ""","=""010002.000133""","=""L9088""",
Ne II,"=""2s2.2p4.(3P).5d""","=""4D""","=""3/2""",4.0,"=""""","=""38.7234437""","=""""","=""0.0000004""","=""  65                            :    26  2s2.2p4.(3P).5d    4P    ""","=""010002.000134""","=""L9088""",
Ne II,"=""2s2.2p4.(3P).5d""","=""4D""","=""1/2""",2.0,"=""""","=""38.7345146""","=""""","=""0.0000005""","=""  52                            :    39  2s2.2p4.(3P).5d    4P    ""","=""010002.000136""","=""L9088""",
Ne II,"=""2s2.2p4.(3P).5d""","=""4F""","=""9/2""",10.0,"=""""","=""38.7336086""","=""""","=""0.0000004""","="" 100                                                              ""","=""010002.000135""","=""L9088""",
Ne II,"=""2s2.2p4.(3P).5d""","=""4F""","=""7/2""",8.0,"=""""","=""38.8063550""","=""""","=""0.0000004""","=""  57                            :    23  2s2.2p4.(3P).5d    2F    ""","=""010002.000162""","=""L9088""",
Ne II,"=""2s2.2p4.(3P).5d""","=""4F""","=""5/2""",6.0,"=""""","=""38.8160168""","=""""","=""0.0000004""","=""  52                            :    27  2s2.2p4.(3P).5d    2D    ""","=""010002.000165""","=""L9088""",
Ne II,"=""2s2.2p4.(3P).5d""","=""4F""","=""3/2""",4.0,"=""""","=""38.8229897""","=""""","=""0.0000004""","=""  63                            :    21  2s2.2p4.(3P).5d    2P    ""","=""010002.000166""","=""L9088""",
Ne II,"=""2s2.2p4.(3P).5d""","=""2F""","=""7/2""",8.0,"=""""","=""38.7377045""","=""""","=""0.0000004""","=""  73                            :    26  2s2.2p4.(3P).5d    4F    ""","=""010002.000137""","=""L9088""",
Ne II,"=""2s2.2p4.(3P).5d""","=""2F""","=""5/2""",6.0,"=""""","=""38.8499635""","=""""","=""0.0000004""","=""  33                            :    27  2s2.2p4.(3P).5d    4P    ""","=""010002.000169""","=""L9088""",
Ne II,"=""2s2.2p4.(3P).5d""","=""2D""","=""5/2""",6.0,"=""""","=""38.7456240""","=""""","=""0.0000004""","=""  55                            :    23  2s2.2p4.(3P).5d    2F    ""","=""010002.000138""","=""L9088""",
Ne II,"=""2s2.2p4.(3P).5d""","=""2D""","=""3/2""",4.0,"=""""","=""38.7542089""","=""""","=""0.0000004""","=""  39                            :    30  2s2.2p4.(3P).5d    4P    ""","=""010002.000139""","=""L9088""",
Ne II,"=""2s2.2p4.(3P).5d""","=""4P""","=""1/2""",2.0,"=""""","=""38.7556217""","=""""","=""0.0000005""","=""  51                            :    35  2s2.2p4.(3P).5d    2P    ""","=""010002.000140""","=""L9088""",
Ne II,"=""2s2.2p4.(3P).5d""","=""4P""","=""3/2""",4.0,"=""""","=""38.8097589""","=""""","=""0.0000004""","=""  40                            :    27  2s2.2p4.(3P).5d    4D    ""","=""010002.000164""","=""L9088""",
Ne II,"=""2s2.2p4.(3P).5d""","=""4P""","=""5/2""",6.0,"=""""","=""38.8242289""","=""""","=""0.0000004""","=""  41                            :    30  2s2.2p4.(3P).5d    2F    ""","=""010002.000167""","=""L9088""",
Ne II,"=""2s2.2p4.(3P<2>).5f""","=""2[4]*""","=""9/2""",10.0,"=""""","=""38.7777806""","=""""","=""0.0000006""","="" 100                                                              ""","=""010002.000141""","=""L9088""",
Ne II,"=""2s2.2p4.(3P<2>).5f""","=""2[4]*""","=""7/2""",8.0,"=""""","=""38.7779776""","=""""","=""0.0000005""","=""  94                            :     6  2s2.2p4.(3P<2>).5f 2[3]* ""","=""010002.000142""","=""L9088""",
Ne II,"=""2s2.2p4.(3P<2>).5f""","=""2[3]*""","=""7/2""",8.0,"=""""","=""38.7787847""","=""""","=""0.0000006""","=""  94                            :     6  2s2.2p4.(3P<2>).5f 2[4]* ""","=""010002.000143""","=""L9088""",
Ne II,"=""2s2.2p4.(3P<2>).5f""","=""2[3]*""","=""5/2""",6.0,"=""""","=""38.7788391""","=""""","=""0.0000006""","=""  99                                                              ""","=""010002.000144""","=""L9088""",
Ne II,"=""2s2.2p4.(3P<2>).5f""","=""2[2]*""","=""3/2""",4.0,"=""""","=""38.7827565""","=""""","=""0.0000006""","=""  99                                                              ""","=""010002.000145""","=""L9088""",
Ne II,"=""2s2.2p4.(3P<2>).5f""","=""2[2]*""","=""5/2""",6.0,"=""""","=""38.7828416""","=""""","=""0.0000006""","=""  99                                                              ""","=""010002.000146""","=""L9088""",
Ne II,"=""2s2.2p4.(3P<2>).5g""","=""2[5]""","=""9/2""",10.0,"=""""","=""38.7835808""","=""""","=""0.0000025""","="" 100                                                              ""","=""010002.000147""","=""L9088""",
Ne II,"=""2s2.2p4.(3P<2>).5g""","=""2[5]""","=""11/2""",12.0,"=""""","=""38.7835817""","=""""","=""0.0000005""","="" 100                                                              ""","=""010002.000148""","=""L9088""",
Ne II,"=""2s2.2p4.(3P<2>).5g""","=""2[4]""","=""7/2""",8.0,"=""""","=""38.7836930""","=""""","=""0.0000006""","="" 100                                                              ""","=""010002.000149""","=""L9088""",
Ne II,"=""2s2.2p4.(3P<2>).5g""","=""2[4]""","=""9/2""",10.0,"=""""","=""38.7836960""","=""""","=""0.0000005""","="" 100                                                              ""","=""010002.000150""","=""L9088""",
Ne II,"=""2s2.2p4.(3P<2>).5f""","=""2[5]*""","=""11/2""",12.0,"=""""","=""38.7843216""","=""""","=""0.0000005""","="" 100                                                              ""","=""010002.000151""","=""L9088""",
Ne II,"=""2s2.2p4.(3P<2>).5f""","=""2[5]*""","=""9/2""",10.0,"=""""","=""38.7843264""","=""""","=""0.0000005""","="" 100                                                              ""","=""010002.000152""","=""L9088""",
Ne II,"=""2s2.2p4.(3P<2>).5g""","=""2[3]""","=""5/2""",6.0,"=""""","=""38.7853272""","=""""","=""0.0000007""","="" 100                                                              ""","=""010002.000153""","=""L9088""",
Ne II,"=""2s2.2p4.(3P<2>).5g""","=""2[3]""","=""7/2""",8.0,"=""""","=""38.7853291""","=""""","=""0.0000006""","="" 100                                                              ""","=""010002.000154""","=""L9088""",
Ne II,"=""2s2.2p4.(3P<2>).5g""","=""2[6]""","=""11/2""",12.0,"=""""","=""38.7864002""","=""""","=""0.0000007""","="" 100                                                              ""","=""010002.000155""","=""L9088""",
Ne II,"=""2s2.2p4.(3P<2>).5g""","=""2[6]""","=""13/2""",14.0,"=""""","=""38.7864024""","=""""","=""0.0000007""","="" 100                                                              ""","=""010002.000156""","=""L9088""",
Ne II,"=""2s2.2p4.(3P<2>).5g""","=""2[2]""","=""3/2""",4.0,"=""""","=""38.787601""","=""""","=""0.000004""","="" 100                                                              ""","=""010002.000157""","=""L9088""",
Ne II,"=""2s2.2p4.(3P<2>).5g""","=""2[2]""","=""5/2""",6.0,"=""""","=""38.7876037""","=""""","=""0.0000010""","="" 100                                                              ""","=""010002.000158""","=""L9088""",
Ne II,"=""2s2.2p4.(3P<2>).5f""","=""2[1]*""","=""1/2""",2.0,"=""""","=""38.7876635""","=""""","=""0.0000010""","="" 100                                                              ""","=""010002.000159""","=""L9088""",
Ne II,"=""2s2.2p4.(3P<2>).5f""","=""2[1]*""","=""3/2""",4.0,"=""""","=""38.7877813""","=""""","=""0.0000009""","="" 100                                                              ""","=""010002.000160""","=""L9088""",
Ne II,"=""2s2.2p4.(3P).6s""","=""4P""","=""5/2""",6.0,"=""""","=""38.7950853""","=""""","=""0.0000004""","=""  87                            :     7  2s2.2p4.(3P).5d    4P    ""","=""010002.000161""","=""L9088""",
Ne II,"=""2s2.2p4.(3P).6s""","=""4P""","=""3/2""",4.0,"=""""","=""38.8879095""","=""""","=""0.0000004""","=""  62                            :    36  2s2.2p4.(3P).6s    2P    ""","=""010002.000183""","=""L9088""",
Ne II,"=""2s2.2p4.(3P).6s""","=""4P""","=""1/2""",2.0,"=""""","=""38.8938561""","=""""","=""0.0000004""","=""  78                            :    22  2s2.2p4.(3P).6s    2P    ""","=""010002.000184""","=""L9088""",
Ne II,"=""2s2.2p4.(3P).5d""","=""2P""","=""1/2""",2.0,"=""""","=""38.8078231""","=""""","=""0.0000005""","=""  55                            :    34  2s2.2p4.(3P).5d    4D    ""","=""010002.000163""","=""L9088""",
Ne II,"=""2s2.2p4.(3P).5d""","=""2P""","=""3/2""",4.0,"=""""","=""38.8598104""","=""""","=""0.0000004""","=""  48                            :    28  2s2.2p4.(3P).5d    2D    ""","=""010002.000172""","=""L9088""",
Ne II,"=""2s2.2p4.(3P).6s""","=""2P""","=""3/2""",4.0,"=""""","=""38.8293979""","=""""","=""0.0000004""","=""  52                            :    29  2s2.2p4.(3P).6s    4P    ""","=""010002.000168""","=""L9088""",
Ne II,"=""2s2.2p4.(3P).6s""","=""2P""","=""1/2""",2.0,"=""""","=""38.9333832""","=""""","=""0.0000004""","=""  78                            :    22  2s2.2p4.(3P).6s    4P    ""","=""010002.000189""","=""L9088""",
Ne II,"=""2s2.2p4.(3P<1>).5f""","=""2[2]*""","=""3/2""",4.0,"=""""","=""38.8590081""","=""""","=""0.0000025""","=""  99                                                              ""","=""010002.000170""","=""L9088""",
Ne II,"=""2s2.2p4.(3P<1>).5f""","=""2[2]*""","=""5/2""",6.0,"=""""","=""38.8591320""","=""""","=""0.0000007""","=""  99                                                              ""","=""010002.000171""","=""L9088""",
Ne II,"=""2s2.2p4.(3P<1>).5f""","=""2[4]*""","=""9/2""",10.0,"=""""","=""38.8605494""","=""""","=""0.0000006""","="" 100                                                              ""","=""010002.000173""","=""L9088""",
Ne II,"=""2s2.2p4.(3P<1>).5f""","=""2[4]*""","=""7/2""",8.0,"=""""","=""38.8606478""","=""""","=""0.0000007""","="" 100                                                              ""","=""010002.000174""","=""L9088""",
Ne II,"=""2s2.2p4.(3P<1>).5g""","=""2[3]""","=""5/2""",6.0,"=""""","=""38.8637778""","=""""","=""0.0000007""","="" 100                                                              ""","=""010002.000175""","=""L9088""",
Ne II,"=""2s2.2p4.(3P<1>).5g""","=""2[3]""","=""7/2""",8.0,"=""""","=""38.8637841""","=""""","=""0.0000025""","="" 100                                                              ""","=""010002.000176""","=""L9088""",
Ne II,"=""2s2.2p4.(3P<1>).5g""","=""2[5]""","=""9/2""",10.0,"=""""","=""38.8643291""","=""""","=""0.0000025""","="" 100                                                              ""","=""010002.000177""","=""L9088""",
Ne II,"=""2s2.2p4.(3P<1>).5g""","=""2[5]""","=""11/2""",12.0,"=""""","=""38.8643301""","=""""","=""0.0000005""","="" 100                                                              ""","=""010002.000178""","=""L9088""",
Ne II,"=""2s2.2p4.(3P<1>).5f""","=""2[3]*""","=""7/2""",8.0,"=""""","=""38.8653146""","=""""","=""0.0000007""","="" 100                                                              ""","=""010002.000179""","=""L9088""",
Ne II,"=""2s2.2p4.(3P<1>).5f""","=""2[3]*""","=""5/2""",6.0,"=""""","=""38.8653769""","=""""","=""0.0000010""","="" 100                                                              ""","=""010002.000180""","=""L9088""",
Ne II,"=""2s2.2p4.(3P<1>).5g""","=""2[4]""","=""7/2""",8.0,"=""""","=""38.8665890""","=""""","=""0.0000006""","="" 100                                                              ""","=""010002.000181""","=""L9088""",
Ne II,"=""2s2.2p4.(3P<1>).5g""","=""2[4]""","=""9/2""",10.0,"=""""","=""38.8665929""","=""""","=""0.0000005""","="" 100                                                              ""","=""010002.000182""","=""L9088""",
Ne II,"=""2s2.2p4.(3P<0>).5f""","=""2[3]*""","=""7/2""",8.0,"=""""","=""38.8961927""","=""""","=""0.0000009""","="" 100                                                              ""","=""010002.000185""","=""L9088""",
Ne II,"=""2s2.2p4.(3P<0>).5f""","=""2[3]*""","=""5/2""",6.0,"=""""","=""38.8962421""","=""""","=""0.0000016""","="" 100                                                              ""","=""010002.000186""","=""L9088""",
Ne II,"=""2s2.2p4.(3P<0>).5g""","=""2[4]""","=""7/2""",8.0,"=""""","=""38.8993595""","=""""","=""0.0000005""","="" 100                                                              ""","=""010002.000187""","=""L9088""",
Ne II,"=""2s2.2p4.(3P<0>).5g""","=""2[4]""","=""9/2""",10.0,"=""""","=""38.899365""","=""""","=""0.000004""","="" 100                                                              ""","=""010002.000188""","=""L9088""",
Ne II,"=""2s2.2p4.(3P).6p""","=""4P*""","=""5/2""",6.0,"=""""","=""39.0460582""","=""""","=""0.0000005""","=""  83                            :    16  2s2.2p4.(3P).6p    4D*   ""","=""010002.000190""","=""L9088""",
Ne II,"=""2s2.2p4.(3P).6p""","=""4P*""","=""3/2""",4.0,"=""""","=""39.0599954""","=""""","=""0.0000005""","=""  70                            :    17  2s2.2p4.(3P).6p    4S*   ""","=""010002.000191""","=""L9088""",
Ne II,"=""2s2.2p4.(3P).6p""","=""4P*""","=""1/2""",2.0,"=""""","=""39.1294269""","=""""","=""0.0000006""","=""  50                            :    26  2s2.2p4.(3P).6p    2P*   ""","=""010002.000195""","=""L9088""",
Ne II,"=""2s2.2p4.(3P).6p""","=""4D*""","=""7/2""",8.0,"=""""","=""39.0674208""","=""""","=""0.0000004""","="" 100                                                              ""","=""010002.000192""","=""L9088""",
Ne II,"=""2s2.2p4.(3P).6p""","=""4D*""","=""5/2""",6.0,"=""""","=""39.1456464""","=""""","=""0.0000005""","=""  56                            :    30  2s2.2p4.(3P).6p    2D*   ""","=""010002.000196""","=""L9088""",
Ne II,"=""2s2.2p4.(3P).6p""","=""4D*""","=""1/2""",2.0,"=""""","=""39.1568211""","=""""","=""0.0000005""","=""  68                            :    23  2s2.2p4.(3P).6p    2S*   ""","=""010002.000197""","=""L9088""",
Ne II,"=""2s2.2p4.(3P).6p""","=""2D*""","=""5/2""",6.0,"=""""","=""39.0801608""","=""""","=""0.0000005""","=""  69                            :    28  2s2.2p4.(3P).6p    4D*   ""","=""010002.000193""","=""L9088""",
Ne II,"=""2s2.2p4.(3P).6p""","=""2D*""","=""3/2""",4.0,"=""""","=""39.1855257""","=""""","=""0.0000005""","=""  47                            :    14  2s2.2p4.(3P).6p    4D*   ""","=""010002.000199""","=""L9088""",
Ne II,"=""2s2.2p4.(3P).6p""","=""2S*""","=""1/2""",2.0,"=""""","=""39.0849488""","=""""","=""0.0000005""","=""  45  4P*                       :    32  2s2.2p4.(3P).6p    2S*   ""","=""010002.000194""","=""L9088""",
Ne II,"=""2s2.2p4.(3P).6p""","=""4S*""","=""3/2""",4.0,"=""""","=""39.1609808""","=""""","=""0.0000005""","=""  53                            :    30  2s2.2p4.(3P).6p    2D*   ""","=""010002.000198""","=""L9088""",
Ne II,"=""2s2.2p4.(1D).4p""","=""2F*""","=""5/2""",6.0,"=""""","=""39.2883828""","=""""","=""0.0000004""","="" 100                                                              ""","=""010002.000200""","=""L9088""",
Ne II,"=""2s2.2p4.(1D).4p""","=""2F*""","=""7/2""",8.0,"=""""","=""39.2902410""","=""""","=""0.0000004""","="" 100                                                              ""","=""010002.000201""","=""L9088""",
Ne II,"=""2s2.2p4.(1D).4p""","=""2P*""","=""3/2""",4.0,"=""""","=""39.3852054""","=""""","=""0.0000004""","=""  63                            :    13  2s2.2p4.(3P).7p    2P*   ""","=""010002.000202""","=""L9088""",
Ne II,"=""2s2.2p4.(1D).4p""","=""2P*""","=""1/2""",2.0,"=""""","=""39.4056886""","=""""","=""0.0000004""","=""  65                            :    17  2s2.2p4.(3P).6p    2P*   ""","=""010002.000205""","=""L9088""",
Ne II,"=""2s2.2p4.(1D).4p""","=""2D*""","=""5/2""",6.0,"=""""","=""39.3998727""","=""""","=""0.0000006""","="" 100                                                              ""","=""010002.000203""","=""L9088""",
Ne II,"=""2s2.2p4.(1D).4p""","=""2D*""","=""3/2""",4.0,"=""""","=""39.3999177""","=""""","=""0.0000007""","=""  94                                                              ""","=""010002.000204""","=""L9088""",
Ne II,"=""2s2.2p4.(3P).6d""","=""4D""","=""7/2""",8.0,"=""""","=""39.4071606""","=""""","=""0.0000005""","=""  74                            :    22  2s2.2p4.(3P).6d    4F    ""","=""010002.000206""","=""L9088""",
Ne II,"=""2s2.2p4.(3P).6d""","=""4D""","=""5/2""",6.0,"=""""","=""39.4098958""","=""""","=""0.0000006""","=""  69                            :    18  2s2.2p4.(3P).6d    4P    ""","=""010002.000207""","=""L9088""",
Ne II,"=""2s2.2p4.(3P).6d""","=""4D""","=""3/2""",4.0,"=""""","=""39.4154511""","=""""","=""0.0000006""","=""  55                            :    35  2s2.2p4.(3P).6d    4P    ""","=""010002.000208""","=""L9088""",
Ne II,"=""2s2.2p4.(3P).6d""","=""4D""","=""1/2""",2.0,"=""""","=""39.4932""","=""""","=""0.0004""","=""  52                            :    36                     2P    ""","=""010002.000353""","=""L12157""",
Ne II,"=""2s2.2p4.(3P).6d""","=""4F""","=""9/2""",10.0,"=""""","=""39.4196548""","=""""","=""0.0000005""","="" 100                                                              ""","=""010002.000209""","=""L9088""",
Ne II,"=""2s2.2p4.(3P).6d""","=""4F""","=""7/2""",8.0,"=""""","=""39.494793""","=""""","=""0.000025""","=""  55                            :    25  2s2.2p4.(3P).6d    4D    ""","=""010002.000238""","=""L9088""",
Ne II,"=""2s2.2p4.(3P).6d""","=""4F""","=""5/2""",6.0,"=""""","=""39.50119""","=""""","=""0.00004""","=""  40                            :    24                     2D    ""","=""010002.000355""","=""L12157""",
Ne II,"=""2s2.2p4.(3P).6d""","=""4F""","=""3/2""",4.0,"=""""","=""39.5078""","=""""","=""0.0004""","=""  64                            :    30                     2P    ""","=""010002.000356""","=""L12157""",
Ne II,"=""2s2.2p4.(3P).6d""","=""2F""","=""7/2""",8.0,"=""""","=""39.4221780""","=""""","=""0.0000005""","=""  76                            :    24  2s2.2p4.(3P).6d    4F    ""","=""010002.000210""","=""L9088""",
Ne II,"=""2s2.2p4.(3P).6d""","=""2F""","=""5/2""",6.0,"=""""","=""39.533962""","=""""","=""0.000017""","=""  31                            :    24                     4P    ""","=""010002.000357""","=""L12157""",
Ne II,"=""2s2.2p4.(3P).6d""","=""4P""","=""1/2""",2.0,"=""""","=""39.4224""","=""""","=""0.0012""","=""  57                            :    34                     4D    ""","=""010002.000351""","=""L12157""",
Ne II,"=""2s2.2p4.(3P).6d""","=""4P""","=""3/2""",4.0,"=""""","=""39.49788""","=""""","=""0.00005""","=""  36                            :    33                     4D    ""","=""010002.000354""","=""L12157""",
Ne II,"=""2s2.2p4.(3P).6d""","=""2D""","=""5/2""",6.0,"=""""","=""39.4270009""","=""""","=""0.0000009""","=""  59                            :    21  2s2.2p4.(3P).6d    2F    ""","=""010002.000211""","=""L9088""",
Ne II,"=""2s2.2p4.(3P).6d""","=""2D""","=""3/2""",4.0,"=""""","=""39.43190""","=""""","=""0.00004""","=""  40                            :    30                     2P    ""","=""010002.000352""","=""L12157""",
Ne II,"=""2s2.2p4.(3P<2>).6f""","=""2[4]*""","=""9/2""",10.0,"=""""","=""39.4463231""","=""""","=""0.0000004""","="" 100                                                              ""","=""010002.000212""","=""L9088""",
Ne II,"=""2s2.2p4.(3P<2>).6f""","=""2[4]*""","=""7/2""",8.0,"=""""","=""39.4464583""","=""""","=""0.0000004""","=""  92                            :     8  2s2.2p4.(3P<2>).6f 2[3]* ""","=""010002.000213""","=""L9088""",
Ne II,"=""2s2.2p4.(3P<2>).6f""","=""2[3]*""","=""7/2""",8.0,"=""""","=""39.4469331""","=""""","=""0.0000004""","=""  92                            :     8  2s2.2p4.(3P<2>).6f 2[4]* ""","=""010002.000214""","=""L9088""",
Ne II,"=""2s2.2p4.(3P<2>).6f""","=""2[3]*""","=""5/2""",6.0,"=""""","=""39.4469722""","=""""","=""0.0000005""","=""  99                                                              ""","=""010002.000215""","=""L9088""",
Ne II,"=""2s2.2p4.(3P<2>).6f""","=""2[2]*""","=""3/2""",4.0,"=""""","=""39.4492755""","=""""","=""0.0000005""","="" 100                                                              ""","=""010002.000216""","=""L9088""",
Ne II,"=""2s2.2p4.(3P<2>).6f""","=""2[2]*""","=""5/2""",6.0,"=""""","=""39.4493295""","=""""","=""0.0000005""","=""  99                                                              ""","=""010002.000217""","=""L9088""",
Ne II,"=""2s2.2p4.(3P<2>).6g""","=""2[5]""","=""9/2""",10.0,"=""""","=""39.4497485""","=""""","=""0.0000005""","="" 100                                                              ""","=""010002.000218""","=""L9088""",
Ne II,"=""2s2.2p4.(3P<2>).6g""","=""2[5]""","=""11/2""",12.0,"=""""","=""39.4497500""","=""""","=""0.0000006""","="" 100                                                              ""","=""010002.000219""","=""L9088""",
Ne II,"=""2s2.2p4.(3P<2>).6g""","=""2[4]""","=""7/2""",8.0,"=""""","=""39.4498152""","=""""","=""0.0000006""","="" 100                                                              ""","=""010002.000220""","=""L9088""",
Ne II,"=""2s2.2p4.(3P<2>).6g""","=""2[4]""","=""9/2""",10.0,"=""""","=""39.4498165""","=""""","=""0.0000006""","="" 100                                                              ""","=""010002.000221""","=""L9088""",
Ne II,"=""2s2.2p4.(3P<2>).6f""","=""2[5]*""","=""11/2""",12.0,"=""""","=""39.4500510""","=""""","=""0.0000004""","="" 100                                                              ""","=""010002.000222""","=""L9088""",
Ne II,"=""2s2.2p4.(3P<2>).6f""","=""2[5]*""","=""9/2""",10.0,"=""""","=""39.4500561""","=""""","=""0.0000004""","="" 100                                                              ""","=""010002.000223""","=""L9088""",
Ne II,"=""2s2.2p4.(3P<2>).6h""","=""2[5]*""","=""""",22.0,"=""""","=""39.4505950""","=""""","=""0.0000015""","="" 100                                                              ""","=""010002.000224""","=""L9088""",
Ne II,"=""2s2.2p4.(3P<2>).6h""","=""2[6]*""","=""""",26.0,"=""""","=""39.4506178""","=""""","=""0.0000017""","="" 100                                                              ""","=""010002.000225""","=""L9088""",
Ne II,"=""2s2.2p4.(3P<2>).6g""","=""2[3]""","=""5/2""",6.0,"=""""","=""39.4507713""","=""""","=""0.0000006""","="" 100                                                              ""","=""010002.000226""","=""L9088""",
Ne II,"=""2s2.2p4.(3P<2>).6g""","=""2[3]""","=""7/2""",8.0,"=""""","=""39.4507730""","=""""","=""0.0000006""","="" 100                                                              ""","=""010002.000227""","=""L9088""",
Ne II,"=""2s2.2p4.(3P<2>).6h""","=""2[4]*""","=""""",18.0,"=""""","=""39.4510660""","=""""","=""0.0000014""","="" 100                                                              ""","=""010002.000228""","=""L9088""",
Ne II,"=""2s2.2p4.(3P<2>).6g""","=""2[6]""","=""11/2""",12.0,"=""""","=""39.451365""","=""""","=""0.000005""","="" 100                                                              ""","=""010002.000229""","=""L9088""",
Ne II,"=""2s2.2p4.(3P<2>).6g""","=""2[6]""","=""13/2""",14.0,"=""""","=""39.4513718""","=""""","=""0.0000005""","="" 100                                                              ""","=""010002.000230""","=""L9088""",
Ne II,"=""2s2.2p4.(3P<2>).6h""","=""2[7]*""","=""""",30.0,"=""""","=""39.4514744""","=""""","=""0.0000025""","="" 100                                                              ""","=""010002.000231""","=""L9088""",
Ne II,"=""2s2.2p4.(3P<2>).6h""","=""2[3]*""","=""""",14.0,"=""""","=""39.4517801""","=""""","=""0.0000019""","="" 100                                                              ""","=""010002.000232""","=""L9088""",
Ne II,"=""2s2.2p4.(3P<2>).6f""","=""2[1]*""","=""1/2""",2.0,"=""""","=""39.451983""","=""""","=""0.000025""","="" 100                                                              ""","=""010002.000233""","=""L9088""",
Ne II,"=""2s2.2p4.(3P<2>).6f""","=""2[1]*""","=""3/2""",4.0,"=""""","=""39.4520468""","=""""","=""0.0000007""","="" 100                                                              ""","=""010002.000234""","=""L9088""",
Ne II,"=""2s2.2p4.(3P<2>).6g""","=""2[2]""","=""3/2""",4.0,"=""""","=""39.4520653""","=""""","=""0.0000010""","="" 100                                                              ""","=""010002.000235""","=""L9088""",
Ne II,"=""2s2.2p4.(3P<2>).6g""","=""2[2]""","=""5/2""",6.0,"=""""","=""39.4520685""","=""""","=""0.0000009""","="" 100                                                              ""","=""010002.000236""","=""L9088""",
Ne II,"=""2s2.2p4.(3P).7s""","=""4P""","=""5/2""",6.0,"=""""","=""39.4587284""","=""""","=""0.0000006""","=""  98                                                              ""","=""010002.000237""","=""L9088""",
Ne II,"=""2s2.2p4.(3P).7s""","=""4P""","=""3/2""",4.0,"=""""","=""39.5435260""","=""""","=""0.0000007""","=""  73                            :    26  2s2.2p4.(3P).7s    2P    ""","=""010002.000256""","=""L9088""",
Ne II,"=""2s2.2p4.(3P).7s""","=""4P""","=""1/2""",2.0,"=""""","=""39.549799""","=""""","=""0.000014""","=""  61                            :    38                     2P    ""","=""010002.000359""","=""L12157""",
Ne II,"=""2s2.2p4.(3P).7s""","=""2P""","=""3/2""",4.0,"=""""","=""39.474869""","=""""","=""0.000011""","=""  70                            :    25  2s2.2p4.(3P).7s    4P    ""","=""010002.000239""","=""L9088""",
Ne II,"=""2s2.2p4.(3P).7s""","=""2P""","=""1/2""",2.0,"=""""","=""39.583132""","=""""","=""0.000015""","=""  61                            :    38                     4P    ""","=""010002.000360""","=""L12157""",
Ne II,"=""2s2.2p4.(3P<1>).6f""","=""2[2]*""","=""3/2""",4.0,"=""""","=""39.5266989""","=""""","=""0.0000006""","="" 100                                                              ""","=""010002.000240""","=""L9088""",
Ne II,"=""2s2.2p4.(3P<1>).6f""","=""2[2]*""","=""5/2""",6.0,"=""""","=""39.5267974""","=""""","=""0.0000005""","="" 100                                                              ""","=""010002.000241""","=""L9088""",
Ne II,"=""2s2.2p4.(3P<1>).6f""","=""2[4]*""","=""9/2""",10.0,"=""""","=""39.5276643""","=""""","=""0.0000005""","="" 100                                                              ""","=""010002.000242""","=""L9088""",
Ne II,"=""2s2.2p4.(3P<1>).6f""","=""2[4]*""","=""7/2""",8.0,"=""""","=""39.5277415""","=""""","=""0.0000004""","="" 100                                                              ""","=""010002.000243""","=""L9088""",
Ne II,"=""2s2.2p4.(3P<1>).6g""","=""2[3]""","=""7/2""",8.0,"=""""","=""39.5296950""","=""""","=""0.0000007""","="" 100                                                              ""","=""010002.000244""","=""L9088""",
Ne II,"=""2s2.2p4.(3P<1>).6g""","=""2[3]""","=""5/2""",6.0,"=""""","=""39.5296956""","=""""","=""0.0000025""","="" 100                                                              ""","=""010002.000245""","=""L9088""",
Ne II,"=""2s2.2p4.(3P<1>).6g""","=""2[5]""","=""9/2""",10.0,"=""""","=""39.5300254""","=""""","=""0.0000007""","="" 100                                                              ""","=""010002.000246""","=""L9088""",
Ne II,"=""2s2.2p4.(3P<1>).6g""","=""2[5]""","=""11/2""",12.0,"=""""","=""39.5300290""","=""""","=""0.0000006""","="" 100                                                              ""","=""010002.000247""","=""L9088""",
Ne II,"=""2s2.2p4.(3P<1>).6h""","=""2[4]*""","=""7/2""",8.0,"=""""","=""39.5304356""","=""""","=""0.0000007""","="" 100                                                              ""","=""010002.000248""","=""L9088""",
Ne II,"=""2s2.2p4.(3P<1>).6h""","=""2[4]*""","=""9/2""",10.0,"=""""","=""39.5304382""","=""""","=""0.0000025""","="" 100                                                              ""","=""010002.000249""","=""L9088""",
Ne II,"=""2s2.2p4.(3P<1>).6f""","=""2[3]*""","=""7/2""",8.0,"=""""","=""39.5304714""","=""""","=""0.0000005""","="" 100                                                              ""","=""010002.000250""","=""L9088""",
Ne II,"=""2s2.2p4.(3P<1>).6f""","=""2[3]*""","=""5/2""",6.0,"=""""","=""39.5305178""","=""""","=""0.0000005""","="" 100                                                              ""","=""010002.000251""","=""L9088""",
Ne II,"=""2s2.2p4.(3P<1>).6h""","=""2[6]*""","=""""",26.0,"=""""","=""39.5305813""","=""""","=""0.0000025""","="" 100                                                              ""","=""010002.000252""","=""L9088""",
Ne II,"=""2s2.2p4.(3P<1>).6h""","=""2[5]*""","=""""",22.0,"=""""","=""39.5313074""","=""""","=""0.0000015""","="" 100                                                              ""","=""010002.000253""","=""L9088""",
Ne II,"=""2s2.2p4.(3P<1>).6g""","=""2[4]""","=""7/2""",8.0,"=""""","=""39.5313508""","=""""","=""0.0000009""","="" 100                                                              ""","=""010002.000254""","=""L9088""",
Ne II,"=""2s2.2p4.(3P<1>).6g""","=""2[4]""","=""9/2""",10.0,"=""""","=""39.5313548""","=""""","=""0.0000007""","="" 100                                                              ""","=""010002.000255""","=""L9088""",
Ne II,"=""2s2.2p4.(3P).6d""","=""2P""","=""3/2""",4.0,"=""""","=""39.539463""","=""""","=""0.000015""","=""  33                            :    26                     4F    ""","=""010002.000358""","=""L12157""",
Ne II,"=""2s2.2p4.(3P<0>).6f""","=""2[3]*""","=""7/2""",8.0,"=""""","=""39.5628013""","=""""","=""0.0000004""","="" 100                                                              ""","=""010002.000257""","=""L9088""",
Ne II,"=""2s2.2p4.(3P<0>).6f""","=""2[3]*""","=""5/2""",6.0,"=""""","=""39.5628381""","=""""","=""0.0000004""","="" 100                                                              ""","=""010002.000258""","=""L9088""",
Ne II,"=""2s2.2p4.(3P<0>).6g""","=""2[4]""","=""7/2""",8.0,"=""""","=""39.5648071""","=""""","=""0.0000016""","="" 100                                                              ""","=""010002.000259""","=""L9088""",
Ne II,"=""2s2.2p4.(3P<0>).6g""","=""2[4]""","=""9/2""",10.0,"=""""","=""39.5648093""","=""""","=""0.0000009""","="" 100                                                              ""","=""010002.000260""","=""L9088""",
Ne II,"=""2s2.2p4.(3P<0>).6h""","=""2[5]*""","=""""",22.0,"=""""","=""39.5652100""","=""""","=""0.0000025""","="" 100                                                              ""","=""010002.000261""","=""L9088""",
Ne II,"=""2s2.2p4.(3P).7d""","=""2D""","=""5/2""",6.0,"=""""","=""39.8371""","=""""","=""0.0004""","=""  60                            :    20                     2F    ""","=""010002.000361""","=""L12157""",
Ne II,"=""2s2.2p4.(3P).7d""","=""2D""","=""3/2""",4.0,"=""""","=""39.84074""","=""""","=""0.00005""","=""  39                            :    33                     2P    ""","=""010002.000362""","=""L12157""",
Ne II,"=""2s2.2p4.(3P<2>).7f""","=""2[4]*""","=""9/2""",10.0,"=""""","=""39.8491698""","=""""","=""0.0000025""","="" 100                                                              ""","=""010002.000262""","=""L9088""",
Ne II,"=""2s2.2p4.(3P<2>).7f""","=""2[4]*""","=""7/2""",8.0,"=""""","=""39.849254""","=""""","=""0.000007""","=""  91                            :     9  2s2.2p4.(3P<2>).7f 2[3]* ""","=""010002.000263""","=""L9088""",
Ne II,"=""2s2.2p4.(3P<2>).7f""","=""2[3]*""","=""7/2""",8.0,"=""""","=""39.849565""","=""""","=""0.000014""","=""  91                            :     9  2s2.2p4.(3P<2>).7f 2[4]* ""","=""010002.000264""","=""L9088""",
Ne II,"=""2s2.2p4.(3P<2>).7f""","=""2[3]*""","=""5/2""",6.0,"=""""","=""39.849588""","=""""","=""0.000009""","=""  99                                                              ""","=""010002.000265""","=""L9088""",
Ne II,"=""2s2.2p4.(3P<2>).7f""","=""2[2]*""","=""3/2""",4.0,"=""""","=""39.851058""","=""""","=""0.000017""","="" 100                                                              ""","=""010002.000266""","=""L9088""",
Ne II,"=""2s2.2p4.(3P<2>).7f""","=""2[2]*""","=""5/2""",6.0,"=""""","=""39.851083""","=""""","=""0.000007""","=""  99                                                              ""","=""010002.000267""","=""L9088""",
Ne II,"=""2s2.2p4.(3P<2>).7g""","=""2[5]""","=""9/2""",10.0,"=""""","=""39.851352""","=""""","=""0.000010""","="" 100                                                              ""","=""010002.000268""","=""L9088""",
Ne II,"=""2s2.2p4.(3P<2>).7g""","=""2[5]""","=""11/2""",12.0,"=""""","=""39.851353""","=""""","=""0.000010""","="" 100                                                              ""","=""010002.000269""","=""L9088""",
Ne II,"=""2s2.2p4.(3P<2>).7g""","=""2[4]""","=""9/2""",10.0,"=""""","=""39.851399""","=""""","=""0.000010""","="" 100                                                              ""","=""010002.000270""","=""L9088""",
Ne II,"=""2s2.2p4.(3P<2>).7g""","=""2[4]""","=""7/2""",8.0,"=""""","=""39.851400""","=""""","=""0.000010""","="" 100                                                              ""","=""010002.000271""","=""L9088""",
Ne II,"=""2s2.2p4.(3P<2>).7f""","=""2[5]*""","=""11/2""",12.0,"=""""","=""39.851492""","=""""","=""0.000010""","="" 100                                                              ""","=""010002.000272""","=""L9088""",
Ne II,"=""2s2.2p4.(3P<2>).7f""","=""2[5]*""","=""9/2""",10.0,"=""""","=""39.851496""","=""""","=""0.000009""","="" 100                                                              ""","=""010002.000273""","=""L9088""",
Ne II,"=""2s2.2p4.(3P<2>).7g""","=""2[3]""","=""7/2""",8.0,"=""""","=""39.851999""","=""""","=""0.000010""","="" 100                                                              ""","=""010002.000275""","=""L9088""",
Ne II,"=""2s2.2p4.(3P<2>).7g""","=""2[3]""","=""5/2""",6.0,"=""""","=""39.851999""","=""""","=""0.000017""","="" 100                                                              ""","=""010002.000274""","=""L9088""",
Ne II,"=""2s2.2p4.(3P<2>).7g""","=""2[6]""","=""11/2""",12.0,"=""""","=""39.852367""","=""""","=""0.000014""","="" 100                                                              ""","=""010002.000276""","=""L9088""",
Ne II,"=""2s2.2p4.(3P<2>).7g""","=""2[6]""","=""13/2""",14.0,"=""""","=""39.852370""","=""""","=""0.000012""","="" 100                                                              ""","=""010002.000277""","=""L9088""",
Ne II,"=""2s2.2p4.(3P<2>).7f""","=""2[1]*""","=""3/2""",4.0,"=""""","=""39.852733""","=""""","=""0.000012""","="" 100                                                              ""","=""010002.000278""","=""L9088""",
Ne II,"=""2s2.2p4.(3P<2>).7g""","=""2[2]""","=""5/2""",6.0,"=""""","=""39.852804""","=""""","=""0.000017""","="" 100                                                              ""","=""010002.000279""","=""L9088""",
Ne II,"=""2s2.2p4.(3P).8s""","=""2P""","=""3/2""",4.0,"=""""","=""39.867692""","=""""","=""0.000017""","=""  77                            :    22                     4P    ""","=""010002.000363""","=""L12157""",
Ne II,"=""2s2.2p4.(3P).7d""","=""4D""","=""3/2""",4.0,"=""""","=""39.9100""","=""""","=""0.0006""","=""  37                            :    34                     4P    ""","=""010002.000364""","=""L12157""",
Ne II,"=""2s2.2p4.(3P).7d""","=""4F""","=""5/2""",6.0,"=""""","=""39.9129""","=""""","=""0.0004""","=""  32  2F                        :    31  2s2.2p4.(3P).7d    4F    ""","=""010002.000365""","=""L12157""",
Ne II,"=""2s2.2p4.(3P).7d""","=""4F""","=""3/2""",4.0,"=""""","=""39.9170""","=""""","=""0.0004""","=""  54                            :    35                     2P    ""","=""010002.000366""","=""L12157""",
Ne II,"=""2s2.2p4.(3P<1>).7f""","=""2[2]*""","=""3/2""",4.0,"=""""","=""39.929226""","=""""","=""0.000019""","="" 100                                                              ""","=""010002.000280""","=""L9088""",
Ne II,"=""2s2.2p4.(3P<1>).7f""","=""2[2]*""","=""5/2""",6.0,"=""""","=""39.929286""","=""""","=""0.000007""","="" 100                                                              ""","=""010002.000281""","=""L9088""",
Ne II,"=""2s2.2p4.(3P<1>).7f""","=""2[4]*""","=""9/2""",10.0,"=""""","=""39.9298525""","=""""","=""0.0000025""","="" 100                                                              ""","=""010002.000282""","=""L9088""",
Ne II,"=""2s2.2p4.(3P<1>).7f""","=""2[4]*""","=""7/2""",8.0,"=""""","=""39.929903""","=""""","=""0.000005""","="" 100                                                              ""","=""010002.000283""","=""L9088""",
Ne II,"=""2s2.2p4.(3P<1>).7g""","=""2[3]""","=""7/2""",8.0,"=""""","=""39.931199""","=""""","=""0.000010""","="" 100                                                              ""","=""010002.000284""","=""L9088""",
Ne II,"=""2s2.2p4.(3P<1>).7g""","=""2[3]""","=""5/2""",6.0,"=""""","=""39.931201""","=""""","=""0.000010""","="" 100                                                              ""","=""010002.000285""","=""L9088""",
Ne II,"=""2s2.2p4.(3P<1>).7g""","=""2[5]""","=""9/2""",10.0,"=""""","=""39.931405""","=""""","=""0.000010""","="" 100                                                              ""","=""010002.000286""","=""L9088""",
Ne II,"=""2s2.2p4.(3P<1>).7g""","=""2[5]""","=""11/2""",12.0,"=""""","=""39.931412""","=""""","=""0.000010""","="" 100                                                              ""","=""010002.000287""","=""L9088""",
Ne II,"=""2s2.2p4.(3P<1>).7f""","=""2[3]*""","=""7/2""",8.0,"=""""","=""39.931635""","=""""","=""0.000009""","="" 100                                                              ""","=""010002.000288""","=""L9088""",
Ne II,"=""2s2.2p4.(3P<1>).7f""","=""2[3]*""","=""5/2""",6.0,"=""""","=""39.931665""","=""""","=""0.000007""","="" 100                                                              ""","=""010002.000289""","=""L9088""",
Ne II,"=""2s2.2p4.(3P<1>).7g""","=""2[4]""","=""7/2""",8.0,"=""""","=""39.932253""","=""""","=""0.000010""","="" 100                                                              ""","=""010002.000290""","=""L9088""",
Ne II,"=""2s2.2p4.(3P<1>).7g""","=""2[4]""","=""9/2""",10.0,"=""""","=""39.932255""","=""""","=""0.000010""","="" 100                                                              ""","=""010002.000291""","=""L9088""",
Ne II,"=""2s2.2p4.(3P).7d""","=""2F""","=""5/2""",6.0,"=""""","=""39.9456""","=""""","=""0.0004""","=""  30                            :    22                     4P    ""","=""010002.000367""","=""L12157""",
Ne II,"=""2s2.2p4.(3P).7d""","=""2P""","=""3/2""",4.0,"=""""","=""39.94839""","=""""","=""0.00007""","=""  35  4F                        :    28  2s2.2p4.(3P).7d    2P    ""","=""010002.000368""","=""L12157""",
Ne II,"=""2s2.2p4.(3P<0>).7f""","=""2[3]*""","=""7/2""",8.0,"=""""","=""39.964738""","=""""","=""0.000006""","="" 100                                                              ""","=""010002.000292""","=""L9088""",
Ne II,"=""2s2.2p4.(3P<0>).7f""","=""2[3]*""","=""5/2""",6.0,"=""""","=""39.964802""","=""""","=""0.000011""","="" 100                                                              ""","=""010002.000293""","=""L9088""",
Ne II,"=""2s2.2p4.(3P<0>).7g""","=""2[4]""","=""7/2""",8.0,"=""""","=""39.966058""","=""""","=""0.000010""","="" 100                                                              ""","=""010002.000294""","=""L9088""",
Ne II,"=""2s2.2p4.(3P<0>).7g""","=""2[4]""","=""9/2""",10.0,"=""""","=""39.966058""","=""""","=""0.000010""","="" 100                                                              ""","=""010002.000295""","=""L9088""",
Ne II,"=""2s2.2p4.(3P).8d""","=""2D""","=""5/2""",6.0,"=""""","=""40.103148""","=""""","=""0.000025""","=""  61                            :    19                     2F    ""","=""010002.000369""","=""L12157""",
Ne II,"=""2s2.2p4.(3P).8d""","=""2D""","=""3/2""",4.0,"=""""","=""40.10377""","=""""","=""0.00005""","=""  39                            :    34                     2P    ""","=""010002.000370""","=""L12157""",
Ne II,"=""2s2.2p4.(3P<2>).8f""","=""2[4]*""","=""9/2""",10.0,"=""""","=""40.110500""","=""""","=""0.000010""","="" 100                                                              ""","=""010002.000296""","=""L9088""",
Ne II,"=""2s2.2p4.(3P<2>).8f""","=""2[4]*""","=""7/2""",8.0,"=""""","=""40.110558""","=""""","=""0.000017""","=""  91                            :     9  2s2.2p4.(3P<2>).8f 2[3]* ""","=""010002.000297""","=""L9088""",
Ne II,"=""2s2.2p4.(3P<2>).8f""","=""2[3]*""","=""7/2""",8.0,"=""""","=""40.110763""","=""""","=""0.000015""","=""  91                            :     9  2s2.2p4.(3P<2>).8f 2[4]* ""","=""010002.000298""","=""L9088""",
Ne II,"=""2s2.2p4.(3P<2>).8f""","=""2[2]*""","=""5/2""",6.0,"=""""","=""40.111787""","=""""","=""0.000017""","=""  99                                                              ""","=""010002.000299""","=""L9088""",
Ne II,"=""2s2.2p4.(3P<2>).8f""","=""2[5]*""","=""11/2""",12.0,"=""""","=""40.112049""","=""""","=""0.000011""","="" 100                                                              ""","=""010002.000300""","=""L9088""",
Ne II,"=""2s2.2p4.(3P<2>).8f""","=""2[5]*""","=""9/2""",10.0,"=""""","=""40.112051""","=""""","=""0.000011""","="" 100                                                              ""","=""010002.000301""","=""L9088""",
Ne II,"=""2s2.2p4.(3P).8d""","=""4F""","=""3/2""",4.0,"=""""","=""40.18242""","=""""","=""0.00006""","=""  48                            :    37                     2P    ""","=""010002.000371""","=""L12157""",
Ne II,"=""2s2.2p4.(3P<1>).8f""","=""2[2]*""","=""3/2""",4.0,"=""""","=""40.190395""","=""""","=""0.000025""","="" 100                                                              ""","=""010002.000302""","=""L9088""",
Ne II,"=""2s2.2p4.(3P<1>).8f""","=""2[2]*""","=""5/2""",6.0,"=""""","=""40.190415""","=""""","=""0.000015""","="" 100                                                              ""","=""010002.000303""","=""L9088""",
Ne II,"=""2s2.2p4.(3P<1>).8f""","=""2[4]*""","=""9/2""",10.0,"=""""","=""40.190836""","=""""","=""0.000011""","="" 100                                                              ""","=""010002.000304""","=""L9088""",
Ne II,"=""2s2.2p4.(3P<1>).8f""","=""2[4]*""","=""7/2""",8.0,"=""""","=""40.190879""","=""""","=""0.000011""","=""  99                                                              ""","=""010002.000305""","=""L9088""",
Ne II,"=""2s2.2p4.(3P<1>).8f""","=""2[3]*""","=""7/2""",8.0,"=""""","=""40.192056""","=""""","=""0.000011""","="" 100                                                              ""","=""010002.000306""","=""L9088""",
Ne II,"=""2s2.2p4.(3P<1>).8f""","=""2[3]*""","=""5/2""",6.0,"=""""","=""40.192078""","=""""","=""0.000010""","="" 100                                                              ""","=""010002.000307""","=""L9088""",
Ne II,"=""2s2.2p4.(3P).8d""","=""2P""","=""3/2""",4.0,"=""""","=""40.2144""","=""""","=""0.0006""","=""  39  4F                        :    24  2s2.2p4.(3P).8d    2P    ""","=""010002.000372""","=""L12157""",
Ne II,"=""2s2.2p4.(3P<0>).8f""","=""2[3]*""","=""7/2""",8.0,"=""""","=""40.225562""","=""""","=""0.000010""","="" 100                                                              ""","=""010002.000308""","=""L9088""",
Ne II,"=""2s2.2p4.(3P<0>).8f""","=""2[3]*""","=""5/2""",6.0,"=""""","=""40.225580""","=""""","=""0.000010""","="" 100                                                              ""","=""010002.000309""","=""L9088""",
Ne II,"=""2s2.2p4.(3P).9d""","=""2D""","=""5/2""",6.0,"=""""","=""40.2837""","=""""","=""0.0007""","=""  62                            :    19                     2F    ""","=""010002.000373""","=""L12157""",
Ne II,"=""2s2.2p4.(3P).9d""","=""2D""","=""3/2""",4.0,"=""""","=""40.2846""","=""""","=""0.0014""","=""  39                            :    36                     2P    ""","=""010002.000374""","=""L12157""",
Ne II,"=""2s2.2p4.(3P<2>).9f""","=""2[4]*""","=""9/2""",10.0,"=""""","=""40.289595""","=""""","=""0.000025""","=""                                                                  ""","=""010002.000310""","=""L9088""",
Ne II,"=""2s2.2p4.(3P<2>).9f""","=""2[5]*""","=""11/2""",12.0,"=""""","=""40.290661""","=""""","=""0.000025""","=""                                                                  ""","=""010002.000312""","=""L9088""",
Ne II,"=""2s2.2p4.(3P<2>).9f""","=""2[5]*""","=""9/2""",10.0,"=""""","=""40.290661""","=""""","=""0.000025""","=""                                                                  ""","=""010002.000311""","=""L9088""",
Ne II,"=""2s2.2p4.(3P).9d""","=""2F""","=""5/2""",6.0,"=""""","=""40.3627""","=""""","=""0.0014""","=""  40                            :    24                     4F    ""","=""010002.000375""","=""L12157""",
Ne II,"=""2s2.2p4.(3P<1>).9f""","=""2[4]*""","=""9/2""",10.0,"=""""","=""40.369714""","=""""","=""0.000025""","=""                                                                  ""","=""010002.000313""","=""L9088""",
Ne II,"=""2s2.2p4.(3P<1>).9f""","=""2[4]*""","=""7/2""",8.0,"=""""","=""40.369739""","=""""","=""0.000025""","=""                                                                  ""","=""010002.000314""","=""L9088""",
Ne II,"=""2s2.2p4.(3P<1>).9f""","=""2[3]*""","=""7/2""",8.0,"=""""","=""40.370557""","=""""","=""0.000025""","=""                                                                  ""","=""010002.000315""","=""L9088""",
Ne II,"=""2s2.2p4.(3P).9d""","=""4F""","=""3/2""",4.0,"=""""","=""40.3954""","=""""","=""0.0014""","=""  42                            :    21                     2P    ""","=""010002.000376""","=""L12157""",
Ne II,"=""2s2.2p4.(3P<0>).9f""","=""2[3]*""","=""7/2""",8.0,"=""""","=""40.404318""","=""""","=""0.000025""","=""                                                                  ""","=""010002.000316""","=""L9088""",
Ne II,"=""2s2.2p4.(1D).4d""","=""2G""","=""9/2""",10.0,"=""""","=""40.638851""","=""""","=""0.000004""","="" 100                                                              ""","=""010002.000317""","=""L9088""",
Ne II,"=""2s2.2p4.(1D).4d""","=""2G""","=""7/2""",8.0,"=""""","=""40.638929""","=""""","=""0.000004""","="" 100                                                              ""","=""010002.000318""","=""L9088""",
Ne II,"=""2s2.2p4.(1D).4d""","=""2P""","=""3/2""",4.0,"=""""","=""40.6531""","=""""","=""0.0004""","=""  34                            :    19  2s2.2p4.(3P).12d   2P    ""","=""010002.000377""","=""L12157""",
Ne II,"=""2s2.2p4.(1D).4d""","=""2S""","=""1/2""",2.0,"=""""","=""40.666263""","=""""","=""0.000016""","=""  98                                                              ""","=""010002.000378""","=""L12157""",
Ne II,"=""2s2.2p4.(1D).4d""","=""2D""","=""5/2""",6.0,"=""""","=""40.6775""","=""?""","=""0.0004""","=""  39                            :    34  2s2.2p4.(3P).14d   2D    ""","=""010002.000379""","=""L12157""",
Ne II,"=""2s2.2p4.(1D).4d""","=""2D""","=""3/2""",4.0,"=""""","=""40.6795""","=""?""","=""0.0004""","=""  40                            :    19  2s2.2p4.(3P).14d   2D    ""","=""010002.000380""","=""L12157""",
Ne II,"=""2s2.2p4.(3P).12d""","=""2F""","=""5/2""",6.0,"=""""","=""40.6869""","=""?""","=""0.0005""","=""  27  2s2.2p4.(1D).4d 2D        :    12  2s2.2p4.(3P).12d   2F    ""","=""010002.000381""","=""L12157""",
Ne II,"=""2s2.2p4.(1D).4d""","=""2F""","=""5/2""",6.0,"=""""","=""40.706235""","=""""","=""0.000004""","="" 100                                                              ""","=""010002.000319""","=""L9088""",
Ne II,"=""2s2.2p4.(1D).4d""","=""2F""","=""7/2""",8.0,"=""""","=""40.706258""","=""""","=""0.000004""","="" 100                                                              ""","=""010002.000320""","=""L9088""",
Ne II,"=""2s2.2p4.(1D<2>).4f""","=""2[1]*""","=""3/2""",4.0,"=""""","=""40.7373472""","=""""","=""0.0000017""","="" 100                                                              ""","=""010002.000321""","=""L9088""",
Ne II,"=""2s2.2p4.(1D<2>).4f""","=""2[1]*""","=""1/2""",2.0,"=""""","=""40.737348""","=""""","=""0.000004""","="" 100                                                              ""","=""010002.000322""","=""L9088""",
Ne II,"=""2s2.2p4.(1D<2>).4f""","=""2[5]*""","=""9/2""",10.0,"=""""","=""40.749305""","=""""","=""0.000004""","="" 100                                                              ""","=""010002.000323""","=""L9088""",
Ne II,"=""2s2.2p4.(1D<2>).4f""","=""2[5]*""","=""11/2""",12.0,"=""""","=""40.749321""","=""""","=""0.000004""","="" 100                                                              ""","=""010002.000324""","=""L9088""",
Ne II,"=""2s2.2p4.(1D<2>).4f""","=""2[2]*""","=""5/2""",6.0,"=""""","=""40.7530932""","=""""","=""0.0000019""","="" 100                                                              ""","=""010002.000325""","=""L9088""",
Ne II,"=""2s2.2p4.(1D<2>).4f""","=""2[2]*""","=""3/2""",4.0,"=""""","=""40.7530955""","=""""","=""0.0000019""","="" 100                                                              ""","=""010002.000326""","=""L9088""",
Ne II,"=""2s2.2p4.(1D<2>).4f""","=""2[3]*""","=""5/2""",6.0,"=""""","=""40.7682421""","=""""","=""0.0000025""","="" 100                                                              ""","=""010002.000327""","=""L9088""",
Ne II,"=""2s2.2p4.(1D<2>).4f""","=""2[3]*""","=""7/2""",8.0,"=""""","=""40.7682429""","=""""","=""0.0000025""","="" 100                                                              ""","=""010002.000328""","=""L9088""",
Ne II,"=""2s2.2p4.(1D<2>).4f""","=""2[4]*""","=""7/2""",8.0,"=""""","=""40.7718350""","=""""","=""0.0000025""","="" 100                                                              ""","=""010002.000329""","=""L9088""",
Ne II,"=""2s2.2p4.(1D<2>).4f""","=""2[4]*""","=""9/2""",10.0,"=""""","=""40.7718471""","=""""","=""0.0000025""","="" 100                                                              ""","=""010002.000330""","=""L9088""",
Ne II,"=""2s2.2p4.(1D).5s""","=""2D""","=""5/2""",6.0,"=""""","=""40.809229""","=""""","=""0.000005""","=""  98                                                              ""","=""010002.000331""","=""L9088""",
Ne II,"=""2s2.2p4.(1D).5s""","=""2D""","=""3/2""",4.0,"=""""","=""40.809246""","=""""","=""0.000005""","=""  98                                                              ""","=""010002.000332""","=""L9088""",
Ne II,"=""Ne III (2p4 3P<2>)""","=""Limit""","=""---""",,"=""""","=""40.96297""","=""""","=""0.00004""","=""                                                                  ""","=""010002.Lim001""","=""L1406""",
Ne II,"=""Ne III (2s2.2p4 3P<1>)""","=""Limit""","=""---""",,"=""""","=""41.04268""","=""""","=""0.00004""","=""                                                                  ""","=""010002.Lim002""","=""L9088""",
Ne II,"=""Ne III (2s2.2p4 3P<0>)""","=""Limit""","=""---""",,"=""""","=""41.07711""","=""""","=""0.00004""","=""                                                                  ""","=""010002.Lim003""","=""L9088""",
Ne II,"=""2s2.2p4.(1D).5d""","=""2S""","=""1/2""",2.0,"=""""","=""41.839874""","=""""","=""0.000025""","=""  58                            :    40  (1S)4s             2S    ""","=""010002.000382""","=""L12157""",
Ne II,"=""2s2.2p4.(1D<2>).5f""","=""2[1]*""","=""3/2""",4.0,"=""""","=""41.974911""","=""""","=""0.000010""","="" 100                                                              ""","=""010002.000333""","=""L9088""",
Ne II,"=""2s2.2p4.(1D<2>).5f""","=""2[5]*""","=""9/2""",10.0,"=""""","=""41.981155""","=""""","=""0.000015""","="" 100                                                              ""","=""010002.000334""","=""L9088""",
Ne II,"=""2s2.2p4.(1D<2>).5f""","=""2[5]*""","=""11/2""",12.0,"=""""","=""41.981156""","=""""","=""0.000015""","="" 100                                                              ""","=""010002.000335""","=""L9088""",
Ne II,"=""2s2.2p4.(1D<2>).5f""","=""2[3]*""","=""5/2""",6.0,"=""""","=""41.990789""","=""""","=""0.000010""","="" 100                                                              ""","=""010002.000336""","=""L9088""",
Ne II,"=""2s2.2p4.(1D<2>).5f""","=""2[4]*""","=""9/2""",10.0,"=""""","=""41.992663""","=""""","=""0.000012""","="" 100                                                              ""","=""010002.000337""","=""L9088""",
Ne II,"=""2s2.2p4.(1D<2>).5f""","=""2[4]*""","=""7/2""",8.0,"=""""","=""41.992671""","=""""","=""0.000012""","="" 100                                                              ""","=""010002.000338""","=""L9088""",
Ne II,"=""2s2.2p4.(1S).4s""","=""2S""","=""1/2""",2.0,"=""""","=""42.004452""","=""""","=""0.000011""","=""  58                            :    40  2s2.2p4.(1D).5d    2S    ""","=""010002.000339""","=""L9088""",
Ne II,"=""2s2.2p4.(1D).6d""","=""2S""","=""1/2""",2.0,"=""""","=""42.6311""","=""""","=""0.0005""","=""  99                                                              ""","=""010002.000383""","=""L12157""",
Ne II,"=""2s2.2p4.(1D<2>).6f""","=""2[5]*""","=""9/2""",10.0,"=""""","=""42.649824""","=""""","=""0.000025""","="" 100                                                              ""","=""010002.000341""","=""L9088""",
Ne II,"=""2s2.2p4.(1D<2>).6f""","=""2[5]*""","=""11/2""",12.0,"=""""","=""42.649824""","=""""","=""0.000025""","="" 100                                                              ""","=""010002.000340""","=""L9088""",
Ne II,"=""2s2.2p4.(1D<2>).6f""","=""2[4]*""","=""9/2""",10.0,"=""""","=""42.65650""","=""""","=""0.00004""","="" 100                                                              ""","=""010002.000342""","=""L9088""",
Ne II,"=""2s2.2p4.(1D).7d""","=""2S""","=""1/2""",2.0,"=""""","=""43.0391""","=""""","=""0.0005""","="" 100                                                              ""","=""010002.000384""","=""L12157""",
Ne II,"=""2s2.2p4.(1D<2>).7f""","=""2[5]*""","=""11/2""",12.0,"=""""","=""43.052781""","=""""","=""0.000025""","="" 100                                                              ""","=""010002.000344""","=""L9088""",
Ne II,"=""2s2.2p4.(1D<2>).7f""","=""2[5]*""","=""9/2""",10.0,"=""""","=""43.052781""","=""""","=""0.000025""","="" 100                                                              ""","=""010002.000343""","=""L9088""",
Ne II,"=""2s2.2p4.(1D).8d""","=""2S""","=""1/2""",2.0,"=""""","=""43.3045""","=""""","=""0.0007""","="" 100                                                              ""","=""010002.000385""","=""L12157""",
Ne II,"=""2s2.2p4.(1D<2>).8f""","=""2[5]*""","=""11/2""",12.0,"=""""","=""43.314177""","=""""","=""0.000025""","="" 100                                                              ""","=""010002.000345""","=""L9088""",
Ne II,"=""Ne III (2s2.2p4 1D<2>)""","=""Limit""","=""---""",,"=""""","=""44.16680""","=""""","=""0.00005""","=""                                                                  ""","=""010002.Lim004""","=""L9088""",
Ne II,"=""Ne III (2s2.2p4 1S<0>)""","=""Limit""","=""---""",,"=""""","=""47.87542""","=""""","=""0.00012""","=""                                                                  ""","=""010002.Lim005""","=""L9088""",
